{
	"credit": "Made with Blockbench",
	"texture_size": [128, 128],
	"textures": {
		"0": "item/black_friday/overlord/skeletonoverlord_texture_01",
		"1": "item/black_friday/overlord/skeletonoverlord_animation_01",
		"2": "item/black_friday/overlord/skeletonoverlord_animation_02",
		"3": "item/black_friday/overlord/skeletonoverlord_animation_03",
		"4": "item/black_friday/overlord/skeletonoverlord_animation_04",
		"particle": "item/black_friday/overlord/skeletonoverlord_texture_01"
	},
	"elements": [
		{
			"from": [7.25, 3, 8.45],
			"to": [8.75, 8, 9.95],
			"rotation": {"angle": 0, "axis": "y", "origin": [8, 5.81499, 8]},
			"faces": {
				"north": {"uv": [4.8125, 0.9375, 5, 1.5625], "texture": "#0"},
				"east": {"uv": [4.8125, 0.9375, 5, 1.5625], "texture": "#0"},
				"south": {"uv": [4.8125, 0.9375, 5, 1.5625], "texture": "#0"},
				"west": {"uv": [4.8125, 0.9375, 5, 1.5625], "texture": "#0"},
				"up": {"uv": [4.625, 0.9375, 4.8125, 1.125], "texture": "#0"},
				"down": {"uv": [4.625, 0.9375, 4.8125, 1.125], "texture": "#0"}
			}
		},
		{
			"from": [10.1, -1.5, 5.25],
			"to": [10.1, 0.5, 10.75],
			"rotation": {"angle": 0, "axis": "y", "origin": [8, -6.81499, 8]},
			"faces": {
				"north": {"uv": [0, 0, 0, 4], "texture": "#2"},
				"east": {"uv": [11, 0, 0, 4], "texture": "#2"},
				"south": {"uv": [0, 0, 0, 4], "texture": "#2"},
				"up": {"uv": [0, 11, 0, 0], "texture": "#2"},
				"down": {"uv": [0, 0, 0, 11], "texture": "#2"}
			}
		},
		{
			"from": [6.75, 10.01927, 4.86232],
			"to": [9.25, 14.01927, 7.86232],
			"rotation": {"angle": 22.5, "axis": "x", "origin": [8, 14.16583, 9.794]},
			"faces": {
				"north": {"uv": [0.5, 0.6875, 0, 0.375], "rotation": 270, "texture": "#0"},
				"east": {"uv": [0, 0, 0.5, 0.375], "rotation": 90, "texture": "#0"},
				"south": {"uv": [0, 0.6875, 0.5, 0.375], "rotation": 90, "texture": "#0"},
				"west": {"uv": [0.5, 0, 0, 0.375], "rotation": 270, "texture": "#0"},
				"up": {"uv": [0.5, 0, 0.8125, 0.375], "texture": "#0"},
				"down": {"uv": [0.5, 0, 0.8125, 0.375], "rotation": 180, "texture": "#0"}
			}
		},
		{
			"from": [6.85, 12.40462, 5.96297],
			"to": [9.15, 15.40462, 8.46297],
			"rotation": {"angle": 45, "axis": "x", "origin": [8, 14.16583, 9.794]},
			"faces": {
				"north": {"uv": [0.375, 1, 0, 1.2875], "rotation": 270, "texture": "#0"},
				"east": {"uv": [0, 1, 0.375, 0.6875], "rotation": 90, "texture": "#0"},
				"south": {"uv": [0, 1, 0.375, 1.2875], "rotation": 90, "texture": "#0"},
				"west": {"uv": [0.375, 1, 0, 0.6875], "rotation": 270, "texture": "#0"},
				"up": {"uv": [0.525, 0.6875, 0.8125, 0.375], "texture": "#0"},
				"down": {"uv": [0.525, 0.6875, 0.8125, 0.375], "rotation": 180, "texture": "#0"}
			}
		},
		{
			"from": [6.85, 9.83532, 6.41226],
			"to": [9.15, 12.83532, 8.91226],
			"rotation": {"angle": -45, "axis": "x", "origin": [8, 11.33532, 7.66226]},
			"faces": {
				"north": {"uv": [0.375, 1, 0, 1.2875], "rotation": 270, "texture": "#0"},
				"east": {"uv": [0, 1, 0.375, 0.6875], "rotation": 90, "texture": "#0"},
				"south": {"uv": [0, 1, 0.375, 1.2875], "rotation": 90, "texture": "#0"},
				"west": {"uv": [0.375, 1, 0, 0.6875], "rotation": 270, "texture": "#0"},
				"up": {"uv": [0.525, 0.6875, 0.8125, 0.375], "texture": "#0"},
				"down": {"uv": [0.525, 0.6875, 0.8125, 0.375], "rotation": 180, "texture": "#0"}
			}
		},
		{
			"from": [6.85, -1.83532, 6.41226],
			"to": [9.15, 1.16468, 8.91226],
			"rotation": {"angle": 45, "axis": "x", "origin": [8, -0.33532, 7.66226]},
			"faces": {
				"north": {"uv": [0, 1, 0.375, 1.2875], "rotation": 270, "texture": "#0"},
				"east": {"uv": [0.375, 1, 0, 0.6875], "rotation": 90, "texture": "#0"},
				"south": {"uv": [0.375, 1, 0, 1.2875], "rotation": 90, "texture": "#0"},
				"west": {"uv": [0, 1, 0.375, 0.6875], "rotation": 270, "texture": "#0"},
				"up": {"uv": [0.525, 0.375, 0.8125, 0.6875], "rotation": 180, "texture": "#0"},
				"down": {"uv": [0.525, 0.375, 0.8125, 0.6875], "texture": "#0"}
			}
		},
		{
			"from": [7, 16.88045, 9.00829],
			"to": [9, 18.88045, 12.00829],
			"rotation": {"angle": -22.5, "axis": "x", "origin": [8, 16.06583, 11.594]},
			"faces": {
				"north": {"uv": [0.375, 1.4375, 0.625, 1.1875], "rotation": 180, "texture": "#0"},
				"east": {"uv": [0.75, 0.6875, 0.375, 0.9375], "texture": "#0"},
				"south": {"uv": [0.375, 1.4375, 0.625, 1.1875], "texture": "#0"},
				"west": {"uv": [0.75, 0.9375, 0.375, 0.6875], "rotation": 180, "texture": "#0"},
				"up": {"uv": [0.75, 0.9375, 0.375, 1.1875], "rotation": 270, "texture": "#0"},
				"down": {"uv": [0.75, 0.9375, 0.375, 1.1875], "rotation": 90, "texture": "#0"}
			}
		},
		{
			"from": [7.25, 16.92183, 10.36922],
			"to": [8.75, 18.42183, 13.36922],
			"rotation": {"angle": 0, "axis": "y", "origin": [8, 16.16583, 12.094]},
			"faces": {
				"north": {"uv": [0, 1.3125, 0.1875, 1.5], "rotation": 180, "texture": "#0"},
				"east": {"uv": [0.8125, 0.1875, 1.1875, 0], "rotation": 180, "texture": "#0"},
				"south": {"uv": [0, 1.3125, 0.1875, 1.5], "texture": "#0"},
				"west": {"uv": [0.8125, 0.1875, 1.1875, 0], "texture": "#0"},
				"up": {"uv": [1.1875, 0.375, 0.8125, 0.1875], "rotation": 270, "texture": "#0"},
				"down": {"uv": [1.1875, 0.375, 0.8125, 0.1875], "rotation": 90, "texture": "#0"}
			}
		},
		{
			"from": [7.5, 15.89085, 13.54825],
			"to": [8.5, 16.89085, 15.04825],
			"rotation": {"angle": -45, "axis": "x", "origin": [8, 16.16583, 12.094]},
			"faces": {
				"north": {"uv": [0.8125, 0.6875, 0.9375, 0.5625], "rotation": 270, "texture": "#0"},
				"east": {"uv": [1.0625, 0.375, 0.9375, 0.5625], "rotation": 270, "texture": "#0"},
				"south": {"uv": [0.8125, 0.6875, 0.9375, 0.5625], "rotation": 90, "texture": "#0"},
				"west": {"uv": [0.9375, 0.375, 1.0625, 0.5625], "rotation": 90, "texture": "#0"},
				"up": {"uv": [0.9375, 0.375, 0.8125, 0.5625], "texture": "#0"},
				"down": {"uv": [0.9375, 0.375, 0.8125, 0.5625], "rotation": 180, "texture": "#0"}
			}
		},
		{
			"from": [7.55, 19.07063, 12.85992],
			"to": [8.45, 20.27063, 13.55992],
			"rotation": {"angle": 22.5, "axis": "x", "origin": [8, 17.16583, 11.394]},
			"faces": {
				"north": {"uv": [1.0625, 0.525, 1.175, 0.375], "rotation": 180, "texture": "#0"},
				"east": {"uv": [0.775, 0.6875, 0.8625, 0.8375], "texture": "#0"},
				"south": {"uv": [1.175, 0.375, 1.0625, 0.525], "texture": "#0"},
				"west": {"uv": [0.8625, 0.8375, 0.775, 0.6875], "rotation": 180, "texture": "#0"},
				"up": {"uv": [1.05, 0.5625, 0.9625, 0.675], "rotation": 270, "texture": "#0"},
				"down": {"uv": [1.05, 0.5625, 0.9625, 0.675], "rotation": 90, "texture": "#0"}
			}
		},
		{
			"from": [7.65, 17.88968, 14.54011],
			"to": [8.35, 18.88968, 15.04011],
			"rotation": {"angle": -22.5, "axis": "x", "origin": [8, 17.16583, 11.394]},
			"faces": {
				"north": {"uv": [1, 0.75, 0.875, 0.8375], "rotation": 270, "texture": "#0"},
				"east": {"uv": [0.875, 0.6875, 1, 0.75], "rotation": 270, "texture": "#0"},
				"south": {"uv": [1, 0.75, 0.875, 0.8375], "rotation": 270, "texture": "#0"},
				"west": {"uv": [1, 0.6875, 0.875, 0.75], "rotation": 270, "texture": "#0"},
				"up": {"uv": [1.1, 0.625, 1.1875, 0.5625], "rotation": 180, "texture": "#0"},
				"down": {"uv": [1.1, 0.625, 1.1875, 0.5625], "rotation": 180, "texture": "#0"}
			}
		},
		{
			"from": [7.65, -7.88968, 14.54011],
			"to": [8.35, -6.88968, 15.04011],
			"rotation": {"angle": 22.5, "axis": "x", "origin": [8, -6.16583, 11.394]},
			"faces": {
				"north": {"uv": [0.875, 0.75, 1, 0.8375], "rotation": 270, "texture": "#0"},
				"east": {"uv": [1, 0.6875, 0.875, 0.75], "rotation": 270, "texture": "#0"},
				"south": {"uv": [0.875, 0.75, 1, 0.8375], "rotation": 270, "texture": "#0"},
				"west": {"uv": [0.875, 0.6875, 1, 0.75], "rotation": 270, "texture": "#0"},
				"up": {"uv": [1.1, 0.5625, 1.1875, 0.625], "rotation": 180, "texture": "#0"},
				"down": {"uv": [1.1, 0.5625, 1.1875, 0.625], "rotation": 180, "texture": "#0"}
			}
		},
		{
			"from": [7.55, -9.27063, 12.85992],
			"to": [8.45, -8.07063, 13.55992],
			"rotation": {"angle": -22.5, "axis": "x", "origin": [8, -6.16583, 11.394]},
			"faces": {
				"north": {"uv": [1.0625, 0.375, 1.175, 0.525], "rotation": 180, "texture": "#0"},
				"east": {"uv": [0.775, 0.8375, 0.8625, 0.6875], "texture": "#0"},
				"south": {"uv": [1.175, 0.525, 1.0625, 0.375], "texture": "#0"},
				"west": {"uv": [0.8625, 0.6875, 0.775, 0.8375], "rotation": 180, "texture": "#0"},
				"up": {"uv": [0.9625, 0.5625, 1.05, 0.675], "rotation": 90, "texture": "#0"},
				"down": {"uv": [0.9625, 0.5625, 1.05, 0.675], "rotation": 270, "texture": "#0"}
			}
		},
		{
			"from": [7.5, -5.89085, 13.54825],
			"to": [8.5, -4.89085, 15.04825],
			"rotation": {"angle": 45, "axis": "x", "origin": [8, -5.16583, 12.094]},
			"faces": {
				"north": {"uv": [0.9375, 0.6875, 0.8125, 0.5625], "rotation": 270, "texture": "#0"},
				"east": {"uv": [0.9375, 0.375, 1.0625, 0.5625], "rotation": 270, "texture": "#0"},
				"south": {"uv": [0.9375, 0.6875, 0.8125, 0.5625], "rotation": 90, "texture": "#0"},
				"west": {"uv": [1.0625, 0.375, 0.9375, 0.5625], "rotation": 90, "texture": "#0"},
				"up": {"uv": [0.9375, 0.5625, 0.8125, 0.375], "rotation": 180, "texture": "#0"},
				"down": {"uv": [0.9375, 0.5625, 0.8125, 0.375], "texture": "#0"}
			}
		},
		{
			"from": [7.25, -7.42183, 10.36922],
			"to": [8.75, -5.92183, 13.36922],
			"rotation": {"angle": 0, "axis": "y", "origin": [8, -5.16583, 12.094]},
			"faces": {
				"north": {"uv": [0, 1.5, 0.1875, 1.3125], "rotation": 180, "texture": "#0"},
				"east": {"uv": [0.8125, 0, 1.1875, 0.1875], "rotation": 180, "texture": "#0"},
				"south": {"uv": [0, 1.5, 0.1875, 1.3125], "texture": "#0"},
				"west": {"uv": [0.8125, 0, 1.1875, 0.1875], "texture": "#0"},
				"up": {"uv": [0.8125, 0.375, 1.1875, 0.1875], "rotation": 90, "texture": "#0"},
				"down": {"uv": [0.8125, 0.375, 1.1875, 0.1875], "rotation": 270, "texture": "#0"}
			}
		},
		{
			"from": [7, -7.88045, 9.00829],
			"to": [9, -5.88045, 12.00829],
			"rotation": {"angle": 22.5, "axis": "x", "origin": [8, -5.06583, 11.594]},
			"faces": {
				"north": {"uv": [0.375, 1.1875, 0.625, 1.4375], "rotation": 180, "texture": "#0"},
				"east": {"uv": [0.75, 0.9375, 0.375, 0.6875], "texture": "#0"},
				"south": {"uv": [0.375, 1.1875, 0.625, 1.4375], "texture": "#0"},
				"west": {"uv": [0.75, 0.6875, 0.375, 0.9375], "rotation": 180, "texture": "#0"},
				"up": {"uv": [0.375, 0.9375, 0.75, 1.1875], "rotation": 90, "texture": "#0"},
				"down": {"uv": [0.375, 0.9375, 0.75, 1.1875], "rotation": 270, "texture": "#0"}
			}
		},
		{
			"from": [6.75, -3.01927, 4.86232],
			"to": [9.25, 0.98073, 7.86232],
			"rotation": {"angle": -22.5, "axis": "x", "origin": [8, -3.16583, 9.794]},
			"faces": {
				"north": {"uv": [0, 0.6875, 0.5, 0.375], "rotation": 270, "texture": "#0"},
				"east": {"uv": [0.5, 0, 0, 0.375], "rotation": 90, "texture": "#0"},
				"south": {"uv": [0.5, 0.6875, 0, 0.375], "rotation": 90, "texture": "#0"},
				"west": {"uv": [0, 0, 0.5, 0.375], "rotation": 270, "texture": "#0"},
				"up": {"uv": [0.5, 0.375, 0.8125, 0], "rotation": 180, "texture": "#0"},
				"down": {"uv": [0.5, 0.375, 0.8125, 0], "texture": "#0"}
			}
		},
		{
			"from": [6.85, -4.40462, 5.96297],
			"to": [9.15, -1.40462, 8.46297],
			"rotation": {"angle": -45, "axis": "x", "origin": [8, -3.16583, 9.794]},
			"faces": {
				"north": {"uv": [0, 1, 0.375, 1.2875], "rotation": 270, "texture": "#0"},
				"east": {"uv": [0.375, 1, 0, 0.6875], "rotation": 90, "texture": "#0"},
				"south": {"uv": [0.375, 1, 0, 1.2875], "rotation": 90, "texture": "#0"},
				"west": {"uv": [0, 1, 0.375, 0.6875], "rotation": 270, "texture": "#0"},
				"up": {"uv": [0.525, 0.375, 0.8125, 0.6875], "rotation": 180, "texture": "#0"},
				"down": {"uv": [0.525, 0.375, 0.8125, 0.6875], "texture": "#0"}
			}
		},
		{
			"from": [7.6, -1.02228, 11.04901],
			"to": [8.4, -0.02228, 11.54901],
			"rotation": {"angle": 22.5, "axis": "x", "origin": [8, -1.03564, 10.01336]},
			"faces": {
				"north": {"uv": [0.0625, 1.625, 0.1875, 1.5], "texture": "#0"},
				"east": {"uv": [0.0625, 1.5, 0, 1.625], "rotation": 180, "texture": "#0"},
				"south": {"uv": [0.0625, 1.5, 0.1875, 1.625], "rotation": 180, "texture": "#0"},
				"west": {"uv": [0, 1.5, 0.0625, 1.625], "texture": "#0"},
				"up": {"uv": [0.1875, 1.625, 0.25, 1.5], "rotation": 90, "texture": "#0"},
				"down": {"uv": [0.1875, 1.625, 0.25, 1.5], "rotation": 270, "texture": "#0"}
			}
		},
		{
			"from": [7.65, -0.02699, 9.9458],
			"to": [8.35, 0.47301, 10.9458],
			"rotation": {"angle": 45, "axis": "x", "origin": [8, -1.03564, 10.01336]},
			"faces": {
				"north": {"uv": [0.4125, 1.5625, 0.5, 1.5], "texture": "#0"},
				"east": {"uv": [0.5, 1.4375, 0.375, 1.5], "rotation": 180, "texture": "#0"},
				"south": {"uv": [0.4125, 1.5625, 0.5, 1.5], "texture": "#0"},
				"west": {"uv": [0.5, 1.4375, 0.375, 1.5], "rotation": 180, "texture": "#0"},
				"up": {"uv": [0.25, 1.5875, 0.375, 1.5], "rotation": 90, "texture": "#0"},
				"down": {"uv": [0.25, 1.5875, 0.375, 1.5], "rotation": 90, "texture": "#0"}
			}
		},
		{
			"from": [7.5, -2.46452, 10.04836],
			"to": [8.5, -1.46452, 11.54836],
			"rotation": {"angle": -22.5, "axis": "x", "origin": [8, -1.83564, 10.01336]},
			"faces": {
				"north": {"uv": [1, 1.25, 1.125, 1.375], "rotation": 180, "texture": "#0"},
				"east": {"uv": [0.8125, 1.375, 1, 1.25], "rotation": 180, "texture": "#0"},
				"south": {"uv": [1, 1.25, 1.125, 1.375], "texture": "#0"},
				"west": {"uv": [0.8125, 1.25, 1, 1.375], "texture": "#0"},
				"up": {"uv": [1, 1.125, 1.1875, 1.25], "rotation": 90, "texture": "#0"},
				"down": {"uv": [1, 1.125, 1.1875, 1.25], "rotation": 270, "texture": "#0"}
			}
		},
		{
			"from": [7.25, -2.61452, 8.84836],
			"to": [8.75, -1.11452, 10.34836],
			"rotation": {"angle": 0, "axis": "y", "origin": [8, -1.53564, 10.21336]},
			"faces": {
				"north": {"uv": [0.625, 1.1875, 0.8125, 1.375], "rotation": 180, "texture": "#0"},
				"east": {"uv": [0.8125, 1.25, 1, 1.0625], "rotation": 180, "texture": "#0"},
				"south": {"uv": [0.625, 1.1875, 0.8125, 1.375], "texture": "#0"},
				"west": {"uv": [0.8125, 1.0625, 1, 1.25], "texture": "#0"},
				"up": {"uv": [0.1875, 1.3125, 0.375, 1.5], "rotation": 90, "texture": "#0"},
				"down": {"uv": [0.1875, 1.3125, 0.375, 1.5], "rotation": 270, "texture": "#0"}
			}
		},
		{
			"from": [7, -3.21104, 8.03459],
			"to": [9, -1.71104, 10.03459],
			"rotation": {"angle": 45, "axis": "x", "origin": [8, -1.53564, 10.21336]},
			"faces": {
				"north": {"uv": [1, 0.9375, 1.25, 1.125], "texture": "#0"},
				"east": {"uv": [0.75, 0.875, 1, 1.0625], "texture": "#0"},
				"south": {"uv": [1, 0.9375, 1.25, 1.125], "texture": "#0"},
				"west": {"uv": [0.75, 0.875, 1, 1.0625], "texture": "#0"},
				"up": {"uv": [1, 0.6875, 1.25, 0.9375], "rotation": 90, "texture": "#0"},
				"down": {"uv": [1, 0.6875, 1.25, 0.9375], "rotation": 90, "texture": "#0"}
			}
		},
		{
			"from": [7.65, 10.52699, 9.9458],
			"to": [8.35, 11.02699, 10.9458],
			"rotation": {"angle": -45, "axis": "x", "origin": [8, 12.03564, 10.01336]},
			"faces": {
				"north": {"uv": [0.4125, 1.5, 0.5, 1.5625], "texture": "#0"},
				"east": {"uv": [0.5, 1.5, 0.375, 1.4375], "rotation": 180, "texture": "#0"},
				"south": {"uv": [0.4125, 1.5, 0.5, 1.5625], "texture": "#0"},
				"west": {"uv": [0.5, 1.5, 0.375, 1.4375], "rotation": 180, "texture": "#0"},
				"up": {"uv": [0.375, 1.5875, 0.25, 1.5], "rotation": 90, "texture": "#0"},
				"down": {"uv": [0.375, 1.5875, 0.25, 1.5], "rotation": 90, "texture": "#0"}
			}
		},
		{
			"from": [7.5, 12.46452, 10.04836],
			"to": [8.5, 13.46452, 11.54836],
			"rotation": {"angle": 22.5, "axis": "x", "origin": [8, 12.83564, 10.01336]},
			"faces": {
				"north": {"uv": [1, 1.375, 1.125, 1.25], "rotation": 180, "texture": "#0"},
				"east": {"uv": [0.8125, 1.25, 1, 1.375], "rotation": 180, "texture": "#0"},
				"south": {"uv": [1, 1.375, 1.125, 1.25], "texture": "#0"},
				"west": {"uv": [0.8125, 1.375, 1, 1.25], "texture": "#0"},
				"up": {"uv": [1.1875, 1.125, 1, 1.25], "rotation": 270, "texture": "#0"},
				"down": {"uv": [1.1875, 1.125, 1, 1.25], "rotation": 90, "texture": "#0"}
			}
		},
		{
			"from": [7.6, 11.02228, 11.04901],
			"to": [8.4, 12.02228, 11.54901],
			"rotation": {"angle": -22.5, "axis": "x", "origin": [8, 12.03564, 10.01336]},
			"faces": {
				"north": {"uv": [0.0625, 1.5, 0.1875, 1.625], "texture": "#0"},
				"east": {"uv": [0.0625, 1.625, 0, 1.5], "rotation": 180, "texture": "#0"},
				"south": {"uv": [0.0625, 1.625, 0.1875, 1.5], "rotation": 180, "texture": "#0"},
				"west": {"uv": [0, 1.625, 0.0625, 1.5], "texture": "#0"},
				"up": {"uv": [0.25, 1.625, 0.1875, 1.5], "rotation": 270, "texture": "#0"},
				"down": {"uv": [0.25, 1.625, 0.1875, 1.5], "rotation": 90, "texture": "#0"}
			}
		},
		{
			"from": [7.25, 12.11452, 8.84836],
			"to": [8.75, 13.61452, 10.34836],
			"rotation": {"angle": 0, "axis": "y", "origin": [8, 12.53564, 10.21336]},
			"faces": {
				"north": {"uv": [0.625, 1.375, 0.8125, 1.1875], "rotation": 180, "texture": "#0"},
				"east": {"uv": [0.8125, 1.0625, 1, 1.25], "rotation": 180, "texture": "#0"},
				"south": {"uv": [0.625, 1.375, 0.8125, 1.1875], "texture": "#0"},
				"west": {"uv": [0.8125, 1.25, 1, 1.0625], "texture": "#0"},
				"up": {"uv": [0.375, 1.3125, 0.1875, 1.5], "rotation": 270, "texture": "#0"},
				"down": {"uv": [0.375, 1.3125, 0.1875, 1.5], "rotation": 90, "texture": "#0"}
			}
		},
		{
			"from": [7, 12.71104, 8.03459],
			"to": [9, 14.21104, 10.03459],
			"rotation": {"angle": -45, "axis": "x", "origin": [8, 12.53564, 10.21336]},
			"faces": {
				"north": {"uv": [1, 1.125, 1.25, 0.9375], "texture": "#0"},
				"east": {"uv": [0.75, 1.0625, 1, 0.875], "texture": "#0"},
				"south": {"uv": [1, 1.125, 1.25, 0.9375], "texture": "#0"},
				"west": {"uv": [0.75, 1.0625, 1, 0.875], "texture": "#0"},
				"up": {"uv": [1.25, 0.6875, 1, 0.9375], "rotation": 90, "texture": "#0"},
				"down": {"uv": [1.25, 0.6875, 1, 0.9375], "rotation": 90, "texture": "#0"}
			}
		},
		{
			"from": [7, 7.5, 7.5],
			"to": [9, 10.5, 9.5],
			"rotation": {"angle": -22.5, "axis": "x", "origin": [8, 9.5, 8]},
			"faces": {
				"north": {"uv": [1.625, 1.9375, 1.875, 1.5625], "texture": "#0"},
				"east": {"uv": [1.625, 1.9375, 1.875, 1.5625], "texture": "#0"},
				"south": {"uv": [1.625, 1.9375, 1.875, 1.5625], "texture": "#0"},
				"west": {"uv": [1.625, 1.9375, 1.875, 1.5625], "texture": "#0"},
				"up": {"uv": [1.375, 1.5625, 1.625, 1.8125], "texture": "#0"},
				"down": {"uv": [1.375, 1.5625, 1.625, 1.8125], "texture": "#0"}
			}
		},
		{
			"from": [7, 0.5, 7.5],
			"to": [9, 3.5, 9.5],
			"rotation": {"angle": 22.5, "axis": "x", "origin": [8, 1.5, 8]},
			"faces": {
				"north": {"uv": [1.625, 1.9375, 1.875, 1.5625], "texture": "#0"},
				"east": {"uv": [1.625, 1.9375, 1.875, 1.5625], "texture": "#0"},
				"south": {"uv": [1.625, 1.9375, 1.875, 1.5625], "texture": "#0"},
				"west": {"uv": [1.625, 1.9375, 1.875, 1.5625], "texture": "#0"},
				"up": {"uv": [1.375, 1.5625, 1.625, 1.8125], "texture": "#0"},
				"down": {"uv": [1.375, 1.5625, 1.625, 1.8125], "texture": "#0"}
			}
		},
		{
			"from": [8, -15, 11.5],
			"to": [8, -8, 17.5],
			"rotation": {"angle": 22.5, "axis": "x", "origin": [8, -5.5, 15]},
			"faces": {
				"north": {"uv": [0, 10, 0, 0], "texture": "#3"},
				"east": {"uv": [0, 14, 12, 0], "texture": "#3"},
				"south": {"uv": [0, 10, 0, 0], "texture": "#3"},
				"west": {"uv": [12, 14, 0, 0], "texture": "#3"},
				"up": {"uv": [0, 10, 0, 0], "texture": "#3"},
				"down": {"uv": [0, 0, 0, 10], "texture": "#3"}
			}
		},
		{
			"from": [8, 18, 11.5],
			"to": [8, 25, 17.5],
			"rotation": {"angle": -22.5, "axis": "x", "origin": [8, 15.5, 15]},
			"faces": {
				"north": {"uv": [0, 0, 0, 10], "texture": "#3"},
				"east": {"uv": [0, 0, 12, 14], "texture": "#3"},
				"south": {"uv": [0, 0, 0, 10], "texture": "#3"},
				"west": {"uv": [12, 0, 0, 14], "texture": "#3"},
				"up": {"uv": [0, 10, 0, 0], "texture": "#3"},
				"down": {"uv": [0, 0, 0, 10], "texture": "#3"}
			}
		},
		{
			"from": [8, -7.9, 14.6],
			"to": [8, -4.9, 17.6],
			"rotation": {"angle": -22.5, "axis": "x", "origin": [8, -9.6, 16.7]},
			"faces": {
				"north": {"uv": [0, 0.375, 0, 0], "rotation": 180, "texture": "#missing"},
				"east": {"uv": [14.125, 2.5625, 13.75, 2.9375], "rotation": 90, "texture": "#0"},
				"south": {"uv": [0, 0.375, 0, 0], "texture": "#missing"},
				"west": {"uv": [14.125, 2.5625, 13.75, 2.9375], "rotation": 270, "texture": "#0"},
				"up": {"uv": [0, 0, 0, 0.375], "texture": "#missing"},
				"down": {"uv": [0, 0, 0, 0.375], "rotation": 180, "texture": "#missing"}
			}
		},
		{
			"from": [8, 15.9, 14.6],
			"to": [8, 18.9, 17.6],
			"rotation": {"angle": 22.5, "axis": "x", "origin": [8, 20.6, 16.7]},
			"faces": {
				"north": {"uv": [0, 0, 0, 0.375], "rotation": 180, "texture": "#missing"},
				"east": {"uv": [13.75, 2.5625, 14.125, 2.9375], "rotation": 90, "texture": "#0"},
				"south": {"uv": [0, 0, 0, 0.375], "texture": "#missing"},
				"west": {"uv": [13.75, 2.5625, 14.125, 2.9375], "rotation": 270, "texture": "#0"},
				"up": {"uv": [0, 0.375, 0, 0], "rotation": 180, "texture": "#missing"},
				"down": {"uv": [0, 0.375, 0, 0], "texture": "#missing"}
			}
		},
		{
			"from": [7.5, -1.60497, 4.14434],
			"to": [8.5, 0.39503, 5.64434],
			"rotation": {"angle": -22.5, "axis": "x", "origin": [8, -0.70464, 4.22293]},
			"faces": {
				"north": {"uv": [1.3125, 1.3125, 1.5625, 1.1875], "rotation": 270, "texture": "#0"},
				"east": {"uv": [1.125, 1.5, 1.375, 1.3125], "rotation": 270, "texture": "#0"},
				"south": {"uv": [1.3125, 1.3125, 1.5625, 1.1875], "rotation": 270, "texture": "#0"},
				"west": {"uv": [1.125, 1.5, 1.375, 1.3125], "rotation": 270, "texture": "#0"},
				"up": {"uv": [1.5, 1.3125, 1.375, 1.5], "rotation": 180, "texture": "#0"},
				"down": {"uv": [1.5, 1.3125, 1.375, 1.5], "rotation": 180, "texture": "#0"}
			}
		},
		{
			"from": [7.6, -0.22146, 2.73622],
			"to": [8.4, 0.77854, 4.23622],
			"rotation": {"angle": 22.5, "axis": "x", "origin": [8, -0.70464, 4.22293]},
			"faces": {
				"north": {"uv": [1.6875, 1.1875, 1.5875, 1.3125], "texture": "#0"},
				"east": {"uv": [1.6875, 1.3125, 1.5, 1.4375], "rotation": 180, "texture": "#0"},
				"south": {"uv": [1.6875, 1.1875, 1.5875, 1.3125], "rotation": 180, "texture": "#0"},
				"west": {"uv": [1.6875, 1.3125, 1.5, 1.4375], "texture": "#0"},
				"up": {"uv": [1.5, 1.5375, 1.6875, 1.4375], "rotation": 270, "texture": "#0"},
				"down": {"uv": [1.5, 1.5375, 1.6875, 1.4375], "rotation": 90, "texture": "#0"}
			}
		},
		{
			"from": [7.75, 0.34846, 2.45645],
			"to": [8.25, 0.84846, 3.45645],
			"rotation": {"angle": 0, "axis": "y", "origin": [8, -0.70464, 4.22293]},
			"faces": {
				"north": {"uv": [1.3625, 1.5, 1.3, 1.5625], "texture": "#0"},
				"east": {"uv": [1.5, 1.5, 1.375, 1.5625], "texture": "#0"},
				"south": {"uv": [1.3625, 1.5, 1.3, 1.5625], "texture": "#0"},
				"west": {"uv": [1.5, 1.5, 1.375, 1.5625], "texture": "#0"},
				"up": {"uv": [1.375, 1.5625, 1.5, 1.5], "rotation": 270, "texture": "#0"},
				"down": {"uv": [1.375, 1.5625, 1.5, 1.5], "rotation": 270, "texture": "#0"}
			}
		},
		{
			"from": [7.75, 1.34846, 5.45645],
			"to": [8.25, 1.84846, 6.45645],
			"rotation": {"angle": 0, "axis": "y", "origin": [8, 0.29536, 7.22293]},
			"faces": {
				"north": {"uv": [1.3625, 1.5, 1.3, 1.5625], "texture": "#0"},
				"east": {"uv": [1.5, 1.5, 1.375, 1.5625], "texture": "#0"},
				"south": {"uv": [1.3625, 1.5, 1.3, 1.5625], "texture": "#0"},
				"west": {"uv": [1.5, 1.5, 1.375, 1.5625], "texture": "#0"},
				"up": {"uv": [1.375, 1.5625, 1.5, 1.5], "rotation": 270, "texture": "#0"},
				"down": {"uv": [1.375, 1.5625, 1.5, 1.5], "rotation": 270, "texture": "#0"}
			}
		},
		{
			"from": [7.6, 0.77854, 5.73622],
			"to": [8.4, 1.77854, 7.23622],
			"rotation": {"angle": 22.5, "axis": "x", "origin": [8, 0.29536, 7.22293]},
			"faces": {
				"north": {"uv": [1.6875, 1.1875, 1.5875, 1.3125], "texture": "#0"},
				"east": {"uv": [1.6875, 1.3125, 1.5, 1.4375], "rotation": 180, "texture": "#0"},
				"south": {"uv": [1.6875, 1.1875, 1.5875, 1.3125], "rotation": 180, "texture": "#0"},
				"west": {"uv": [1.6875, 1.3125, 1.5, 1.4375], "texture": "#0"},
				"up": {"uv": [1.5, 1.5375, 1.6875, 1.4375], "rotation": 270, "texture": "#0"},
				"down": {"uv": [1.5, 1.5375, 1.6875, 1.4375], "rotation": 90, "texture": "#0"}
			}
		},
		{
			"from": [8, 15, 3.5],
			"to": [8, 24, 16.5],
			"rotation": {"angle": -22.5, "axis": "x", "origin": [8, 5.53214, 13.68155]},
			"faces": {
				"north": {"uv": [0.6875, 3.25, 0.6875, 1.625], "texture": "#0"},
				"east": {"uv": [13.5625, 6.625, 15.1875, 7.75], "rotation": 180, "texture": "#0"},
				"south": {"uv": [0.25, 3.25, 0.25, 1.625], "rotation": 180, "texture": "#0"},
				"west": {"uv": [13.5625, 7.75, 15.1875, 6.625], "texture": "#0"},
				"up": {"uv": [0.1875, 1.75, 0.1875, 3.375], "texture": "#0"},
				"down": {"uv": [0.1875, 1.75, 0.1875, 3.375], "rotation": 180, "texture": "#0"}
			}
		},
		{
			"from": [8, -13, 3.5],
			"to": [8, -4, 16.5],
			"rotation": {"angle": 22.5, "axis": "x", "origin": [8, 5.46786, 13.68155]},
			"faces": {
				"north": {"uv": [0.6875, 1.625, 0.6875, 3.25], "texture": "#0"},
				"east": {"uv": [13.5625, 7.75, 15.1875, 6.625], "rotation": 180, "texture": "#0"},
				"south": {"uv": [0.25, 1.625, 0.25, 3.25], "rotation": 180, "texture": "#0"},
				"west": {"uv": [13.5625, 6.625, 15.1875, 7.75], "texture": "#0"},
				"up": {"uv": [0.1875, 3.375, 0.1875, 1.75], "rotation": 180, "texture": "#0"},
				"down": {"uv": [0.1875, 3.375, 0.1875, 1.75], "texture": "#0"}
			}
		},
		{
			"from": [5.33968, 12.86101, 3.74931],
			"to": [10.83968, 14.86101, 3.74931],
			"rotation": {"angle": -22.5, "axis": "x", "origin": [8.08968, 7.54602, 8.84931]},
			"faces": {
				"north": {"uv": [0, 0, 11, 4], "texture": "#2"},
				"east": {"uv": [0, 0, 0, 4], "texture": "#2"},
				"west": {"uv": [0, 0, 0, 4], "texture": "#2"},
				"up": {"uv": [0, 11, 0, 0], "rotation": 90, "texture": "#2"},
				"down": {"uv": [0, 0, 0, 11], "rotation": 270, "texture": "#2"}
			}
		},
		{
			"from": [5.33968, 11.86101, 3.84931],
			"to": [10.83968, 15.86101, 7.84931],
			"rotation": {"angle": -22.5, "axis": "x", "origin": [8.08968, 7.54602, 8.84931]},
			"faces": {
				"north": {"uv": [1.6875, 0, 2.375, 0.5], "texture": "#0"},
				"east": {"uv": [2.375, 0, 2.875, 0.5], "texture": "#0"},
				"south": {"uv": [1.6875, 0, 2.375, 0.5], "texture": "#0"},
				"west": {"uv": [2.375, 0, 2.875, 0.5], "texture": "#0"},
				"up": {"uv": [1.6875, 0.5, 2.1875, 1.1875], "rotation": 90, "texture": "#0"},
				"down": {"uv": [1.6875, 0.5, 2.1875, 1.1875], "rotation": 270, "texture": "#0"}
			}
		},
		{
			"from": [6.58968, 7.66101, 4.44931],
			"to": [9.58968, 10.66101, 7.44931],
			"rotation": {"angle": -22.5, "axis": "x", "origin": [8.08968, 7.54602, 8.84931]},
			"faces": {
				"north": {"uv": [2.0625, 1.5625, 1.6875, 1.1875], "texture": "#0"},
				"east": {"uv": [2.4375, 1.5625, 2.0625, 1.1875], "texture": "#0"},
				"south": {"uv": [2.0625, 1.5625, 1.6875, 1.1875], "texture": "#0"},
				"west": {"uv": [2.4375, 1.5625, 2.0625, 1.1875], "texture": "#0"},
				"up": {"uv": [2.4375, 1.5625, 2.8125, 1.1875], "rotation": 180, "texture": "#0"},
				"down": {"uv": [2.4375, 1.5625, 2.8125, 1.1875], "texture": "#0"}
			}
		},
		{
			"from": [6.3, 3, 8.6],
			"to": [11.3, 12, 8.6],
			"rotation": {"angle": -45, "axis": "x", "origin": [0, 0, 0]},
			"faces": {
				"north": {"uv": [0, 0, 5, 9], "texture": "#1"},
				"east": {"uv": [0, 0, 0, 9], "texture": "#1"},
				"south": {"uv": [5, 0, 0, 9], "texture": "#1"},
				"west": {"uv": [0, 0, 0, 9], "texture": "#1"},
				"up": {"uv": [0, 5, 0, 0], "rotation": 90, "texture": "#1"},
				"down": {"uv": [0, 0, 0, 5], "rotation": 270, "texture": "#1"}
			}
		},
		{
			"from": [5.83968, 10.36101, 4.94931],
			"to": [10.33968, 12.36101, 6.94931],
			"rotation": {"angle": -22.5, "axis": "x", "origin": [8.08968, 7.54602, 8.84931]},
			"faces": {
				"north": {"uv": [3.4375, 0.25, 2.875, 0], "texture": "#0"},
				"east": {"uv": [3.6875, 0.25, 3.4375, 0], "texture": "#0"},
				"south": {"uv": [3.4375, 0.25, 2.875, 0], "texture": "#0"},
				"west": {"uv": [3.6875, 0.25, 3.4375, 0], "texture": "#0"},
				"up": {"uv": [2.875, 0.5, 3.4375, 0.25], "rotation": 180, "texture": "#0"},
				"down": {"uv": [2.875, 0.5, 3.4375, 0.25], "texture": "#0"}
			}
		},
		{
			"from": [4.0092, 16.82516, 1.59931],
			"to": [4.5092, 17.82516, 2.09931],
			"rotation": {"angle": -22.5, "axis": "x", "origin": [5.17936, 16.39532, 8.84931]},
			"faces": {
				"north": {"uv": [1.375, 1.5625, 1.5, 1.5], "rotation": 270, "texture": "#0"},
				"east": {"uv": [1.375, 1.5625, 1.5, 1.5], "rotation": 90, "texture": "#0"},
				"south": {"uv": [1.375, 1.5625, 1.5, 1.5], "rotation": 90, "texture": "#0"},
				"west": {"uv": [1.375, 1.5625, 1.5, 1.5], "rotation": 270, "texture": "#0"},
				"up": {"uv": [1.3, 1.5625, 1.3625, 1.5], "rotation": 90, "texture": "#0"},
				"down": {"uv": [1.3, 1.5625, 1.3625, 1.5], "rotation": 90, "texture": "#0"}
			}
		},
		{
			"from": [3.98968, 15.76101, 1.44931],
			"to": [4.98968, 17.26101, 2.24931],
			"rotation": {"angle": -22.5, "axis": "x", "origin": [5.17936, 16.39532, 8.84931]},
			"faces": {
				"north": {"uv": [1.5, 1.4375, 1.6875, 1.3125], "rotation": 270, "texture": "#0"},
				"east": {"uv": [1.5, 1.5375, 1.6875, 1.4375], "rotation": 270, "texture": "#0"},
				"south": {"uv": [1.5, 1.4375, 1.6875, 1.3125], "rotation": 270, "texture": "#0"},
				"west": {"uv": [1.5, 1.5375, 1.6875, 1.4375], "rotation": 270, "texture": "#0"},
				"up": {"uv": [1.5875, 1.3125, 1.6875, 1.1875], "rotation": 90, "texture": "#0"},
				"down": {"uv": [1.5875, 1.3125, 1.6875, 1.1875], "rotation": 270, "texture": "#0"}
			}
		},
		{
			"from": [4.5092, 15.02516, 1.34931],
			"to": [6.5092, 16.52516, 2.34931],
			"rotation": {"angle": -22.5, "axis": "x", "origin": [5.17936, 16.39532, 8.84931]},
			"faces": {
				"north": {"uv": [1.375, 1.3125, 1.125, 1.5], "rotation": 180, "texture": "#0"},
				"east": {"uv": [1.5, 1.3125, 1.375, 1.5], "texture": "#0"},
				"south": {"uv": [1.375, 1.3125, 1.125, 1.5], "texture": "#0"},
				"west": {"uv": [1.5, 1.3125, 1.375, 1.5], "rotation": 180, "texture": "#0"},
				"up": {"uv": [1.5625, 1.1875, 1.3125, 1.3125], "texture": "#0"},
				"down": {"uv": [1.5625, 1.1875, 1.3125, 1.3125], "texture": "#0"}
			}
		},
		{
			"from": [11.67016, 16.82516, 1.59931],
			"to": [12.17016, 17.82516, 2.09931],
			"rotation": {"angle": -22.5, "axis": "x", "origin": [11, 16.39532, 8.84931]},
			"faces": {
				"north": {"uv": [1.5, 1.5625, 1.375, 1.5], "rotation": 90, "texture": "#0"},
				"east": {"uv": [1.5, 1.5625, 1.375, 1.5], "rotation": 90, "texture": "#0"},
				"south": {"uv": [1.5, 1.5625, 1.375, 1.5], "rotation": 270, "texture": "#0"},
				"west": {"uv": [1.5, 1.5625, 1.375, 1.5], "rotation": 270, "texture": "#0"},
				"up": {"uv": [1.3625, 1.5625, 1.3, 1.5], "rotation": 270, "texture": "#0"},
				"down": {"uv": [1.3625, 1.5625, 1.3, 1.5], "rotation": 270, "texture": "#0"}
			}
		},
		{
			"from": [11.18968, 15.76101, 1.44931],
			"to": [12.18968, 17.26101, 2.24931],
			"rotation": {"angle": -22.5, "axis": "x", "origin": [11, 16.39532, 8.84931]},
			"faces": {
				"north": {"uv": [1.5, 1.3125, 1.6875, 1.4375], "rotation": 270, "texture": "#0"},
				"east": {"uv": [1.5, 1.4375, 1.6875, 1.5375], "rotation": 270, "texture": "#0"},
				"south": {"uv": [1.5, 1.3125, 1.6875, 1.4375], "rotation": 270, "texture": "#0"},
				"west": {"uv": [1.5, 1.4375, 1.6875, 1.5375], "rotation": 270, "texture": "#0"},
				"up": {"uv": [1.5875, 1.1875, 1.6875, 1.3125], "rotation": 90, "texture": "#0"},
				"down": {"uv": [1.5875, 1.1875, 1.6875, 1.3125], "rotation": 270, "texture": "#0"}
			}
		},
		{
			"from": [5.5, 13.5, 2],
			"to": [10.5, 17.5, 2],
			"rotation": {"angle": 0, "axis": "y", "origin": [8, -6.81499, 13]},
			"faces": {
				"north": {"uv": [15.375, 4.3125, 16, 3.8125], "texture": "#0"},
				"east": {"uv": [2.5625, 0.75, 2.875, 0.5], "texture": "#0"},
				"south": {"uv": [15.375, 4.3125, 16, 3.8125], "texture": "#0"},
				"west": {"uv": [2.5625, 0.75, 2.875, 0.5], "texture": "#0"},
				"up": {"uv": [2.5625, 0.5, 2.1875, 0.8125], "texture": "#0"},
				"down": {"uv": [2.5625, 0.5, 2.1875, 0.8125], "rotation": 180, "texture": "#0"}
			}
		},
		{
			"from": [9.9, 14.5, 1.75],
			"to": [10.4, 15.5, 2.25],
			"rotation": {"angle": 22.5, "axis": "z", "origin": [9.575, 14.275, 2]},
			"faces": {
				"north": {"uv": [1.25, 1.3125, 1.125, 1.25], "rotation": 90, "texture": "#0"},
				"east": {"uv": [1.25, 1.3125, 1.125, 1.25], "rotation": 90, "texture": "#0"},
				"south": {"uv": [1.25, 1.3125, 1.125, 1.25], "rotation": 90, "texture": "#0"},
				"west": {"uv": [1.25, 1.3125, 1.125, 1.25], "rotation": 90, "texture": "#0"},
				"up": {"uv": [1.25, 1.25, 1.3125, 1.3125], "rotation": 90, "texture": "#0"},
				"down": {"uv": [1.25, 1.25, 1.3125, 1.3125], "rotation": 270, "texture": "#0"}
			}
		},
		{
			"from": [9.52574, 13.68188, 1.6],
			"to": [10.52574, 15.18188, 2.4],
			"rotation": {"angle": -22.5, "axis": "z", "origin": [9.575, 14.275, 2]},
			"faces": {
				"north": {"uv": [1.4375, 1, 1.25, 0.875], "rotation": 90, "texture": "#0"},
				"east": {"uv": [1.4375, 1.1, 1.25, 1], "rotation": 90, "texture": "#0"},
				"south": {"uv": [1.25, 1, 1.4375, 0.875], "rotation": 270, "texture": "#0"},
				"west": {"uv": [1.4375, 1.1, 1.25, 1], "rotation": 270, "texture": "#0"},
				"up": {"uv": [1.2125, 1.125, 1.3125, 1.25], "rotation": 90, "texture": "#0"},
				"down": {"uv": [1.2125, 1.125, 1.3125, 1.25], "rotation": 90, "texture": "#0"}
			}
		},
		{
			"from": [8, 12.8, 1.5],
			"to": [10, 14.3, 2.5],
			"rotation": {"angle": 22.5, "axis": "z", "origin": [9.575, 14.275, 2]},
			"faces": {
				"north": {"uv": [0.875, 1.5625, 0.625, 1.375], "texture": "#0"},
				"east": {"uv": [0.625, 1.625, 0.5, 1.4375], "texture": "#0"},
				"south": {"uv": [0.625, 1.5625, 0.875, 1.375], "texture": "#0"},
				"west": {"uv": [0.625, 1.625, 0.5, 1.4375], "texture": "#0"},
				"up": {"uv": [0.875, 1.375, 1.125, 1.5], "rotation": 180, "texture": "#0"},
				"down": {"uv": [0.875, 1.375, 1.125, 1.5], "texture": "#0"}
			}
		},
		{
			"from": [6, 12.8, 1.5],
			"to": [8, 14.3, 2.5],
			"rotation": {"angle": -22.5, "axis": "z", "origin": [6.425, 14.275, 2]},
			"faces": {
				"north": {"uv": [0.625, 1.5625, 0.875, 1.375], "texture": "#0"},
				"east": {"uv": [0.5, 1.625, 0.625, 1.4375], "texture": "#0"},
				"south": {"uv": [0.875, 1.5625, 0.625, 1.375], "texture": "#0"},
				"west": {"uv": [0.5, 1.625, 0.625, 1.4375], "texture": "#0"},
				"up": {"uv": [1.125, 1.375, 0.875, 1.5], "rotation": 180, "texture": "#0"},
				"down": {"uv": [1.125, 1.375, 0.875, 1.5], "texture": "#0"}
			}
		},
		{
			"from": [5.47426, 13.68188, 1.6],
			"to": [6.47426, 15.18188, 2.4],
			"rotation": {"angle": 22.5, "axis": "z", "origin": [6.425, 14.275, 2]},
			"faces": {
				"north": {"uv": [1.4375, 0.875, 1.25, 1], "rotation": 90, "texture": "#0"},
				"east": {"uv": [1.4375, 1, 1.25, 1.1], "rotation": 270, "texture": "#0"},
				"south": {"uv": [1.25, 0.875, 1.4375, 1], "rotation": 270, "texture": "#0"},
				"west": {"uv": [1.4375, 1, 1.25, 1.1], "rotation": 90, "texture": "#0"},
				"up": {"uv": [1.2125, 1.25, 1.3125, 1.125], "rotation": 90, "texture": "#0"},
				"down": {"uv": [1.2125, 1.25, 1.3125, 1.125], "rotation": 90, "texture": "#0"}
			}
		},
		{
			"from": [5.6, 14.5, 1.75],
			"to": [6.1, 15.5, 2.25],
			"rotation": {"angle": -22.5, "axis": "z", "origin": [6.425, 14.275, 2]},
			"faces": {
				"north": {"uv": [1.25, 1.25, 1.125, 1.3125], "rotation": 90, "texture": "#0"},
				"east": {"uv": [1.25, 1.25, 1.125, 1.3125], "rotation": 90, "texture": "#0"},
				"south": {"uv": [1.25, 1.25, 1.125, 1.3125], "rotation": 90, "texture": "#0"},
				"west": {"uv": [1.25, 1.25, 1.125, 1.3125], "rotation": 90, "texture": "#0"},
				"up": {"uv": [1.25, 1.3125, 1.3125, 1.25], "rotation": 90, "texture": "#0"},
				"down": {"uv": [1.25, 1.3125, 1.3125, 1.25], "rotation": 270, "texture": "#0"}
			}
		},
		{
			"from": [19.80421, 7.48922, 0.75],
			"to": [21.80421, 9.48922, 3.25],
			"rotation": {"angle": 45, "axis": "z", "origin": [8, -4.31499, 2]},
			"faces": {
				"north": {"uv": [1.6875, 0.25, 1.4375, 0], "texture": "#0"},
				"east": {"uv": [1.6875, 0.25, 1.4375, 0.5], "texture": "#0"},
				"south": {"uv": [1.6875, 0.25, 1.4375, 0], "texture": "#0"},
				"west": {"uv": [1.6875, 0.75, 1.4375, 0.5], "texture": "#0"},
				"up": {"uv": [1.6875, 0.75, 1.4375, 0.5], "rotation": 90, "texture": "#0"},
				"down": {"uv": [1.6875, 0.5, 1.4375, 0.25], "rotation": 270, "texture": "#0"}
			}
		},
		{
			"from": [9.67016, 15.02516, 1.34931],
			"to": [11.67016, 16.52516, 2.34931],
			"rotation": {"angle": -22.5, "axis": "x", "origin": [11, 16.39532, 8.84931]},
			"faces": {
				"north": {"uv": [1.375, 1.5, 1.125, 1.3125], "texture": "#0"},
				"east": {"uv": [1.5, 1.5, 1.375, 1.3125], "texture": "#0"},
				"south": {"uv": [1.375, 1.5, 1.125, 1.3125], "rotation": 180, "texture": "#0"},
				"west": {"uv": [1.5, 1.5, 1.375, 1.3125], "rotation": 180, "texture": "#0"},
				"up": {"uv": [1.5625, 1.3125, 1.3125, 1.1875], "rotation": 180, "texture": "#0"},
				"down": {"uv": [1.5625, 1.3125, 1.3125, 1.1875], "rotation": 180, "texture": "#0"}
			}
		},
		{
			"from": [7.75, 5.5, 13.9],
			"to": [8.25, 19, 14.4],
			"rotation": {"angle": 0, "axis": "y", "origin": [8, 19, 14.15]},
			"faces": {
				"north": {"uv": [5.1875, 0.625, 5.25, 2.3125], "texture": "#0"},
				"east": {"uv": [5.1875, 0.625, 5.25, 2.3125], "texture": "#0"},
				"south": {"uv": [5.1875, 0.625, 5.25, 2.3125], "texture": "#0"},
				"west": {"uv": [5.1875, 0.625, 5.25, 2.3125], "texture": "#0"},
				"up": {"uv": [5.1875, 0.625, 5.25, 0.6875], "texture": "#0"},
				"down": {"uv": [5.1875, 0.625, 5.25, 0.6875], "texture": "#0"}
			}
		},
		{
			"from": [7.75, 5.5, -6.5],
			"to": [8.25, 5.5, 13.5],
			"rotation": {"angle": 22.5, "axis": "z", "origin": [8, 5.5, 0.625]},
			"faces": {
				"north": {"uv": [0, 0, 0, 0.0625], "rotation": 270, "texture": "#missing"},
				"east": {"uv": [0, 0, 2.875, 0], "rotation": 180, "texture": "#missing"},
				"south": {"uv": [0, 0, 0, 0.0625], "rotation": 90, "texture": "#missing"},
				"west": {"uv": [0, 0, 2.875, 0], "texture": "#missing"},
				"up": {"uv": [6.125, 0.0625, 8.625, 0.125], "rotation": 90, "texture": "#0"},
				"down": {"uv": [6.125, 0.0625, 8.625, 0.125], "rotation": 90, "texture": "#0"}
			}
		},
		{
			"from": [8, 5.55, 6],
			"to": [8, 8.55, 14],
			"rotation": {"angle": -22.5, "axis": "z", "origin": [8, 5.5, 0.625]},
			"faces": {
				"north": {"uv": [0, 0, 0, 0.625], "rotation": 180, "texture": "#missing"},
				"east": {"uv": [15.625, 5.5625, 16, 4.5625], "rotation": 90, "texture": "#0"},
				"south": {"uv": [0, 0, 0, 0.625], "texture": "#missing"},
				"west": {"uv": [15.625, 4.5625, 16, 5.5625], "rotation": 90, "texture": "#0"},
				"up": {"uv": [0, 0, 0, 1.125], "rotation": 180, "texture": "#missing"},
				"down": {"uv": [0, 0, 0, 1.125], "texture": "#missing"}
			}
		},
		{
			"from": [8, 2.45, 6],
			"to": [8, 5.45, 14],
			"rotation": {"angle": -22.5, "axis": "z", "origin": [8, 5.5, 0.625]},
			"faces": {
				"north": {"uv": [0, 0.625, 0, 0], "rotation": 180, "texture": "#missing"},
				"east": {"uv": [16, 5.5625, 15.625, 4.5625], "rotation": 90, "texture": "#0"},
				"south": {"uv": [0, 0.625, 0, 0], "texture": "#missing"},
				"west": {"uv": [16, 4.5625, 15.625, 5.5625], "rotation": 90, "texture": "#0"},
				"up": {"uv": [0, 1.125, 0, 0], "texture": "#missing"},
				"down": {"uv": [0, 1.125, 0, 0], "rotation": 180, "texture": "#missing"}
			}
		},
		{
			"from": [8, 4, -13],
			"to": [8, 7, -1.5],
			"rotation": {"angle": -22.5, "axis": "z", "origin": [8, 5.5, 0.625]},
			"faces": {
				"north": {"uv": [0, 0.625, 0, 0], "rotation": 180, "texture": "#missing"},
				"east": {"uv": [15.25, 4.5625, 15.625, 6], "rotation": 90, "texture": "#0"},
				"south": {"uv": [0, 0.625, 0, 0], "texture": "#missing"},
				"west": {"uv": [15.25, 6, 15.625, 4.5625], "rotation": 90, "texture": "#0"},
				"up": {"uv": [0, 1.125, 0, 0], "texture": "#missing"},
				"down": {"uv": [0, 1.125, 0, 0], "rotation": 180, "texture": "#missing"}
			}
		},
		{
			"from": [8, 2.45, 6],
			"to": [8, 5.45, 14],
			"rotation": {"angle": 22.5, "axis": "z", "origin": [8, 5.5, 1.375]},
			"faces": {
				"north": {"uv": [0, 0.625, 0, 0], "rotation": 180, "texture": "#missing"},
				"east": {"uv": [16, 5.5625, 15.625, 4.5625], "rotation": 90, "texture": "#0"},
				"south": {"uv": [0, 0.625, 0, 0], "texture": "#missing"},
				"west": {"uv": [16, 4.5625, 15.625, 5.5625], "rotation": 90, "texture": "#0"},
				"up": {"uv": [0, 1.125, 0, 0], "texture": "#missing"},
				"down": {"uv": [0, 1.125, 0, 0], "rotation": 180, "texture": "#missing"}
			}
		},
		{
			"from": [8, 5.55, 6],
			"to": [8, 8.55, 14],
			"rotation": {"angle": 22.5, "axis": "z", "origin": [8, 5.5, 1.375]},
			"faces": {
				"north": {"uv": [0, 0, 0, 0.625], "rotation": 180, "texture": "#missing"},
				"east": {"uv": [15.625, 5.5625, 16, 4.5625], "rotation": 90, "texture": "#0"},
				"south": {"uv": [0, 0, 0, 0.625], "texture": "#missing"},
				"west": {"uv": [15.625, 4.5625, 16, 5.5625], "rotation": 90, "texture": "#0"},
				"up": {"uv": [0, 0, 0, 1.125], "rotation": 180, "texture": "#missing"},
				"down": {"uv": [0, 0, 0, 1.125], "texture": "#missing"}
			}
		},
		{
			"from": [8, 4, -13],
			"to": [8, 7, -1.5],
			"rotation": {"angle": 22.5, "axis": "z", "origin": [8, 5.5, 1.375]},
			"faces": {
				"north": {"uv": [0, 0, 0, 0.625], "rotation": 180, "texture": "#missing"},
				"east": {"uv": [15.625, 4.5625, 15.25, 6], "rotation": 90, "texture": "#0"},
				"south": {"uv": [0, 0, 0, 0.625], "texture": "#missing"},
				"west": {"uv": [15.625, 6, 15.25, 4.5625], "rotation": 90, "texture": "#0"},
				"up": {"uv": [0, 0, 0, 1.125], "rotation": 180, "texture": "#missing"},
				"down": {"uv": [0, 0, 0, 1.125], "texture": "#missing"}
			}
		},
		{
			"from": [7.75, -8, 13.9],
			"to": [8.25, 5.5, 14.4],
			"rotation": {"angle": 0, "axis": "y", "origin": [8, -3, 14.15]},
			"faces": {
				"north": {"uv": [5.1875, 2.3125, 5.25, 0.625], "texture": "#0"},
				"east": {"uv": [5.1875, 2.3125, 5.25, 0.625], "texture": "#0"},
				"south": {"uv": [5.1875, 2.3125, 5.25, 0.625], "texture": "#0"},
				"west": {"uv": [5.1875, 2.3125, 5.25, 0.625], "texture": "#0"},
				"up": {"uv": [5.1875, 0.6875, 5.25, 0.625], "texture": "#0"},
				"down": {"uv": [5.1875, 0.6875, 5.25, 0.625], "texture": "#0"}
			}
		},
		{
			"from": [8, 12.5, 9.5],
			"to": [8, 16.5, 14.5],
			"rotation": {"angle": 45, "axis": "x", "origin": [8, 14.5, 11]},
			"faces": {
				"north": {"uv": [0, 8, 0, 0], "rotation": 180, "texture": "#4"},
				"east": {"uv": [0, 0, 8, 10], "rotation": 270, "texture": "#4"},
				"south": {"uv": [0, 0, 0, 8], "texture": "#4"},
				"west": {"uv": [8, 0, 0, 10], "rotation": 90, "texture": "#4"},
				"up": {"uv": [0, 0, 0, 8], "rotation": 180, "texture": "#4"},
				"down": {"uv": [0, 0, 0, 8], "texture": "#4"}
			}
		},
		{
			"from": [8, -5.5, 9.5],
			"to": [8, -1.5, 14.5],
			"rotation": {"angle": -45, "axis": "x", "origin": [8, -3.5, 11]},
			"faces": {
				"north": {"uv": [0, 0, 0, 8], "rotation": 180, "texture": "#4"},
				"east": {"uv": [8, 0, 0, 10], "rotation": 270, "texture": "#4"},
				"south": {"uv": [0, 8, 0, 0], "texture": "#4"},
				"west": {"uv": [0, 0, 8, 10], "rotation": 90, "texture": "#4"},
				"up": {"uv": [0, 8, 0, 0], "texture": "#4"},
				"down": {"uv": [0, 8, 0, 0], "rotation": 180, "texture": "#4"}
			}
		},
		{
			"from": [5, 2, -13.5],
			"to": [11, 9, -13.5],
			"rotation": {"angle": 0, "axis": "y", "origin": [8, 5.5, -8.5]},
			"faces": {
				"north": {"uv": [0, 0, 12, 14], "texture": "#3"},
				"east": {"uv": [0, 0, 0, 10], "texture": "#3"},
				"south": {"uv": [12, 0, 0, 14], "texture": "#3"},
				"west": {"uv": [0, 0, 0, 10], "texture": "#3"},
				"up": {"uv": [0, 10, 0, 0], "rotation": 270, "texture": "#3"},
				"down": {"uv": [0, 0, 0, 10], "rotation": 90, "texture": "#3"}
			}
		}
	],
	"gui_light": "front",
	"display": {
		"thirdperson_righthand": {
			"translation": [0, 0, 0.25],
			"scale": [0.75, 0.75, 0.75]
		},
		"thirdperson_lefthand": {
			"translation": [0, 0, 0.25],
			"scale": [0.75, 0.75, 0.75]
		},
		"firstperson_righthand": {
			"rotation": [26, 0, 0],
			"translation": [3.5, 6.75, -0.5],
			"scale": [0.45, 0.45, 0.45]
		},
		"firstperson_lefthand": {
			"rotation": [26, 0, 0],
			"translation": [3.5, 6.75, -0.5],
			"scale": [0.45, 0.45, 0.45]
		},
		"ground": {
			"rotation": [45, 0, 0],
			"translation": [0, 9, 0],
			"scale": [0.45, 0.45, 0.45]
		},
		"gui": {
			"rotation": [-90, 135, -90],
			"translation": [-0.75, -1, -1.5],
			"scale": [0.50781, 0.50781, 0.50781]
		},
		"head": {
			"scale": [0, 0, 0]
		},
		"fixed": {
			"rotation": [0, -90, 0],
			"translation": [0.5, 4.5, -3],
			"scale": [2, 2, 2]
		}
	},
	"groups": [
		0,
		{
			"name": "group",
			"origin": [8.5, -4.81499, 8],
			"color": 0,
			"children": [
				1,
				{
					"name": "group",
					"origin": [8, 2.03431, 4.91032],
					"color": 0,
					"children": []
				},
				2,
				3,
				4,
				5,
				6,
				7,
				8,
				9,
				10,
				11,
				12,
				13,
				14,
				15,
				16,
				17,
				18,
				19,
				20,
				21,
				22,
				23,
				24,
				25,
				26,
				27,
				{
					"name": "group",
					"origin": [8.5, -4.81499, 8],
					"color": 0,
					"children": []
				}
			]
		},
		28,
		29,
		30,
		31,
		32,
		33,
		34,
		35,
		36,
		37,
		38,
		39,
		40,
		41,
		42,
		43,
		44,
		45,
		46,
		47,
		48,
		49,
		50,
		51,
		52,
		53,
		54,
		55,
		56,
		57,
		58,
		59,
		60,
		61,
		62,
		63,
		64,
		65,
		66,
		67,
		68,
		69,
		70,
		71
	]
}