{
	"credit": "Made with Blockbench",
	"texture_size": [12, 12],
	"textures": {
		"1": "item/fishing_crate/skins/wukong_animation",
		"2": "item/fishing_crate/skins/wukong_fishing_rod_cast"
	},
	"elements": [
		{
			"from": [7.5, 0.2, 7.5],
			"to": [8.5, 1.2, 8.5],
			"rotation": {"angle": -45, "axis": "x", "origin": [8, 0.7, 8]},
			"faces": {
				"north": {"uv": [10.66667, 5.33333, 12, 6.66667], "texture": "#2"},
				"east": {"uv": [9.33333, 12, 10.66667, 13.33333], "texture": "#2"},
				"south": {"uv": [10.66667, 12, 12, 13.33333], "texture": "#2"},
				"west": {"uv": [12, 10.66667, 13.33333, 12], "texture": "#2"},
				"up": {"uv": [13.33333, 13.33333, 12, 12], "texture": "#2"},
				"down": {"uv": [1.33333, 13.33333, 0, 14.66667], "texture": "#2"}
			}
		},
		{
			"from": [7.5, 4, 7.5],
			"to": [8.5, 5, 8.5],
			"rotation": {"angle": 0, "axis": "y", "origin": [7.5, -3, 7.5]},
			"faces": {
				"north": {"uv": [13.33333, 0, 14.66667, 1.33333], "texture": "#2"},
				"east": {"uv": [1.33333, 13.33333, 2.66667, 14.66667], "texture": "#2"},
				"south": {"uv": [13.33333, 1.33333, 14.66667, 2.66667], "texture": "#2"},
				"west": {"uv": [2.66667, 13.33333, 4, 14.66667], "texture": "#2"},
				"up": {"uv": [14.66667, 4, 13.33333, 2.66667], "texture": "#2"},
				"down": {"uv": [5.33333, 13.33333, 4, 14.66667], "texture": "#2"}
			}
		},
		{
			"from": [7.7, 12.87276, 6.25963],
			"to": [8.3, 14.37276, 6.85963],
			"rotation": {"angle": -45, "axis": "x", "origin": [8, 13.97276, 6.93463]},
			"faces": {
				"north": {"uv": [8, 13.33333, 8.66667, 15.33333], "texture": "#2"},
				"east": {"uv": [13.33333, 8, 14, 10], "texture": "#2"},
				"south": {"uv": [9.33333, 13.33333, 10, 15.33333], "texture": "#2"},
				"west": {"uv": [10.66667, 13.33333, 11.33333, 15.33333], "texture": "#2"},
				"up": {"uv": [4.66667, 15.33333, 4, 14.66667], "texture": "#2"},
				"down": {"uv": [15.33333, 4, 14.66667, 4.66667], "texture": "#2"}
			}
		},
		{
			"from": [7.6, 11.125, 7.3],
			"to": [8.4, 13.125, 8.1],
			"rotation": {"angle": -22.5, "axis": "x", "origin": [8, 12.125, 7.7]},
			"faces": {
				"north": {"uv": [6.66667, 9.33333, 7.66667, 12], "texture": "#2"},
				"east": {"uv": [0, 10.66667, 1, 13.33333], "texture": "#2"},
				"south": {"uv": [10.66667, 0, 11.66667, 2.66667], "texture": "#2"},
				"west": {"uv": [1.33333, 10.66667, 2.33333, 13.33333], "texture": "#2"},
				"up": {"uv": [14.33333, 13, 13.33333, 12], "texture": "#2"},
				"down": {"uv": [14.33333, 13.33333, 13.33333, 14.33333], "texture": "#2"}
			}
		},
		{
			"from": [7.525, 6.6, 7.525],
			"to": [8.475, 11.4, 8.475],
			"rotation": {"angle": 0, "axis": "y", "origin": [8, 8.9, 3]},
			"faces": {
				"north": {"uv": [4, 0, 5.33333, 6.33333], "texture": "#2"},
				"east": {"uv": [5.33333, 0, 6.66667, 6.33333], "texture": "#2"},
				"south": {"uv": [6.66667, 0, 8, 6.33333], "texture": "#2"},
				"west": {"uv": [4, 6.66667, 5.33333, 13], "texture": "#2"},
				"up": {"uv": [14.66667, 5.33333, 13.33333, 4], "texture": "#2"},
				"down": {"uv": [6.66667, 13.33333, 5.33333, 14.66667], "texture": "#2"}
			}
		},
		{
			"from": [7.6, 1, 7.6],
			"to": [8.4, 4, 8.4],
			"rotation": {"angle": 0, "axis": "y", "origin": [7.5, -3, 7.5]},
			"faces": {
				"north": {"uv": [8, 2.66667, 9, 6.66667], "texture": "#2"},
				"east": {"uv": [8, 6.66667, 9, 10.66667], "texture": "#2"},
				"south": {"uv": [9.33333, 2.66667, 10.33333, 6.66667], "texture": "#2"},
				"west": {"uv": [5.33333, 9.33333, 6.33333, 13.33333], "texture": "#2"},
				"up": {"uv": [14.33333, 11.66667, 13.33333, 10.66667], "texture": "#2"},
				"down": {"uv": [13, 13.33333, 12, 14.33333], "texture": "#2"}
			}
		},
		{
			"from": [8, -1, 4.3],
			"to": [8, 1, 8.3],
			"rotation": {"angle": 0, "axis": "y", "origin": [8, -1, 4.3]},
			"faces": {
				"north": {"uv": [0, 0, 0, 1.6], "texture": "#1"},
				"east": {"uv": [16, 8, 0, 16], "texture": "#1"},
				"south": {"uv": [0, 0, 0, 1.6], "texture": "#1"},
				"west": {"uv": [0, 8, 16, 16], "texture": "#1"},
				"up": {"uv": [0, 0, 0, 3.2], "texture": "#1"},
				"down": {"uv": [0, 0, 0, 3.2], "texture": "#1"}
			}
		},
		{
			"from": [7.6, 5, 7],
			"to": [8.4, 7, 9],
			"rotation": {"angle": -45, "axis": "x", "origin": [8, 6, 8]},
			"faces": {
				"north": {"uv": [2.66667, 10.66667, 3.66667, 13.33333], "texture": "#2"},
				"east": {"uv": [5.33333, 6.66667, 8, 9.33333], "texture": "#2"},
				"south": {"uv": [10.66667, 2.66667, 11.66667, 5.33333], "texture": "#2"},
				"west": {"uv": [8, 0, 10.66667, 2.66667], "texture": "#2"},
				"up": {"uv": [9, 13.33333, 8, 10.66667], "texture": "#2"},
				"down": {"uv": [13, 0, 12, 2.66667], "texture": "#2"}
			}
		},
		{
			"from": [7.45, 5.2, 7.2],
			"to": [8.55, 6.8, 8.8],
			"rotation": {"angle": -45, "axis": "x", "origin": [8.15, 6, 8]},
			"faces": {
				"north": {"uv": [12, 2.66667, 13.33333, 4.66667], "texture": "#2"},
				"east": {"uv": [9.33333, 6.66667, 11.33333, 8.66667], "texture": "#2"},
				"south": {"uv": [12, 5.33333, 13.33333, 7.33333], "texture": "#2"},
				"west": {"uv": [9.33333, 9.33333, 11.33333, 11.33333], "texture": "#2"},
				"up": {"uv": [8, 14, 6.66667, 12], "texture": "#2"},
				"down": {"uv": [13.33333, 8, 12, 10], "texture": "#2"}
			}
		},
		{
			"from": [7.5, 8.375, 6.55],
			"to": [8.5, 8.375, 7.55],
			"rotation": {"angle": 0, "axis": "y", "origin": [7.5, 8.375, 6.55]},
			"faces": {
				"north": {"uv": [0, 0, 1.33333, 0], "texture": "#2"},
				"east": {"uv": [0, 0, 1.33333, 0], "texture": "#2"},
				"south": {"uv": [0, 0, 1.33333, 0], "texture": "#2"},
				"west": {"uv": [0, 0, 1.33333, 0], "texture": "#2"},
				"up": {"uv": [14.66667, 6.66667, 13.33333, 5.33333], "texture": "#2"},
				"down": {"uv": [14.66667, 5.33333, 13.33333, 6.66667], "texture": "#2"}
			}
		},
		{
			"from": [7.5, 10.375, 6.55],
			"to": [8.5, 10.375, 7.55],
			"rotation": {"angle": 0, "axis": "y", "origin": [7.5, 10.375, 6.55]},
			"faces": {
				"north": {"uv": [0, 0, 1.33333, 0], "texture": "#2"},
				"east": {"uv": [0, 0, 1.33333, 0], "texture": "#2"},
				"south": {"uv": [0, 0, 1.33333, 0], "texture": "#2"},
				"west": {"uv": [0, 0, 1.33333, 0], "texture": "#2"},
				"up": {"uv": [14.66667, 6.66667, 13.33333, 5.33333], "texture": "#2"},
				"down": {"uv": [14.66667, 5.33333, 13.33333, 6.66667], "texture": "#2"}
			}
		},
		{
			"from": [7.5, 12.15, 6.35],
			"to": [8.5, 12.15, 7.35],
			"rotation": {"angle": -22.5, "axis": "x", "origin": [7.5, 12.15, 6.35]},
			"faces": {
				"north": {"uv": [0, 0, 1.33333, 0], "texture": "#2"},
				"east": {"uv": [0, 0, 1.33333, 0], "texture": "#2"},
				"south": {"uv": [0, 0, 1.33333, 0], "texture": "#2"},
				"west": {"uv": [0, 0, 1.33333, 0], "texture": "#2"},
				"up": {"uv": [14.66667, 6.66667, 13.33333, 5.33333], "texture": "#2"},
				"down": {"uv": [14.66667, 5.33333, 13.33333, 6.66667], "texture": "#2"}
			}
		},
		{
			"from": [7.5, 13.075, 5.875],
			"to": [8.5, 13.075, 6.875],
			"rotation": {"angle": -45, "axis": "x", "origin": [7.5, 13.075, 5.875]},
			"faces": {
				"north": {"uv": [0, 0, 1.33333, 0], "texture": "#2"},
				"east": {"uv": [0, 0, 1.33333, 0], "texture": "#2"},
				"south": {"uv": [0, 0, 1.33333, 0], "texture": "#2"},
				"west": {"uv": [0, 0, 1.33333, 0], "texture": "#2"},
				"up": {"uv": [14.66667, 6.66667, 13.33333, 5.33333], "texture": "#2"},
				"down": {"uv": [14.66667, 5.33333, 13.33333, 6.66667], "texture": "#2"}
			}
		},
		{
			"from": [8, 6, 4.55],
			"to": [8, 14, 7.55],
			"rotation": {"angle": 0, "axis": "y", "origin": [8, 6, 4.55]},
			"faces": {
				"north": {"uv": [0, 0, 0, 10.66667], "texture": "#2"},
				"east": {"uv": [4, 0, 0, 10.66667], "texture": "#2"},
				"south": {"uv": [0, 0, 0, 10.66667], "texture": "#2"},
				"west": {"uv": [0, 0, 4, 10.66667], "texture": "#2"},
				"up": {"uv": [0, 4, 0, 0], "texture": "#2"},
				"down": {"uv": [0, 0, 0, 4], "texture": "#2"}
			}
		}
	],
	"gui_light": "front",
	"display": {
		"thirdperson_righthand": {
			"rotation": [16.5, 0, 0],
			"translation": [0, 4.5, 2.5],
			"scale": [1.28711, 1.28711, 1.28711]
		},
		"thirdperson_lefthand": {
			"rotation": [16.5, 0, 0],
			"translation": [0, 4.5, 2.5],
			"scale": [1.28711, 1.28711, 1.28711]
		},
		"firstperson_righthand": {
			"rotation": [-61.17, 8.64, -1.7],
			"translation": [-2, 6.5, 4.5],
			"scale": [0.77344, 0.77344, 0.77344]
		},
		"firstperson_lefthand": {
			"rotation": [-61.17, 8.64, -1.7],
			"translation": [-2, 6.5, 4.5],
			"scale": [0.77344, 0.77344, 0.77344]
		},
		"ground": {
			"rotation": [24.37, -12.62, 77.77],
			"translation": [0, 2.75, 1.75],
			"scale": [1.28711, 1.28711, 1.28711]
		},
		"gui": {
			"rotation": [90, -135, 90],
			"translation": [0.5, 2, -0.75],
			"scale": [1.12891, 1.12891, 1.12891]
		},
		"head": {
			"rotation": [90, 45, 90],
			"translation": [6.5, -12.75, 4.75],
			"scale": [1.5, 1.5, 1.5]
		},
		"fixed": {
			"rotation": [-90, 90, 90],
			"translation": [-0.5, 1.75, -2.75],
			"scale": [3.10547, 3.10547, 3.10547]
		}
	},
	"mcmodels": "503ea46604e3be37eed508225ebe1c41"
}