{
	"credit": "Made with Blockbench",
	"texture_size": [64, 64],
	"textures": {
		"0": "item/christmas_crate2/furniture/nutcracker",
		"1": "item/christmas_crate2/furniture/nutcracker_jaw",
		"particle": "item/christmas_crate2/furniture/nutcracker"
	},
	"elements": [
		{
			"name": "cube_outline",
			"from": [10.25, -7.5, 10.25],
			"to": [7.75, -10, 6.75],
			"rotation": {"angle": 0, "axis": "y", "origin": [9, -8.75, 8.5]},
			"faces": {
				"north": {"uv": [4, 14.5, 3.5, 15], "rotation": 180, "texture": "#0"},
				"south": {"uv": [3.5, 14.5, 4, 15], "rotation": 180, "texture": "#0"},
				"west": {"uv": [5, 14.5, 4.25, 15], "rotation": 180, "texture": "#0"}
			}
		},
		{
			"from": [8, -12, 7],
			"to": [10, 0, 10],
			"rotation": {"angle": 0, "axis": "y", "origin": [9, 0, 8.5]},
			"faces": {
				"north": {"uv": [0.5, 12.5, 0, 15.5], "texture": "#0"},
				"east": {"uv": [1.5, 12.5, 0.75, 15.5], "texture": "#0"},
				"south": {"uv": [2.75, 12.5, 3.25, 15.5], "texture": "#0"},
				"west": {"uv": [2.5, 12.5, 1.75, 15.5], "texture": "#0"},
				"up": {"uv": [6.75, 13.5, 6.25, 14.25], "texture": "#0"},
				"down": {"uv": [6.75, 12.5, 6.25, 13.25], "texture": "#0"}
			}
		},
		{
			"from": [7.75, -10, 6.75],
			"to": [10.25, -7.5, 10.25],
			"rotation": {"angle": 0, "axis": "y", "origin": [9, -8.75, 8.5]},
			"faces": {
				"north": {"uv": [4, 14.5, 3.5, 15], "texture": "#0"},
				"east": {"uv": [5, 14.5, 4.25, 15], "texture": "#0"},
				"south": {"uv": [3.5, 14.5, 4, 15], "texture": "#0"}
			}
		},
		{
			"name": "cube_outline",
			"from": [8.25, -7.5, 10.25],
			"to": [5.75, -10, 6.75],
			"rotation": {"angle": 0, "axis": "y", "origin": [7, -8.75, 8.5]},
			"faces": {
				"north": {"uv": [3.5, 14.5, 4, 15], "rotation": 180, "texture": "#0"},
				"east": {"uv": [4.25, 14.5, 5, 15], "rotation": 180, "texture": "#0"},
				"south": {"uv": [4, 14.5, 3.5, 15], "rotation": 180, "texture": "#0"}
			}
		},
		{
			"from": [5.75, -10, 6.75],
			"to": [8.25, -7.5, 10.25],
			"rotation": {"angle": 0, "axis": "y", "origin": [7, -8.75, 8.5]},
			"faces": {
				"north": {"uv": [3.5, 14.5, 4, 15], "texture": "#0"},
				"south": {"uv": [4, 14.5, 3.5, 15], "texture": "#0"},
				"west": {"uv": [4.25, 14.5, 5, 15], "texture": "#0"}
			}
		},
		{
			"from": [6, -12, 7],
			"to": [8, 0, 10],
			"rotation": {"angle": 0, "axis": "y", "origin": [7, 0, 8.5]},
			"faces": {
				"north": {"uv": [0, 12.5, 0.5, 15.5], "texture": "#0"},
				"east": {"uv": [1.75, 12.5, 2.5, 15.5], "texture": "#0"},
				"south": {"uv": [3.25, 12.5, 2.75, 15.5], "texture": "#0"},
				"west": {"uv": [0.75, 12.5, 1.5, 15.5], "texture": "#0"},
				"up": {"uv": [6.25, 13.5, 6.75, 14.25], "texture": "#0"},
				"down": {"uv": [6.25, 12.5, 6.75, 13.25], "texture": "#0"}
			}
		},
		{
			"from": [10.5, -2, 7],
			"to": [12.5, 8, 10],
			"rotation": {"angle": 0, "axis": "y", "origin": [10.5, 7, 8.5]},
			"faces": {
				"north": {"uv": [0.5, 9.75, 0, 12.25], "texture": "#0"},
				"east": {"uv": [1.5, 9.75, 0.75, 12.25], "texture": "#0"},
				"south": {"uv": [0, 9.75, 0.5, 12.25], "texture": "#0"},
				"west": {"uv": [2.5, 9.75, 1.75, 12.25], "texture": "#0"},
				"up": {"uv": [2.75, 10.25, 3.5, 9.75], "rotation": 90, "texture": "#0"},
				"down": {"uv": [2.75, 11.25, 3.5, 10.75], "rotation": 90, "texture": "#0"}
			}
		},
		{
			"from": [10.5, -2, 7],
			"to": [12.5, 8, 10],
			"rotation": {"angle": 0, "axis": "y", "origin": [10.5, 7, 8.5]},
			"faces": {
				"north": {"uv": [4.25, 9.75, 3.75, 12.25], "texture": "#0", "tintindex": 0},
				"east": {"uv": [5.25, 9.75, 4.5, 12.25], "texture": "#0", "tintindex": 0},
				"south": {"uv": [3.75, 9.75, 4.25, 12.25], "texture": "#0", "tintindex": 0},
				"west": {"uv": [6.25, 9.75, 5.5, 12.25], "texture": "#0", "tintindex": 0}
			}
		},
		{
			"from": [3.5, -2, 7],
			"to": [5.5, 8, 10],
			"rotation": {"angle": 0, "axis": "y", "origin": [5.5, 7, 8.5]},
			"faces": {
				"north": {"uv": [3.75, 9.75, 4.25, 12.25], "texture": "#0", "tintindex": 0},
				"east": {"uv": [5.5, 9.75, 6.25, 12.25], "texture": "#0", "tintindex": 0},
				"south": {"uv": [4.25, 9.75, 3.75, 12.25], "texture": "#0", "tintindex": 0},
				"west": {"uv": [4.5, 9.75, 5.25, 12.25], "texture": "#0", "tintindex": 0}
			}
		},
		{
			"from": [3.5, -2, 7],
			"to": [5.5, 8, 10],
			"rotation": {"angle": 0, "axis": "y", "origin": [5.5, 7, 8.5]},
			"faces": {
				"north": {"uv": [0, 9.75, 0.5, 12.25], "texture": "#0"},
				"east": {"uv": [1.75, 9.75, 2.5, 12.25], "texture": "#0"},
				"south": {"uv": [0.5, 9.75, 0, 12.25], "texture": "#0"},
				"west": {"uv": [0.75, 9.75, 1.5, 12.25], "texture": "#0"},
				"up": {"uv": [2.75, 9.75, 3.5, 10.25], "rotation": 90, "texture": "#0"},
				"down": {"uv": [2.75, 10.75, 3.5, 11.25], "rotation": 90, "texture": "#0"}
			}
		},
		{
			"from": [5.5, 0, 6],
			"to": [10.5, 8, 11],
			"rotation": {"angle": 0, "axis": "y", "origin": [5.5, 0, 6]},
			"faces": {
				"north": {"uv": [4.5, 7.5, 5.75, 9.5], "texture": "#0", "tintindex": 0},
				"east": {"uv": [6, 7.5, 7.25, 9.5], "texture": "#0", "tintindex": 0},
				"south": {"uv": [7.5, 7.5, 8.75, 9.5], "texture": "#0", "tintindex": 0},
				"west": {"uv": [6, 7.5, 7.25, 9.5], "texture": "#0", "tintindex": 0},
				"up": {"uv": [4.5, 7.25, 5.75, 6], "texture": "#0", "tintindex": 0}
			}
		},
		{
			"from": [5.5, 0, 6],
			"to": [10.5, 8, 11],
			"rotation": {"angle": 0, "axis": "y", "origin": [5.5, 0, 6]},
			"faces": {
				"north": {"uv": [0, 7.5, 1.25, 9.5], "texture": "#0"},
				"east": {"uv": [1.5, 7.5, 2.75, 9.5], "texture": "#0"},
				"south": {"uv": [3, 7.5, 4.25, 9.5], "texture": "#0"},
				"west": {"uv": [1.5, 7.5, 2.75, 9.5], "texture": "#0"},
				"up": {"uv": [0, 7.25, 1.25, 6], "texture": "#0"},
				"down": {"uv": [6, 6, 7.25, 7.25], "texture": "#0"}
			}
		},
		{
			"from": [5.25, 2, 5.75],
			"to": [10.75, 4, 11.25],
			"rotation": {"angle": 0, "axis": "y", "origin": [5.5, 2.25, 6]},
			"faces": {
				"north": {"uv": [9, 8.5, 10.25, 9], "texture": "#0"},
				"east": {"uv": [10.5, 8.5, 11.75, 9], "texture": "#0"},
				"south": {"uv": [12, 8.5, 13.25, 9], "texture": "#0"},
				"west": {"uv": [10.5, 8.5, 11.75, 9], "texture": "#0"}
			}
		},
		{
			"name": "cube_outline",
			"from": [10.75, 4, 11.25],
			"to": [5.25, 2, 5.75],
			"rotation": {"angle": 0, "axis": "y", "origin": [5.5, 6.25, 6]},
			"faces": {
				"north": {"uv": [12, 8.5, 13.25, 9], "rotation": 180, "texture": "#0"},
				"east": {"uv": [10.5, 8.5, 11.75, 9], "rotation": 180, "texture": "#0"},
				"south": {"uv": [9, 8.5, 10.25, 9], "rotation": 180, "texture": "#0"},
				"west": {"uv": [10.5, 8.5, 11.75, 9], "rotation": 180, "texture": "#0"}
			}
		},
		{
			"from": [6.5, 5, 4],
			"to": [9.5, 10, 6],
			"rotation": {"angle": 0, "axis": "y", "origin": [8, 8, 5]},
			"faces": {
				"north": {"uv": [0, 0, 3, 5], "texture": "#1"},
				"east": {"uv": [6, 0, 4, 5], "texture": "#1"},
				"south": {"uv": [7, 0, 10, 5], "texture": "#1"},
				"west": {"uv": [4, 0, 6, 5], "texture": "#1"},
				"up": {"uv": [11, 2, 14, 0], "texture": "#1"},
				"down": {"uv": [11, 3, 14, 5], "texture": "#1"}
			}
		},
		{
			"from": [6.5, 4, 4],
			"to": [9.5, 9, 6],
			"rotation": {"angle": 0, "axis": "y", "origin": [8, 7, 5]},
			"faces": {
				"north": {"uv": [0, 5, 3, 10], "texture": "#1"},
				"east": {"uv": [6, 5, 4, 10], "texture": "#1"},
				"south": {"uv": [7, 5, 10, 10], "texture": "#1"},
				"west": {"uv": [4, 5, 6, 10], "texture": "#1"},
				"up": {"uv": [11, 7, 14, 5], "texture": "#1"},
				"down": {"uv": [11, 8, 14, 10], "texture": "#1"}
			}
		},
		{
			"from": [6.5, 3, 4],
			"to": [9.5, 8, 6],
			"rotation": {"angle": 0, "axis": "y", "origin": [8, 6, 5]},
			"faces": {
				"north": {"uv": [0, 10, 3, 15], "texture": "#1"},
				"east": {"uv": [6, 10, 4, 15], "texture": "#1"},
				"south": {"uv": [7, 10, 10, 15], "texture": "#1"},
				"west": {"uv": [4, 10, 6, 15], "texture": "#1"},
				"up": {"uv": [11, 12, 14, 10], "texture": "#1"},
				"down": {"uv": [11, 13, 14, 15], "texture": "#1"}
			}
		},
		{
			"from": [8.75, 13.25, 4.75],
			"to": [11.75, 15.25, 5.75],
			"rotation": {"angle": 0, "axis": "y", "origin": [11.75, 13.25, 4.75]},
			"faces": {
				"north": {"uv": [12, 2.25, 11.25, 2.75], "texture": "#0"},
				"east": {"uv": [12, 2.25, 11.75, 2.75], "texture": "#0"}
			}
		},
		{
			"from": [4.25, 13.25, 4.75],
			"to": [7.25, 15.25, 5.75],
			"rotation": {"angle": 0, "axis": "y", "origin": [4.25, 13.25, 4.75]},
			"faces": {
				"north": {"uv": [11.25, 2.25, 12, 2.75], "texture": "#0"},
				"west": {"uv": [11.75, 2.25, 12, 2.75], "texture": "#0"}
			}
		},
		{
			"name": "cube_outline",
			"from": [7.25, 15.25, 5.75],
			"to": [4.25, 13.25, 4.75],
			"rotation": {"angle": 0, "axis": "y", "origin": [4.25, 13.25, 4.75]},
			"faces": {
				"east": {"uv": [11.75, 2.25, 12, 2.75], "rotation": 180, "texture": "#0"},
				"south": {"uv": [12, 2.25, 11.25, 2.75], "rotation": 180, "texture": "#0"}
			}
		},
		{
			"name": "cube_outline",
			"from": [11.75, 15.25, 5.75],
			"to": [8.75, 13.25, 4.75],
			"rotation": {"angle": 0, "axis": "y", "origin": [11.75, 13.25, 4.75]},
			"faces": {
				"south": {"uv": [11.25, 2.25, 12, 2.75], "rotation": 180, "texture": "#0"},
				"west": {"uv": [12, 2.25, 11.75, 2.75], "rotation": 180, "texture": "#0"}
			}
		},
		{
			"name": "cube_outline",
			"from": [11.75, 18.5, 12.25],
			"to": [4.25, 16.5, 4.75],
			"rotation": {"angle": 0, "axis": "y", "origin": [8, 17.5, 8.5]},
			"faces": {
				"north": {"uv": [6, 1.5, 7.75, 2], "rotation": 180, "texture": "#0"},
				"east": {"uv": [6, 1.5, 7.75, 2], "rotation": 180, "texture": "#0"},
				"south": {"uv": [6, 1.5, 7.75, 2], "rotation": 180, "texture": "#0"},
				"west": {"uv": [6, 1.5, 7.75, 2], "rotation": 180, "texture": "#0"}
			}
		},
		{
			"from": [4.25, 16.5, 4.75],
			"to": [11.75, 18.5, 12.25],
			"rotation": {"angle": 0, "axis": "y", "origin": [8, 17.5, 8.5]},
			"faces": {
				"north": {"uv": [6, 1.5, 7.75, 2], "texture": "#0"},
				"east": {"uv": [6, 1.5, 7.75, 2], "texture": "#0"},
				"south": {"uv": [6, 1.5, 7.75, 2], "texture": "#0"},
				"west": {"uv": [6, 1.5, 7.75, 2], "texture": "#0"}
			}
		},
		{
			"from": [4.5, 16, 5],
			"to": [11.5, 24, 12],
			"rotation": {"angle": 0, "axis": "y", "origin": [4.5, 16, 5]},
			"faces": {
				"north": {"uv": [0, 0, 1.75, 2], "texture": "#0"},
				"east": {"uv": [0, 0, 1.75, 2], "texture": "#0"},
				"south": {"uv": [0, 0, 1.75, 2], "texture": "#0"},
				"west": {"uv": [0, 0, 1.75, 2], "texture": "#0"},
				"up": {"uv": [2, 1.75, 3.75, 0], "texture": "#0"},
				"down": {"uv": [4, 0, 5.75, 1.75], "texture": "#0"}
			}
		},
		{
			"from": [4.5, 8, 5],
			"to": [11.5, 16, 12],
			"rotation": {"angle": 0, "axis": "y", "origin": [4.5, 8, 5]},
			"faces": {
				"north": {"uv": [0, 2.25, 1.75, 4.25], "texture": "#0"},
				"east": {"uv": [3.75, 2.25, 2, 4.25], "texture": "#0"},
				"south": {"uv": [4, 2.25, 5.75, 4.25], "texture": "#0"},
				"west": {"uv": [2, 2.25, 3.75, 4.25], "texture": "#0"},
				"up": {"uv": [6, 4, 7.75, 2.25], "texture": "#0"},
				"down": {"uv": [8, 2.25, 9.75, 4], "texture": "#0"}
			}
		},
		{
			"from": [0.5, 10, 8],
			"to": [4.5, 15, 8],
			"rotation": {"angle": -22.5, "axis": "z", "origin": [4.5, 10, 8]},
			"faces": {
				"north": {"uv": [10, 2.25, 11, 3.5], "texture": "#0"},
				"south": {"uv": [11, 2.25, 10, 3.5], "texture": "#0"}
			}
		},
		{
			"from": [11.5, 10, 8],
			"to": [15.5, 15, 8],
			"rotation": {"angle": 22.5, "axis": "z", "origin": [11.5, 10, 8]},
			"faces": {
				"north": {"uv": [11, 2.25, 10, 3.5], "texture": "#0"},
				"south": {"uv": [10, 2.25, 11, 3.5], "texture": "#0"}
			}
		},
		{
			"from": [6.5, 10, 2],
			"to": [9.5, 12, 5],
			"rotation": {"angle": 0, "axis": "y", "origin": [8, 10, 5]},
			"faces": {
				"north": {"uv": [3.75, 4.5, 4.5, 5], "texture": "#0"},
				"east": {"uv": [5.5, 4.5, 4.75, 5], "texture": "#0"},
				"south": {"uv": [3.75, 4.5, 4.5, 5], "texture": "#0"},
				"west": {"uv": [4.75, 4.5, 5.5, 5], "texture": "#0"},
				"up": {"uv": [5.75, 5.25, 6.5, 4.5], "texture": "#0"},
				"down": {"uv": [6.75, 5.25, 7.5, 4.5], "texture": "#0"}
			}
		},
		{
			"from": [4.5, 16, 0],
			"to": [11.5, 16, 5],
			"rotation": {"angle": 0, "axis": "y", "origin": [4.5, 16, 0]},
			"faces": {
				"up": {"uv": [6, 1.25, 7.75, 0], "texture": "#0"},
				"down": {"uv": [6, 0, 7.75, 1.25], "texture": "#0"}
			}
		},
		{
			"from": [2.5, 9, 5],
			"to": [4.5, 11, 5],
			"rotation": {"angle": 0, "axis": "y", "origin": [4.5, 9, 5]},
			"faces": {
				"north": {"uv": [7.75, 4.5, 8.25, 5], "texture": "#0"},
				"south": {"uv": [8.25, 4.5, 7.75, 5], "texture": "#0"}
			}
		},
		{
			"from": [11.5, 9, 5],
			"to": [13.5, 11, 5],
			"rotation": {"angle": 0, "axis": "y", "origin": [11.5, 9, 5]},
			"faces": {
				"north": {"uv": [8.25, 4.5, 7.75, 5], "texture": "#0"},
				"south": {"uv": [7.75, 4.5, 8.25, 5], "texture": "#0"}
			}
		},
		{
			"from": [6.5, 18.5, 4],
			"to": [9.5, 21.5, 5],
			"rotation": {"angle": 0, "axis": "y", "origin": [6.5, 18.5, 4]},
			"faces": {
				"north": {"uv": [9, 0.25, 9.75, 1], "texture": "#0", "tintindex": 0},
				"east": {"uv": [9, 0.25, 9.25, 1], "texture": "#0", "tintindex": 0},
				"south": {"uv": [9, 0.25, 9.75, 1], "texture": "#0", "tintindex": 0},
				"west": {"uv": [9, 0.25, 9.25, 1], "texture": "#0", "tintindex": 0},
				"up": {"uv": [9, 0.25, 9.75, 0.5], "texture": "#0", "tintindex": 0},
				"down": {"uv": [9, 0.75, 9.75, 1], "texture": "#0", "tintindex": 0}
			}
		},
		{
			"from": [6.5, 21, 4.75],
			"to": [9.5, 29, 4.75],
			"rotation": {"angle": 0, "axis": "y", "origin": [8, 21, 4.75]},
			"faces": {
				"north": {"uv": [8, 0, 8.75, 2], "texture": "#0"},
				"south": {"uv": [8, 0, 8.75, 2], "texture": "#0"}
			}
		}
	],
	"gui_light": "front",
	"display": {
		"thirdperson_righthand": {
			"rotation": [45, 15, -20],
			"translation": [-1, 0, 0],
			"scale": [0.35, 0.35, 0.35]
		},
		"thirdperson_lefthand": {
			"rotation": [45, 15, -20],
			"translation": [-1, 0, 0],
			"scale": [0.35, 0.35, 0.35]
		},
		"firstperson_righthand": {
			"rotation": [0, 110, 20],
			"translation": [3.5, 2.5, 0],
			"scale": [0.45, 0.45, 0.45]
		},
		"firstperson_lefthand": {
			"rotation": [0, 110, 20],
			"translation": [3.5, 2.5, 0],
			"scale": [0.45, 0.45, 0.45]
		},
		"ground": {
			"translation": [0, 8, 0],
			"scale": [0.45, 0.45, 0.45]
		},
		"gui": {
			"rotation": [35, 135, 0],
			"translation": [0, 0.25, 0],
			"scale": [0.45, 0.45, 0.45]
		},
		"head": {
			"translation": [0, -3.25, -0.75],
			"scale": [2, 2, 2]
		}
	},
	"groups": [
		{
			"name": "group",
			"origin": [8, 8, 8],
			"color": 0,
			"children": [
				{
					"name": "group",
					"origin": [9, -5.75, 8.5],
					"color": 0,
					"children": [0, 1, 2]
				},
				{
					"name": "group",
					"origin": [7, 3, 8.5],
					"color": 0,
					"children": [3, 4, 5]
				},
				{
					"name": "group",
					"origin": [10.5, 10, 8.5],
					"color": 0,
					"children": [6, 7]
				},
				{
					"name": "group",
					"origin": [5.5, 10, 8.5],
					"color": 0,
					"children": [8, 9]
				},
				{
					"name": "group",
					"origin": [5.5, 9.25, 6],
					"color": 0,
					"children": [10, 11, 12, 13]
				},
				{
					"name": "group",
					"origin": [8, 8, 8],
					"color": 0,
					"children": [
						14,
						15,
						16,
						{
							"name": "group",
							"origin": [11.75, 18.25, -0.25],
							"color": 0,
							"children": [17, 18, 19, 20]
						},
						{
							"name": "group",
							"origin": [8, 22.5, 3.5],
							"color": 0,
							"children": [21, 22]
						},
						23,
						24,
						25,
						26,
						27,
						28,
						29,
						30,
						31,
						32
					]
				}
			]
		}
	]
}