{
	"credit": "Made with Blockbench",
	"textures": {
		"0": "item/halloween/phantom/halloweenphantomanimated_chestplate",
		"particle": "item/halloween/phantom/halloweenphantomanimated_chestplate"
	},
	"elements": [
		{
			"name": "halloweenphantomanimated_chestplate_0",
			"from": [3, 1.5, 7.75],
			"to": [13, 14.5, 8.25],
			"rotation": {"angle": 0, "axis": "y", "origin": [0, 0, 7.75]},
			"faces": {
				"north": {"uv": [13, 1.5, 3, 14.5], "texture": "#0"},
				"east": {"uv": [12.5, 1.5, 13, 14.5], "texture": "#0"},
				"south": {"uv": [3, 1.5, 13, 14.5], "texture": "#0"},
				"west": {"uv": [3, 1.5, 3.5, 14.5], "texture": "#0"},
				"up": {"uv": [3, 1.5, 13, 2], "texture": "#0"},
				"down": {"uv": [3, 14, 13, 14.5], "texture": "#0"}
			}
		},
		{
			"name": "halloweenphantomanimated_chestplate_1",
			"from": [3.5, 1, 7.75],
			"to": [12.5, 1.5, 8.25],
			"rotation": {"angle": 0, "axis": "y", "origin": [0, 0, 7.75]},
			"faces": {
				"north": {"uv": [12.5, 14.5, 3.5, 15], "texture": "#0"},
				"east": {"uv": [12, 14.5, 12.5, 15], "texture": "#0"},
				"south": {"uv": [3.5, 14.5, 12.5, 15], "texture": "#0"},
				"west": {"uv": [3.5, 14.5, 4, 15], "texture": "#0"},
				"up": {"uv": [3.5, 14.5, 12.5, 15], "texture": "#0"},
				"down": {"uv": [3.5, 14.5, 12.5, 15], "texture": "#0"}
			}
		}
	],
	"gui_light": "front",
	"display": {
		"thirdperson_righthand": {
			"scale": [0.5, 0.5, 0.5]
		},
		"thirdperson_lefthand": {
			"scale": [0.5, 0.5, 0.5]
		}
	},
	"groups": [
		{
			"name": "halloweenphantomanimated_chestplate",
			"origin": [8, 8, 8],
			"color": 0,
			"children": [0, 1]
		}
	]
}