{
	"credit": "Made with Blockbench",
	"texture_size": [128, 128],
	"textures": {
		"0": "item/halloween/phantom/ghost_halloween_texture",
		"1": "item/halloween/phantom/ghost_halloween_animation",
		"2": "item/halloween/phantom/ghost_halloween_animation2",
		"particle": "item/halloween/phantom/ghost_halloween_texture"
	},
	"elements": [
		{
			"from": [7.45, 26.1, 4],
			"to": [8.55, 30.6, 15],
			"rotation": {"angle": -45, "axis": "x", "origin": [8.8, 27.1, 7]},
			"faces": {
				"north": {"uv": [1.5, 0.5, 1.6875, 1.0625], "texture": "#0"},
				"east": {"uv": [1.9375, 0, 2.5, 1.375], "rotation": 90, "texture": "#0"},
				"south": {"uv": [1.5, 0.5, 1.6875, 1.0625], "texture": "#0"},
				"west": {"uv": [1.9375, 0, 2.5, 1.375], "rotation": 90, "texture": "#0"},
				"up": {"uv": [1.6875, 1.875, 1.875, 3.25], "texture": "#0"},
				"down": {"uv": [1.6875, 0.5, 1.875, 1.875], "texture": "#0"}
			}
		},
		{
			"from": [5, -1.5, 6.75],
			"to": [6, 3, 9.25],
			"rotation": {"angle": 0, "axis": "y", "origin": [6, -0.25, 8]},
			"faces": {
				"north": {"uv": [1.0625, 4.5625, 1.1875, 5.125], "texture": "#0"},
				"east": {"uv": [0.75, 5.125, 1.0625, 4.5625], "texture": "#0"},
				"south": {"uv": [1.0625, 4.5625, 1.1875, 5.125], "texture": "#0"},
				"west": {"uv": [0.75, 5.125, 1.0625, 4.5625], "texture": "#0"},
				"up": {"uv": [1.375, 2.3125, 1.5, 2], "texture": "#0"},
				"down": {"uv": [1.375, 2.3125, 1.5, 2], "texture": "#0"}
			}
		},
		{
			"from": [5.5, -2.5, 6.25],
			"to": [7.5, 4, 9.75],
			"rotation": {"angle": 0, "axis": "y", "origin": [6, -0.75, 8]},
			"faces": {
				"north": {"uv": [0.75, 4.5625, 0.5, 5.375], "texture": "#0"},
				"east": {"uv": [0.0625, 5.375, 0.5, 4.5625], "texture": "#0"},
				"south": {"uv": [0.5, 4.5625, 0.75, 5.375], "texture": "#0"},
				"west": {"uv": [0.0625, 5.375, 0.5, 4.5625], "texture": "#0"},
				"up": {"uv": [1.375, 2, 1.625, 1.5625], "texture": "#0"},
				"down": {"uv": [1.375, 2.75, 1.625, 2.3125], "texture": "#0"}
			}
		},
		{
			"from": [8.5, -2.5, 6.25],
			"to": [10.5, 4, 9.75],
			"rotation": {"angle": 0, "axis": "y", "origin": [10, -0.75, 8]},
			"faces": {
				"north": {"uv": [0.75, 4.5625, 0.5, 5.375], "texture": "#0"},
				"east": {"uv": [0.5, 5.375, 0.0625, 4.5625], "texture": "#0"},
				"south": {"uv": [0.75, 4.5625, 0.5, 5.375], "texture": "#0"},
				"west": {"uv": [0.5, 5.375, 0.0625, 4.5625], "texture": "#0"},
				"up": {"uv": [1.625, 2, 1.375, 1.5625], "texture": "#0"},
				"down": {"uv": [1.625, 2.75, 1.375, 2.3125], "texture": "#0"}
			}
		},
		{
			"from": [10, -1.5, 6.75],
			"to": [11, 3, 9.25],
			"rotation": {"angle": 0, "axis": "y", "origin": [10, -0.25, 8]},
			"faces": {
				"north": {"uv": [1.1875, 4.5625, 1.0625, 5.125], "texture": "#0"},
				"east": {"uv": [1.0625, 5.125, 0.75, 4.5625], "texture": "#0"},
				"south": {"uv": [1.1875, 4.5625, 1.0625, 5.125], "texture": "#0"},
				"west": {"uv": [1.0625, 5.125, 0.75, 4.5625], "texture": "#0"},
				"up": {"uv": [1.5, 2.3125, 1.375, 2], "texture": "#0"},
				"down": {"uv": [1.5, 2.3125, 1.375, 2], "texture": "#0"}
			}
		},
		{
			"from": [6.5, -2, 2.5],
			"to": [9.5, 2.5, 13.5],
			"rotation": {"angle": 0, "axis": "y", "origin": [8, -7.11142, 8.0625]},
			"faces": {
				"north": {"uv": [1.4375, 3.8125, 1.8125, 3.25], "texture": "#0"},
				"east": {"uv": [0.0625, 3.8125, 1.4375, 3.25], "texture": "#0"},
				"south": {"uv": [1.4375, 3.8125, 1.8125, 3.25], "texture": "#0"},
				"west": {"uv": [0.0625, 3.8125, 1.4375, 3.25], "texture": "#0"},
				"up": {"uv": [0.0625, 3.8125, 1.4375, 4.1875], "rotation": 270, "texture": "#0"},
				"down": {"uv": [0.0625, 4.1875, 1.4375, 4.5625], "rotation": 270, "texture": "#0"}
			}
		},
		{
			"from": [7, -1.95, 12.4],
			"to": [9.1, 2.45, 14.5],
			"rotation": {"angle": -45, "axis": "y", "origin": [8, 0.25, 13.4]},
			"faces": {
				"north": {"uv": [1.8125, 4.375, 1.4375, 3.8125], "texture": "#0"},
				"east": {"uv": [1.4375, 4.375, 1.8125, 3.8125], "texture": "#0"},
				"south": {"uv": [1.8125, 4.375, 1.4375, 3.8125], "texture": "#0"},
				"west": {"uv": [1.8125, 4.375, 1.4375, 3.8125], "texture": "#0"},
				"up": {"uv": [1.625, 3, 1.375, 3.25], "rotation": 270, "texture": "#0"},
				"down": {"uv": [1.625, 2.75, 1.375, 3], "rotation": 270, "texture": "#0"}
			}
		},
		{
			"from": [7, -1.95, 1.5],
			"to": [9.1, 2.45, 3.6],
			"rotation": {"angle": 45, "axis": "y", "origin": [8, 0.25, 2.6]},
			"faces": {
				"north": {"uv": [1.4375, 4.375, 1.8125, 3.8125], "texture": "#0"},
				"east": {"uv": [1.8125, 4.375, 1.4375, 3.8125], "texture": "#0"},
				"south": {"uv": [1.4375, 4.375, 1.8125, 3.8125], "texture": "#0"},
				"west": {"uv": [1.4375, 4.375, 1.8125, 3.8125], "texture": "#0"},
				"up": {"uv": [1.375, 3, 1.625, 3.25], "rotation": 270, "texture": "#0"},
				"down": {"uv": [1.375, 2.75, 1.625, 3], "rotation": 270, "texture": "#0"}
			}
		},
		{
			"from": [6.5, -3.5, 6.5],
			"to": [9.5, -2, 9.5],
			"rotation": {"angle": 45, "axis": "y", "origin": [8, -3, 8]},
			"faces": {
				"north": {"uv": [2.1875, 1.75, 2.5625, 1.9375], "texture": "#0"},
				"east": {"uv": [2.5625, 1.75, 2.1875, 1.9375], "texture": "#0"},
				"south": {"uv": [2.1875, 1.75, 2.5625, 1.9375], "texture": "#0"},
				"west": {"uv": [2.5625, 1.75, 2.1875, 1.9375], "texture": "#0"},
				"up": {"uv": [2.1875, 1.375, 2.5625, 1.75], "rotation": 90, "texture": "#0"},
				"down": {"uv": [2.1875, 1.375, 2.5625, 1.75], "rotation": 90, "texture": "#0"}
			}
		},
		{
			"from": [6.75, -14, 6.75],
			"to": [9.25, -12.5, 9.25],
			"rotation": {"angle": 45, "axis": "y", "origin": [8, -14.5, 8]},
			"faces": {
				"north": {"uv": [2.1875, 1.9375, 2.5, 2.125], "texture": "#0"},
				"east": {"uv": [2.5, 1.9375, 2.1875, 2.125], "texture": "#0"},
				"south": {"uv": [2.1875, 1.9375, 2.5, 2.125], "texture": "#0"},
				"west": {"uv": [2.5, 1.9375, 2.1875, 2.125], "texture": "#0"}
			}
		},
		{
			"from": [6.5, -12.5, 6.5],
			"to": [9.5, -11, 9.5],
			"rotation": {"angle": 45, "axis": "y", "origin": [8, -11.5, 8]},
			"faces": {
				"north": {"uv": [2.1875, 2.5, 2.5625, 2.6875], "texture": "#0"},
				"east": {"uv": [2.1875, 2.5, 2.5625, 2.6875], "texture": "#0"},
				"south": {"uv": [2.1875, 2.5, 2.5625, 2.6875], "texture": "#0"},
				"west": {"uv": [2.1875, 2.5, 2.5625, 2.6875], "texture": "#0"},
				"up": {"uv": [2.1875, 2.125, 2.5625, 2.5], "texture": "#0"},
				"down": {"uv": [2.1875, 2.125, 2.5625, 2.5], "texture": "#0"}
			}
		},
		{
			"from": [6.9, 4, 5],
			"to": [6.9, 15, 11],
			"rotation": {"angle": 0, "axis": "y", "origin": [6.9, 9, 8]},
			"faces": {
				"north": {"uv": [0, 0, 0, 8], "texture": "#1"},
				"east": {"uv": [6, 0, 0, 11], "texture": "#1"},
				"south": {"uv": [0, 0, 0, 8], "texture": "#1"},
				"west": {"uv": [0, 0, 6, 11], "texture": "#1"},
				"up": {"uv": [0, 6, 0, 0], "texture": "#1"},
				"down": {"uv": [0, 0, 0, 6], "texture": "#1"}
			}
		},
		{
			"from": [9.1, 4, 5],
			"to": [9.1, 15, 11],
			"rotation": {"angle": 0, "axis": "y", "origin": [9.1, 9, 8]},
			"faces": {
				"north": {"uv": [0, 0, 0, 8], "texture": "#1"},
				"east": {"uv": [6, 0, 0, 11], "texture": "#1"},
				"south": {"uv": [0, 0, 0, 8], "texture": "#1"},
				"west": {"uv": [0, 0, 6, 11], "texture": "#1"},
				"up": {"uv": [0, 6, 0, 0], "texture": "#1"},
				"down": {"uv": [0, 0, 0, 6], "texture": "#1"}
			}
		},
		{
			"from": [6.25, -15.5, 6.25],
			"to": [9.75, -14, 9.75],
			"rotation": {"angle": 45, "axis": "y", "origin": [8, -14.75, 8]},
			"faces": {
				"north": {"uv": [2.1875, 2.6875, 2.625, 2.875], "texture": "#0"},
				"east": {"uv": [2.1875, 2.6875, 2.625, 2.875], "texture": "#0"},
				"south": {"uv": [2.1875, 2.6875, 2.625, 2.875], "texture": "#0"},
				"west": {"uv": [2.1875, 2.6875, 2.625, 2.875], "texture": "#0"},
				"up": {"uv": [2.1875, 2.875, 2.625, 3.3125], "texture": "#0"},
				"down": {"uv": [2.1875, 2.875, 2.625, 3.3125], "texture": "#0"}
			}
		},
		{
			"from": [7, -16, 7],
			"to": [9, -2, 9],
			"rotation": {"angle": 45, "axis": "y", "origin": [8, -8, 8]},
			"faces": {
				"north": {"uv": [2.1875, 1.375, 1.9375, 3.125], "texture": "#0"},
				"east": {"uv": [2.1875, 1.375, 1.9375, 3.125], "texture": "#0"},
				"south": {"uv": [2.1875, 1.375, 1.9375, 3.125], "texture": "#0"},
				"west": {"uv": [1.9375, 1.375, 2.1875, 3.125], "texture": "#0"},
				"up": {"uv": [2.1875, 3.125, 1.9375, 3.375], "texture": "#0"},
				"down": {"uv": [2.1875, 3.125, 1.9375, 3.375], "texture": "#0"}
			}
		},
		{
			"from": [7.5, 2, 3],
			"to": [8.5, 28, 13],
			"rotation": {"angle": 0, "axis": "y", "origin": [-0.5, -2, 3]},
			"faces": {
				"north": {"uv": [1.25, 0, 1.375, 3.25], "texture": "#0"},
				"east": {"uv": [0, 0, 1.25, 3.25], "texture": "#0"},
				"south": {"uv": [1.25, 0, 1.375, 3.25], "texture": "#0"},
				"west": {"uv": [1.25, 0, 0, 3.25], "texture": "#0"}
			}
		},
		{
			"from": [7.5, 28, 9],
			"to": [8.5, 32, 13],
			"rotation": {"angle": 0, "axis": "y", "origin": [-0.5, 1, 3]},
			"faces": {
				"north": {"uv": [1.75, 0, 1.875, 0.5], "texture": "#0"},
				"east": {"uv": [1.875, 0, 1.375, 0.5], "texture": "#0"},
				"south": {"uv": [1.75, 0, 1.875, 0.5], "texture": "#0"},
				"west": {"uv": [1.875, 0, 1.375, 0.5], "texture": "#0"},
				"up": {"uv": [1.75, 0, 1.875, 0.5], "texture": "#0"},
				"down": {"uv": [1.75, 0, 1.875, 0.5], "texture": "#0"}
			}
		},
		{
			"from": [7.55, 2, 2.6],
			"to": [8.25, 27.5, 3.3],
			"rotation": {"angle": 45, "axis": "y", "origin": [8, 15.5, 2.85]},
			"faces": {
				"north": {"uv": [1.875, 0, 1.9375, 3.1875], "texture": "#0"},
				"east": {"uv": [1.875, 0, 1.9375, 3.1875], "texture": "#0"},
				"south": {"uv": [1.875, 0, 1.9375, 3.1875], "texture": "#0"},
				"west": {"uv": [1.875, 0, 1.9375, 3.1875], "texture": "#0"},
				"up": {"uv": [1.875, 0, 1.95, 0.0875], "texture": "#0"},
				"down": {"uv": [1.875, 0, 1.95, 0.0875], "texture": "#0"}
			}
		},
		{
			"from": [7.55, 2, 12.7],
			"to": [8.25, 32, 13.4],
			"rotation": {"angle": -45, "axis": "y", "origin": [8, 15.5, 13.15]},
			"faces": {
				"north": {"uv": [0, 3.25, 0.0625, 7], "texture": "#0"},
				"east": {"uv": [0, 3.25, 0.0625, 7], "texture": "#0"},
				"south": {"uv": [0, 3.25, 0.0625, 7], "texture": "#0"},
				"west": {"uv": [0, 3.25, 0.0625, 7], "texture": "#0"},
				"up": {"uv": [0, 3.25, 0.0625, 3.3125], "texture": "#0"},
				"down": {"uv": [0, 3.25, 0.0625, 3.3125], "texture": "#0"}
			}
		},
		{
			"from": [8, -15.8, -6.5],
			"to": [8, 6.2, 6.5],
			"rotation": {"angle": 45, "axis": "x", "origin": [8, -4.8, 0]},
			"faces": {
				"north": {"uv": [0, 0, 0, 10], "rotation": 180, "texture": "#missing"},
				"east": {"uv": [0, 0, 6.5, 11], "rotation": 180, "texture": "#2"},
				"south": {"uv": [0, 0, 0, 10], "rotation": 180, "texture": "#missing"},
				"west": {"uv": [6.5, 0, 0, 11], "rotation": 180, "texture": "#2"},
				"up": {"uv": [0, 5, 0, 0], "texture": "#missing"},
				"down": {"uv": [0, 0, 0, 5], "texture": "#missing"}
			}
		}
	],
	"gui_light": "front",
	"display": {
		"thirdperson_righthand": {
			"translation": [0, 6, 1.25],
			"scale": [0.6, 0.6, 0.6]
		},
		"thirdperson_lefthand": {
			"translation": [0, 6, 1.25],
			"scale": [0.6, 0.6, 0.6]
		},
		"firstperson_righthand": {
			"rotation": [0, 16, 0],
			"translation": [5.25, 3.75, -5.5],
			"scale": [0.6, 0.6, 0.6]
		},
		"firstperson_lefthand": {
			"rotation": [0, 16, 0],
			"translation": [5.25, 3.75, -5.5],
			"scale": [0.6, 0.6, 0.6]
		},
		"ground": {
			"rotation": [0, 0, 88],
			"translation": [-2, 2.5, 0.25],
			"scale": [0.45, 0.45, 0.45]
		},
		"gui": {
			"rotation": [-90, -135, -90],
			"translation": [0.5, 0, -1.5],
			"scale": [0.45, 0.45, 0.45]
		},
		"head": {
			"rotation": [90, -156, 90],
			"translation": [-6.5, 10.5, 1.75],
			"scale": [0.6, 0.6, 0.6]
		},
		"fixed": {
			"rotation": [-90, -90, -90],
			"translation": [0, 2.75, -1.75],
			"scale": [1.2, 1.2, 1.2]
		}
	}
}