{
	"credit": "Made with Blockbench",
	"texture_size": [64, 64],
	"textures": {
		"0": "item/skins/sword/ice_hammer",
		"particle": "item/skins/sword/ice_hammer"
	},
	"elements": [
		{
			"from": [7, -10, 7],
			"to": [9, 14, 9],
			"rotation": {"angle": 0, "axis": "y", "origin": [6, 0, 6]},
			"faces": {
				"north": {"uv": [0, 7.5, 0.5, 13.5], "texture": "#0"},
				"east": {"uv": [0.5, 7.5, 1, 13.5], "texture": "#0"},
				"south": {"uv": [1, 7.5, 1.5, 13.5], "texture": "#0"},
				"west": {"uv": [1.5, 7.5, 2, 13.5], "texture": "#0"},
				"up": {"uv": [4.75, 6.5, 4.25, 6], "texture": "#0"},
				"down": {"uv": [5.25, 6, 4.75, 6.5], "texture": "#0"}
			}
		},
		{
			"from": [8, -8, 9],
			"to": [8, -4, 11],
			"rotation": {"angle": 22.5, "axis": "x", "origin": [8, -6, 9]},
			"faces": {
				"north": {"uv": [0, 0, 0, 1], "texture": "#0"},
				"east": {"uv": [9.5, 8, 10, 9], "texture": "#0"},
				"south": {"uv": [0, 0, 0, 1], "texture": "#0"},
				"west": {"uv": [10, 8, 9.5, 9], "texture": "#0"},
				"up": {"uv": [0, 0.5, 0, 0], "texture": "#0"},
				"down": {"uv": [0, 0, 0, 0.5], "texture": "#0"}
			}
		},
		{
			"from": [3.5, 20, 0],
			"to": [12.5, 30, 12],
			"rotation": {"angle": 0, "axis": "y", "origin": [6, 0, 6]},
			"faces": {
				"north": {"uv": [0, 5, 2.25, 7.5], "texture": "#0"},
				"east": {"uv": [13, 13.5, 16, 16], "texture": "#0"},
				"south": {"uv": [5.25, 0, 7.5, 2.5], "texture": "#0"},
				"west": {"uv": [9.75, 13.5, 12.75, 16], "texture": "#0"},
				"up": {"uv": [5.25, 3, 3, 0], "texture": "#0"},
				"down": {"uv": [5.25, 3, 3, 6], "texture": "#0"}
			}
		},
		{
			"from": [3, 19, 5],
			"to": [3, 23, 15],
			"rotation": {"angle": 22.5, "axis": "x", "origin": [3, 21, 7]},
			"faces": {
				"north": {"uv": [0, 0, 0, 1], "texture": "#0"},
				"east": {"uv": [7, 5.5, 9.5, 6.5], "texture": "#0"},
				"south": {"uv": [0, 0, 0, 1], "texture": "#0"},
				"west": {"uv": [9.5, 5.5, 7, 6.5], "texture": "#0"},
				"up": {"uv": [0, 2.5, 0, 0], "texture": "#0"},
				"down": {"uv": [0, 0, 0, 2.5], "texture": "#0"}
			}
		},
		{
			"from": [13, 19, 5],
			"to": [13, 23, 15],
			"rotation": {"angle": 22.5, "axis": "x", "origin": [13, 21, 7]},
			"faces": {
				"north": {"uv": [0, 0, 0, 1], "texture": "#0"},
				"east": {"uv": [7, 5.5, 9.5, 6.5], "texture": "#0"},
				"south": {"uv": [0, 0, 0, 1], "texture": "#0"},
				"west": {"uv": [9.5, 5.5, 7, 6.5], "texture": "#0"},
				"up": {"uv": [0, 2.5, 0, 0], "texture": "#0"},
				"down": {"uv": [0, 0, 0, 2.5], "texture": "#0"}
			}
		},
		{
			"from": [8, 29, 5],
			"to": [8, 32, 14],
			"rotation": {"angle": -22.5, "axis": "x", "origin": [8, 30, 8]},
			"faces": {
				"north": {"uv": [0, 0, 0, 0.75], "texture": "#0"},
				"east": {"uv": [5.5, 11, 7.75, 11.75], "texture": "#0"},
				"south": {"uv": [0, 0, 0, 0.75], "texture": "#0"},
				"west": {"uv": [7.75, 11, 5.5, 11.75], "texture": "#0"},
				"up": {"uv": [0, 2.25, 0, 0], "texture": "#0"},
				"down": {"uv": [0, 0, 0, 2.25], "texture": "#0"}
			}
		},
		{
			"from": [3.5, 26, 12],
			"to": [3.5, 30, 19],
			"rotation": {"angle": 0, "axis": "y", "origin": [6.5, -1, 18]},
			"faces": {
				"north": {"uv": [0, 0, 0, 1], "texture": "#0"},
				"east": {"uv": [12.5, 0, 10.75, 1], "texture": "#0"},
				"south": {"uv": [0, 0, 0, 1], "texture": "#0"},
				"west": {"uv": [10.75, 0, 12.5, 1], "texture": "#0"},
				"up": {"uv": [0, 1.75, 0, 0], "texture": "#0"},
				"down": {"uv": [0, 0, 0, 1.75], "texture": "#0"}
			}
		},
		{
			"from": [12.5, 26, 12],
			"to": [12.5, 30, 19],
			"rotation": {"angle": 0, "axis": "y", "origin": [9.5, -1, 18]},
			"faces": {
				"north": {"uv": [0, 0, 0, 1], "texture": "#0"},
				"east": {"uv": [12.5, 0, 10.75, 1], "texture": "#0"},
				"south": {"uv": [0, 0, 0, 1], "texture": "#0"},
				"west": {"uv": [10.75, 0, 12.5, 1], "texture": "#0"},
				"up": {"uv": [0, 1.75, 0, 0], "texture": "#0"},
				"down": {"uv": [0, 0, 0, 1.75], "texture": "#0"}
			}
		},
		{
			"from": [6, 24, -5],
			"to": [10, 31, 3],
			"rotation": {"angle": -22.5, "axis": "x", "origin": [13, 30, 0]},
			"faces": {
				"north": {"uv": [10.25, 9.75, 11.25, 11.5], "texture": "#0"},
				"east": {"uv": [2.25, 6, 4.25, 7.75], "texture": "#0"},
				"south": {"uv": [2, 10.75, 3, 12.5], "texture": "#0"},
				"west": {"uv": [4.25, 6.5, 6.25, 8.25], "texture": "#0"},
				"up": {"uv": [4.5, 11.75, 3.5, 9.75], "texture": "#0"},
				"down": {"uv": [5.5, 9.75, 4.5, 11.75], "texture": "#0"}
			}
		},
		{
			"from": [4.5, 19, -4],
			"to": [11.5, 25, 2],
			"rotation": {"angle": 22.5, "axis": "x", "origin": [12, 19, 0]},
			"faces": {
				"north": {"uv": [2, 7.75, 3.75, 9.25], "texture": "#0"},
				"east": {"uv": [2, 9.25, 3.5, 10.75], "texture": "#0"},
				"south": {"uv": [7.75, 7.5, 9.5, 9], "texture": "#0"},
				"west": {"uv": [5.5, 9.5, 7, 11], "texture": "#0"},
				"up": {"uv": [5.5, 9.75, 3.75, 8.25], "texture": "#0"},
				"down": {"uv": [10.75, 0, 9, 1.5], "texture": "#0"}
			}
		},
		{
			"from": [4.5, 21, 12],
			"to": [11.5, 29, 17],
			"rotation": {"angle": 0, "axis": "y", "origin": [6, 0, 18]},
			"faces": {
				"north": {"uv": [5.25, 2.5, 7, 4.5], "texture": "#0"},
				"east": {"uv": [7.75, 9, 9, 11], "texture": "#0"},
				"south": {"uv": [5.25, 4.5, 7, 6.5], "texture": "#0"},
				"west": {"uv": [9, 9, 10.25, 11], "texture": "#0"},
				"up": {"uv": [11.25, 6.75, 9.5, 5.5], "texture": "#0"},
				"down": {"uv": [11.25, 6.75, 9.5, 8], "texture": "#0"}
			}
		},
		{
			"from": [8, 27, 12],
			"to": [8, 31, 25],
			"rotation": {"angle": 0, "axis": "y", "origin": [11.5, 29, 12]},
			"faces": {
				"north": {"uv": [0, 0, 0, 1], "texture": "#0"},
				"east": {"uv": [6.25, 6.5, 9.5, 7.5], "texture": "#0"},
				"south": {"uv": [0, 0, 0, 1], "texture": "#0"},
				"west": {"uv": [9.5, 6.5, 6.25, 7.5], "texture": "#0"},
				"up": {"uv": [0, 3.25, 0, 0], "texture": "#0"},
				"down": {"uv": [0, 0, 0, 3.25], "texture": "#0"}
			}
		},
		{
			"from": [8, 22, 17],
			"to": [8, 26, 30],
			"rotation": {"angle": 0, "axis": "y", "origin": [11.5, 24, 17]},
			"faces": {
				"north": {"uv": [0, 0, 0, 1], "texture": "#0"},
				"east": {"uv": [7, 3.5, 10.25, 4.5], "texture": "#0"},
				"south": {"uv": [0, 0, 0, 1], "texture": "#0"},
				"west": {"uv": [10.25, 3.5, 7, 4.5], "texture": "#0"},
				"up": {"uv": [0, 3.25, 0, 0], "texture": "#0"},
				"down": {"uv": [0, 0, 0, 3.25], "texture": "#0"}
			}
		},
		{
			"from": [4.5, 21, 17],
			"to": [4.5, 29, 23],
			"rotation": {"angle": 0, "axis": "y", "origin": [6.5, 0, 23]},
			"faces": {
				"north": {"uv": [0, 0, 0, 2], "texture": "#0"},
				"east": {"uv": [7.5, 0, 9, 2], "texture": "#0"},
				"south": {"uv": [0, 0, 0, 2], "texture": "#0"},
				"west": {"uv": [9, 0, 7.5, 2], "texture": "#0"},
				"up": {"uv": [0, 1.5, 0, 0], "texture": "#0"},
				"down": {"uv": [0, 0, 0, 1.5], "texture": "#0"}
			}
		},
		{
			"from": [11.5, 21, 17],
			"to": [11.5, 29, 23],
			"rotation": {"angle": 0, "axis": "y", "origin": [9.5, 0, 23]},
			"faces": {
				"north": {"uv": [0, 0, 0, 2], "texture": "#0"},
				"east": {"uv": [7.5, 0, 9, 2], "texture": "#0"},
				"south": {"uv": [0, 0, 0, 2], "texture": "#0"},
				"west": {"uv": [9, 0, 7.5, 2], "texture": "#0"},
				"up": {"uv": [0, 1.5, 0, 0], "texture": "#0"},
				"down": {"uv": [0, 0, 0, 1.5], "texture": "#0"}
			}
		},
		{
			"from": [8, -16, 5.5],
			"to": [8, -9, 9.5],
			"rotation": {"angle": -22.5, "axis": "x", "origin": [7, -10, 7]},
			"faces": {
				"north": {"uv": [0, 0, 0, 1.75], "texture": "#0"},
				"east": {"uv": [11.25, 8, 10.25, 9.75], "texture": "#0"},
				"south": {"uv": [0, 0, 0, 1.75], "texture": "#0"},
				"west": {"uv": [10.25, 8, 11.25, 9.75], "texture": "#0"},
				"up": {"uv": [0, 1, 0, 0], "texture": "#0"},
				"down": {"uv": [0, 0, 0, 1], "texture": "#0"}
			}
		},
		{
			"from": [6.5, 14, 6],
			"to": [9.5, 20, 10],
			"rotation": {"angle": 0, "axis": "y", "origin": [6, 0, 6]},
			"faces": {
				"north": {"uv": [7, 9.5, 7.75, 11], "texture": "#0"},
				"east": {"uv": [11.25, 2.5, 12.25, 4], "texture": "#0"},
				"south": {"uv": [11.25, 9.75, 12, 11.25], "texture": "#0"},
				"west": {"uv": [11.25, 5.25, 12.25, 6.75], "texture": "#0"},
				"up": {"uv": [3, 6, 2.25, 5], "texture": "#0"},
				"down": {"uv": [6.25, 8.25, 5.5, 9.25], "texture": "#0"}
			}
		},
		{
			"from": [8, 15, 2],
			"to": [8, 21, 6],
			"rotation": {"angle": -22.5, "axis": "x", "origin": [8, 20, 6]},
			"faces": {
				"north": {"uv": [0, 0, 0, 1.5], "texture": "#0"},
				"east": {"uv": [11.25, 6.75, 12.25, 8.25], "texture": "#0"},
				"south": {"uv": [0, 0, 0, 1.5], "texture": "#0"},
				"west": {"uv": [12.25, 6.75, 11.25, 8.25], "texture": "#0"},
				"up": {"uv": [0, 1, 0, 0], "texture": "#0"},
				"down": {"uv": [0, 0, 0, 1], "texture": "#0"}
			}
		}
	],
	"gui_light": "front",
	"display": {
		"thirdperson_righthand": {
			"translation": [0, 8, 2]
		},
		"thirdperson_lefthand": {
			"translation": [0, 8, 2]
		},
		"firstperson_righthand": {
			"rotation": [-25, 5, 0],
			"translation": [1.5, 1, 0],
			"scale": [0.7, 0.7, 0.7]
		},
		"firstperson_lefthand": {
			"rotation": [-25, 5, 0],
			"translation": [1.5, 1, 0],
			"scale": [0.7, 0.7, 0.7]
		},
		"ground": {
			"rotation": [10, 0, 0],
			"translation": [0, 7, 0],
			"scale": [0.4, 0.4, 0.4]
		},
		"gui": {
			"rotation": [92.29, 49.45, -91.73],
			"translation": [-2, -0.75, 0],
			"scale": [0.34, 0.34, 0.34]
		},
		"fixed": {
			"rotation": [0, -90, 0],
			"translation": [0, 0, 0.25],
			"scale": [0.37, 0.37, 0.37]
		}
	}
}