{
    "parent": "item/generated",
    "textures": {
        "layer0": "item/bow"
    },
    "display": {
        "thirdperson_righthand": {
            "rotation": [ -80, 260, -40 ],
            "translation": [ -1, -2, 2.5 ],
            "scale": [ 0.9, 0.9, 0.9 ]
        },
        "thirdperson_lefthand": {
            "rotation": [ -80, -280, 40 ],
            "translation": [ -1, -2, 2.5 ],
            "scale": [ 0.9, 0.9, 0.9 ]
        },
        "firstperson_righthand": {
            "rotation": [ 0, -90, 25 ],
            "translation": [ 1.13, 3.2, 1.13],
            "scale": [ 0.68, 0.68, 0.68 ]
        },
        "firstperson_lefthand": {
            "rotation": [ 0, 90, -25 ],
            "translation": [ 1.13, 3.2, 1.13],
            "scale": [ 0.68, 0.68, 0.68 ]
        }
    },
    "overrides": [
        {
            "predicate": {
                "pulling": 1
            },
            "model": "item/bow_pulling_0"
        },
        {
            "predicate": {
                "pulling": 1,
                "pull": 0.65
            },
            "model": "item/bow_pulling_1"
        },
        {
            "predicate": {
                "pulling": 1,
                "pull": 0.9
            },
            "model": "item/bow_pulling_2"
        },
		
	
	{"predicate": { "custom_model_data": 100001 }, "model": "minefun/overlord_crate/bow" },
    {"predicate": { "custom_model_data": 100001, "pulling": 1 }, "model": "minefun/overlord_crate/bow_0" },
    {"predicate": { "custom_model_data": 100001, "pulling": 1, "pull": 0.65 }, "model": "minefun/overlord_crate/bow_1" },
    {"predicate": { "custom_model_data": 100001, "pulling": 1, "pull": 0.9 }, "model": "minefun/overlord_crate/bow_2" },
	
	
    {"predicate": { "custom_model_data": 100002 }, "model": "minefun/monstertower/bows/bow" },
	{"predicate": { "custom_model_data": 100002, "pulling": 1 }, "model": "minefun/monstertower/bows/bow_1" },
    {"predicate": { "custom_model_data": 100002, "pulling": 1, "pull": 0.65 }, "model": "minefun/monstertower/bows/bow_1" },
    {"predicate": { "custom_model_data": 100002, "pulling": 1, "pull": 0.9 }, "model": "minefun/monstertower/bows/bow_2" },
	
	
    {"predicate": { "custom_model_data": 100003 }, "model": "minefun/marvel_crate/hawkeye_bow" },
	{"predicate": { "custom_model_data": 100003, "pulling": 1 }, "model": "minefun/marvel_crate/hawkeye_bow_1" },
    {"predicate": { "custom_model_data": 100003, "pulling": 1, "pull": 0.65 }, "model": "minefun/marvel_crate/hawkeye_bow_1" },
    {"predicate": { "custom_model_data": 100003, "pulling": 1, "pull": 0.9 }, "model": "minefun/marvel_crate/hawkeye_bow_2" },
	
	
    {"predicate": { "custom_model_data": 100004 }, "model": "minefun/monstertower/crate/bow" },
	{"predicate": { "custom_model_data": 100004, "pulling": 1 }, "model": "minefun/monstertower/crate/bow_0" },
    {"predicate": { "custom_model_data": 100004, "pulling": 1, "pull": 0.65 }, "model": "minefun/monstertower/crate/bow_1" },
    {"predicate": { "custom_model_data": 100004, "pulling": 1, "pull": 0.9 }, "model": "minefun/monstertower/crate/bow_2" },
	
	
    {"predicate": { "custom_model_data": 100005 }, "model": "minefun/demon_crate/demon_bow" },
	{"predicate": { "custom_model_data": 100005, "pulling": 1 }, "model": "minefun/demon_crate/demon_bow_0" },
    {"predicate": { "custom_model_data": 100005, "pulling": 1, "pull": 0.65 }, "model": "minefun/demon_crate/demon_bow_1" },
    {"predicate": { "custom_model_data": 100005, "pulling": 1, "pull": 0.9 }, "model": "minefun/demon_crate/demon_bow_2" },
	
	
    {"predicate": { "custom_model_data": 100006 }, "model": "minefun/halloween/horseman/bow" },
	{"predicate": { "custom_model_data": 100006, "pulling": 1 }, "model": "minefun/halloween/horseman/bow_0" },
    {"predicate": { "custom_model_data": 100006, "pulling": 1, "pull": 0.65 }, "model": "minefun/halloween/horseman/bow_1" },
    {"predicate": { "custom_model_data": 100006, "pulling": 1, "pull": 0.9 }, "model": "minefun/halloween/horseman/bow_2" },
	
	
    {"predicate": { "custom_model_data": 100007 }, "model": "minefun/halloween/phantom/bow" },
	{"predicate": { "custom_model_data": 100007, "pulling": 1 }, "model": "minefun/halloween/phantom/bow_0" },
    {"predicate": { "custom_model_data": 100007, "pulling": 1, "pull": 0.65 }, "model": "minefun/halloween/phantom/bow_1" },
    {"predicate": { "custom_model_data": 100007, "pulling": 1, "pull": 0.9 }, "model": "minefun/halloween/phantom/bow_2" },
	
	
    {"predicate": { "custom_model_data": 100008 }, "model": "minefun/halloween/scarecrow/bow" },
	{"predicate": { "custom_model_data": 100008, "pulling": 1 }, "model": "minefun/halloween/scarecrow/bow_0" },
    {"predicate": { "custom_model_data": 100008, "pulling": 1, "pull": 0.65 }, "model": "minefun/halloween/scarecrow/bow_1" },
    {"predicate": { "custom_model_data": 100008, "pulling": 1, "pull": 0.9 }, "model": "minefun/halloween/scarecrow/bow_2" },
	
	
    {"predicate": { "custom_model_data": 100009 }, "model": "minefun/cyber_set/bow" },
	{"predicate": { "custom_model_data": 100009, "pulling": 1 }, "model": "minefun/cyber_set/bow_0" },
    {"predicate": { "custom_model_data": 100009, "pulling": 1, "pull": 0.65 }, "model": "minefun/cyber_set/bow_1" },
    {"predicate": { "custom_model_data": 100009, "pulling": 1, "pull": 0.9 }, "model": "minefun/cyber_set/bow_2" },
	
	
    {"predicate": { "custom_model_data": 100010 }, "model": "minefun/cyberpunkset/bow" },
	{"predicate": { "custom_model_data": 100010, "pulling": 1 }, "model": "minefun/cyberpunkset/bow_0" },
    {"predicate": { "custom_model_data": 100010, "pulling": 1, "pull": 0.65 }, "model": "minefun/cyberpunkset/bow_1" },
    {"predicate": { "custom_model_data": 100010, "pulling": 1, "pull": 0.9 }, "model": "minefun/cyberpunkset/bow_2" }
	
	
    ]
}