{
  "parent": "minecraft:block/orientable",
  "textures": {
    "top": "minecraft:block/pumpkin_top",
    "front": "minecraft:block/carved_pumpkin",
    "side": "minecraft:block/pumpkin_side"
 },

 "overrides": [
		{ "predicate": {"custom_model_data": 100001}, "model": "minefun/overlord_crate/helmet"},
		{ "predicate": {"custom_model_data": 100002}, "model": "minefun/monstertower/helmets/fallen_warrior_helmet"},
		{ "predicate": {"custom_model_data": 100003}, "model": "minefun/monstertower/helmets/golemhelmet"},
		{ "predicate": {"custom_model_data": 100004}, "model": "minefun/monstertower/helmets/kitsune_mask"},
		{ "predicate": {"custom_model_data": 100005}, "model": "minefun/monstertower/helmets/messy_alchemy_hat"},
		{ "predicate": {"custom_model_data": 100006}, "model": "minefun/monstertower/helmets/praying_mantis_head"},
		{ "predicate": {"custom_model_data": 100007}, "model": "minefun/monstertower/helmets/samurai_hat"},
		{ "predicate": {"custom_model_data": 100008}, "model": "minefun/monstertower/helmets/spiked_hat"},
		{ "predicate": {"custom_model_data": 100009}, "model": "minefun/marvel_crate/deadpool_mask"},
		{ "predicate": {"custom_model_data": 100010}, "model": "minefun/marvel_crate/wolverine_mask"},
		{ "predicate": {"custom_model_data": 100011}, "model": "minefun/angel_crate/helmet"},
		{ "predicate": {"custom_model_data": 100012}, "model": "minefun/demon_crate/demon_helmet"},
		
		{ "predicate": {"custom_model_data":100013},"model":"minefun/halloween/horseman/hat"},
		{ "predicate": {"custom_model_data":100014},"model":"minefun/halloween/phantom/hat"},
		{ "predicate": {"custom_model_data":100015},"model":"minefun/halloween/scarecrow/hat"},
		
		{ "predicate": {"custom_model_data":100016},"model":"minefun/cyber_set/3dhelmet"},
		{ "predicate": {"custom_model_data":100017},"model":"minefun/cyberpunkset/hat"},
		
		{ "predicate": {"custom_model_data":100018},"model":"minefun/pokemon_crate/armor/ceruledge_helmet"},
		{ "predicate": {"custom_model_data":100019},"model":"minefun/christmas_crate/armor/helmet"}



	]
}