{
    "parent": "item/handheld_rod",
    "textures": {
        "layer0": "item/fishing_rod"
    },
    "overrides": [
        {
            "predicate": {
                "cast": 1
            },
            "model": "item/fishing_rod_cast"
        },
		
	{"predicate": { "custom_model_data": 100001 }, "model": "minefun/overlord_crate/fishing_rod" },
    {"predicate": { "custom_model_data": 100001, "cast": 1 }, "model": "minefun/overlord_crate/fishing_rod_cast" },
	
	{"predicate": { "custom_model_data": 100002 }, "model": "minefun/marvel_crate/spiderman_web_shooter" },
    {"predicate": { "custom_model_data": 100002, "cast": 1 }, "model": "minefun/marvel_crate/spiderman_web_shooter" },
	
	{"predicate": { "custom_model_data": 100003 }, "model": "minefun/monstertower/crate/fishing_rod" },
    {"predicate": { "custom_model_data": 100003, "cast": 1 }, "model": "minefun/monstertower/crate/fishing_rod_cast" },
	
	{"predicate": { "custom_model_data": 100004 }, "model": "minefun/angel_crate/fishing_rod" },
    {"predicate": { "custom_model_data": 100004, "cast": 1 }, "model": "minefun/angel_crate/fishing_rod_cast" },
	{"predicate": { "custom_model_data": 100005 }, "model": "minefun/demon_crate/demon_fishing_rod" },
    {"predicate": { "custom_model_data": 100006, "cast": 1 }, "model": "minefun/demon_crate/demon_fishing_rod_cast" }
	
    ]
}

