{
    "parent": "item/handheld_rod",
    "textures": {
        "layer0": "item/fishing_rod"
    },
    "overrides": [
        {
            "predicate": {
                "cast": 1
            },
            "model": "item/fishing_rod_cast"
        },
		
	{"predicate": { "custom_model_data": 100001 }, "model": "minefun/overlord_crate/fishing_rod" },
    {"predicate": { "custom_model_data": 100001, "cast": 1 }, "model": "minefun/overlord_crate/fishing_rod_cast" },
	
	{"predicate": { "custom_model_data": 100002 }, "model": "minefun/marvel_crate/spiderman_web_shooter" },
    {"predicate": { "custom_model_data": 100002, "cast": 1 }, "model": "minefun/marvel_crate/spiderman_web_shooter" },
	
	{"predicate": { "custom_model_data": 100003 }, "model": "minefun/monstertower/crate/fishing_rod" },
    {"predicate": { "custom_model_data": 100003, "cast": 1 }, "model": "minefun/monstertower/crate/fishing_rod_cast" },
	
	{"predicate": { "custom_model_data": 100004 }, "model": "minefun/angel_crate/fishing_rod" },
    {"predicate": { "custom_model_data": 100004, "cast": 1 }, "model": "minefun/angel_crate/fishing_rod_cast" },
	{"predicate": { "custom_model_data": 100005 }, "model": "minefun/demon_crate/demon_fishing_rod" },
    {"predicate": { "custom_model_data": 100005, "cast": 1 }, "model": "minefun/demon_crate/demon_fishing_rod_cast" },
	
	{"predicate": { "custom_model_data": 100006 }, "model": "minefun/halloween/horseman/fishing_rod" },
    {"predicate": { "custom_model_data": 100006, "cast": 1 }, "model": "minefun/halloween/horseman/fishing_rod_cast" },
	{"predicate": { "custom_model_data": 100007 }, "model": "minefun/halloween/phantom/fishing_rod" },
    {"predicate": { "custom_model_data": 100007, "cast": 1 }, "model": "minefun/halloween/phantom/fishing_rod_cast" },
	{"predicate": { "custom_model_data": 100008 }, "model": "minefun/halloween/scarecrow/fishing_rod" },
    {"predicate": { "custom_model_data": 100008, "cast": 1 }, "model": "minefun/halloween/scarecrow/fishing_rod_cast" },
	
	{"predicate": { "custom_model_data": 100009 }, "model": "minefun/cyber_set/fishing_rod" },
    {"predicate": { "custom_model_data": 100009, "cast": 1 }, "model": "minefun/cyber_set/fishing_rod_cast" },
	
	{"predicate": { "custom_model_data": 100010 }, "model": "minefun/cyberpunkset/fishing_rod" },
    {"predicate": { "custom_model_data": 100010, "cast": 1 }, "model": "minefun/cyberpunkset/fishing_rod_cast" },


	{"predicate": { "custom_model_data": 100011 }, "model": "minefun/black_friday/angel/fishing_rod" },
    {"predicate": { "custom_model_data": 100011, "cast": 1 }, "model": "minefun/black_friday/angel/fishing_rod_cast" },


	{"predicate": { "custom_model_data": 100012 }, "model": "minefun/pokemon_crate/gyarados_fishingrod" },
    {"predicate": { "custom_model_data": 100012, "cast": 1 }, "model": "minefun/pokemon_crate/gyarados_fishingrod" }

	
    ]
}

