{
	"parent":"item/generated",
	"textures": {
		"layer0":"item/leather_boots",
		"layer1":"item/leather_boots_overlay"
	},
	"overrides": [
		{ "predicate": {"custom_model_data":100001},"model":"minefun/overlord_crate/boots"},
		{ "predicate": {"custom_model_data":100002},"model":"minefun/marvel_crate/deadpool_boots"},
		{ "predicate": {"custom_model_data":100003},"model":"minefun/marvel_crate/wolverine_boots"},
		{ "predicate": {"custom_model_data":100004},"model":"minefun/angel_crate/boots"},
		{ "predicate": {"custom_model_data":100005},"model":"minefun/demon_crate/boots"},
		
		{ "predicate": {"custom_model_data":100006},"model":"minefun/halloween/horseman/boots"},
		{ "predicate": {"custom_model_data":100007},"model":"minefun/halloween/phantom/boots"},
		{ "predicate": {"custom_model_data":100008},"model":"minefun/halloween/scarecrow/boots"},
		{ "predicate": {"custom_model_data":100009},"model":"minefun/cyber_set/armor/boots"},
		{ "predicate": {"custom_model_data":100010},"model":"minefun/cyberpunkset/armor/boots"},
		
		{ "predicate": {"custom_model_data":100011},"model":"minefun/pokemon_crate/armor/boots"},
		{ "predicate": {"custom_model_data":100012},"model":"minefun/christmas_crate/armor/boots"},
		
		{ "predicate": {"custom_model_data":100013},"model":"minefun/dungeon_crate/armor/boots"},
		{ "predicate": {"custom_model_data":100014},"model":"minefun/christmas_crate2/armor/boots"},
		
		{ "predicate": {"custom_model_data":100015},"model":"minefun/dragon_crate/armor/boots"},
		{ "predicate": {"custom_model_data":100016},"model":"minefun/lunar25_crate/armor/boots"},
		
		
		{ "predicate": {"custom_model_data":100017},"model":"minefun/valentine_crate/armor/boots"},
		
		{ "predicate": {"custom_model_data":100018},"model":"minefun/trickster_crate/armor/boots"},
		
		{ "predicate": {"custom_model_data":100019},"model":"minefun/tower_crate/armor/boots"},
		
		{ "predicate": {"custom_model_data":100020},"model":"minefun/stpatrick_crate/armor/boots"},
		
		{ "predicate": {"custom_model_data":100021},"model":"minefun/blossom_crate/armor/boots"},
		
		{ "predicate": {"custom_model_data":100022},"model":"minefun/fool_crate/armor/bee_boots"},
		{ "predicate": {"custom_model_data":100023},"model":"minefun/fool_crate/armor/chicken_boots"},
		
		{ "predicate": {"custom_model_data":100024},"model":"minefun/easter_crate/armor/boots"},
		
		{ "predicate": {"custom_model_data":100025},"model":"minefun/starwars_crate/armor/sps_darth_vader_boots"},
		
		{ "predicate": {"custom_model_data":100026},"model":"minefun/greek_crate/ares_set/ares_boots"},
		{ "predicate": {"custom_model_data":100027},"model":"minefun/greek_crate/cupid_set/cupid_boots"},
		{ "predicate": {"custom_model_data":100028},"model":"minefun/greek_crate/nike_set/nike_boots"},
		{ "predicate": {"custom_model_data":100029},"model":"minefun/greek_crate/zeus_set/zeus_boots"},
		
		{ "predicate": {"custom_model_data":100030},"model":"minefun/pride_crate/rainbow_boots"},
		
		{ "predicate": {"custom_model_data":100031},"model":"minefun/void_crate/voidtech_packboots"}
		
	]
}