				{"parent":"minecraft:item/generated","textures":{"layer0":"minecraft:item/leather_horse_armor"},"overrides":[

				{ "predicate": {"custom_model_data": 100001}, "model": "minefun/cosmetics/hats/astronaut"},
				{ "predicate": {"custom_model_data": 100002}, "model": "minefun/cosmetics/hats/bananahat"},
				{ "predicate": {"custom_model_data": 100003}, "model": "minefun/cosmetics/hats/batman"},
				{ "predicate": {"custom_model_data": 100004}, "model": "minefun/cosmetics/hats/beanie"},
				{ "predicate": {"custom_model_data": 100005}, "model": "minefun/cosmetics/hats/bearbeanie"},
				{ "predicate": {"custom_model_data": 100006}, "model": "minefun/cosmetics/hats/bearhat"},
				{ "predicate": {"custom_model_data": 100007}, "model": "minefun/cosmetics/hats/bigchefhat"},
				{ "predicate": {"custom_model_data": 100008}, "model": "minefun/cosmetics/hats/burgerhead"},
				{ "predicate": {"custom_model_data": 100009}, "model": "minefun/cosmetics/hats/clown"},
				{ "predicate": {"custom_model_data": 100010}, "model": "minefun/cosmetics/hats/cookiehat"},
				{ "predicate": {"custom_model_data": 100011}, "model": "minefun/cosmetics/hats/cowboyhat"},
				{ "predicate": {"custom_model_data": 100012}, "model": "minefun/cosmetics/hats/cybercathelmet"},
				{ "predicate": {"custom_model_data": 100013}, "model": "minefun/cosmetics/hats/devilhorns"},
				{ "predicate": {"custom_model_data": 100014}, "model": "minefun/cosmetics/hats/evilclownmask"},
				{ "predicate": {"custom_model_data": 100015}, "model": "minefun/cosmetics/hats/gaming_headset"},
				{ "predicate": {"custom_model_data": 100016}, "model": "minefun/cosmetics/hats/halo"},
				{ "predicate": {"custom_model_data": 100017}, "model": "minefun/cosmetics/hats/hotdoghat"},
				{ "predicate": {"custom_model_data": 100018}, "model": "minefun/cosmetics/hats/ironman"},
				{ "predicate": {"custom_model_data": 100019}, "model": "minefun/cosmetics/hats/knighthelmet"},
				{ "predicate": {"custom_model_data": 100020}, "model": "minefun/cosmetics/hats/koalahat"},
				{ "predicate": {"custom_model_data": 100021}, "model": "minefun/cosmetics/hats/longhat"},
				{ "predicate": {"custom_model_data": 100022}, "model": "minefun/cosmetics/hats/mushroomhat"},
				{ "predicate": {"custom_model_data": 100023}, "model": "minefun/cosmetics/hats/nitro"},
				{ "predicate": {"custom_model_data": 100024}, "model": "minefun/cosmetics/hats/onimask"},
				{ "predicate": {"custom_model_data": 100025}, "model": "minefun/cosmetics/hats/pandahat"},
				{ "predicate": {"custom_model_data": 100026}, "model": "minefun/cosmetics/hats/penguinhat"},
				{ "predicate": {"custom_model_data": 100027}, "model": "minefun/cosmetics/hats/racoonheadhat"},
				{ "predicate": {"custom_model_data": 100028}, "model": "minefun/cosmetics/hats/sombrero"},
				{ "predicate": {"custom_model_data": 100029}, "model": "minefun/cosmetics/hats/toilethead"},
				{ "predicate": {"custom_model_data": 100030}, "model": "minefun/cosmetics/hats/unicornhead"},
				{ "predicate": {"custom_model_data": 100031}, "model": "minefun/cosmetics/hats/vr"},
				{ "predicate": {"custom_model_data": 100032}, "model": "minefun/cosmetics/hats/witchhat"},
				{ "predicate": {"custom_model_data": 100033}, "model": "minefun/cosmetics/hats/wizardhat"},
				{ "predicate": {"custom_model_data": 100034}, "model": "minefun/marvel_crate/drdoom_mask"},
				
				{ "predicate": {"custom_model_data": 100035}, "model": "minefun/halloween/cosmetics/mask_allay"},
				{ "predicate": {"custom_model_data": 100036}, "model": "minefun/halloween/cosmetics/mask_axolotl"},
				{ "predicate": {"custom_model_data": 100037}, "model": "minefun/halloween/cosmetics/mask_bat"},
				{ "predicate": {"custom_model_data": 100038}, "model": "minefun/halloween/cosmetics/mask_bee"},
				{ "predicate": {"custom_model_data": 100039}, "model": "minefun/halloween/cosmetics/mask_breeze"},
				{ "predicate": {"custom_model_data": 100040}, "model": "minefun/halloween/cosmetics/mask_chicken"},
				{ "predicate": {"custom_model_data": 100041}, "model": "minefun/halloween/cosmetics/mask_creeper"},
				{ "predicate": {"custom_model_data": 100042}, "model": "minefun/halloween/cosmetics/mask_enderdragon"},
				{ "predicate": {"custom_model_data": 100043}, "model": "minefun/halloween/cosmetics/mask_enderman"},
				{ "predicate": {"custom_model_data": 100044}, "model": "minefun/halloween/cosmetics/mask_fox"},
				{ "predicate": {"custom_model_data": 100045}, "model": "minefun/halloween/cosmetics/mask_panda"},
				{ "predicate": {"custom_model_data": 100046}, "model": "minefun/halloween/cosmetics/mask_pig"},
				{ "predicate": {"custom_model_data": 100047}, "model": "minefun/halloween/cosmetics/mask_shulker"},
				{ "predicate": {"custom_model_data": 100048}, "model": "minefun/halloween/cosmetics/mask_skeleton"},
				{ "predicate": {"custom_model_data": 100049}, "model": "minefun/halloween/cosmetics/mask_slime"},
				{ "predicate": {"custom_model_data": 100050}, "model": "minefun/halloween/cosmetics/mask_strider"},
				{ "predicate": {"custom_model_data": 100051}, "model": "minefun/halloween/cosmetics/mask_warden"},
				{ "predicate": {"custom_model_data": 100052}, "model": "minefun/halloween/cosmetics/mask_wither"},
				{ "predicate": {"custom_model_data": 100053}, "model": "minefun/halloween/cosmetics/pumpkin_warlock_hat"},
				{ "predicate": {"custom_model_data": 100054}, "model": "minefun/halloween/cosmetics/spider_hat"},
				{ "predicate": {"custom_model_data": 100055}, "model": "minefun/halloween/cosmetics/undertaker_hat"},
				
				
				

				{ "predicate": {"custom_model_data": 200001}, "model": "minefun/cosmetics/handhelds/babyyoda"},
				{ "predicate": {"custom_model_data": 200002}, "model": "minefun/cosmetics/handhelds/chainsaw"},
				{ "predicate": {"custom_model_data": 200003}, "model": "minefun/cosmetics/handhelds/electricguitar"},
				{ "predicate": {"custom_model_data": 200004}, "model": "minefun/cosmetics/handhelds/flower"},
				{ "predicate": {"custom_model_data": 200005}, "model": "minefun/cosmetics/handhelds/foamfinger"},
				{ "predicate": {"custom_model_data": 200006}, "model": "minefun/cosmetics/handhelds/icecream"},
				{ "predicate": {"custom_model_data": 200007}, "model": "minefun/cosmetics/handhelds/jobmanageritem"},
				{ "predicate": {"custom_model_data": 200008}, "model": "minefun/cosmetics/handhelds/pirateflag"},
				{ "predicate": {"custom_model_data": 200009}, "model": "minefun/cosmetics/handhelds/selfiestick"},
				{ "predicate": {"custom_model_data": 200010}, "model": "minefun/cosmetics/handhelds/skateboard"},
				{ "predicate": {"custom_model_data": 200011}, "model": "minefun/cosmetics/handhelds/thorhammer"},
				{ "predicate": {"custom_model_data": 200012}, "model": "minefun/cosmetics/handhelds/tiger_tooth_dagger"},
				{ "predicate": {"custom_model_data": 200013}, "model": "minefun/cosmetics/handhelds/white_saber"},
				{ "predicate": {"custom_model_data": 200014}, "model": "minefun/overlord_crate/gauntlet"},
				{ "predicate": {"custom_model_data": 200015}, "model": "minefun/marvel_crate/dogpool"},
				{ "predicate": {"custom_model_data": 200016}, "model": "minefun/angel_crate/claw"},
				{ "predicate": {"custom_model_data": 200017}, "model": "minefun/demon_crate/demon_claw"},
				{ "predicate": {"custom_model_data": 200018}, "model": "minefun/demon_crate/demon_trident"},
				
				{ "predicate": {"custom_model_data": 200019}, "model": "minefun/halloween/cosmetics/horseman_gauntlet"},
				{ "predicate": {"custom_model_data": 200020}, "model": "minefun/halloween/cosmetics/pumpkin_warlock_staff"},
				{ "predicate": {"custom_model_data": 200021}, "model": "minefun/halloween/cosmetics/scarecrow_gauntlet"},
				{ "predicate": {"custom_model_data": 200022}, "model": "minefun/halloween/cosmetics/spider_scythe"},
				{ "predicate": {"custom_model_data": 200023}, "model": "minefun/halloween/cosmetics/undertaker_shovel"},
				
				
				
				

				{ "predicate": {"custom_model_data": 300001}, "model": "minefun/cosmetics/backpacks/backpack"},
				{ "predicate": {"custom_model_data": 300002}, "model": "minefun/cosmetics/backpacks/campingbackpack"},
				{ "predicate": {"custom_model_data": 300003}, "model": "minefun/cosmetics/backpacks/chest"},
				{ "predicate": {"custom_model_data": 300004}, "model": "minefun/cosmetics/backpacks/cupidwings1"},
				{ "predicate": {"custom_model_data": 300005}, "model": "minefun/cosmetics/backpacks/cupidwings2"},
				{ "predicate": {"custom_model_data": 300006}, "model": "minefun/cosmetics/backpacks/dino"},
				{ "predicate": {"custom_model_data": 300007}, "model": "minefun/cosmetics/backpacks/horse_costume"},
				{ "predicate": {"custom_model_data": 300008}, "model": "minefun/cosmetics/backpacks/lifering"},
				{ "predicate": {"custom_model_data": 300009}, "model": "minefun/cosmetics/backpacks/racoontail"},
				{ "predicate": {"custom_model_data": 300010}, "model": "minefun/cosmetics/backpacks/valentinescythe"},
				{ "predicate": {"custom_model_data": 300011}, "model": "minefun/cosmetics/backpacks/wings"},
				{ "predicate": {"custom_model_data": 300012}, "model": "minefun/cosmetics/backpacks/wings_1"},
				{ "predicate": {"custom_model_data": 300013}, "model": "minefun/cosmetics/backpacks/wings_6"},
				{ "predicate": {"custom_model_data": 300014}, "model": "minefun/cosmetics/backpacks/zeldashield"},
				{ "predicate": {"custom_model_data": 300015}, "model": "minefun/overlord_crate/wing"},
				{ "predicate": {"custom_model_data": 300016}, "model": "minefun/marvel_crate/falcon_wings"},
				{ "predicate": {"custom_model_data": 300017}, "model": "minefun/marvel_crate/drdoom_cape"},
				{ "predicate": {"custom_model_data": 300018}, "model": "minefun/marvel_crate/deadpool_sword"},
				{ "predicate": {"custom_model_data": 300019}, "model": "minefun/angel_crate/wing"},
				{ "predicate": {"custom_model_data": 300020}, "model": "minefun/demon_crate/demon_wing"},
				
				{ "predicate": {"custom_model_data": 300021}, "model": "minefun/halloween/cosmetics/horseman_wing"},
				{ "predicate": {"custom_model_data": 300022}, "model": "minefun/halloween/cosmetics/phantom_back"},
				{ "predicate": {"custom_model_data": 300023}, "model": "minefun/halloween/cosmetics/phantom_backpack"},
				{ "predicate": {"custom_model_data": 300024}, "model": "minefun/halloween/cosmetics/pumpkin_warlock_backpack"},
				{ "predicate": {"custom_model_data": 300025}, "model": "minefun/halloween/cosmetics/scarecrow_wing"},
				{ "predicate": {"custom_model_data": 300026}, "model": "minefun/halloween/cosmetics/spider_legs_backpack"},
				{ "predicate": {"custom_model_data": 300027}, "model": "minefun/halloween/cosmetics/undertaker_backpack"},
				
				
				
				
				
				
				{ "predicate": {"custom_model_data": 400001}, "model": "minefun/furniture/beachchair"},
				{ "predicate": {"custom_model_data": 400002}, "model": "minefun/furniture/beachumbrella"},
				{ "predicate": {"custom_model_data": 400003}, "model": "minefun/furniture/bigleafplant1"},
				{ "predicate": {"custom_model_data": 400004}, "model": "minefun/furniture/bigleafplant2"},
				{ "predicate": {"custom_model_data": 400005}, "model": "minefun/furniture/bigleafplant3"},
				{ "predicate": {"custom_model_data": 400006}, "model": "minefun/furniture/bin"},
				{ "predicate": {"custom_model_data": 400007}, "model": "minefun/furniture/board"},
				{ "predicate": {"custom_model_data": 400008}, "model": "minefun/furniture/cactuspot"},
				{ "predicate": {"custom_model_data": 400009}, "model": "minefun/furniture/cone"},
				{ "predicate": {"custom_model_data": 400010}, "model": "minefun/furniture/cupsandplates"},
				{ "predicate": {"custom_model_data": 400011}, "model": "minefun/furniture/globe"},
				{ "predicate": {"custom_model_data": 400012}, "model": "minefun/furniture/hangingpot"},
				{ "predicate": {"custom_model_data": 400013}, "model": "minefun/furniture/marketcart"},
				{ "predicate": {"custom_model_data": 400014}, "model": "minefun/furniture/metalwoodenbench"},
				{ "predicate": {"custom_model_data": 400015}, "model": "minefun/furniture/paintbucket"},
				{ "predicate": {"custom_model_data": 400016}, "model": "minefun/furniture/palmtree"},
				{ "predicate": {"custom_model_data": 400017}, "model": "minefun/furniture/pile"},
				{ "predicate": {"custom_model_data": 400018}, "model": "minefun/furniture/pile2"},
				{ "predicate": {"custom_model_data": 400019}, "model": "minefun/furniture/pile3"},
				{ "predicate": {"custom_model_data": 400020}, "model": "minefun/furniture/roadsign"},
				{ "predicate": {"custom_model_data": 400021}, "model": "minefun/furniture/runestone"},
				{ "predicate": {"custom_model_data": 400022}, "model": "minefun/furniture/sandcastle"},
				{ "predicate": {"custom_model_data": 400023}, "model": "minefun/furniture/squaretable1x1"},
				{ "predicate": {"custom_model_data": 400024}, "model": "minefun/furniture/squaretable2x2"},
				{ "predicate": {"custom_model_data": 400025}, "model": "minefun/furniture/squaretablecloth2x2"},
				{ "predicate": {"custom_model_data": 400026}, "model": "minefun/furniture/stepladder"},
				{ "predicate": {"custom_model_data": 400027}, "model": "minefun/furniture/toolbox"},
				{ "predicate": {"custom_model_data": 400028}, "model": "minefun/furniture/towel"},
				{ "predicate": {"custom_model_data": 400029}, "model": "minefun/furniture/umbrella"},
				{ "predicate": {"custom_model_data": 400030}, "model": "minefun/furniture/wheelbarrow"},
				{ "predicate": {"custom_model_data": 400031}, "model": "minefun/furniture/woodenbenchcushion"},
				{ "predicate": {"custom_model_data": 400032}, "model": "minefun/furniture/woodenchair"},
				{ "predicate": {"custom_model_data": 400033}, "model": "minefun/furniture/woodenchair2"},
				{ "predicate": {"custom_model_data": 400034}, "model": "minefun/furniture/woodenchaircushion"},
				{ "predicate": {"custom_model_data": 400035}, "model": "minefun/furniture/tent_roof"},
				{ "predicate": {"custom_model_data": 400036}, "model": "minefun/furniture/fish"},
				{ "predicate": {"custom_model_data": 400037}, "model": "minefun/furniture/fishstandroof"},
				{ "predicate": {"custom_model_data": 400038}, "model": "minefun/furniture/icecreamcart"},
				{ "predicate": {"custom_model_data": 400039}, "model": "minefun/furniture/statue"},
				{ "predicate": {"custom_model_data": 400040}, "model": "minefun/furniture/raccoonstatue"},
				{ "predicate": {"custom_model_data": 400041}, "model": "minefun/furniture/raccoon"},
				{ "predicate": {"custom_model_data": 400042}, "model": "minefun/furniture/hightechanvil"},
				{ "predicate": {"custom_model_data": 400043}, "model": "minefun/furniture/floorlamp"},
				{ "predicate": {"custom_model_data": 400044}, "model": "minefun/furniture/coffetable"},
				{ "predicate": {"custom_model_data": 400045}, "model": "minefun/furniture/computer"},
				{ "predicate": {"custom_model_data": 400046}, "model": "minefun/furniture/flowervase"},
				{ "predicate": {"custom_model_data": 400047}, "model": "minefun/furniture/tv"},
				{ "predicate": {"custom_model_data": 400048}, "model": "minefun/furniture/monitorkeyboard1"},
				{ "predicate": {"custom_model_data": 400049}, "model": "minefun/furniture/monitorkeyboard2"},
				{ "predicate": {"custom_model_data": 400050}, "model": "minefun/furniture/standingmirror"},
				{ "predicate": {"custom_model_data": 400051}, "model": "minefun/furniture/wardrobe"},
				{ "predicate": {"custom_model_data": 400052}, "model": "minefun/furniture/woodendesk"},
				{ "predicate": {"custom_model_data": 400053}, "model": "minefun/furniture/tvstand"},
				{ "predicate": {"custom_model_data": 400054}, "model": "minefun/furniture/atm"},
				{ "predicate": {"custom_model_data": 400055}, "model": "minefun/furniture/sofa"},
				{ "predicate": {"custom_model_data": 400056}, "model": "minefun/furniture/armchair"},
				{ "predicate": {"custom_model_data": 400057}, "model": "minefun/furniture/pileofbooks"},
				{ "predicate": {"custom_model_data": 400058}, "model": "minefun/furniture/grandfatherclock"},
				{ "predicate": {"custom_model_data": 400059}, "model": "minefun/furniture/officechair"},
				{ "predicate": {"custom_model_data": 400060}, "model": "minefun/furniture/desk"},
				{ "predicate": {"custom_model_data": 400061}, "model": "minefun/furniture/lamppost/lamppost_bottom"},
				{ "predicate": {"custom_model_data": 400062}, "model": "minefun/furniture/lamppost/lamppost_middle"},
				{ "predicate": {"custom_model_data": 400063}, "model": "minefun/furniture/lamppost/lamppost_top"},
				{ "predicate": {"custom_model_data": 400064}, "model": "minefun/furniture/big_banner"},
				{ "predicate": {"custom_model_data": 400065}, "model": "minefun/furniture/big_banner2"},
				{ "predicate": {"custom_model_data": 400066}, "model": "minefun/furniture/cashregister"},
				{ "predicate": {"custom_model_data": 400067}, "model": "minefun/furniture/firehydrant"},
				{ "predicate": {"custom_model_data": 400068}, "model": "minefun/furniture/trainingdummy"},
				{ "predicate": {"custom_model_data": 400069}, "model": "minefun/furniture/small_sign"},
				{ "predicate": {"custom_model_data": 400070}, "model": "minefun/furniture/sewer_cover"},
				{ "predicate": {"custom_model_data": 400071}, "model": "minefun/furniture/collectibles/plushies/allay_plushie"},
				{ "predicate": {"custom_model_data": 400072}, "model": "minefun/furniture/collectibles/plushies/axolotl_plushie"},
				{ "predicate": {"custom_model_data": 400073}, "model": "minefun/furniture/collectibles/plushies/bee_plushie"},
				{ "predicate": {"custom_model_data": 400074}, "model": "minefun/furniture/collectibles/plushies/frog_plushie"},
				{ "predicate": {"custom_model_data": 400075}, "model": "minefun/furniture/collectibles/plushies/squid_plushie"},
				{ "predicate": {"custom_model_data": 400076}, "model": "minefun/furniture/collectibles/plushies/warden_plushie"},
				{ "predicate": {"custom_model_data": 400077}, "model": "minefun/furniture/carpets/compass_carpet"},
				{ "predicate": {"custom_model_data": 400078}, "model": "minefun/furniture/carpets/fish_carpet"},
				{ "predicate": {"custom_model_data": 400079}, "model": "minefun/furniture/carpets/flower_carpet"},
				{ "predicate": {"custom_model_data": 400080}, "model": "minefun/furniture/carpets/potion_carpet"},
				{ "predicate": {"custom_model_data": 400081}, "model": "minefun/furniture/carpets/raccoon_carpet"},
				{ "predicate": {"custom_model_data": 400082}, "model": "minefun/furniture/flowerpot1"},
				{ "predicate": {"custom_model_data": 400083}, "model": "minefun/furniture/flowerpot2"},
				{ "predicate": {"custom_model_data": 400084}, "model": "minefun/furniture/flowerpot3"},
				{ "predicate": {"custom_model_data": 400085}, "model": "minefun/furniture/flowerpot4"},
				{ "predicate": {"custom_model_data": 400086}, "model": "minefun/furniture/flowerpot5"},
				{ "predicate": {"custom_model_data": 400087}, "model": "minefun/furniture/barell"},
				{ "predicate": {"custom_model_data": 400088}, "model": "minefun/furniture/bigsandcastle"},
				{ "predicate": {"custom_model_data": 400089}, "model": "minefun/furniture/bike"},
				{ "predicate": {"custom_model_data": 400090}, "model": "minefun/furniture/ceilingfan"},
				{ "predicate": {"custom_model_data": 400091}, "model": "minefun/furniture/curtains"},
				{ "predicate": {"custom_model_data": 400092}, "model": "minefun/furniture/foosballtable"},
				{ "predicate": {"custom_model_data": 400093}, "model": "minefun/furniture/garbagebag"},
				{ "predicate": {"custom_model_data": 400094}, "model": "minefun/furniture/lifeguardchair"},
				{ "predicate": {"custom_model_data": 400095}, "model": "minefun/furniture/mataltable"},
				{ "predicate": {"custom_model_data": 400096}, "model": "minefun/furniture/metalchair"},
				{ "predicate": {"custom_model_data": 400097}, "model": "minefun/furniture/officechair2"},
				{ "predicate": {"custom_model_data": 400098}, "model": "minefun/furniture/phonepost"},
				{ "predicate": {"custom_model_data": 400099}, "model": "minefun/furniture/pooltable"},
				{ "predicate": {"custom_model_data": 400400}, "model": "minefun/furniture/cauldron"},
				{ "predicate": {"custom_model_data": 400101}, "model": "minefun/furniture/dining_table"},
				{ "predicate": {"custom_model_data": 400102}, "model": "minefun/furniture/dish_washer"},
				{ "predicate": {"custom_model_data": 400103}, "model": "minefun/furniture/fridge"},
				{ "predicate": {"custom_model_data": 400104}, "model": "minefun/furniture/garbage_container"},
				{ "predicate": {"custom_model_data": 400105}, "model": "minefun/furniture/speaker"},
				{ "predicate": {"custom_model_data": 400106}, "model": "minefun/furniture/stove"},
				{ "predicate": {"custom_model_data": 400107}, "model": "minefun/furniture/telescope"},
				{ "predicate": {"custom_model_data": 400108}, "model": "minefun/furniture/toaster"},
				{ "predicate": {"custom_model_data": 400109}, "model": "minefun/furniture/collectibles/plushies/rascal_plushie"},
				{ "predicate": {"custom_model_data": 400110}, "model": "minefun/furniture/collectibles/plushies/sniffer_plushie"},
				{ "predicate": {"custom_model_data": 400111}, "model": "minefun/furniture/collectibles/plushies/tuff_plushie_golem"},
				{ "predicate": {"custom_model_data": 400112}, "model": "minefun/furniture/collectibles/plushies/dragon_raccoon"},
				{ "predicate": {"custom_model_data": 400121}, "model": "minefun/furniture/rx7"},


				

				{ "predicate": {"custom_model_data": 500009}, "model": "minefun/guis/color_preview"}



 ]
}
