{
	"parent":"item/generated",
	"textures": {
		"layer0":"item/leather_chestplate",
		"layer1":"item/leather_chestplate_overlay"
	},
	"overrides": [
		{ "predicate": {"custom_model_data":100001},"model":"minefun/overlord_crate/chestplate"},
		{ "predicate": {"custom_model_data":100002},"model":"minefun/marvel_crate/deadpool_chestplate"},
		{ "predicate": {"custom_model_data":100003},"model":"minefun/marvel_crate/wolverine_chestplate"},
		{ "predicate": {"custom_model_data":100004},"model":"minefun/angel_crate/chestplate"},
		{ "predicate": {"custom_model_data":100005},"model":"minefun/demon_crate/chestplate"},
		
		{ "predicate": {"custom_model_data":100006},"model":"minefun/halloween/horseman/chestplate"},
		{ "predicate": {"custom_model_data":100007},"model":"minefun/halloween/phantom/chestplate"},
		{ "predicate": {"custom_model_data":100008},"model":"minefun/halloween/scarecrow/chestplate"},
		{ "predicate": {"custom_model_data":100009},"model":"minefun/cyber_set/armor/chestplate"},
		{ "predicate": {"custom_model_data":100010},"model":"minefun/cyberpunkset/armor/chestplate"},
		
		{ "predicate": {"custom_model_data":100011},"model":"minefun/pokemon_crate/armor/chestplate"},
		{ "predicate": {"custom_model_data":100012},"model":"minefun/christmas_crate/armor/chestplate"},

		{ "predicate": {"custom_model_data":100013},"model":"minefun/dungeon_crate/armor/chestplate"},
		{ "predicate": {"custom_model_data":100014},"model":"minefun/christmas_crate2/armor/chestplate"},
		
		{ "predicate": {"custom_model_data":100015},"model":"minefun/dragon_crate/armor/chestplate"}

	]
}