{
	"parent":"item/generated",
	"textures": {
		"layer0":"item/leather_leggings",
		"layer1":"item/leather_leggings_overlay"
	},
	"overrides": [
		{ "predicate": {"custom_model_data":100001},"model":"minefun/overlord_crate/leggings"},
		{ "predicate": {"custom_model_data":100002},"model":"minefun/marvel_crate/deadpool_leggings"},
		{ "predicate": {"custom_model_data":100003},"model":"minefun/marvel_crate/wolverine_leggings"},
		{ "predicate": {"custom_model_data":100004},"model":"minefun/angel_crate/leggings"},
		{ "predicate": {"custom_model_data":100005},"model":"minefun/demon_crate/leggings"},
		
		{ "predicate": {"custom_model_data":100006},"model":"minefun/halloween/horseman/leggings"},
		{ "predicate": {"custom_model_data":100007},"model":"minefun/halloween/phantom/leggings"},
		{ "predicate": {"custom_model_data":100008},"model":"minefun/halloween/scarecrow/leggings"},
		{ "predicate": {"custom_model_data":100009},"model":"minefun/cyber_set/armor/leggings"},
		{ "predicate": {"custom_model_data":100010},"model":"minefun/cyberpunkset/armor/leggings"},
		
		{ "predicate": {"custom_model_data":100011},"model":"minefun/pokemon_crate/armor/leggings"},
		{ "predicate": {"custom_model_data":100012},"model":"minefun/christmas_crate/armor/leggings"}

	]
}