				{"parent":"minecraft:item/generated","textures":{"layer0":"minecraft:item/leather_horse_armor"},"overrides":[

				{ "predicate": {"custom_model_data": 100001}, "model": "minefun/cosmetics/hats/astronaut"},
				{ "predicate": {"custom_model_data": 100002}, "model": "minefun/cosmetics/hats/bananahat"},
				{ "predicate": {"custom_model_data": 100003}, "model": "minefun/cosmetics/hats/batman"},
				{ "predicate": {"custom_model_data": 100004}, "model": "minefun/cosmetics/hats/beanie"},
				{ "predicate": {"custom_model_data": 100005}, "model": "minefun/cosmetics/hats/bearbeanie"},
				{ "predicate": {"custom_model_data": 100006}, "model": "minefun/cosmetics/hats/bearhat"},
				{ "predicate": {"custom_model_data": 100007}, "model": "minefun/cosmetics/hats/bigchefhat"},
				{ "predicate": {"custom_model_data": 100008}, "model": "minefun/cosmetics/hats/burgerhead"},
				{ "predicate": {"custom_model_data": 100009}, "model": "minefun/cosmetics/hats/clown"},
				{ "predicate": {"custom_model_data": 100010}, "model": "minefun/cosmetics/hats/cookiehat"},
				{ "predicate": {"custom_model_data": 100011}, "model": "minefun/cosmetics/hats/cowboyhat"},
				{ "predicate": {"custom_model_data": 100012}, "model": "minefun/cosmetics/hats/cybercathelmet"},
				{ "predicate": {"custom_model_data": 100013}, "model": "minefun/cosmetics/hats/devilhorns"},
				{ "predicate": {"custom_model_data": 100014}, "model": "minefun/cosmetics/hats/evilclownmask"},
				{ "predicate": {"custom_model_data": 100015}, "model": "minefun/cosmetics/hats/gaming_headset"},
				{ "predicate": {"custom_model_data": 100016}, "model": "minefun/cosmetics/hats/halo"},
				{ "predicate": {"custom_model_data": 100017}, "model": "minefun/cosmetics/hats/hotdoghat"},
				{ "predicate": {"custom_model_data": 100018}, "model": "minefun/cosmetics/hats/ironman"},
				{ "predicate": {"custom_model_data": 100019}, "model": "minefun/cosmetics/hats/knighthelmet"},
				{ "predicate": {"custom_model_data": 100020}, "model": "minefun/cosmetics/hats/koalahat"},
				{ "predicate": {"custom_model_data": 100021}, "model": "minefun/cosmetics/hats/longhat"},
				{ "predicate": {"custom_model_data": 100022}, "model": "minefun/cosmetics/hats/mushroomhat"},
				{ "predicate": {"custom_model_data": 100023}, "model": "minefun/cosmetics/hats/nitro"},
				{ "predicate": {"custom_model_data": 100024}, "model": "minefun/cosmetics/hats/onimask"},
				{ "predicate": {"custom_model_data": 100025}, "model": "minefun/cosmetics/hats/pandahat"},
				{ "predicate": {"custom_model_data": 100026}, "model": "minefun/cosmetics/hats/penguinhat"},
				{ "predicate": {"custom_model_data": 100027}, "model": "minefun/cosmetics/hats/racoonheadhat"},
				{ "predicate": {"custom_model_data": 100028}, "model": "minefun/cosmetics/hats/sombrero"},
				{ "predicate": {"custom_model_data": 100029}, "model": "minefun/cosmetics/hats/toilethead"},
				{ "predicate": {"custom_model_data": 100030}, "model": "minefun/cosmetics/hats/unicornhead"},
				{ "predicate": {"custom_model_data": 100031}, "model": "minefun/cosmetics/hats/vr"},
				{ "predicate": {"custom_model_data": 100032}, "model": "minefun/cosmetics/hats/witchhat"},
				{ "predicate": {"custom_model_data": 100033}, "model": "minefun/cosmetics/hats/wizardhat"},
				
				
				

				{ "predicate": {"custom_model_data": 200001}, "model": "minefun/cosmetics/handhelds/babyyoda"},
				{ "predicate": {"custom_model_data": 200002}, "model": "minefun/cosmetics/handhelds/chainsaw"},
				{ "predicate": {"custom_model_data": 200003}, "model": "minefun/cosmetics/handhelds/electricguitar"},
				{ "predicate": {"custom_model_data": 200004}, "model": "minefun/cosmetics/handhelds/flower"},
				{ "predicate": {"custom_model_data": 200005}, "model": "minefun/cosmetics/handhelds/foamfinger"},
				{ "predicate": {"custom_model_data": 200006}, "model": "minefun/cosmetics/handhelds/icecream"},
				{ "predicate": {"custom_model_data": 200007}, "model": "minefun/cosmetics/handhelds/jobmanageritem"},
				{ "predicate": {"custom_model_data": 200008}, "model": "minefun/cosmetics/handhelds/pirateflag"},
				{ "predicate": {"custom_model_data": 200009}, "model": "minefun/cosmetics/handhelds/selfiestick"},
				{ "predicate": {"custom_model_data": 200010}, "model": "minefun/cosmetics/handhelds/skateboard"},
				{ "predicate": {"custom_model_data": 200011}, "model": "minefun/cosmetics/handhelds/thorhammer"},
				{ "predicate": {"custom_model_data": 200012}, "model": "minefun/cosmetics/handhelds/tiger_tooth_dagger"},
				{ "predicate": {"custom_model_data": 200013}, "model": "minefun/cosmetics/handhelds/white_saber"},
				{ "predicate": {"custom_model_data": 200014}, "model": "minefun/overlord_crate/gauntlet"},
				
				
				

				{ "predicate": {"custom_model_data": 300001}, "model": "minefun/cosmetics/backpacks/backpack"},
				{ "predicate": {"custom_model_data": 300002}, "model": "minefun/cosmetics/backpacks/campingbackpack"},
				{ "predicate": {"custom_model_data": 300003}, "model": "minefun/cosmetics/backpacks/chest"},
				{ "predicate": {"custom_model_data": 300004}, "model": "minefun/cosmetics/backpacks/cupidwings1"},
				{ "predicate": {"custom_model_data": 300005}, "model": "minefun/cosmetics/backpacks/cupidwings2"},
				{ "predicate": {"custom_model_data": 300006}, "model": "minefun/cosmetics/backpacks/dino"},
				{ "predicate": {"custom_model_data": 300007}, "model": "minefun/cosmetics/backpacks/horse_costume"},
				{ "predicate": {"custom_model_data": 300008}, "model": "minefun/cosmetics/backpacks/lifering"},
				{ "predicate": {"custom_model_data": 300009}, "model": "minefun/cosmetics/backpacks/racoontail"},
				{ "predicate": {"custom_model_data": 300010}, "model": "minefun/cosmetics/backpacks/valentinescythe"},
				{ "predicate": {"custom_model_data": 300011}, "model": "minefun/cosmetics/backpacks/wings"},
				{ "predicate": {"custom_model_data": 300012}, "model": "minefun/cosmetics/backpacks/wings_1"},
				{ "predicate": {"custom_model_data": 300013}, "model": "minefun/cosmetics/backpacks/wings_6"},
				{ "predicate": {"custom_model_data": 300014}, "model": "minefun/cosmetics/backpacks/zeldashield"},
				{ "predicate": {"custom_model_data": 300015}, "model": "minefun/overlord_crate/wing"},
				
				
				

				{ "predicate": {"custom_model_data": 500009}, "model": "minefun/guis/color_preview"}



 ]
}
