{
	"parent":"item/generated",
	"textures": {
		"layer0":"item/leather_chestplate",
		"layer1":"item/leather_chestplate_overlay"
	},
	"overrides": [
		{ "predicate": {"custom_model_data":100001},"model":"minefun/overlord_crate/chestplate"},
		{ "predicate": {"custom_model_data":100002},"model":"minefun/marvel_crate/deadpool_chestplate"},
		{ "predicate": {"custom_model_data":100003},"model":"minefun/marvel_crate/wolverine_chestplate"},
		
		{ "predicate": {"custom_model_data":100004},"model":"minefun/angel_crate/chestplate"},
		{ "predicate": {"custom_model_data":100005},"model":"minefun/demon_crate/chestplate"}

	]
}