{
  "parent": "minecraft:item/handheld",
  "textures": {
    "layer0": "minecraft:item/netherite_sword"
    },
    "overrides": [
        { "predicate": {"custom_model_data": 100001}, "model": "minefun/overlord_crate/big_sword"},
        { "predicate": {"custom_model_data": 100002}, "model": "minefun/overlord_crate/dagger"},
        { "predicate": {"custom_model_data": 100003}, "model": "minefun/overlord_crate/scythe"},
        { "predicate": {"custom_model_data": 100004}, "model": "minefun/overlord_crate/spear"},
        { "predicate": {"custom_model_data": 100005}, "model": "minefun/overlord_crate/sword"},
        { "predicate": {"custom_model_data": 100006}, "model": "minefun/monstertower/swords/earth_lv3"},
		{ "predicate": {"custom_model_data": 100007}, "model": "minefun/monstertower/swords/fire_lv3"},
		{ "predicate": {"custom_model_data": 100008}, "model": "minefun/monstertower/swords/meowmi_sword"},
		{ "predicate": {"custom_model_data": 100009}, "model": "minefun/monstertower/swords/sword"},
		{ "predicate": {"custom_model_data": 100010}, "model": "minefun/monstertower/swords/water_lv3"},
		{ "predicate": {"custom_model_data": 100011}, "model": "minefun/monstertower/swords/wind_lv3"},
		{ "predicate": {"custom_model_data": 100012}, "model": "minefun/marvel_crate/infinity_gauntlet"},
		{ "predicate": {"custom_model_data": 100013}, "model": "minefun/marvel_crate/thanos_double_edge_sword"},
		{ "predicate": {"custom_model_data": 100014}, "model": "minefun/marvel_crate/wolverine_claws"},
		{ "predicate": {"custom_model_data": 100015}, "model": "minefun/marvel_crate/twilight_sword"},
		{ "predicate": {"custom_model_data": 100016}, "model": "minefun/monstertower/crate/sword"},
		
		{ "predicate": {"custom_model_data": 100017}, "model": "minefun/skins/swords/breaker_blade"},
		{ "predicate": {"custom_model_data": 100018}, "model": "minefun/skins/swords/debugstick"},
		{ "predicate": {"custom_model_data": 100019}, "model": "minefun/skins/swords/dragonfang_glaive"},
		{ "predicate": {"custom_model_data": 100020}, "model": "minefun/skins/swords/fanged_katana"},
		{ "predicate": {"custom_model_data": 100021}, "model": "minefun/skins/swords/glass_rapier"},
		{ "predicate": {"custom_model_data": 100022}, "model": "minefun/skins/swords/greatsword_1"},
		{ "predicate": {"custom_model_data": 100023}, "model": "minefun/skins/swords/greatsword_2"},
		{ "predicate": {"custom_model_data": 100024}, "model": "minefun/skins/swords/sakura_ghostkatana"},
		
		{ "predicate": {"custom_model_data": 100025}, "model": "minefun/angel_crate/sword"},
		{ "predicate": {"custom_model_data": 100026}, "model": "minefun/demon_crate/demon_sword"},
		{ "predicate": {"custom_model_data": 100027}, "model": "minefun/demon_crate/demon_scythe"},
		{ "predicate": {"custom_model_data": 100028}, "model": "minefun/demon_crate/demon_spear"}
		
		
		
    ]
}