{
  "parent": "minecraft:item/handheld",
  "textures": {
    "layer0": "minecraft:item/netherite_shovel"
  },
    "overrides": [
		
		
		{ "predicate": {"custom_model_data": 100001}, "model": "minefun/overlord_crate/shovel"},
		{ "predicate": {"custom_model_data": 100002}, "model": "minefun/monstertower/shovels/shovel"},
		{ "predicate": {"custom_model_data": 100003}, "model": "minefun/monstertower/crate/shovel"},
		{ "predicate": {"custom_model_data": 100004}, "model": "minefun/skins/shovels/spoon_of_death"},
		{ "predicate": {"custom_model_data": 100005}, "model": "minefun/skins/shovels/the_spatula"},
		{ "predicate": {"custom_model_data": 100006}, "model": "minefun/angel_crate/shovel"},
		{ "predicate": {"custom_model_data": 100007}, "model": "minefun/demon_crate/demon_shovel"},
		

		{ "predicate": {"custom_model_data": 100008}, "model": "minefun/halloween/horseman/shovel"},
		
		{ "predicate": {"custom_model_data": 100009}, "model": "minefun/halloween/phantom/shovel"},
		
		{ "predicate": {"custom_model_data": 100010}, "model": "minefun/halloween/scarecrow/shovel"},
		
		{ "predicate": {"custom_model_data": 100011}, "model": "minefun/cyber_set/shovel"},
		
		{ "predicate": {"custom_model_data": 100012}, "model": "minefun/cyberpunkset/shovel"},
		
		{ "predicate": {"custom_model_data": 100013}, "model": "minefun/pokemon_crate/deoxys_shovel"}
		
		
    ]
}