{
  "parent": "minecraft:item/handheld",
  "textures": {
    "layer0": "minecraft:item/netherite_axe"
  },
    "overrides": [
        { "predicate": {"custom_model_data": 100001}, "model": "minefun/overlord_crate/axe"},
        { "predicate": {"custom_model_data": 100002}, "model": "minefun/overlord_crate/halberd"},
        { "predicate": {"custom_model_data": 100003}, "model": "minefun/overlord_crate/mace"},
        { "predicate": {"custom_model_data": 100004}, "model": "minefun/monstertower/axes/axe6"},
        { "predicate": {"custom_model_data": 100005}, "model": "minefun/monstertower/axes/axe8"},
        { "predicate": {"custom_model_data": 100006}, "model": "minefun/monstertower/axes/axe10"},
        { "predicate": {"custom_model_data": 100007}, "model": "minefun/monstertower/axes/axe17"},
        { "predicate": {"custom_model_data": 100008}, "model": "minefun/monstertower/axes/axe19"},
        { "predicate": {"custom_model_data": 100009}, "model": "minefun/monstertower/axes/axe20"},
        { "predicate": {"custom_model_data": 100010}, "model": "minefun/monstertower/axes/axe24"},
        { "predicate": {"custom_model_data": 100011}, "model": "minefun/monstertower/axes/axe25"},
        { "predicate": {"custom_model_data": 100012}, "model": "minefun/monstertower/axes/vindicatoraxe"}
		
		
		
    ]
}