{
  "parent": "minecraft:item/handheld",
  "textures": {
    "layer0": "minecraft:item/netherite_sword"
    },
    "overrides": [
        { "predicate": {"custom_model_data": 100001}, "model": "minefun/overlord_crate/big_sword"},
        { "predicate": {"custom_model_data": 100002}, "model": "minefun/overlord_crate/dagger"},
        { "predicate": {"custom_model_data": 100003}, "model": "minefun/overlord_crate/scythe"},
        { "predicate": {"custom_model_data": 100004}, "model": "minefun/overlord_crate/spear"},
        { "predicate": {"custom_model_data": 100005}, "model": "minefun/overlord_crate/sword"},
        { "predicate": {"custom_model_data": 100006}, "model": "minefun/monstertower/swords/earth_lv3"},
		{ "predicate": {"custom_model_data": 100007}, "model": "minefun/monstertower/swords/fire_lv3"},
		{ "predicate": {"custom_model_data": 100008}, "model": "minefun/monstertower/swords/meowmi_sword"},
		{ "predicate": {"custom_model_data": 100009}, "model": "minefun/monstertower/swords/sword"},
		{ "predicate": {"custom_model_data": 100010}, "model": "minefun/monstertower/swords/water_lv3"},
		{ "predicate": {"custom_model_data": 100011}, "model": "minefun/monstertower/swords/wind_lv3"},
		{ "predicate": {"custom_model_data": 100012}, "model": "minefun/marvel_crate/infinity_gauntlet"},
		{ "predicate": {"custom_model_data": 100013}, "model": "minefun/marvel_crate/thanos_double_edge_sword"},
		{ "predicate": {"custom_model_data": 100014}, "model": "minefun/marvel_crate/wolverine_claws"},
		{ "predicate": {"custom_model_data": 100015}, "model": "minefun/marvel_crate/twilight_sword"},
		{ "predicate": {"custom_model_data": 100016}, "model": "minefun/monstertower/crate/sword"},
		{ "predicate": {"custom_model_data": 100017}, "model": "minefun/skins/swords/breaker_blade"},
		{ "predicate": {"custom_model_data": 100018}, "model": "minefun/skins/swords/debugstick"},
		{ "predicate": {"custom_model_data": 100019}, "model": "minefun/skins/swords/dragonfang_glaive"},
		{ "predicate": {"custom_model_data": 100020}, "model": "minefun/skins/swords/fanged_katana"},
		{ "predicate": {"custom_model_data": 100021}, "model": "minefun/skins/swords/glass_rapier"},
		{ "predicate": {"custom_model_data": 100022}, "model": "minefun/skins/swords/greatsword_1"},
		{ "predicate": {"custom_model_data": 100023}, "model": "minefun/skins/swords/greatsword_2"},
		{ "predicate": {"custom_model_data": 100024}, "model": "minefun/skins/swords/sakura_ghostkatana"},
		{ "predicate": {"custom_model_data": 100025}, "model": "minefun/angel_crate/sword"},
		{ "predicate": {"custom_model_data": 100026}, "model": "minefun/demon_crate/demon_sword"},
		{ "predicate": {"custom_model_data": 100027}, "model": "minefun/demon_crate/demon_scythe"},
		{ "predicate": {"custom_model_data": 100028}, "model": "minefun/demon_crate/demon_spear"},
		
		
		{ "predicate": {"custom_model_data": 100029}, "model": "minefun/halloween/horseman/big_sword"},
		{ "predicate": {"custom_model_data": 100030}, "model": "minefun/halloween/horseman/dagger"},
		{ "predicate": {"custom_model_data": 100031}, "model": "minefun/halloween/horseman/spear"},
		{ "predicate": {"custom_model_data": 100032}, "model": "minefun/halloween/horseman/sword"},
		
		{ "predicate": {"custom_model_data": 100033}, "model": "minefun/halloween/phantom/dagger"},
		{ "predicate": {"custom_model_data": 100034}, "model": "minefun/halloween/phantom/greatsword"},
		{ "predicate": {"custom_model_data": 100035}, "model": "minefun/halloween/phantom/spear"},
		{ "predicate": {"custom_model_data": 100036}, "model": "minefun/halloween/phantom/sword"},
		
		{ "predicate": {"custom_model_data": 100037}, "model": "minefun/halloween/scarecrow/dagger"},
		{ "predicate": {"custom_model_data": 100038}, "model": "minefun/halloween/scarecrow/spear"},
		{ "predicate": {"custom_model_data": 100039}, "model": "minefun/halloween/scarecrow/sword"},
		
		{ "predicate": {"custom_model_data": 100040}, "model": "minefun/cyber_set/knife"},
		{ "predicate": {"custom_model_data": 100041}, "model": "minefun/cyber_set/sickle"},
		{ "predicate": {"custom_model_data": 100042}, "model": "minefun/cyber_set/spear"},
		{ "predicate": {"custom_model_data": 100043}, "model": "minefun/cyber_set/sword"},
		
		{ "predicate": {"custom_model_data": 100044}, "model": "minefun/cyberpunkset/baton"},
		{ "predicate": {"custom_model_data": 100045}, "model": "minefun/cyberpunkset/dagger"},
		{ "predicate": {"custom_model_data": 100046}, "model": "minefun/cyberpunkset/greatsword"},
		{ "predicate": {"custom_model_data": 100047}, "model": "minefun/cyberpunkset/spear"},
		{ "predicate": {"custom_model_data": 100048}, "model": "minefun/cyberpunkset/sword"},
		
		
		{ "predicate": {"custom_model_data": 100049}, "model": "minefun/black_friday/angel/sword"},
		{ "predicate": {"custom_model_data": 100050}, "model": "minefun/black_friday/demon/demon_scythe"},
		{ "predicate": {"custom_model_data": 100051}, "model": "minefun/black_friday/demon/demon_sword"},
		{ "predicate": {"custom_model_data": 100052}, "model": "minefun/black_friday/halloween/big_sword"},
		{ "predicate": {"custom_model_data": 100053}, "model": "minefun/black_friday/halloween/greatsword"},
		{ "predicate": {"custom_model_data": 100054}, "model": "minefun/black_friday/marvel/infinity_gauntlet"},
		{ "predicate": {"custom_model_data": 100055}, "model": "minefun/black_friday/marvel/wolverine_claws"},
		{ "predicate": {"custom_model_data": 100056}, "model": "minefun/black_friday/overlord/big_sword"},
		{ "predicate": {"custom_model_data": 100057}, "model": "minefun/black_friday/overlord/dagger"},

		{ "predicate": {"custom_model_data": 100058}, "model": "minefun/pokemon_crate/rayquaza_sword"},
		{ "predicate": {"custom_model_data": 100059}, "model": "minefun/pokemon_crate/umbreon_sword"},
		{ "predicate": {"custom_model_data": 100060}, "model": "minefun/christmas_crate/bigsword"},
		{ "predicate": {"custom_model_data": 100061}, "model": "minefun/christmas_crate/spear_sword"},
		
		{ "predicate": {"custom_model_data": 100062}, "model": "minefun/christmas_crate2/sword"},
		
		{ "predicate": {"custom_model_data": 100063}, "model": "minefun/dragon_crate/big_sword"},
		{ "predicate": {"custom_model_data": 100064}, "model": "minefun/dragon_crate/dagger_sword"},
		{ "predicate": {"custom_model_data": 100065}, "model": "minefun/dragon_crate/spear_sword"},
		{ "predicate": {"custom_model_data": 100066}, "model": "minefun/dragon_crate/sword"},
		
		
		{ "predicate": {"custom_model_data": 100067}, "model": "minefun/lunar25_crate/dagger_sword"},
		{ "predicate": {"custom_model_data": 100068}, "model": "minefun/lunar25_crate/greatsword_sword"},
		{ "predicate": {"custom_model_data": 100069}, "model": "minefun/lunar25_crate/spear_sword"},
		{ "predicate": {"custom_model_data": 100070}, "model": "minefun/lunar25_crate/sword"},
		
		
		{ "predicate": {"custom_model_data": 100071}, "model": "minefun/valentine_crate/sps_broken_vow_sword"},
		{ "predicate": {"custom_model_data": 100072}, "model": "minefun/valentine_crate/sword"},
		
		{ "predicate": {"custom_model_data": 100073}, "model": "minefun/trickster_crate/dagger"},
		{ "predicate": {"custom_model_data": 100074}, "model": "minefun/trickster_crate/greatsword"},
		{ "predicate": {"custom_model_data": 100075}, "model": "minefun/trickster_crate/spear"},
		{ "predicate": {"custom_model_data": 100076}, "model": "minefun/trickster_crate/sword"},
		
		{ "predicate": {"custom_model_data": 100077}, "model": "minefun/tower_crate/sickle"},
		{ "predicate": {"custom_model_data": 100078}, "model": "minefun/tower_crate/spear"},
		{ "predicate": {"custom_model_data": 100079}, "model": "minefun/tower_crate/sword"},
		
		{ "predicate": {"custom_model_data": 100080}, "model": "minefun/fishing_crate/sword"},
		
		{ "predicate": {"custom_model_data": 100081}, "model": "minefun/stpatrick_crate/greatsword"},
		{ "predicate": {"custom_model_data": 100082}, "model": "minefun/stpatrick_crate/scythe"},
		{ "predicate": {"custom_model_data": 100083}, "model": "minefun/stpatrick_crate/sword"},
		
		{ "predicate": {"custom_model_data": 100084}, "model": "minefun/blossom_crate/katana"},
		{ "predicate": {"custom_model_data": 100085}, "model": "minefun/blossom_crate/sword"},
		
		{ "predicate": {"custom_model_data": 100086}, "model": "minefun/skins/march25/sickle"},
		{ "predicate": {"custom_model_data": 100087}, "model": "minefun/skins/march25/spear"},
		{ "predicate": {"custom_model_data": 100088}, "model": "minefun/skins/march25/sword_1"},
		{ "predicate": {"custom_model_data": 100089}, "model": "minefun/skins/march25/sword_2"},
		{ "predicate": {"custom_model_data": 100090}, "model": "minefun/skins/march25/sword_3"},
		{ "predicate": {"custom_model_data": 100091}, "model": "minefun/skins/march25/sword_4"},
		{ "predicate": {"custom_model_data": 100092}, "model": "minefun/skins/march25/sword_5"},
		{ "predicate": {"custom_model_data": 100093}, "model": "minefun/skins/march25/sword_6"},
		{ "predicate": {"custom_model_data": 100094}, "model": "minefun/skins/march25/sword_7"},
		{ "predicate": {"custom_model_data": 100095}, "model": "minefun/skins/march25/sword_8"},
		{ "predicate": {"custom_model_data": 100096}, "model": "minefun/skins/march25/sword_9"},
		{ "predicate": {"custom_model_data": 100097}, "model": "minefun/skins/march25/sword_10"},
		{ "predicate": {"custom_model_data": 100098}, "model": "minefun/skins/march25/sword_11"},
		{ "predicate": {"custom_model_data": 100099}, "model": "minefun/skins/march25/sword_12"},
		{ "predicate": {"custom_model_data": 100101}, "model": "minefun/skins/march25/sword_13"},
		{ "predicate": {"custom_model_data": 100102}, "model": "minefun/skins/march25/sword_14"},
		{ "predicate": {"custom_model_data": 100103}, "model": "minefun/skins/march25/twinsword_1"},
		{ "predicate": {"custom_model_data": 100104}, "model": "minefun/skins/march25/twinsword_2"},
		{ "predicate": {"custom_model_data": 100105}, "model": "minefun/skins/march25/twinsword_3"},
		
		{ "predicate": {"custom_model_data": 100106}, "model": "minefun/fool_crate/fork_sword"},
		{ "predicate": {"custom_model_data": 100107}, "model": "minefun/fool_crate/scythe_sword"},
		{ "predicate": {"custom_model_data": 100108}, "model": "minefun/fool_crate/sword"},
		
		{ "predicate": {"custom_model_data": 100109}, "model": "minefun/easter_crate/greatsword"},
		{ "predicate": {"custom_model_data": 100110}, "model": "minefun/easter_crate/sword"},
		
		{ "predicate": {"custom_model_data": 100111}, "model": "minefun/starwars_crate/9"},
		{ "predicate": {"custom_model_data": 100112}, "model": "minefun/starwars_crate/10"},
		{ "predicate": {"custom_model_data": 100113}, "model": "minefun/starwars_crate/kyloren"},
		{ "predicate": {"custom_model_data": 100114}, "model": "minefun/starwars_crate/sps_darksaber"},
		{ "predicate": {"custom_model_data": 100115}, "model": "minefun/starwars_crate/sps_darth_vader_lsaber"},
		{ "predicate": {"custom_model_data": 100116}, "model": "minefun/starwars_crate/sps_inquisitor_lsaber"},
		{ "predicate": {"custom_model_data": 100117}, "model": "minefun/starwars_crate/sps_obiwan_lsaber"},
		{ "predicate": {"custom_model_data": 100118}, "model": "minefun/starwars_crate/sps_purple_lsaber"},
		{ "predicate": {"custom_model_data": 100119}, "model": "minefun/starwars_crate/sps_savageopress_lsaber"},
		{ "predicate": {"custom_model_data": 100120}, "model": "minefun/starwars_crate/sps_yellow_lsaber"},
		{ "predicate": {"custom_model_data": 100121}, "model": "minefun/starwars_crate/sps_yoda_lsaber"},
		
		{ "predicate": {"custom_model_data": 100122}, "model": "minefun/greek_crate/ares_set/ares_greatsword"},
		{ "predicate": {"custom_model_data": 100123}, "model": "minefun/greek_crate/zeus_set/zeus_lightning_bolt"},
		{ "predicate": {"custom_model_data": 100124}, "model": "minefun/greek_crate/nike_set/nike_dagger"},
		{ "predicate": {"custom_model_data": 100125}, "model": "minefun/greek_crate/nike_set/nike_spear"},
		{ "predicate": {"custom_model_data": 100126}, "model": "minefun/greek_crate/nike_set/nike_sword"},
		
		{ "predicate": {"custom_model_data": 100127}, "model": "minefun/pride_crate/rainbow_sword"},
		
		{ "predicate": {"custom_model_data": 100128}, "model": "minefun/void_crate/sickle"},
		{ "predicate": {"custom_model_data": 100129}, "model": "minefun/void_crate/spear"},
		{ "predicate": {"custom_model_data": 100130}, "model": "minefun/void_crate/sword"}
		
		
		
		
    ]
}