{
  "parent": "minecraft:item/handheld",
  "textures": {
    "layer0": "minecraft:item/netherite_axe"
  },
    "overrides": [
        { "predicate": {"custom_model_data": 100001}, "model": "minefun/overlord_crate/axe"},
        { "predicate": {"custom_model_data": 100002}, "model": "minefun/overlord_crate/halberd"},
        { "predicate": {"custom_model_data": 100003}, "model": "minefun/overlord_crate/mace"},
        { "predicate": {"custom_model_data": 100004}, "model": "minefun/monstertower/axes/axe6"},
        { "predicate": {"custom_model_data": 100005}, "model": "minefun/monstertower/axes/axe8"},
        { "predicate": {"custom_model_data": 100006}, "model": "minefun/monstertower/axes/axe10"},
        { "predicate": {"custom_model_data": 100007}, "model": "minefun/monstertower/axes/axe17"},
        { "predicate": {"custom_model_data": 100008}, "model": "minefun/monstertower/axes/axe19"},
        { "predicate": {"custom_model_data": 100009}, "model": "minefun/monstertower/axes/axe20"},
        { "predicate": {"custom_model_data": 100010}, "model": "minefun/monstertower/axes/axe24"},
        { "predicate": {"custom_model_data": 100011}, "model": "minefun/monstertower/axes/axe25"},
        { "predicate": {"custom_model_data": 100012}, "model": "minefun/monstertower/axes/vindicatoraxe"},
		{ "predicate": {"custom_model_data": 100013}, "model": "minefun/marvel_crate/ironman_gauntlet"},
		{ "predicate": {"custom_model_data": 100014}, "model": "minefun/marvel_crate/thor_stormbreaker"},
		{ "predicate": {"custom_model_data": 100015}, "model": "minefun/monstertower/crate/axe"},
		{ "predicate": {"custom_model_data": 100016}, "model": "minefun/monstertower/crate/battle_axe"},
		{ "predicate": {"custom_model_data": 100017}, "model": "minefun/skins/axes/greatsword_8"},
		{ "predicate": {"custom_model_data": 100018}, "model": "minefun/skins/axes/heavy_staff_cleaver"},
		{ "predicate": {"custom_model_data": 100019}, "model": "minefun/angel_crate/axe"},
		{ "predicate": {"custom_model_data": 100020}, "model": "minefun/angel_crate/battleaxes"},
		{ "predicate": {"custom_model_data": 100021}, "model": "minefun/demon_crate/demon_axe"},
		{ "predicate": {"custom_model_data": 100022}, "model": "minefun/demon_crate/demon_battleaxe"},
		
		{ "predicate": {"custom_model_data": 100023}, "model": "minefun/halloween/horseman/axe"},
		{ "predicate": {"custom_model_data": 100024}, "model": "minefun/halloween/horseman/club"},
		{ "predicate": {"custom_model_data": 100025}, "model": "minefun/halloween/horseman/halberd"},
		{ "predicate": {"custom_model_data": 100026}, "model": "minefun/halloween/horseman/mace"},
		
		{ "predicate": {"custom_model_data": 100027}, "model": "minefun/halloween/phantom/axe"},
		{ "predicate": {"custom_model_data": 100028}, "model": "minefun/halloween/phantom/mace"},
		
		{ "predicate": {"custom_model_data": 100029}, "model": "minefun/halloween/scarecrow/axe"},
		{ "predicate": {"custom_model_data": 100030}, "model": "minefun/halloween/scarecrow/club"},
		{ "predicate": {"custom_model_data": 100031}, "model": "minefun/halloween/scarecrow/halberd"},
		{ "predicate": {"custom_model_data": 100032}, "model": "minefun/halloween/scarecrow/mace"}
		
		
		
		
    ]
}