{
  "parent": "minecraft:item/handheld",
  "textures": {
    "layer0": "minecraft:item/netherite_pickaxe"
  },
    "overrides": [

		{ "predicate": {"custom_model_data": 100001}, "model": "minefun/overlord_crate/pickaxe"},
        { "predicate": {"custom_model_data": 100002}, "model": "minefun/overlord_crate/hammer"},
		{ "predicate": {"custom_model_data": 100003}, "model": "minefun/monstertower/pickaxes/hammer"},
		{ "predicate": {"custom_model_data": 100004}, "model": "minefun/monstertower/pickaxes/pickaxe"}
		
		
		
    ]
}