{
  "parent": "minecraft:item/handheld",
  "textures": {
    "layer0": "minecraft:item/netherite_pickaxe"
  },
    "overrides": [

		{ "predicate": {"custom_model_data": 100001}, "model": "minefun/overlord_crate/pickaxe"},
        { "predicate": {"custom_model_data": 100002}, "model": "minefun/overlord_crate/hammer"},
		{ "predicate": {"custom_model_data": 100003}, "model": "minefun/monstertower/pickaxes/hammer"},
		{ "predicate": {"custom_model_data": 100004}, "model": "minefun/monstertower/pickaxes/pickaxe"},
		{ "predicate": {"custom_model_data": 100005}, "model": "minefun/marvel_crate/hulk_fist"},
		{ "predicate": {"custom_model_data": 100006}, "model": "minefun/marvel_crate/thor_mjolnir"},
		{ "predicate": {"custom_model_data": 100007}, "model": "minefun/monstertower/crate/hammer"},
		{ "predicate": {"custom_model_data": 100008}, "model": "minefun/monstertower/crate/pickaxe"},
		
		{ "predicate": {"custom_model_data": 100009}, "model": "minefun/skins/pickaxes/hammer_of_light"},
		{ "predicate": {"custom_model_data": 100010}, "model": "minefun/skins/pickaxes/ice_hammer"},
		{ "predicate": {"custom_model_data": 100011}, "model": "minefun/skins/pickaxes/magnet_hammer"},
		{ "predicate": {"custom_model_data": 100012}, "model": "minefun/skins/pickaxes/molten_obsidian_hammer"}
		
		
		
    ]
}