{
  "parent": "minecraft:item/handheld",
  "textures": {
    "layer0": "minecraft:item/netherite_pickaxe"
  },
    "overrides": [

		{ "predicate": {"custom_model_data": 100001}, "model": "minefun/overlord_crate/pickaxe"},
        { "predicate": {"custom_model_data": 100002}, "model": "minefun/overlord_crate/hammer"},
		{ "predicate": {"custom_model_data": 100003}, "model": "minefun/monstertower/pickaxes/hammer"},
		{ "predicate": {"custom_model_data": 100004}, "model": "minefun/monstertower/pickaxes/pickaxe"},
		{ "predicate": {"custom_model_data": 100005}, "model": "minefun/marvel_crate/hulk_fist"},
		{ "predicate": {"custom_model_data": 100006}, "model": "minefun/marvel_crate/thor_mjolnir"},
		{ "predicate": {"custom_model_data": 100007}, "model": "minefun/monstertower/crate/hammer"},
		{ "predicate": {"custom_model_data": 100008}, "model": "minefun/monstertower/crate/pickaxe"},
		{ "predicate": {"custom_model_data": 100009}, "model": "minefun/skins/pickaxes/hammer_of_light"},
		{ "predicate": {"custom_model_data": 100010}, "model": "minefun/skins/pickaxes/ice_hammer"},
		{ "predicate": {"custom_model_data": 100011}, "model": "minefun/skins/pickaxes/magnet_hammer"},
		{ "predicate": {"custom_model_data": 100012}, "model": "minefun/skins/pickaxes/molten_obsidian_hammer"},
		{ "predicate": {"custom_model_data": 100013}, "model": "minefun/angel_crate/pickaxe"},
		{ "predicate": {"custom_model_data": 100014}, "model": "minefun/angel_crate/hammer"},
		{ "predicate": {"custom_model_data": 100015}, "model": "minefun/demon_crate/demon_pickaxe"},
		

		{ "predicate": {"custom_model_data": 100016}, "model": "minefun/halloween/horseman/hammer"},
		{ "predicate": {"custom_model_data": 100017}, "model": "minefun/halloween/horseman/pickaxe"},
		
		{ "predicate": {"custom_model_data": 100018}, "model": "minefun/halloween/phantom/hammer"},
		{ "predicate": {"custom_model_data": 100019}, "model": "minefun/halloween/phantom/pickaxe"},
		
		{ "predicate": {"custom_model_data": 100020}, "model": "minefun/halloween/scarecrow/hammer"},
		{ "predicate": {"custom_model_data": 100021}, "model": "minefun/halloween/scarecrow/pickaxe"},
		
		{ "predicate": {"custom_model_data": 100022}, "model": "minefun/cyber_set/pickaxe"},
		{ "predicate": {"custom_model_data": 100023}, "model": "minefun/cyber_set/hammer"},
		
		{ "predicate": {"custom_model_data": 100024}, "model": "minefun/cyberpunkset/pickaxe"},
		{ "predicate": {"custom_model_data": 100025}, "model": "minefun/cyberpunkset/hammer"},

		{ "predicate": {"custom_model_data": 100026}, "model": "minefun/black_friday/overlord/hammer"},

		{ "predicate": {"custom_model_data": 100027}, "model": "minefun/pokemon_crate/groudon_pickaxe"},
		{ "predicate": {"custom_model_data": 100028}, "model": "minefun/christmas_crate/hammer_pickaxe"},
		{ "predicate": {"custom_model_data": 100029}, "model": "minefun/christmas_crate/pickaxe"}
		
		
    ]
}