{
  "parent": "minecraft:item/handheld",
  "textures": {
    "layer0": "minecraft:item/netherite_hoe"
  },
    "overrides": [
	
	
		{ "predicate": {"custom_model_data": 100001}, "model": "minefun/overlord_crate/hoe"},
		{ "predicate": {"custom_model_data": 100002}, "model": "minefun/overlord_crate/staff"},
		{ "predicate": {"custom_model_data": 100003}, "model": "minefun/monstertower/hoes/hoe"},
		{ "predicate": {"custom_model_data": 100004}, "model": "minefun/marvel_crate/loki_staff"},
		{ "predicate": {"custom_model_data": 100005}, "model": "minefun/monstertower/crate/hoe"},
		{ "predicate": {"custom_model_data": 100006}, "model": "minefun/monstertower/crate/staff"},
		{ "predicate": {"custom_model_data": 100007}, "model": "minefun/angel_crate/hoe"},
		{ "predicate": {"custom_model_data": 100008}, "model": "minefun/angel_crate/staff"},
		{ "predicate": {"custom_model_data": 100009}, "model": "minefun/demon_crate/demon_hoe"},
		{ "predicate": {"custom_model_data": 100010}, "model": "minefun/demon_crate/demon_staff"},
		

		{ "predicate": {"custom_model_data": 100011}, "model": "minefun/halloween/horseman/hoe"},
		{ "predicate": {"custom_model_data": 100012}, "model": "minefun/halloween/horseman/staff"},
		
		{ "predicate": {"custom_model_data": 100013}, "model": "minefun/halloween/phantom/hoe"},
		{ "predicate": {"custom_model_data": 100014}, "model": "minefun/halloween/phantom/staff"},
		
		{ "predicate": {"custom_model_data": 100015}, "model": "minefun/halloween/scarecrow/hoe"},
		{ "predicate": {"custom_model_data": 100016}, "model": "minefun/halloween/scarecrow/staff"}	
		
		
    ]
}