{
  "parent": "item/generated",
  "textures": {
    "layer0": "item/paper"
  },
  "overrides": [
        { "predicate": {"custom_model_data": 1}, "model": "minefun/overlord_crate/chest"},
		{ "predicate": {"custom_model_data": 2}, "model": "minefun/monstertower/crate/chest"},
		{ "predicate": {"custom_model_data": 3}, "model": "minefun/angel_crate/chest"},
		{ "predicate": {"custom_model_data": 4}, "model": "minefun/demon_crate/demon_chest"},
		
		{ "predicate": {"custom_model_data": 5}, "model": "minefun/halloween/horseman/chest"},
		{ "predicate": {"custom_model_data": 6}, "model": "minefun/halloween/phantom/chest"},
		{ "predicate": {"custom_model_data": 7}, "model": "minefun/halloween/scarecrow/chest"},
		{ "predicate": {"custom_model_data": 8}, "model": "minefun/cyberpunkset/chest"},

		{ "predicate": {"custom_model_data": 9}, "model": "minefun/dungeon_crate/chest"},
		{ "predicate": {"custom_model_data": 10}, "model": "minefun/christmas_crate2/chest"},
		{ "predicate": {"custom_model_data": 11}, "model": "minefun/dragon_crate/chest_paper"},
		{ "predicate": {"custom_model_data": 12}, "model": "minefun/lunar25_crate/chest_paper"},
		
		
		{ "predicate": {"custom_model_data": 100001}, "model": "minefun/halloween/baskets/bat_bucket"},
		{ "predicate": {"custom_model_data": 100002}, "model": "minefun/halloween/baskets/black_cat_bucket"},
		{ "predicate": {"custom_model_data": 100003}, "model": "minefun/halloween/baskets/cauldron_bucket"},
		{ "predicate": {"custom_model_data": 100004}, "model": "minefun/halloween/baskets/clown_bucket"},
		{ "predicate": {"custom_model_data": 100005}, "model": "minefun/halloween/baskets/creature_bucket"},
		{ "predicate": {"custom_model_data": 100006}, "model": "minefun/halloween/baskets/ghost_bucket"},
		{ "predicate": {"custom_model_data": 100007}, "model": "minefun/halloween/baskets/mummy_bucket"},
		{ "predicate": {"custom_model_data": 100008}, "model": "minefun/halloween/baskets/pumpkin_bucket"},
		{ "predicate": {"custom_model_data": 100009}, "model": "minefun/halloween/baskets/skull_bucket"},
		{ "predicate": {"custom_model_data": 100010}, "model": "minefun/halloween/baskets/vampire_bucket"}
		
		
  ]
}