{
    "parent": "builtin/entity",
    "gui_light": "front",
    "textures": {
        "particle": "block/dark_oak_planks"
    },
    "display": {
        "thirdperson_righthand": {
            "rotation": [ 0, 90, 0 ],
            "translation": [ 10, 6, -4 ],
            "scale": [ 1, 1, 1 ]
        },
        "thirdperson_lefthand": {
            "rotation": [ 0, 90, 0 ],
            "translation": [ 10, 6, 12 ],
            "scale": [ 1, 1, 1 ]
        },
        "firstperson_righthand": {
            "rotation": [ 0, 180, 5 ],
            "translation": [ -10, 2, -10 ],
            "scale": [ 1.25, 1.25, 1.25 ]
        },
        "firstperson_lefthand": {
            "rotation": [ 0, 180, 5 ],
            "translation": [ 10, 0, -10 ],
            "scale": [ 1.25, 1.25, 1.25 ]
        },
        "gui": {
            "rotation": [ 15, -25, -5 ],
            "translation": [ 2, 3, 0 ],
            "scale": [ 0.65, 0.65, 0.65 ]
        },
        "fixed": {
            "rotation": [ 0, 180, 0 ],
            "translation": [ -2, 4, -5],
            "scale":[ 0.5, 0.5, 0.5]
        },
        "ground": {
            "rotation": [ 0, 0, 0 ],
            "translation": [ 4, 4, 2],
            "scale":[ 0.25, 0.25, 0.25]
        }
    },
    "overrides": [
        {
            "predicate": {
                "blocking": 1
            },
            "model": "item/shield_blocking"
        },
		
        { "predicate": { "custom_model_data": 100001 }, "model": "minefun/overlord_crate/shield" },
        { "predicate": { "custom_model_data": 100001, "blocking": 1 }, "model": "minefun/overlord_crate/shield_blocking" },
		{ "predicate": { "custom_model_data": 100002 }, "model": "minefun/marvel_crate/captainamerica_shield" },
        { "predicate": { "custom_model_data": 100002, "blocking": 1 }, "model": "minefun/marvel_crate/captainamerica_shield_blocking" },
		{ "predicate": { "custom_model_data": 100003 }, "model": "minefun/monstertower/crate/shield" },
        { "predicate": { "custom_model_data": 100003, "blocking": 1 }, "model": "minefun/monstertower/crate/shield_blocking" },
		{ "predicate": { "custom_model_data": 100004 }, "model": "minefun/angel_crate/shield" },
        { "predicate": { "custom_model_data": 100004, "blocking": 1 }, "model": "minefun/angel_crate/shield_blocking" },
		{ "predicate": { "custom_model_data": 100005 }, "model": "minefun/demon_crate/demon_shield" },
        { "predicate": { "custom_model_data": 100005, "blocking": 1 }, "model": "minefun/demon_crate/demon_shield_blocking" },
		
		{ "predicate": { "custom_model_data": 100006 }, "model": "minefun/halloween/horseman/shield" },
        { "predicate": { "custom_model_data": 100006, "blocking": 1 }, "model": "minefun/halloween/horseman/shield_blocking" },
		
		{ "predicate": { "custom_model_data": 100007 }, "model": "minefun/halloween/phantom/shield" },
        { "predicate": { "custom_model_data": 100007, "blocking": 1 }, "model": "minefun/halloween/phantom/shield_blocking" },
		
		{ "predicate": { "custom_model_data": 100008 }, "model": "minefun/halloween/scarecrow/shield" },
        { "predicate": { "custom_model_data": 100008, "blocking": 1 }, "model": "minefun/halloween/scarecrow/shield_blocking" },
		
		{ "predicate": { "custom_model_data": 100009 }, "model": "minefun/cyber_set/shield" },
        { "predicate": { "custom_model_data": 100009, "blocking": 1 }, "model": "minefun/cyber_set/shield_blocking" },
		
		{ "predicate": { "custom_model_data": 100010 }, "model": "minefun/cyberpunkset/shield" },
        { "predicate": { "custom_model_data": 100010, "blocking": 1 }, "model": "minefun/cyberpunkset/shield_blocking" },
		
		{ "predicate": { "custom_model_data": 100011 }, "model": "minefun/black_friday/marvel/captainamerica_shield" },
        { "predicate": { "custom_model_data": 100011, "blocking": 1 }, "model": "minefun/black_friday/marvel/captainamerica_shield_blocking" },
		
		{ "predicate": { "custom_model_data": 100012 }, "model": "minefun/pokemon_crate/regigigas_shield" },
        { "predicate": { "custom_model_data": 100012, "blocking": 1 }, "model": "minefun/pokemon_crate/regigigas_shield_blocking" }		
		
    ]
}
