{
	"credit": "Made with Blockbench",
	"texture_size": [128, 128],
	"textures": {
		"0": "item/halloween/scarecrow/scarecrow_texture",
		"1": "item/halloween/scarecrow/scarecrow_animation_01",
		"4": "item/halloween/scarecrow/scarecrow_animation_04",
		"5": "item/halloween/scarecrow/scarecrow_animation_03",
		"particle": "item/halloween/scarecrow/scarecrow_texture"
	},
	"elements": [
		{
			"from": [7, 2.3, 6.75],
			"to": [9, 9.3, 9.25],
			"rotation": {"angle": 0, "axis": "y", "origin": [0, 10, -2.5]},
			"faces": {
				"north": {"uv": [5.6875, 2, 5.9375, 2.875], "texture": "#0"},
				"east": {"uv": [5.375, 2, 5.6875, 2.875], "texture": "#0"},
				"south": {"uv": [5.6875, 2, 5.9375, 2.875], "texture": "#0"},
				"west": {"uv": [5.375, 2, 5.6875, 2.875], "texture": "#0"},
				"up": {"uv": [5.9375, 2, 6.1875, 2.3125], "texture": "#0"},
				"down": {"uv": [5.9375, 2, 6.1875, 2.3125], "texture": "#0"}
			}
		},
		{
			"from": [5.5, 11, 2.5],
			"to": [10.5, 15, 7.5],
			"rotation": {"angle": -22.5, "axis": "x", "origin": [7.93682, 18, 5.4266]},
			"faces": {
				"north": {"uv": [0, 0, 0.625, 0.5], "texture": "#0"},
				"east": {"uv": [0.9375, 0, 0.3125, 0.5], "texture": "#0"},
				"south": {"uv": [0, 0, 0.625, 0.5], "texture": "#0"},
				"west": {"uv": [0.3125, 0, 0.9375, 0.5], "texture": "#0"},
				"up": {"uv": [1.375, 1.6875, 2, 2.3125], "rotation": 270, "texture": "#0"},
				"down": {"uv": [1.375, 1.6875, 2, 2.3125], "rotation": 270, "texture": "#0"}
			}
		},
		{
			"from": [6, 24.97115, 10.62589],
			"to": [8, 26.47115, 10.62589],
			"rotation": {"angle": 45, "axis": "x", "origin": [8.07325, 20.8, 11.55]},
			"faces": {
				"north": {"uv": [6.375, 1.8125, 6.625, 2], "texture": "#0"},
				"east": {"uv": [5.6875, 2, 5.6875, 2.1875], "texture": "#0"},
				"south": {"uv": [6.625, 1.8125, 6.375, 2], "texture": "#0"},
				"west": {"uv": [5.6875, 2, 5.6875, 2.1875], "texture": "#0"},
				"up": {"uv": [5.9375, 2, 5.9375, 2.25], "rotation": 90, "texture": "#0"},
				"down": {"uv": [5.9375, 2, 5.9375, 2.25], "rotation": 270, "texture": "#0"}
			}
		},
		{
			"from": [6, 21.76238, 5.97124],
			"to": [8, 21.76238, 7.47124],
			"rotation": {"angle": 0, "axis": "y", "origin": [8.07325, 20.8, 11.55]},
			"faces": {
				"north": {"uv": [5.9375, 2, 5.9375, 2.25], "rotation": 270, "texture": "#0"},
				"east": {"uv": [5.6875, 2.1875, 5.6875, 2], "rotation": 270, "texture": "#0"},
				"south": {"uv": [5.9375, 2, 5.9375, 2.25], "rotation": 270, "texture": "#0"},
				"west": {"uv": [5.6875, 2.1875, 5.6875, 2], "rotation": 90, "texture": "#0"},
				"up": {"uv": [6.375, 2, 6.625, 1.8125], "rotation": 180, "texture": "#0"},
				"down": {"uv": [6.625, 2, 6.375, 1.8125], "texture": "#0"}
			}
		},
		{
			"from": [8, 21.76238, 5.97124],
			"to": [10, 21.76238, 7.47124],
			"rotation": {"angle": 0, "axis": "y", "origin": [8.07325, 20.8, 11.55]},
			"faces": {
				"north": {"uv": [5.9375, 2.25, 5.9375, 2], "rotation": 270, "texture": "#0"},
				"east": {"uv": [5.6875, 2.1875, 5.6875, 2], "rotation": 270, "texture": "#0"},
				"south": {"uv": [5.9375, 2.25, 5.9375, 2], "rotation": 270, "texture": "#0"},
				"west": {"uv": [5.6875, 2.1875, 5.6875, 2], "rotation": 90, "texture": "#0"},
				"up": {"uv": [6.625, 2, 6.375, 1.8125], "rotation": 180, "texture": "#0"},
				"down": {"uv": [6.375, 2, 6.625, 1.8125], "texture": "#0"}
			}
		},
		{
			"from": [8, 24.97115, 10.62589],
			"to": [10, 26.47115, 10.62589],
			"rotation": {"angle": 45, "axis": "x", "origin": [8.07325, 20.8, 11.55]},
			"faces": {
				"north": {"uv": [6.625, 1.8125, 6.375, 2], "texture": "#0"},
				"east": {"uv": [5.6875, 2, 5.6875, 2.1875], "texture": "#0"},
				"south": {"uv": [6.375, 1.8125, 6.625, 2], "texture": "#0"},
				"west": {"uv": [5.6875, 2, 5.6875, 2.1875], "texture": "#0"},
				"up": {"uv": [5.9375, 2.25, 5.9375, 2], "rotation": 90, "texture": "#0"},
				"down": {"uv": [5.9375, 2.25, 5.9375, 2], "rotation": 270, "texture": "#0"}
			}
		},
		{
			"from": [7.5, 18.85546, 9.53475],
			"to": [10.5, 22.85546, 13.53475],
			"rotation": {"angle": 22.5, "axis": "x", "origin": [8.07325, 20.8, 11.55]},
			"faces": {
				"north": {"uv": [3.5, 3.4375, 4, 3.0625], "rotation": 90, "texture": "#0"},
				"east": {"uv": [3, 3.1875, 3.5, 2.6875], "rotation": 90, "texture": "#0"},
				"south": {"uv": [3.5, 3.4375, 4, 3.0625], "rotation": 90, "texture": "#0"},
				"west": {"uv": [3, 2.6875, 3.5, 3.1875], "rotation": 90, "texture": "#0"},
				"up": {"uv": [4, 3.0625, 3.5, 2.6875], "rotation": 90, "texture": "#0"},
				"down": {"uv": [4, 3.0625, 3.5, 2.6875], "rotation": 90, "texture": "#0"}
			}
		},
		{
			"from": [8, 20.8, 8.05],
			"to": [10, 23.3, 15.05],
			"rotation": {"angle": -22.5, "axis": "x", "origin": [8.07325, 20.8, 11.55]},
			"faces": {
				"north": {"uv": [6.1875, 2, 5.9375, 2.3125], "rotation": 180, "texture": "#0"},
				"east": {"uv": [5.6875, 2, 5.375, 2.875], "rotation": 270, "texture": "#0"},
				"south": {"uv": [6.1875, 2, 5.9375, 2.3125], "texture": "#0"},
				"west": {"uv": [5.6875, 2, 5.375, 2.875], "rotation": 90, "texture": "#0"},
				"up": {"uv": [5.9375, 2, 5.6875, 2.875], "rotation": 180, "texture": "#0"},
				"down": {"uv": [5.9375, 2, 5.6875, 2.875], "texture": "#0"}
			}
		},
		{
			"from": [8, 18.3, 8.05],
			"to": [10, 20.8, 15.05],
			"rotation": {"angle": -22.5, "axis": "x", "origin": [8.07325, 20.8, 11.55]},
			"faces": {
				"north": {"uv": [6.1875, 2, 5.9375, 2.3125], "rotation": 180, "texture": "#0"},
				"east": {"uv": [5.6875, 2, 5.375, 2.875], "rotation": 270, "texture": "#0"},
				"south": {"uv": [6.1875, 2, 5.9375, 2.3125], "texture": "#0"},
				"west": {"uv": [5.6875, 2, 5.375, 2.875], "rotation": 90, "texture": "#0"},
				"up": {"uv": [5.9375, 2, 5.6875, 2.875], "rotation": 180, "texture": "#0"},
				"down": {"uv": [5.9375, 2, 5.6875, 2.875], "texture": "#0"}
			}
		},
		{
			"from": [3, 15, 0],
			"to": [13, 16, 10],
			"rotation": {"angle": -22.5, "axis": "x", "origin": [7.93682, 18, 5.4266]},
			"faces": {
				"north": {"uv": [1.25, 3.75, 0, 3.875], "texture": "#0"},
				"east": {"uv": [1.25, 3.625, 0, 3.75], "texture": "#0"},
				"south": {"uv": [1.25, 3.75, 0, 3.875], "texture": "#0"},
				"west": {"uv": [1.25, 3.625, 0, 3.75], "texture": "#0"},
				"up": {"uv": [1.25, 2.375, 0, 3.625], "texture": "#0"},
				"down": {"uv": [1.25, 2.375, 0, 3.625], "texture": "#0"}
			}
		},
		{
			"from": [5, 15.5, 2],
			"to": [11, 17.5, 8],
			"rotation": {"angle": -22.5, "axis": "x", "origin": [7.93682, 18, 5.4266]},
			"faces": {
				"north": {"uv": [2, 3.375, 1.25, 3.625], "texture": "#0"},
				"east": {"uv": [2, 3.125, 1.25, 3.375], "texture": "#0"},
				"south": {"uv": [2, 3.375, 1.25, 3.625], "texture": "#0"},
				"west": {"uv": [2, 3.125, 1.25, 3.375], "texture": "#0"},
				"up": {"uv": [2, 2.375, 1.25, 3.125], "texture": "#0"},
				"down": {"uv": [2, 2.375, 1.25, 3.125], "texture": "#0"}
			}
		},
		{
			"from": [6, 17.5, 3],
			"to": [10, 20.5, 7],
			"rotation": {"angle": -22.5, "axis": "x", "origin": [7.93682, 18, 5.4266]},
			"faces": {
				"north": {"uv": [2.5, 2.875, 2, 3.25], "texture": "#0"},
				"east": {"uv": [2.5, 2.875, 2, 3.25], "texture": "#0"},
				"south": {"uv": [2.5, 2.875, 2, 3.25], "texture": "#0"},
				"west": {"uv": [2.5, 2.875, 2, 3.25], "texture": "#0"},
				"up": {"uv": [2.5, 2.375, 2, 2.875], "texture": "#0"},
				"down": {"uv": [2.5, 2.375, 2, 2.875], "texture": "#0"}
			}
		},
		{
			"from": [6.87365, 19.65592, 3.28516],
			"to": [8.87365, 22.65592, 5.28516],
			"rotation": {"angle": 0, "axis": "y", "origin": [7.93682, 18, 5.4266]},
			"faces": {
				"north": {"uv": [2.75, 2.8125, 2.5, 3.1875], "texture": "#0"},
				"east": {"uv": [2.75, 2.4375, 2.5, 2.8125], "texture": "#0"},
				"south": {"uv": [2.75, 2.8125, 2.5, 3.1875], "texture": "#0"},
				"west": {"uv": [2.75, 2.4375, 2.5, 2.8125], "texture": "#0"},
				"up": {"uv": [3, 2.4375, 2.75, 2.6875], "rotation": 270, "texture": "#0"},
				"down": {"uv": [3, 2.4375, 2.75, 2.6875], "rotation": 90, "texture": "#0"}
			}
		},
		{
			"from": [6.87365, 21.65592, 5.28516],
			"to": [8.87365, 22.65592, 7.28516],
			"rotation": {"angle": 0, "axis": "y", "origin": [7.93682, 18, 5.4266]},
			"faces": {
				"north": {"uv": [3, 2.8125, 2.75, 2.9375], "texture": "#0"},
				"east": {"uv": [2.75, 2.6875, 3, 2.8125], "texture": "#0"},
				"south": {"uv": [3, 2.8125, 2.75, 2.9375], "texture": "#0"},
				"west": {"uv": [3, 2.6875, 2.75, 2.8125], "texture": "#0"},
				"up": {"uv": [3, 2.9375, 2.75, 3.1875], "rotation": 270, "texture": "#0"},
				"down": {"uv": [3, 2.9375, 2.75, 3.1875], "rotation": 90, "texture": "#0"}
			}
		},
		{
			"from": [8, 19.87589, 15.72115],
			"to": [10, 19.87589, 17.22115],
			"rotation": {"angle": 0, "axis": "y", "origin": [8.07325, 20.8, 11.55]},
			"faces": {
				"north": {"uv": [5.9375, 2.25, 5.9375, 2], "rotation": 90, "texture": "#0"},
				"east": {"uv": [5.6875, 2, 5.6875, 2.1875], "rotation": 270, "texture": "#0"},
				"south": {"uv": [5.9375, 2.25, 5.9375, 2], "rotation": 90, "texture": "#0"},
				"west": {"uv": [5.6875, 2, 5.6875, 2.1875], "rotation": 90, "texture": "#0"},
				"up": {"uv": [6.625, 1.8125, 6.375, 2], "rotation": 180, "texture": "#0"},
				"down": {"uv": [6.375, 1.8125, 6.625, 2], "texture": "#0"}
			}
		},
		{
			"from": [6, 19.87589, 15.72115],
			"to": [8, 19.87589, 17.22115],
			"rotation": {"angle": 0, "axis": "y", "origin": [8.07325, 20.8, 11.55]},
			"faces": {
				"north": {"uv": [5.9375, 2, 5.9375, 2.25], "rotation": 90, "texture": "#0"},
				"east": {"uv": [5.6875, 2, 5.6875, 2.1875], "rotation": 270, "texture": "#0"},
				"south": {"uv": [5.9375, 2, 5.9375, 2.25], "rotation": 90, "texture": "#0"},
				"west": {"uv": [5.6875, 2, 5.6875, 2.1875], "rotation": 90, "texture": "#0"},
				"up": {"uv": [6.375, 1.8125, 6.625, 2], "rotation": 180, "texture": "#0"},
				"down": {"uv": [6.625, 1.8125, 6.375, 2], "texture": "#0"}
			}
		},
		{
			"from": [9.91394, 18.3, 15.02091],
			"to": [9.91394, 20.8, 16.72091],
			"rotation": {"angle": -22.5, "axis": "x", "origin": [8.07325, 20.8, 11.55]},
			"faces": {
				"north": {"uv": [6.1875, 2, 5.9375, 2.3125], "rotation": 180, "texture": "#0"},
				"east": {"uv": [6.6875, 1.8125, 6.375, 2], "rotation": 270, "texture": "#0"},
				"south": {"uv": [6.1875, 2, 5.9375, 2.3125], "texture": "#0"},
				"west": {"uv": [6.375, 1.8125, 6.6875, 2], "rotation": 90, "texture": "#0"},
				"up": {"uv": [5.9375, 2, 5.6875, 2.875], "rotation": 180, "texture": "#0"},
				"down": {"uv": [5.9375, 2, 5.6875, 2.875], "texture": "#0"}
			}
		},
		{
			"from": [9.91394, 20.8, 15.02091],
			"to": [9.91394, 23.3, 16.72091],
			"rotation": {"angle": -22.5, "axis": "x", "origin": [8.07325, 20.8, 11.55]},
			"faces": {
				"north": {"uv": [6.1875, 2, 5.9375, 2.3125], "rotation": 180, "texture": "#0"},
				"east": {"uv": [6.6875, 1.8125, 6.375, 2], "rotation": 270, "texture": "#0"},
				"south": {"uv": [6.1875, 2, 5.9375, 2.3125], "texture": "#0"},
				"west": {"uv": [6.375, 1.8125, 6.6875, 2], "rotation": 90, "texture": "#0"},
				"up": {"uv": [5.9375, 2, 5.6875, 2.875], "rotation": 180, "texture": "#0"},
				"down": {"uv": [5.9375, 2, 5.6875, 2.875], "texture": "#0"}
			}
		},
		{
			"from": [6.01394, 20.8, 15.02091],
			"to": [6.01394, 23.3, 16.72091],
			"rotation": {"angle": -22.5, "axis": "x", "origin": [8.07325, 20.8, 11.55]},
			"faces": {
				"north": {"uv": [6.1875, 2, 5.9375, 2.3125], "rotation": 180, "texture": "#0"},
				"east": {"uv": [6.6875, 1.8125, 6.375, 2], "rotation": 270, "texture": "#0"},
				"south": {"uv": [6.1875, 2, 5.9375, 2.3125], "texture": "#0"},
				"west": {"uv": [6.375, 1.8125, 6.6875, 2], "rotation": 90, "texture": "#0"},
				"up": {"uv": [5.9375, 2, 5.6875, 2.875], "rotation": 180, "texture": "#0"},
				"down": {"uv": [5.9375, 2, 5.6875, 2.875], "texture": "#0"}
			}
		},
		{
			"from": [6.01394, 18.3, 15.02091],
			"to": [6.01394, 20.8, 16.72091],
			"rotation": {"angle": -22.5, "axis": "x", "origin": [8.07325, 20.8, 11.55]},
			"faces": {
				"north": {"uv": [6.1875, 2, 5.9375, 2.3125], "rotation": 180, "texture": "#0"},
				"east": {"uv": [6.6875, 1.8125, 6.375, 2], "rotation": 270, "texture": "#0"},
				"south": {"uv": [6.1875, 2, 5.9375, 2.3125], "texture": "#0"},
				"west": {"uv": [6.375, 1.8125, 6.6875, 2], "rotation": 90, "texture": "#0"},
				"up": {"uv": [5.9375, 2, 5.6875, 2.875], "rotation": 180, "texture": "#0"},
				"down": {"uv": [5.9375, 2, 5.6875, 2.875], "texture": "#0"}
			}
		},
		{
			"from": [10.01394, 20.8, 6.57909],
			"to": [10.01394, 23.3, 8.07909],
			"rotation": {"angle": -22.5, "axis": "x", "origin": [8.07325, 20.8, 11.55]},
			"faces": {
				"north": {"uv": [6.1875, 2.3125, 5.9375, 2], "rotation": 180, "texture": "#0"},
				"east": {"uv": [6.6875, 2, 6.375, 1.8125], "rotation": 270, "texture": "#0"},
				"south": {"uv": [6.1875, 2.3125, 5.9375, 2], "texture": "#0"},
				"west": {"uv": [6.375, 2, 6.6875, 1.8125], "rotation": 90, "texture": "#0"},
				"up": {"uv": [5.9375, 2.875, 5.6875, 2], "rotation": 180, "texture": "#0"},
				"down": {"uv": [5.9375, 2.875, 5.6875, 2], "texture": "#0"}
			}
		},
		{
			"from": [6.09721, 20.8, 6.52302],
			"to": [6.09721, 23.3, 8.02302],
			"rotation": {"angle": -22.5, "axis": "x", "origin": [8.07325, 20.8, 11.55]},
			"faces": {
				"north": {"uv": [5.9375, 2.3125, 6.1875, 2], "rotation": 180, "texture": "#0"},
				"east": {"uv": [6.6875, 2, 6.375, 1.8125], "rotation": 270, "texture": "#0"},
				"south": {"uv": [5.9375, 2.3125, 6.1875, 2], "texture": "#0"},
				"west": {"uv": [6.375, 2, 6.6875, 1.8125], "rotation": 90, "texture": "#0"},
				"up": {"uv": [5.6875, 2.875, 5.9375, 2], "rotation": 180, "texture": "#0"},
				"down": {"uv": [5.6875, 2.875, 5.9375, 2], "texture": "#0"}
			}
		},
		{
			"from": [6, 20.8, 8.05],
			"to": [8, 23.3, 15.05],
			"rotation": {"angle": -22.5, "axis": "x", "origin": [8.07325, 20.8, 11.55]},
			"faces": {
				"north": {"uv": [5.9375, 2, 6.1875, 2.3125], "rotation": 180, "texture": "#0"},
				"east": {"uv": [5.375, 2, 5.6875, 2.875], "rotation": 270, "texture": "#0"},
				"south": {"uv": [5.9375, 2, 6.1875, 2.3125], "texture": "#0"},
				"west": {"uv": [5.375, 2, 5.6875, 2.875], "rotation": 90, "texture": "#0"},
				"up": {"uv": [5.6875, 2, 5.9375, 2.875], "rotation": 180, "texture": "#0"},
				"down": {"uv": [5.6875, 2, 5.9375, 2.875], "texture": "#0"}
			}
		},
		{
			"from": [5.5, 18.85546, 9.53475],
			"to": [8.5, 22.85546, 13.53475],
			"rotation": {"angle": 22.5, "axis": "x", "origin": [8.07325, 20.8, 11.55]},
			"faces": {
				"north": {"uv": [3.5, 3.0625, 4, 3.4375], "rotation": 90, "texture": "#0"},
				"east": {"uv": [3, 3.1875, 3.5, 2.6875], "rotation": 90, "texture": "#0"},
				"south": {"uv": [3.5, 3.0625, 4, 3.4375], "rotation": 90, "texture": "#0"},
				"west": {"uv": [3, 2.6875, 3.5, 3.1875], "rotation": 90, "texture": "#0"},
				"up": {"uv": [4, 2.6875, 3.5, 3.0625], "rotation": 90, "texture": "#0"},
				"down": {"uv": [4, 2.6875, 3.5, 3.0625], "rotation": 90, "texture": "#0"}
			}
		},
		{
			"from": [5, 19.85546, 10.53475],
			"to": [9, 21.85546, 12.53475],
			"rotation": {"angle": 22.5, "axis": "x", "origin": [8.07325, 20.8, 11.55]},
			"faces": {
				"north": {"uv": [2.75, 3.25, 2.25, 3.5], "texture": "#0"},
				"east": {"uv": [2.25, 3.25, 2, 3.5], "texture": "#0"},
				"south": {"uv": [2.75, 3.25, 2.25, 3.5], "texture": "#0"},
				"west": {"uv": [2.25, 3.25, 2, 3.5], "texture": "#0"},
				"up": {"uv": [2.75, 3.5, 2.25, 3.25], "texture": "#0"},
				"down": {"uv": [2.75, 3.25, 2.25, 3.5], "texture": "#0"}
			}
		},
		{
			"from": [6, 18.3, 8.05],
			"to": [8, 20.8, 15.05],
			"rotation": {"angle": -22.5, "axis": "x", "origin": [8.07325, 20.8, 11.55]},
			"faces": {
				"north": {"uv": [5.9375, 2, 6.1875, 2.3125], "rotation": 180, "texture": "#0"},
				"east": {"uv": [5.375, 2, 5.6875, 2.875], "rotation": 270, "texture": "#0"},
				"south": {"uv": [5.9375, 2, 6.1875, 2.3125], "texture": "#0"},
				"west": {"uv": [5.375, 2, 5.6875, 2.875], "rotation": 90, "texture": "#0"},
				"up": {"uv": [5.6875, 2, 5.9375, 2.875], "rotation": 180, "texture": "#0"},
				"down": {"uv": [5.6875, 2, 5.9375, 2.875], "texture": "#0"}
			}
		},
		{
			"from": [7.25, -6.95, 13.35],
			"to": [8.75, -6.95, 18.35],
			"rotation": {"angle": 22.5, "axis": "x", "origin": [8, -12.75, 8]},
			"faces": {
				"north": {"uv": [0, 5, 0, 5.1875], "rotation": 270, "texture": "#0"},
				"east": {"uv": [0, 4, 0, 4.625], "rotation": 90, "texture": "#0"},
				"south": {"uv": [0, 5, 0, 5.1875], "rotation": 270, "texture": "#0"},
				"west": {"uv": [0, 4, 0, 4.625], "rotation": 270, "texture": "#0"},
				"up": {"uv": [1, 1.375, 0.8125, 0.75], "texture": "#0"},
				"down": {"uv": [1.9375, 1.375, 2.125, 0.75], "rotation": 180, "texture": "#0"}
			}
		},
		{
			"from": [8.75, -8.95, 13.35],
			"to": [8.75, -6.95, 18.35],
			"rotation": {"angle": 22.5, "axis": "x", "origin": [8, -12.75, 8]},
			"faces": {
				"north": {"uv": [0, 5, 0, 5.25], "rotation": 180, "texture": "#0"},
				"east": {"uv": [0.5625, 0.1875, 0.3125, 0.8125], "rotation": 90, "texture": "#0"},
				"south": {"uv": [0, 5, 0, 5.25], "texture": "#0"},
				"west": {"uv": [1.25, 0.1875, 1.5, 0.8125], "rotation": 270, "texture": "#0"},
				"up": {"uv": [0, 4, 0, 4.625], "texture": "#0"},
				"down": {"uv": [0, 4, 0, 4.625], "rotation": 180, "texture": "#0"}
			}
		},
		{
			"from": [8, -9.35, 16.15],
			"to": [8, -6.35, 20.15],
			"rotation": {"angle": 22.5, "axis": "x", "origin": [8, -12.75, 8]},
			"faces": {
				"north": {"uv": [0, 0, 0, 6], "texture": "#1"},
				"east": {"uv": [0, 0, 6, 8], "rotation": 270, "texture": "#1"},
				"south": {"uv": [0, 6, 0, 0], "rotation": 180, "texture": "#1"},
				"west": {"uv": [6, 0, 0, 8], "rotation": 90, "texture": "#1"},
				"up": {"uv": [0, 0, 0, 8], "rotation": 180, "texture": "#1"},
				"down": {"uv": [0, 0, 0, 8], "texture": "#1"}
			}
		},
		{
			"from": [7.25, -8.95, 13.35],
			"to": [8.75, -8.95, 18.35],
			"rotation": {"angle": 22.5, "axis": "x", "origin": [8, -12.75, 8]},
			"faces": {
				"north": {"uv": [0, 5, 0, 5.1875], "rotation": 270, "texture": "#0"},
				"east": {"uv": [0, 4, 0, 4.625], "rotation": 90, "texture": "#0"},
				"south": {"uv": [0, 5, 0, 5.1875], "rotation": 270, "texture": "#0"},
				"west": {"uv": [0, 4, 0, 4.625], "rotation": 270, "texture": "#0"},
				"up": {"uv": [2.125, 1.375, 1.9375, 0.75], "texture": "#0"},
				"down": {"uv": [0.8125, 1.375, 1, 0.75], "rotation": 180, "texture": "#0"}
			}
		},
		{
			"from": [7.25, -8.95, 13.35],
			"to": [7.25, -6.95, 18.35],
			"rotation": {"angle": 22.5, "axis": "x", "origin": [8, -12.75, 8]},
			"faces": {
				"north": {"uv": [0, 5, 0, 5.25], "rotation": 180, "texture": "#0"},
				"east": {"uv": [1.5, 0.1875, 1.25, 0.8125], "rotation": 90, "texture": "#0"},
				"south": {"uv": [0, 5, 0, 5.25], "texture": "#0"},
				"west": {"uv": [0.3125, 0.1875, 0.5625, 0.8125], "rotation": 270, "texture": "#0"},
				"up": {"uv": [0, 4, 0, 4.625], "texture": "#0"},
				"down": {"uv": [0, 4, 0, 4.625], "rotation": 180, "texture": "#0"}
			}
		},
		{
			"from": [7.25, 18.95, 11.75],
			"to": [7.25, 20.95, 16.75],
			"rotation": {"angle": -22.5, "axis": "x", "origin": [8, 28.75, 8]},
			"faces": {
				"north": {"uv": [0, 5.25, 0, 5], "rotation": 180, "texture": "#0"},
				"east": {"uv": [1.25, 0.1875, 1.5, 0.8125], "rotation": 90, "texture": "#0"},
				"south": {"uv": [0, 5.25, 0, 5], "texture": "#0"},
				"west": {"uv": [0.5625, 0.1875, 0.3125, 0.8125], "rotation": 270, "texture": "#0"},
				"up": {"uv": [0, 4.625, 0, 4], "rotation": 180, "texture": "#0"},
				"down": {"uv": [0, 4.625, 0, 4], "texture": "#0"}
			}
		},
		{
			"from": [7.25, 20.95, 11.75],
			"to": [8.75, 20.95, 16.75],
			"rotation": {"angle": -22.5, "axis": "x", "origin": [8, 28.75, 8]},
			"faces": {
				"north": {"uv": [0, 5, 0, 5.1875], "rotation": 270, "texture": "#0"},
				"east": {"uv": [0, 4, 0, 4.625], "rotation": 90, "texture": "#0"},
				"south": {"uv": [0, 5, 0, 5.1875], "rotation": 270, "texture": "#0"},
				"west": {"uv": [0, 4, 0, 4.625], "rotation": 270, "texture": "#0"},
				"up": {"uv": [0.8125, 0.75, 1, 1.375], "rotation": 180, "texture": "#0"},
				"down": {"uv": [2.125, 0.75, 1.9375, 1.375], "texture": "#0"}
			}
		},
		{
			"from": [8, 18.35, 14.55],
			"to": [8, 21.35, 18.55],
			"rotation": {"angle": -22.5, "axis": "x", "origin": [8, 28.75, 8]},
			"faces": {
				"north": {"uv": [0, 6, 0, 0], "texture": "#1"},
				"east": {"uv": [6, 0, 0, 8], "rotation": 270, "texture": "#1"},
				"south": {"uv": [0, 0, 0, 6], "rotation": 180, "texture": "#1"},
				"west": {"uv": [0, 0, 6, 8], "rotation": 90, "texture": "#1"},
				"up": {"uv": [0, 8, 0, 0], "texture": "#1"},
				"down": {"uv": [0, 8, 0, 0], "rotation": 180, "texture": "#1"}
			}
		},
		{
			"from": [8.75, 18.95, 11.75],
			"to": [8.75, 20.95, 16.75],
			"rotation": {"angle": -22.5, "axis": "x", "origin": [8, 28.75, 8]},
			"faces": {
				"north": {"uv": [0, 5.25, 0, 5], "rotation": 180, "texture": "#0"},
				"east": {"uv": [0.3125, 0.1875, 0.5625, 0.8125], "rotation": 90, "texture": "#0"},
				"south": {"uv": [0, 5.25, 0, 5], "texture": "#0"},
				"west": {"uv": [1.5, 0.1875, 1.25, 0.8125], "rotation": 270, "texture": "#0"},
				"up": {"uv": [0, 4.625, 0, 4], "rotation": 180, "texture": "#0"},
				"down": {"uv": [0, 4.625, 0, 4], "texture": "#0"}
			}
		},
		{
			"from": [7.25, 18.95, 11.75],
			"to": [8.75, 18.95, 16.75],
			"rotation": {"angle": -22.5, "axis": "x", "origin": [8, 28.75, 8]},
			"faces": {
				"north": {"uv": [0, 5, 0, 5.1875], "rotation": 270, "texture": "#0"},
				"east": {"uv": [0, 4, 0, 4.625], "rotation": 90, "texture": "#0"},
				"south": {"uv": [0, 5, 0, 5.1875], "rotation": 270, "texture": "#0"},
				"west": {"uv": [0, 4, 0, 4.625], "rotation": 270, "texture": "#0"},
				"up": {"uv": [1.9375, 0.75, 2.125, 1.375], "rotation": 180, "texture": "#0"},
				"down": {"uv": [1, 0.75, 0.8125, 1.375], "texture": "#0"}
			}
		},
		{
			"from": [8, -9.76238, 5.97124],
			"to": [10, -9.76238, 7.47124],
			"rotation": {"angle": 0, "axis": "y", "origin": [8.07325, -8.8, 11.55]},
			"faces": {
				"north": {"uv": [5.9375, 2.25, 5.9375, 2], "rotation": 270, "texture": "#0"},
				"east": {"uv": [5.6875, 2.1875, 5.6875, 2], "rotation": 270, "texture": "#0"},
				"south": {"uv": [5.9375, 2.25, 5.9375, 2], "rotation": 270, "texture": "#0"},
				"west": {"uv": [5.6875, 2.1875, 5.6875, 2], "rotation": 90, "texture": "#0"},
				"up": {"uv": [6.375, 1.8125, 6.625, 2], "texture": "#0"},
				"down": {"uv": [6.625, 1.8125, 6.375, 2], "rotation": 180, "texture": "#0"}
			}
		},
		{
			"from": [6, -9.76238, 5.97124],
			"to": [8, -9.76238, 7.47124],
			"rotation": {"angle": 0, "axis": "y", "origin": [8.07325, -8.8, 11.55]},
			"faces": {
				"north": {"uv": [5.9375, 2, 5.9375, 2.25], "rotation": 270, "texture": "#0"},
				"east": {"uv": [5.6875, 2.1875, 5.6875, 2], "rotation": 270, "texture": "#0"},
				"south": {"uv": [5.9375, 2, 5.9375, 2.25], "rotation": 270, "texture": "#0"},
				"west": {"uv": [5.6875, 2.1875, 5.6875, 2], "rotation": 90, "texture": "#0"},
				"up": {"uv": [6.625, 1.8125, 6.375, 2], "texture": "#0"},
				"down": {"uv": [6.375, 1.8125, 6.625, 2], "rotation": 180, "texture": "#0"}
			}
		},
		{
			"from": [6, -11.3, 8.05],
			"to": [8, -8.8, 15.05],
			"rotation": {"angle": 22.5, "axis": "x", "origin": [8.07325, -8.8, 11.55]},
			"faces": {
				"north": {"uv": [5.9375, 2.3125, 6.1875, 2], "rotation": 180, "texture": "#0"},
				"east": {"uv": [5.6875, 2, 5.375, 2.875], "rotation": 270, "texture": "#0"},
				"south": {"uv": [5.9375, 2.3125, 6.1875, 2], "texture": "#0"},
				"west": {"uv": [5.6875, 2, 5.375, 2.875], "rotation": 90, "texture": "#0"},
				"up": {"uv": [5.6875, 2.875, 5.9375, 2], "texture": "#0"},
				"down": {"uv": [5.6875, 2.875, 5.9375, 2], "rotation": 180, "texture": "#0"}
			}
		},
		{
			"from": [8, -11.3, 8.05],
			"to": [10, -8.8, 15.05],
			"rotation": {"angle": 22.5, "axis": "x", "origin": [8.07325, -8.8, 11.55]},
			"faces": {
				"north": {"uv": [6.1875, 2.3125, 5.9375, 2], "rotation": 180, "texture": "#0"},
				"east": {"uv": [5.375, 2, 5.6875, 2.875], "rotation": 270, "texture": "#0"},
				"south": {"uv": [6.1875, 2.3125, 5.9375, 2], "texture": "#0"},
				"west": {"uv": [5.375, 2, 5.6875, 2.875], "rotation": 90, "texture": "#0"},
				"up": {"uv": [5.9375, 2.875, 5.6875, 2], "texture": "#0"},
				"down": {"uv": [5.9375, 2.875, 5.6875, 2], "rotation": 180, "texture": "#0"}
			}
		},
		{
			"from": [6, -14.47115, 10.62589],
			"to": [8, -12.97115, 10.62589],
			"rotation": {"angle": -45, "axis": "x", "origin": [8.07325, -8.8, 11.55]},
			"faces": {
				"north": {"uv": [6.375, 2, 6.625, 1.8125], "texture": "#0"},
				"east": {"uv": [5.6875, 2.1875, 5.6875, 2], "texture": "#0"},
				"south": {"uv": [6.625, 2, 6.375, 1.8125], "texture": "#0"},
				"west": {"uv": [5.6875, 2.1875, 5.6875, 2], "texture": "#0"},
				"up": {"uv": [5.9375, 2, 5.9375, 2.25], "rotation": 270, "texture": "#0"},
				"down": {"uv": [5.9375, 2, 5.9375, 2.25], "rotation": 90, "texture": "#0"}
			}
		},
		{
			"from": [8, -14.47115, 10.62589],
			"to": [10, -12.97115, 10.62589],
			"rotation": {"angle": -45, "axis": "x", "origin": [8.07325, -8.8, 11.55]},
			"faces": {
				"north": {"uv": [6.625, 2, 6.375, 1.8125], "texture": "#0"},
				"east": {"uv": [5.6875, 2.1875, 5.6875, 2], "texture": "#0"},
				"south": {"uv": [6.375, 2, 6.625, 1.8125], "texture": "#0"},
				"west": {"uv": [5.6875, 2.1875, 5.6875, 2], "texture": "#0"},
				"up": {"uv": [5.9375, 2.25, 5.9375, 2], "rotation": 270, "texture": "#0"},
				"down": {"uv": [5.9375, 2.25, 5.9375, 2], "rotation": 90, "texture": "#0"}
			}
		},
		{
			"from": [8, -8.8, 8.05],
			"to": [10, -6.3, 15.05],
			"rotation": {"angle": 22.5, "axis": "x", "origin": [8.07325, -8.8, 11.55]},
			"faces": {
				"north": {"uv": [6.1875, 2.3125, 5.9375, 2], "rotation": 180, "texture": "#0"},
				"east": {"uv": [5.375, 2, 5.6875, 2.875], "rotation": 270, "texture": "#0"},
				"south": {"uv": [6.1875, 2.3125, 5.9375, 2], "texture": "#0"},
				"west": {"uv": [5.375, 2, 5.6875, 2.875], "rotation": 90, "texture": "#0"},
				"up": {"uv": [5.9375, 2.875, 5.6875, 2], "texture": "#0"},
				"down": {"uv": [5.9375, 2.875, 5.6875, 2], "rotation": 180, "texture": "#0"}
			}
		},
		{
			"from": [6, -8.8, 8.05],
			"to": [8, -6.3, 15.05],
			"rotation": {"angle": 22.5, "axis": "x", "origin": [8.07325, -8.8, 11.55]},
			"faces": {
				"north": {"uv": [5.9375, 2.3125, 6.1875, 2], "rotation": 180, "texture": "#0"},
				"east": {"uv": [5.6875, 2, 5.375, 2.875], "rotation": 270, "texture": "#0"},
				"south": {"uv": [5.9375, 2.3125, 6.1875, 2], "texture": "#0"},
				"west": {"uv": [5.6875, 2, 5.375, 2.875], "rotation": 90, "texture": "#0"},
				"up": {"uv": [5.6875, 2.875, 5.9375, 2], "texture": "#0"},
				"down": {"uv": [5.6875, 2.875, 5.9375, 2], "rotation": 180, "texture": "#0"}
			}
		},
		{
			"from": [9.91394, -11.3, 15.02091],
			"to": [9.91394, -8.8, 16.72091],
			"rotation": {"angle": 22.5, "axis": "x", "origin": [8.07325, -8.8, 11.55]},
			"faces": {
				"north": {"uv": [6.1875, 2.3125, 5.9375, 2], "rotation": 180, "texture": "#0"},
				"east": {"uv": [6.375, 1.8125, 6.6875, 2], "rotation": 270, "texture": "#0"},
				"south": {"uv": [6.1875, 2.3125, 5.9375, 2], "texture": "#0"},
				"west": {"uv": [6.6875, 1.8125, 6.375, 2], "rotation": 90, "texture": "#0"},
				"up": {"uv": [5.9375, 2.875, 5.6875, 2], "texture": "#0"},
				"down": {"uv": [5.9375, 2.875, 5.6875, 2], "rotation": 180, "texture": "#0"}
			}
		},
		{
			"from": [9.91394, -8.8, 15.02091],
			"to": [9.91394, -6.3, 16.72091],
			"rotation": {"angle": 22.5, "axis": "x", "origin": [8.07325, -8.8, 11.55]},
			"faces": {
				"north": {"uv": [6.1875, 2.3125, 5.9375, 2], "rotation": 180, "texture": "#0"},
				"east": {"uv": [6.375, 1.8125, 6.6875, 2], "rotation": 270, "texture": "#0"},
				"south": {"uv": [6.1875, 2.3125, 5.9375, 2], "texture": "#0"},
				"west": {"uv": [6.6875, 1.8125, 6.375, 2], "rotation": 90, "texture": "#0"},
				"up": {"uv": [5.9375, 2.875, 5.6875, 2], "texture": "#0"},
				"down": {"uv": [5.9375, 2.875, 5.6875, 2], "rotation": 180, "texture": "#0"}
			}
		},
		{
			"from": [6.01394, -8.8, 15.02091],
			"to": [6.01394, -6.3, 16.72091],
			"rotation": {"angle": 22.5, "axis": "x", "origin": [8.07325, -8.8, 11.55]},
			"faces": {
				"north": {"uv": [6.1875, 2.3125, 5.9375, 2], "rotation": 180, "texture": "#0"},
				"east": {"uv": [6.375, 1.8125, 6.6875, 2], "rotation": 270, "texture": "#0"},
				"south": {"uv": [6.1875, 2.3125, 5.9375, 2], "texture": "#0"},
				"west": {"uv": [6.6875, 1.8125, 6.375, 2], "rotation": 90, "texture": "#0"},
				"up": {"uv": [5.9375, 2.875, 5.6875, 2], "texture": "#0"},
				"down": {"uv": [5.9375, 2.875, 5.6875, 2], "rotation": 180, "texture": "#0"}
			}
		},
		{
			"from": [6.01394, -11.3, 15.02091],
			"to": [6.01394, -8.8, 16.72091],
			"rotation": {"angle": 22.5, "axis": "x", "origin": [8.07325, -8.8, 11.55]},
			"faces": {
				"north": {"uv": [6.1875, 2.3125, 5.9375, 2], "rotation": 180, "texture": "#0"},
				"east": {"uv": [6.375, 1.8125, 6.6875, 2], "rotation": 270, "texture": "#0"},
				"south": {"uv": [6.1875, 2.3125, 5.9375, 2], "texture": "#0"},
				"west": {"uv": [6.6875, 1.8125, 6.375, 2], "rotation": 90, "texture": "#0"},
				"up": {"uv": [5.9375, 2.875, 5.6875, 2], "texture": "#0"},
				"down": {"uv": [5.9375, 2.875, 5.6875, 2], "rotation": 180, "texture": "#0"}
			}
		},
		{
			"from": [8, -7.87589, 15.72115],
			"to": [10, -7.87589, 17.22115],
			"rotation": {"angle": 0, "axis": "y", "origin": [8.07325, -8.8, 11.55]},
			"faces": {
				"north": {"uv": [5.9375, 2.25, 5.9375, 2], "rotation": 90, "texture": "#0"},
				"east": {"uv": [5.6875, 2, 5.6875, 2.1875], "rotation": 270, "texture": "#0"},
				"south": {"uv": [5.9375, 2.25, 5.9375, 2], "rotation": 90, "texture": "#0"},
				"west": {"uv": [5.6875, 2, 5.6875, 2.1875], "rotation": 90, "texture": "#0"},
				"up": {"uv": [6.375, 2, 6.625, 1.8125], "texture": "#0"},
				"down": {"uv": [6.625, 2, 6.375, 1.8125], "rotation": 180, "texture": "#0"}
			}
		},
		{
			"from": [6, -7.87589, 15.72115],
			"to": [8, -7.87589, 17.22115],
			"rotation": {"angle": 0, "axis": "y", "origin": [8.07325, -8.8, 11.55]},
			"faces": {
				"north": {"uv": [5.9375, 2, 5.9375, 2.25], "rotation": 90, "texture": "#0"},
				"east": {"uv": [5.6875, 2, 5.6875, 2.1875], "rotation": 270, "texture": "#0"},
				"south": {"uv": [5.9375, 2, 5.9375, 2.25], "rotation": 90, "texture": "#0"},
				"west": {"uv": [5.6875, 2, 5.6875, 2.1875], "rotation": 90, "texture": "#0"},
				"up": {"uv": [6.625, 2, 6.375, 1.8125], "texture": "#0"},
				"down": {"uv": [6.375, 2, 6.625, 1.8125], "rotation": 180, "texture": "#0"}
			}
		},
		{
			"from": [6.09721, -11.3, 6.52302],
			"to": [6.09721, -8.8, 8.02302],
			"rotation": {"angle": 22.5, "axis": "x", "origin": [8.07325, -8.8, 11.55]},
			"faces": {
				"north": {"uv": [5.9375, 2, 6.1875, 2.3125], "rotation": 180, "texture": "#0"},
				"east": {"uv": [6.375, 2, 6.6875, 1.8125], "rotation": 270, "texture": "#0"},
				"south": {"uv": [5.9375, 2, 6.1875, 2.3125], "texture": "#0"},
				"west": {"uv": [6.6875, 2, 6.375, 1.8125], "rotation": 90, "texture": "#0"},
				"up": {"uv": [5.6875, 2, 5.9375, 2.875], "texture": "#0"},
				"down": {"uv": [5.6875, 2, 5.9375, 2.875], "rotation": 180, "texture": "#0"}
			}
		},
		{
			"from": [6.09721, -8.8, 6.52302],
			"to": [6.09721, -6.3, 8.02302],
			"rotation": {"angle": 22.5, "axis": "x", "origin": [8.07325, -8.8, 11.55]},
			"faces": {
				"north": {"uv": [5.9375, 2, 6.1875, 2.3125], "rotation": 180, "texture": "#0"},
				"east": {"uv": [6.375, 2, 6.6875, 1.8125], "rotation": 270, "texture": "#0"},
				"south": {"uv": [5.9375, 2, 6.1875, 2.3125], "texture": "#0"},
				"west": {"uv": [6.6875, 2, 6.375, 1.8125], "rotation": 90, "texture": "#0"},
				"up": {"uv": [5.6875, 2, 5.9375, 2.875], "texture": "#0"},
				"down": {"uv": [5.6875, 2, 5.9375, 2.875], "rotation": 180, "texture": "#0"}
			}
		},
		{
			"from": [10.01394, -11.3, 6.57909],
			"to": [10.01394, -8.8, 8.07909],
			"rotation": {"angle": 22.5, "axis": "x", "origin": [8.07325, -8.8, 11.55]},
			"faces": {
				"north": {"uv": [6.1875, 2, 5.9375, 2.3125], "rotation": 180, "texture": "#0"},
				"east": {"uv": [6.375, 2, 6.6875, 1.8125], "rotation": 270, "texture": "#0"},
				"south": {"uv": [6.1875, 2, 5.9375, 2.3125], "texture": "#0"},
				"west": {"uv": [6.6875, 2, 6.375, 1.8125], "rotation": 90, "texture": "#0"},
				"up": {"uv": [5.9375, 2, 5.6875, 2.875], "texture": "#0"},
				"down": {"uv": [5.9375, 2, 5.6875, 2.875], "rotation": 180, "texture": "#0"}
			}
		},
		{
			"from": [10.01394, -8.8, 6.57909],
			"to": [10.01394, -6.3, 8.07909],
			"rotation": {"angle": 22.5, "axis": "x", "origin": [8.07325, -8.8, 11.55]},
			"faces": {
				"north": {"uv": [6.1875, 2, 5.9375, 2.3125], "rotation": 180, "texture": "#0"},
				"east": {"uv": [6.375, 2, 6.6875, 1.8125], "rotation": 270, "texture": "#0"},
				"south": {"uv": [6.1875, 2, 5.9375, 2.3125], "texture": "#0"},
				"west": {"uv": [6.6875, 2, 6.375, 1.8125], "rotation": 90, "texture": "#0"},
				"up": {"uv": [5.9375, 2, 5.6875, 2.875], "texture": "#0"},
				"down": {"uv": [5.9375, 2, 5.6875, 2.875], "rotation": 180, "texture": "#0"}
			}
		},
		{
			"from": [6, -4.72124, 12.51238],
			"to": [8, -3.22124, 12.51238],
			"rotation": {"angle": -45, "axis": "x", "origin": [8.07325, -8.8, 11.55]},
			"faces": {
				"north": {"uv": [6.375, 1.8125, 6.625, 2], "texture": "#0"},
				"east": {"uv": [5.6875, 2, 5.6875, 2.1875], "texture": "#0"},
				"south": {"uv": [6.625, 1.8125, 6.375, 2], "texture": "#0"},
				"west": {"uv": [5.6875, 2, 5.6875, 2.1875], "texture": "#0"},
				"up": {"uv": [5.9375, 2, 5.9375, 2.25], "rotation": 90, "texture": "#0"},
				"down": {"uv": [5.9375, 2, 5.9375, 2.25], "rotation": 270, "texture": "#0"}
			}
		},
		{
			"from": [8, -4.72124, 12.51238],
			"to": [10, -3.22124, 12.51238],
			"rotation": {"angle": -45, "axis": "x", "origin": [8.07325, -8.8, 11.55]},
			"faces": {
				"north": {"uv": [6.625, 1.8125, 6.375, 2], "texture": "#0"},
				"east": {"uv": [5.6875, 2, 5.6875, 2.1875], "texture": "#0"},
				"south": {"uv": [6.375, 1.8125, 6.625, 2], "texture": "#0"},
				"west": {"uv": [5.6875, 2, 5.6875, 2.1875], "texture": "#0"},
				"up": {"uv": [5.9375, 2.25, 5.9375, 2], "rotation": 90, "texture": "#0"},
				"down": {"uv": [5.9375, 2.25, 5.9375, 2], "rotation": 270, "texture": "#0"}
			}
		},
		{
			"from": [5, -9.85546, 10.53475],
			"to": [9, -7.85546, 12.53475],
			"rotation": {"angle": -22.5, "axis": "x", "origin": [8.07325, -8.8, 11.55]},
			"faces": {
				"north": {"uv": [2.75, 3.5, 2.25, 3.25], "texture": "#0"},
				"east": {"uv": [2.25, 3.5, 2, 3.25], "texture": "#0"},
				"south": {"uv": [2.75, 3.5, 2.25, 3.25], "texture": "#0"},
				"west": {"uv": [2.25, 3.5, 2, 3.25], "texture": "#0"},
				"up": {"uv": [2.75, 3.5, 2.25, 3.25], "texture": "#0"},
				"down": {"uv": [2.75, 3.25, 2.25, 3.5], "texture": "#0"}
			}
		},
		{
			"from": [5.5, -10.85546, 9.53475],
			"to": [8.5, -6.85546, 13.53475],
			"rotation": {"angle": -22.5, "axis": "x", "origin": [8.07325, -8.8, 11.55]},
			"faces": {
				"north": {"uv": [4, 3.0625, 3.5, 3.4375], "rotation": 90, "texture": "#0"},
				"east": {"uv": [3.5, 3.1875, 3, 2.6875], "rotation": 90, "texture": "#0"},
				"south": {"uv": [4, 3.0625, 3.5, 3.4375], "rotation": 90, "texture": "#0"},
				"west": {"uv": [3.5, 2.6875, 3, 3.1875], "rotation": 90, "texture": "#0"},
				"up": {"uv": [3.5, 2.6875, 4, 3.0625], "rotation": 90, "texture": "#0"},
				"down": {"uv": [3.5, 2.6875, 4, 3.0625], "rotation": 90, "texture": "#0"}
			}
		},
		{
			"from": [7.5, -10.85546, 9.53475],
			"to": [10.5, -6.85546, 13.53475],
			"rotation": {"angle": -22.5, "axis": "x", "origin": [8.07325, -8.8, 11.55]},
			"faces": {
				"north": {"uv": [4, 3.4375, 3.5, 3.0625], "rotation": 90, "texture": "#0"},
				"east": {"uv": [3.5, 3.1875, 3, 2.6875], "rotation": 90, "texture": "#0"},
				"south": {"uv": [4, 3.4375, 3.5, 3.0625], "rotation": 90, "texture": "#0"},
				"west": {"uv": [3.5, 2.6875, 3, 3.1875], "rotation": 90, "texture": "#0"},
				"up": {"uv": [3.5, 3.0625, 4, 2.6875], "rotation": 90, "texture": "#0"},
				"down": {"uv": [3.5, 3.0625, 4, 2.6875], "rotation": 90, "texture": "#0"}
			}
		},
		{
			"from": [7, -9.85546, 10.53475],
			"to": [11, -7.85546, 12.53475],
			"rotation": {"angle": -22.5, "axis": "x", "origin": [8.07325, -8.8, 11.55]},
			"faces": {
				"north": {"uv": [2.25, 3.5, 2.75, 3.25], "texture": "#0"},
				"east": {"uv": [2, 3.5, 2.25, 3.25], "texture": "#0"},
				"south": {"uv": [2.25, 3.5, 2.75, 3.25], "texture": "#0"},
				"west": {"uv": [2, 3.5, 2.25, 3.25], "texture": "#0"},
				"up": {"uv": [2.25, 3.5, 2.75, 3.25], "texture": "#0"},
				"down": {"uv": [2.25, 3.25, 2.75, 3.5], "texture": "#0"}
			}
		},
		{
			"from": [7, 19.85546, 10.53475],
			"to": [11, 21.85546, 12.53475],
			"rotation": {"angle": 22.5, "axis": "x", "origin": [8.07325, 20.8, 11.55]},
			"faces": {
				"north": {"uv": [2.25, 3.25, 2.75, 3.5], "texture": "#0"},
				"east": {"uv": [2, 3.25, 2.25, 3.5], "texture": "#0"},
				"south": {"uv": [2.25, 3.25, 2.75, 3.5], "texture": "#0"},
				"west": {"uv": [2, 3.25, 2.25, 3.5], "texture": "#0"},
				"up": {"uv": [2.25, 3.5, 2.75, 3.25], "texture": "#0"},
				"down": {"uv": [2.25, 3.25, 2.75, 3.5], "texture": "#0"}
			}
		},
		{
			"from": [4.5, 11, 2.4],
			"to": [11.5, 15, 2.4],
			"rotation": {"angle": -22.5, "axis": "x", "origin": [7.93682, 18, 5.4266]},
			"faces": {
				"north": {"uv": [0, 0, 14, 8], "texture": "#4"},
				"east": {"uv": [0, 0, 0, 8], "texture": "#4"},
				"west": {"uv": [0, 0, 0, 8], "texture": "#4"},
				"up": {"uv": [0, 14, 0, 0], "rotation": 90, "texture": "#4"},
				"down": {"uv": [0, 0, 0, 14], "rotation": 270, "texture": "#4"}
			}
		},
		{
			"from": [6.5, 20.5, 10.5],
			"to": [9.5, 23.5, 13.5],
			"rotation": {"angle": -22.5, "axis": "x", "origin": [7.93682, 18, 5.4266]},
			"faces": {
				"north": {"uv": [0, 0, 0.625, 0.5], "texture": "#0"},
				"east": {"uv": [0.9375, 0, 0.3125, 0.5], "texture": "#0"},
				"south": {"uv": [0, 0, 0.625, 0.5], "texture": "#0"},
				"west": {"uv": [0.3125, 0, 0.9375, 0.5], "texture": "#0"},
				"up": {"uv": [1.375, 1.6875, 2, 2.3125], "rotation": 90, "texture": "#0"},
				"down": {"uv": [1.375, 1.6875, 2, 2.3125], "rotation": 90, "texture": "#0"}
			}
		},
		{
			"from": [5.5, 20.5, 10.4],
			"to": [10.5, 23.5, 10.4],
			"rotation": {"angle": -22.5, "axis": "x", "origin": [7.93682, 18, 5.4266]},
			"faces": {
				"north": {"uv": [0, 0, 14, 8], "texture": "#4"},
				"east": {"uv": [0, 0, 0, 8], "texture": "#4"},
				"west": {"uv": [0, 0, 0, 8], "texture": "#4"},
				"up": {"uv": [0, 14, 0, 0], "rotation": 90, "texture": "#4"},
				"down": {"uv": [0, 0, 0, 14], "rotation": 270, "texture": "#4"}
			}
		},
		{
			"from": [6.5, -11.5, 10.5],
			"to": [9.5, -8.5, 13.5],
			"rotation": {"angle": 22.5, "axis": "x", "origin": [7.93682, -6, 5.4266]},
			"faces": {
				"north": {"uv": [0, 0.5, 0.625, 0], "texture": "#0"},
				"east": {"uv": [0.9375, 0.5, 0.3125, 0], "texture": "#0"},
				"south": {"uv": [0, 0.5, 0.625, 0], "texture": "#0"},
				"west": {"uv": [0.3125, 0.5, 0.9375, 0], "texture": "#0"},
				"up": {"uv": [2, 1.6875, 1.375, 2.3125], "rotation": 90, "texture": "#0"},
				"down": {"uv": [2, 1.6875, 1.375, 2.3125], "rotation": 90, "texture": "#0"}
			}
		},
		{
			"from": [5.5, -11.5, 10.4],
			"to": [10.5, -8.5, 10.4],
			"rotation": {"angle": 22.5, "axis": "x", "origin": [7.93682, -6, 5.4266]},
			"faces": {
				"north": {"uv": [0, 8, 14, 0], "texture": "#4"},
				"east": {"uv": [0, 8, 0, 0], "texture": "#4"},
				"west": {"uv": [0, 8, 0, 0], "texture": "#4"},
				"up": {"uv": [0, 0, 0, 14], "rotation": 270, "texture": "#4"},
				"down": {"uv": [0, 14, 0, 0], "rotation": 90, "texture": "#4"}
			}
		},
		{
			"from": [7, 9.3, 6.75],
			"to": [7, 10.8, 9.25],
			"rotation": {"angle": 22.5, "axis": "z", "origin": [7, 9.3, 8]},
			"faces": {
				"north": {"uv": [5.6875, 2, 5.9375, 2.875], "texture": "#0"},
				"east": {"uv": [6.6875, 1.8125, 6.375, 2], "texture": "#0"},
				"south": {"uv": [5.6875, 2, 5.9375, 2.875], "texture": "#0"},
				"west": {"uv": [6.375, 1.8125, 6.6875, 2], "texture": "#0"},
				"up": {"uv": [5.9375, 2, 6.1875, 2.3125], "texture": "#0"},
				"down": {"uv": [5.9375, 2, 6.1875, 2.3125], "texture": "#0"}
			}
		},
		{
			"from": [9, 9.3, 6.75],
			"to": [9, 10.8, 9.25],
			"rotation": {"angle": -22.5, "axis": "z", "origin": [9, 9.3, 8]},
			"faces": {
				"north": {"uv": [5.9375, 2, 5.6875, 2.875], "texture": "#0"},
				"east": {"uv": [6.6875, 1.8125, 6.375, 2], "texture": "#0"},
				"south": {"uv": [5.9375, 2, 5.6875, 2.875], "texture": "#0"},
				"west": {"uv": [6.375, 1.8125, 6.6875, 2], "texture": "#0"},
				"up": {"uv": [6.1875, 2, 5.9375, 2.3125], "texture": "#0"},
				"down": {"uv": [6.1875, 2, 5.9375, 2.3125], "texture": "#0"}
			}
		},
		{
			"from": [7, 9.3, 6.8],
			"to": [9, 10.8, 6.8],
			"rotation": {"angle": -22.5, "axis": "x", "origin": [7.7, 9.3, 6.8]},
			"faces": {
				"north": {"uv": [6.375, 1.8125, 6.625, 2], "texture": "#0"},
				"east": {"uv": [5.6875, 2, 5.6875, 2.1875], "texture": "#0"},
				"south": {"uv": [6.625, 1.8125, 6.375, 2], "texture": "#0"},
				"west": {"uv": [5.6875, 2, 5.6875, 2.1875], "texture": "#0"},
				"up": {"uv": [5.9375, 2, 5.9375, 2.25], "rotation": 90, "texture": "#0"},
				"down": {"uv": [5.9375, 2, 5.9375, 2.25], "rotation": 270, "texture": "#0"}
			}
		},
		{
			"from": [7, 9.3, 9.2],
			"to": [9, 10.8, 9.2],
			"rotation": {"angle": 22.5, "axis": "x", "origin": [7.7, 9.3, 9.2]},
			"faces": {
				"north": {"uv": [6.375, 1.8125, 6.625, 2], "texture": "#0"},
				"east": {"uv": [5.6875, 2, 5.6875, 2.1875], "texture": "#0"},
				"south": {"uv": [6.625, 1.8125, 6.375, 2], "texture": "#0"},
				"west": {"uv": [5.6875, 2, 5.6875, 2.1875], "texture": "#0"},
				"up": {"uv": [5.9375, 2, 5.9375, 2.25], "rotation": 90, "texture": "#0"},
				"down": {"uv": [5.9375, 2, 5.9375, 2.25], "rotation": 270, "texture": "#0"}
			}
		},
		{
			"from": [7, 0.9, 6.8],
			"to": [9, 2.4, 6.8],
			"rotation": {"angle": 22.5, "axis": "x", "origin": [7.7, 2.4, 6.8]},
			"faces": {
				"north": {"uv": [6.375, 2, 6.625, 1.8125], "texture": "#0"},
				"east": {"uv": [5.6875, 2.1875, 5.6875, 2], "texture": "#0"},
				"south": {"uv": [6.625, 2, 6.375, 1.8125], "texture": "#0"},
				"west": {"uv": [5.6875, 2.1875, 5.6875, 2], "texture": "#0"},
				"up": {"uv": [5.9375, 2, 5.9375, 2.25], "rotation": 270, "texture": "#0"},
				"down": {"uv": [5.9375, 2, 5.9375, 2.25], "rotation": 90, "texture": "#0"}
			}
		},
		{
			"from": [7, 0.9, 9.2],
			"to": [9, 2.4, 9.2],
			"rotation": {"angle": -22.5, "axis": "x", "origin": [7.7, 2.4, 9.2]},
			"faces": {
				"north": {"uv": [6.375, 2, 6.625, 1.8125], "texture": "#0"},
				"east": {"uv": [5.6875, 2.1875, 5.6875, 2], "texture": "#0"},
				"south": {"uv": [6.625, 2, 6.375, 1.8125], "texture": "#0"},
				"west": {"uv": [5.6875, 2.1875, 5.6875, 2], "texture": "#0"},
				"up": {"uv": [5.9375, 2, 5.9375, 2.25], "rotation": 270, "texture": "#0"},
				"down": {"uv": [5.9375, 2, 5.9375, 2.25], "rotation": 90, "texture": "#0"}
			}
		},
		{
			"from": [9, 0.8, 6.75],
			"to": [9, 2.3, 9.25],
			"rotation": {"angle": 22.5, "axis": "z", "origin": [9, 2.3, 8]},
			"faces": {
				"north": {"uv": [5.9375, 2.875, 5.6875, 2], "texture": "#0"},
				"east": {"uv": [6.6875, 2, 6.375, 1.8125], "texture": "#0"},
				"south": {"uv": [5.9375, 2.875, 5.6875, 2], "texture": "#0"},
				"west": {"uv": [6.375, 2, 6.6875, 1.8125], "texture": "#0"},
				"up": {"uv": [6.1875, 2.3125, 5.9375, 2], "texture": "#0"},
				"down": {"uv": [6.1875, 2.3125, 5.9375, 2], "texture": "#0"}
			}
		},
		{
			"from": [7, 0.8, 6.75],
			"to": [7, 2.3, 9.25],
			"rotation": {"angle": -22.5, "axis": "z", "origin": [7, 2.3, 8]},
			"faces": {
				"north": {"uv": [5.6875, 2.875, 5.9375, 2], "texture": "#0"},
				"east": {"uv": [6.6875, 2, 6.375, 1.8125], "texture": "#0"},
				"south": {"uv": [5.6875, 2.875, 5.9375, 2], "texture": "#0"},
				"west": {"uv": [6.375, 2, 6.6875, 1.8125], "texture": "#0"},
				"up": {"uv": [5.9375, 2.3125, 6.1875, 2], "texture": "#0"},
				"down": {"uv": [5.9375, 2.3125, 6.1875, 2], "texture": "#0"}
			}
		},
		{
			"from": [7.25, 1.9, 7],
			"to": [8.75, 9.9, 9],
			"rotation": {"angle": 0, "axis": "y", "origin": [-0.2, 7, 16.5]},
			"faces": {
				"north": {"uv": [7.25, 1, 7.4375, 2], "texture": "#0"},
				"east": {"uv": [7, 1, 7.25, 2], "texture": "#0"},
				"south": {"uv": [7.25, 1, 7.4375, 2], "texture": "#0"},
				"west": {"uv": [7, 1, 7.25, 2], "texture": "#0"},
				"up": {"uv": [7, 1, 6.8125, 1.25], "texture": "#0"},
				"down": {"uv": [7, 1, 6.8125, 1.25], "texture": "#0"}
			}
		},
		{
			"from": [7.15, 6, 6.5],
			"to": [8.85, 11, 8.5],
			"rotation": {"angle": 22.5, "axis": "x", "origin": [-0.2, 7, 16.5]},
			"faces": {
				"north": {"uv": [7.6875, 1, 7.875, 1.625], "texture": "#0"},
				"east": {"uv": [7.4375, 1, 7.6875, 1.625], "texture": "#0"},
				"south": {"uv": [7.6875, 1, 7.875, 1.625], "texture": "#0"},
				"west": {"uv": [7.4375, 1, 7.6875, 1.625], "texture": "#0"},
				"up": {"uv": [6.75, 1.0625, 7, 1.25], "rotation": 270, "texture": "#0"},
				"down": {"uv": [6.75, 1.0625, 7, 1.25], "rotation": 270, "texture": "#0"}
			}
		},
		{
			"from": [7.05, 16.3, 14.6],
			"to": [8.95, 21.3, 16.6],
			"rotation": {"angle": -45, "axis": "x", "origin": [0, 7.8, 16.7]},
			"faces": {
				"north": {"uv": [4.75, 2, 4.9375, 2.625], "texture": "#0"},
				"east": {"uv": [4.5, 2, 4.75, 2.625], "texture": "#0"},
				"south": {"uv": [4.75, 2, 4.9375, 2.625], "texture": "#0"},
				"west": {"uv": [4.5, 2, 4.75, 2.625], "texture": "#0"},
				"up": {"uv": [6.375, 1.625, 6.625, 1.8125], "rotation": 270, "texture": "#0"},
				"down": {"uv": [6.375, 1.625, 6.625, 1.8125], "rotation": 270, "texture": "#0"}
			}
		},
		{
			"from": [7.15, 11, 3.4],
			"to": [8.85, 17, 5.4],
			"rotation": {"angle": 22.5, "axis": "x", "origin": [0, 7.8, 16.7]},
			"faces": {
				"north": {"uv": [5.1875, 2, 5.375, 2.75], "texture": "#0"},
				"east": {"uv": [4.9375, 2, 5.1875, 2.75], "texture": "#0"},
				"south": {"uv": [5.1875, 2, 5.375, 2.75], "texture": "#0"},
				"west": {"uv": [4.9375, 2, 5.1875, 2.75], "texture": "#0"},
				"up": {"uv": [6.625, 1.625, 6.875, 1.8125], "rotation": 270, "texture": "#0"},
				"down": {"uv": [6.625, 1.625, 6.875, 1.8125], "rotation": 270, "texture": "#0"}
			}
		},
		{
			"from": [7.15, -5, 3.4],
			"to": [8.85, 1, 5.4],
			"rotation": {"angle": -22.5, "axis": "x", "origin": [0, 4.2, 16.7]},
			"faces": {
				"north": {"uv": [5.1875, 2.75, 5.375, 2], "texture": "#0"},
				"east": {"uv": [4.9375, 2.75, 5.1875, 2], "texture": "#0"},
				"south": {"uv": [5.1875, 2.75, 5.375, 2], "texture": "#0"},
				"west": {"uv": [4.9375, 2.75, 5.1875, 2], "texture": "#0"},
				"up": {"uv": [6.875, 1.625, 6.625, 1.8125], "rotation": 270, "texture": "#0"},
				"down": {"uv": [6.875, 1.625, 6.625, 1.8125], "rotation": 270, "texture": "#0"}
			}
		},
		{
			"from": [7.05, -9.3, 14.6],
			"to": [8.95, -4.3, 16.6],
			"rotation": {"angle": 45, "axis": "x", "origin": [0, 4.2, 16.7]},
			"faces": {
				"north": {"uv": [4.75, 2.625, 4.9375, 2], "texture": "#0"},
				"east": {"uv": [4.5, 2.625, 4.75, 2], "texture": "#0"},
				"south": {"uv": [4.75, 2.625, 4.9375, 2], "texture": "#0"},
				"west": {"uv": [4.5, 2.625, 4.75, 2], "texture": "#0"},
				"up": {"uv": [6.625, 1.625, 6.375, 1.8125], "rotation": 270, "texture": "#0"},
				"down": {"uv": [6.625, 1.625, 6.375, 1.8125], "rotation": 270, "texture": "#0"}
			}
		},
		{
			"from": [7.15, 1, 6.5],
			"to": [8.85, 6, 8.5],
			"rotation": {"angle": -22.5, "axis": "x", "origin": [-0.2, 5, 16.5]},
			"faces": {
				"north": {"uv": [7.6875, 1.625, 7.875, 1], "texture": "#0"},
				"east": {"uv": [7.4375, 1.625, 7.6875, 1], "texture": "#0"},
				"south": {"uv": [7.6875, 1.625, 7.875, 1], "texture": "#0"},
				"west": {"uv": [7.4375, 1.625, 7.6875, 1], "texture": "#0"},
				"up": {"uv": [7, 1.0625, 6.75, 1.25], "rotation": 270, "texture": "#0"},
				"down": {"uv": [7, 1.0625, 6.75, 1.25], "rotation": 270, "texture": "#0"}
			}
		},
		{
			"from": [7.15, 14, 11.8],
			"to": [8.85, 19, 13.8],
			"rotation": {"angle": 0, "axis": "y", "origin": [-0.2, 18, 21.8]},
			"faces": {
				"north": {"uv": [7.6875, 1.625, 7.875, 1], "texture": "#0"},
				"east": {"uv": [7.4375, 1.625, 7.6875, 1], "texture": "#0"},
				"south": {"uv": [7.6875, 1.625, 7.875, 1], "texture": "#0"},
				"west": {"uv": [7.4375, 1.625, 7.6875, 1], "texture": "#0"},
				"up": {"uv": [7, 1.0625, 6.75, 1.25], "rotation": 270, "texture": "#0"},
				"down": {"uv": [7, 1.0625, 6.75, 1.25], "rotation": 270, "texture": "#0"}
			}
		},
		{
			"from": [6.95, 17.3, 8.5],
			"to": [9.05, 19.3, 13.5],
			"rotation": {"angle": -22.5, "axis": "x", "origin": [0, 17.2, 22]},
			"faces": {
				"north": {"uv": [6.625, 1.625, 6.375, 1.8125], "rotation": 90, "texture": "#0"},
				"east": {"uv": [4.5, 2.625, 4.75, 2], "rotation": 270, "texture": "#0"},
				"south": {"uv": [6.625, 1.625, 6.375, 1.8125], "rotation": 270, "texture": "#0"},
				"west": {"uv": [4.5, 2.625, 4.75, 2], "rotation": 90, "texture": "#0"},
				"up": {"uv": [4.75, 2.625, 4.9375, 2], "rotation": 180, "texture": "#0"},
				"down": {"uv": [4.75, 2.625, 4.9375, 2], "texture": "#0"}
			}
		},
		{
			"from": [6.95, -7.3, 8.5],
			"to": [9.05, -5.3, 13.5],
			"rotation": {"angle": 22.5, "axis": "x", "origin": [0, -5.2, 22]},
			"faces": {
				"north": {"uv": [6.375, 1.625, 6.625, 1.8125], "rotation": 90, "texture": "#0"},
				"east": {"uv": [4.75, 2.625, 4.5, 2], "rotation": 270, "texture": "#0"},
				"south": {"uv": [6.375, 1.625, 6.625, 1.8125], "rotation": 270, "texture": "#0"},
				"west": {"uv": [4.75, 2.625, 4.5, 2], "rotation": 90, "texture": "#0"},
				"up": {"uv": [4.75, 2, 4.9375, 2.625], "texture": "#0"},
				"down": {"uv": [4.75, 2, 4.9375, 2.625], "rotation": 180, "texture": "#0"}
			}
		},
		{
			"from": [7.15, -7, 11.8],
			"to": [8.85, -2, 13.8],
			"rotation": {"angle": 0, "axis": "y", "origin": [-0.2, -6, 21.8]},
			"faces": {
				"north": {"uv": [7.6875, 1, 7.875, 1.625], "texture": "#0"},
				"east": {"uv": [7.4375, 1, 7.6875, 1.625], "texture": "#0"},
				"south": {"uv": [7.6875, 1, 7.875, 1.625], "texture": "#0"},
				"west": {"uv": [7.4375, 1, 7.6875, 1.625], "texture": "#0"},
				"up": {"uv": [6.75, 1.0625, 7, 1.25], "rotation": 270, "texture": "#0"},
				"down": {"uv": [6.75, 1.0625, 7, 1.25], "rotation": 270, "texture": "#0"}
			}
		},
		{
			"from": [7.75, 6, 15],
			"to": [8.25, 20.5, 15.5],
			"rotation": {"angle": 0, "axis": "y", "origin": [8, 20.25, 15.25]},
			"faces": {
				"north": {"uv": [8.75, 0, 8.8125, 1.8125], "texture": "#0"},
				"east": {"uv": [8.75, 0, 8.8125, 1.8125], "texture": "#0"},
				"south": {"uv": [8.75, 0, 8.8125, 1.8125], "texture": "#0"},
				"west": {"uv": [8.75, 0, 8.8125, 1.8125], "texture": "#0"},
				"up": {"uv": [8.75, 0, 8.8125, 0.0625], "texture": "#0"},
				"down": {"uv": [8.75, 0, 8.8125, 0.0625], "texture": "#0"}
			}
		},
		{
			"from": [7.75, -8.5, 15],
			"to": [8.25, 6, 15.5],
			"rotation": {"angle": 0, "axis": "y", "origin": [8, -8.25, 15.25]},
			"faces": {
				"north": {"uv": [8.75, 1.8125, 8.8125, 0], "texture": "#0"},
				"east": {"uv": [8.75, 1.8125, 8.8125, 0], "texture": "#0"},
				"south": {"uv": [8.75, 1.8125, 8.8125, 0], "texture": "#0"},
				"west": {"uv": [8.75, 1.8125, 8.8125, 0], "texture": "#0"},
				"up": {"uv": [8.75, 0.0625, 8.8125, 0], "texture": "#0"},
				"down": {"uv": [8.75, 0.0625, 8.8125, 0], "texture": "#0"}
			}
		},
		{
			"from": [4.3, 21.2, 10.4],
			"to": [4.3, 25.2, 13.4],
			"rotation": {"angle": 22.5, "axis": "z", "origin": [5, 22.9, 12]},
			"faces": {
				"north": {"uv": [0, 8, 0, 0], "rotation": 180, "texture": "#1"},
				"east": {"uv": [0, 8, 6, 0], "rotation": 180, "texture": "#1"},
				"south": {"uv": [0, 8, 0, 0], "rotation": 180, "texture": "#1"},
				"west": {"uv": [6, 8, 0, 0], "rotation": 180, "texture": "#1"},
				"up": {"uv": [0, 0, 0, 6], "rotation": 180, "texture": "#1"},
				"down": {"uv": [0, 6, 0, 0], "rotation": 180, "texture": "#1"}
			}
		},
		{
			"from": [11.7, 21.2, 10.4],
			"to": [11.7, 25.2, 13.4],
			"rotation": {"angle": -22.5, "axis": "z", "origin": [11, 22.9, 12]},
			"faces": {
				"north": {"uv": [0, 8, 0, 0], "rotation": 180, "texture": "#1"},
				"east": {"uv": [0, 8, 6, 0], "rotation": 180, "texture": "#1"},
				"south": {"uv": [0, 8, 0, 0], "rotation": 180, "texture": "#1"},
				"west": {"uv": [6, 8, 0, 0], "rotation": 180, "texture": "#1"},
				"up": {"uv": [0, 0, 0, 6], "rotation": 180, "texture": "#1"},
				"down": {"uv": [0, 6, 0, 0], "rotation": 180, "texture": "#1"}
			}
		},
		{
			"from": [4.3, 13.9, 6.4],
			"to": [4.3, 17.9, 9.4],
			"rotation": {"angle": 22.5, "axis": "z", "origin": [5, 15.6, 8]},
			"faces": {
				"north": {"uv": [0, 8, 0, 0], "rotation": 180, "texture": "#1"},
				"east": {"uv": [0, 8, 6, 0], "rotation": 180, "texture": "#1"},
				"south": {"uv": [0, 8, 0, 0], "rotation": 180, "texture": "#1"},
				"west": {"uv": [6, 8, 0, 0], "rotation": 180, "texture": "#1"},
				"up": {"uv": [0, 0, 0, 6], "rotation": 180, "texture": "#1"},
				"down": {"uv": [0, 6, 0, 0], "rotation": 180, "texture": "#1"}
			}
		},
		{
			"from": [11.7, 13.9, 6.4],
			"to": [11.7, 17.9, 9.4],
			"rotation": {"angle": -22.5, "axis": "z", "origin": [11, 15.6, 8]},
			"faces": {
				"north": {"uv": [0, 8, 0, 0], "rotation": 180, "texture": "#1"},
				"east": {"uv": [0, 8, 6, 0], "rotation": 180, "texture": "#1"},
				"south": {"uv": [0, 8, 0, 0], "rotation": 180, "texture": "#1"},
				"west": {"uv": [6, 8, 0, 0], "rotation": 180, "texture": "#1"},
				"up": {"uv": [0, 0, 0, 6], "rotation": 180, "texture": "#1"},
				"down": {"uv": [0, 6, 0, 0], "rotation": 180, "texture": "#1"}
			}
		},
		{
			"from": [6.3, 6, 6.5],
			"to": [6.3, 10, 13.5],
			"rotation": {"angle": -22.5, "axis": "x", "origin": [12, 20, -3]},
			"faces": {
				"north": {"uv": [0, 0, 0, 8], "texture": "#5"},
				"east": {"uv": [14, 0, 0, 8], "texture": "#5"},
				"south": {"uv": [0, 0, 0, 8], "texture": "#5"},
				"west": {"uv": [0, 0, 14, 8], "texture": "#5"},
				"up": {"uv": [0, 14, 0, 0], "texture": "#5"},
				"down": {"uv": [0, 0, 0, 14], "texture": "#5"}
			}
		},
		{
			"from": [9.3, 0, 4.5],
			"to": [9.3, 4, 11.5],
			"rotation": {"angle": 22.5, "axis": "x", "origin": [12, 20, 24]},
			"faces": {
				"north": {"uv": [0, 0, 0, 8], "texture": "#5"},
				"east": {"uv": [0, 0, 14, 8], "texture": "#5"},
				"south": {"uv": [0, 0, 0, 8], "texture": "#5"},
				"west": {"uv": [14, 0, 0, 8], "texture": "#5"},
				"up": {"uv": [0, 0, 0, 14], "texture": "#5"},
				"down": {"uv": [0, 14, 0, 0], "texture": "#5"}
			}
		}
	],
	"gui_light": "front",
	"display": {
		"thirdperson_righthand": {
			"translation": [0, -0.25, 1.25],
			"scale": [0.6, 0.6, 0.6]
		},
		"thirdperson_lefthand": {
			"translation": [0, -0.25, 1.25],
			"scale": [0.6, 0.6, 0.6]
		},
		"firstperson_righthand": {
			"rotation": [12, 0, 0],
			"translation": [4.25, 4.5, 0],
			"scale": [0.25, 0.25, 0.25]
		},
		"firstperson_lefthand": {
			"rotation": [12, 0, 0],
			"translation": [4.25, 4.5, 0],
			"scale": [0.25, 0.25, 0.25]
		},
		"ground": {
			"rotation": [45, 0, 0],
			"translation": [0, 9, 0],
			"scale": [0.45, 0.45, 0.45]
		},
		"gui": {
			"rotation": [-90, 135, -90],
			"translation": [-1.75, 0.75, -1.5],
			"scale": [0.43203, 0.43203, 0.43203]
		},
		"head": {
			"scale": [0, 0, 0]
		},
		"fixed": {
			"rotation": [0, -90, 0],
			"translation": [0, 3, -3.5],
			"scale": [1.4, 1.4, 1.4]
		}
	},
	"groups": [
		{
			"name": "group",
			"origin": [4, 8, 7],
			"color": 0,
			"children": []
		},
		{
			"name": "group",
			"origin": [4, 13, 7],
			"color": 0,
			"children": []
		},
		{
			"name": "group",
			"origin": [8.05, 5.8, 5.7],
			"color": 0,
			"children": []
		},
		0,
		1,
		2,
		3,
		4,
		5,
		6,
		7,
		8,
		9,
		10,
		11,
		12,
		13,
		14,
		15,
		16,
		17,
		18,
		19,
		20,
		21,
		22,
		23,
		24,
		25,
		26,
		27,
		28,
		29,
		30,
		31,
		32,
		33,
		34,
		35,
		36,
		37,
		38,
		39,
		40,
		41,
		42,
		43,
		44,
		45,
		46,
		47,
		48,
		49,
		50,
		51,
		52,
		53,
		54,
		55,
		56,
		57,
		58,
		59,
		60,
		61,
		62,
		63,
		64,
		65,
		66,
		67,
		68,
		69,
		70,
		71,
		72,
		73,
		{
			"name": "group",
			"origin": [7.7, 17.3, 7.8],
			"color": 0,
			"children": []
		},
		74,
		75,
		76,
		77,
		78,
		79,
		80,
		81,
		82,
		83,
		84,
		85,
		86,
		87,
		88,
		89,
		90,
		91,
		92
	]
}