{
	"credit": "Made with Blockbench",
	"textures": {
		"0": "item/halloween/scarecrow/scarecrow_chestplate",
		"particle": "item/halloween/scarecrow/scarecrow_chestplate"
	},
	"elements": [
		{
			"name": "scarecrow_chestplate_0",
			"from": [3, 1.5, 7.75],
			"to": [5.5, 15, 8.25],
			"rotation": {"angle": 0, "axis": "y", "origin": [0, 0, 7.75]},
			"faces": {
				"north": {"uv": [5.5, 1, 3, 14.5], "texture": "#0"},
				"east": {"uv": [5, 1, 5.5, 14.5], "texture": "#0"},
				"south": {"uv": [3, 1, 5.5, 14.5], "texture": "#0"},
				"west": {"uv": [3, 1, 3.5, 14.5], "texture": "#0"},
				"up": {"uv": [3, 1, 5.5, 1.5], "texture": "#0"},
				"down": {"uv": [3, 14, 5.5, 14.5], "texture": "#0"}
			}
		},
		{
			"name": "scarecrow_chestplate_1",
			"from": [10, 1.5, 7.75],
			"to": [12.5, 15, 8.25],
			"rotation": {"angle": 0, "axis": "y", "origin": [0, 0, 7.75]},
			"faces": {
				"north": {"uv": [12.5, 1, 10, 14.5], "texture": "#0"},
				"east": {"uv": [12, 1, 12.5, 14.5], "texture": "#0"},
				"south": {"uv": [10, 1, 12.5, 14.5], "texture": "#0"},
				"west": {"uv": [10, 1, 10.5, 14.5], "texture": "#0"},
				"up": {"uv": [10, 1, 12.5, 1.5], "texture": "#0"},
				"down": {"uv": [10, 14, 12.5, 14.5], "texture": "#0"}
			}
		},
		{
			"name": "scarecrow_chestplate_2",
			"from": [5.5, 1, 7.75],
			"to": [6, 14.5, 8.25],
			"rotation": {"angle": 0, "axis": "y", "origin": [0, 0, 7.75]},
			"faces": {
				"north": {"uv": [6, 1.5, 5.5, 15], "texture": "#0"},
				"east": {"uv": [5.5, 1.5, 6, 15], "texture": "#0"},
				"south": {"uv": [5.5, 1.5, 6, 15], "texture": "#0"},
				"west": {"uv": [5.5, 1.5, 6, 15], "texture": "#0"},
				"up": {"uv": [5.5, 1.5, 6, 2], "texture": "#0"},
				"down": {"uv": [5.5, 14.5, 6, 15], "texture": "#0"}
			}
		},
		{
			"name": "scarecrow_chestplate_3",
			"from": [9.5, 1, 7.75],
			"to": [10, 14.5, 8.25],
			"rotation": {"angle": 0, "axis": "y", "origin": [0, 0, 7.75]},
			"faces": {
				"north": {"uv": [10, 1.5, 9.5, 15], "texture": "#0"},
				"east": {"uv": [9.5, 1.5, 10, 15], "texture": "#0"},
				"south": {"uv": [9.5, 1.5, 10, 15], "texture": "#0"},
				"west": {"uv": [9.5, 1.5, 10, 15], "texture": "#0"},
				"up": {"uv": [9.5, 1.5, 10, 2], "texture": "#0"},
				"down": {"uv": [9.5, 14.5, 10, 15], "texture": "#0"}
			}
		},
		{
			"name": "scarecrow_chestplate_4",
			"from": [6, 1, 7.75],
			"to": [9.5, 14, 8.25],
			"rotation": {"angle": 0, "axis": "y", "origin": [0, 0, 7.75]},
			"faces": {
				"north": {"uv": [9.5, 2, 6, 15], "texture": "#0"},
				"east": {"uv": [9, 2, 9.5, 15], "texture": "#0"},
				"south": {"uv": [6, 2, 9.5, 15], "texture": "#0"},
				"west": {"uv": [6, 2, 6.5, 15], "texture": "#0"},
				"up": {"uv": [6, 2, 9.5, 2.5], "texture": "#0"},
				"down": {"uv": [6, 14.5, 9.5, 15], "texture": "#0"}
			}
		},
		{
			"name": "scarecrow_chestplate_5",
			"from": [6.5, 0.5, 7.75],
			"to": [9, 1, 8.25],
			"rotation": {"angle": 0, "axis": "y", "origin": [0, 0, 7.75]},
			"faces": {
				"north": {"uv": [9, 15, 6.5, 15.5], "texture": "#0"},
				"east": {"uv": [8.5, 15, 9, 15.5], "texture": "#0"},
				"south": {"uv": [6.5, 15, 9, 15.5], "texture": "#0"},
				"west": {"uv": [6.5, 15, 7, 15.5], "texture": "#0"},
				"up": {"uv": [6.5, 15, 9, 15.5], "texture": "#0"},
				"down": {"uv": [6.5, 15, 9, 15.5], "texture": "#0"}
			}
		}
	],
	"gui_light": "front",
	"display": {
		"thirdperson_righthand": {
			"scale": [0.5, 0.5, 0.5]
		},
		"thirdperson_lefthand": {
			"scale": [0.5, 0.5, 0.5]
		}
	},
	"groups": [
		{
			"name": "scarecrow_chestplate",
			"origin": [8, 8, 8],
			"color": 0,
			"children": [0, 1, 2, 3, 4, 5]
		}
	]
}