{
	"credit": "Made with Blockbench",
	"textures": {
		"0": "item/halloween/scarecrow/scarecrow_leggings",
		"particle": "item/halloween/scarecrow/scarecrow_leggings"
	},
	"elements": [
		{
			"name": "scarecrow_leggings_0",
			"from": [2, 2, 7.75],
			"to": [3.5, 14, 8.25],
			"rotation": {"angle": 0, "axis": "y", "origin": [0, 0, 7.75]},
			"faces": {
				"north": {"uv": [3.5, 2, 2, 14], "texture": "#0"},
				"east": {"uv": [3, 2, 3.5, 14], "texture": "#0"},
				"south": {"uv": [2, 2, 3.5, 14], "texture": "#0"},
				"west": {"uv": [2, 2, 2.5, 14], "texture": "#0"},
				"up": {"uv": [2, 2, 3.5, 2.5], "texture": "#0"},
				"down": {"uv": [2, 13.5, 3.5, 14], "texture": "#0"}
			}
		},
		{
			"name": "scarecrow_leggings_1",
			"from": [12.5, 2, 7.75],
			"to": [14, 14, 8.25],
			"rotation": {"angle": 0, "axis": "y", "origin": [0, 0, 7.75]},
			"faces": {
				"north": {"uv": [14, 2, 12.5, 14], "texture": "#0"},
				"east": {"uv": [13.5, 2, 14, 14], "texture": "#0"},
				"south": {"uv": [12.5, 2, 14, 14], "texture": "#0"},
				"west": {"uv": [12.5, 2, 13, 14], "texture": "#0"},
				"up": {"uv": [12.5, 2, 14, 2.5], "texture": "#0"},
				"down": {"uv": [12.5, 13.5, 14, 14], "texture": "#0"}
			}
		},
		{
			"name": "scarecrow_leggings_2",
			"from": [3.5, 9.5, 7.75],
			"to": [12.5, 13.5, 8.25],
			"rotation": {"angle": 0, "axis": "y", "origin": [0, 0, 7.75]},
			"faces": {
				"north": {"uv": [12.5, 2.5, 3.5, 6.5], "texture": "#0"},
				"east": {"uv": [12, 2.5, 12.5, 6.5], "texture": "#0"},
				"south": {"uv": [3.5, 2.5, 12.5, 6.5], "texture": "#0"},
				"west": {"uv": [3.5, 2.5, 4, 6.5], "texture": "#0"},
				"up": {"uv": [3.5, 2.5, 12.5, 3], "texture": "#0"},
				"down": {"uv": [3.5, 6, 12.5, 6.5], "texture": "#0"}
			}
		},
		{
			"name": "scarecrow_leggings_3",
			"from": [3.5, 2, 7.75],
			"to": [7.5, 9.5, 8.25],
			"rotation": {"angle": 0, "axis": "y", "origin": [0, 0, 7.75]},
			"faces": {
				"north": {"uv": [7.5, 6.5, 3.5, 14], "texture": "#0"},
				"east": {"uv": [7, 6.5, 7.5, 14], "texture": "#0"},
				"south": {"uv": [3.5, 6.5, 7.5, 14], "texture": "#0"},
				"west": {"uv": [3.5, 6.5, 4, 14], "texture": "#0"},
				"up": {"uv": [3.5, 6.5, 7.5, 7], "texture": "#0"},
				"down": {"uv": [3.5, 13.5, 7.5, 14], "texture": "#0"}
			}
		},
		{
			"name": "scarecrow_leggings_4",
			"from": [8.5, 2, 7.75],
			"to": [12.5, 9.5, 8.25],
			"rotation": {"angle": 0, "axis": "y", "origin": [0, 0, 7.75]},
			"faces": {
				"north": {"uv": [12.5, 6.5, 8.5, 14], "texture": "#0"},
				"east": {"uv": [12, 6.5, 12.5, 14], "texture": "#0"},
				"south": {"uv": [8.5, 6.5, 12.5, 14], "texture": "#0"},
				"west": {"uv": [8.5, 6.5, 9, 14], "texture": "#0"},
				"up": {"uv": [8.5, 6.5, 12.5, 7], "texture": "#0"},
				"down": {"uv": [8.5, 13.5, 12.5, 14], "texture": "#0"}
			}
		},
		{
			"name": "scarecrow_leggings_5",
			"from": [2.5, 1.5, 7.75],
			"to": [7, 2, 8.25],
			"rotation": {"angle": 0, "axis": "y", "origin": [0, 0, 7.75]},
			"faces": {
				"north": {"uv": [7, 14, 2.5, 14.5], "texture": "#0"},
				"east": {"uv": [6.5, 14, 7, 14.5], "texture": "#0"},
				"south": {"uv": [2.5, 14, 7, 14.5], "texture": "#0"},
				"west": {"uv": [2.5, 14, 3, 14.5], "texture": "#0"},
				"up": {"uv": [2.5, 14, 7, 14.5], "texture": "#0"},
				"down": {"uv": [2.5, 14, 7, 14.5], "texture": "#0"}
			}
		},
		{
			"name": "scarecrow_leggings_6",
			"from": [9, 1.5, 7.75],
			"to": [13.5, 2, 8.25],
			"rotation": {"angle": 0, "axis": "y", "origin": [0, 0, 7.75]},
			"faces": {
				"north": {"uv": [13.5, 14, 9, 14.5], "texture": "#0"},
				"east": {"uv": [13, 14, 13.5, 14.5], "texture": "#0"},
				"south": {"uv": [9, 14, 13.5, 14.5], "texture": "#0"},
				"west": {"uv": [9, 14, 9.5, 14.5], "texture": "#0"},
				"up": {"uv": [9, 14, 13.5, 14.5], "texture": "#0"},
				"down": {"uv": [9, 14, 13.5, 14.5], "texture": "#0"}
			}
		}
	],
	"gui_light": "front",
	"display": {
		"thirdperson_righthand": {
			"scale": [0.5, 0.5, 0.5]
		},
		"thirdperson_lefthand": {
			"scale": [0.5, 0.5, 0.5]
		}
	},
	"groups": [
		{
			"name": "scarecrow_leggings",
			"origin": [8, 8, 8],
			"color": 0,
			"children": [0, 1, 2, 3, 4, 5, 6]
		}
	]
}