{
	"credit": "Made with Blockbench",
	"texture_size": [128, 128],
	"textures": {
		"0": "item/halloween/scarecrow/scarecrow_texture",
		"1": "item/halloween/scarecrow/scarecrow_animation_01",
		"4": "item/halloween/scarecrow/scarecrow_animation_04",
		"5": "item/halloween/scarecrow/scarecrow_animation_03",
		"particle": "item/halloween/scarecrow/scarecrow_texture"
	},
	"elements": [
		{
			"from": [7.25, -14.1, 7],
			"to": [7.25, -9.1, 9],
			"rotation": {"angle": 0, "axis": "y", "origin": [4.5, 12, 4.5]},
			"faces": {
				"north": {"uv": [0, 4, 0, 4.625], "texture": "#0"},
				"east": {"uv": [1.5, 0.1875, 1.25, 0.8125], "texture": "#0"},
				"south": {"uv": [0, 4, 0, 4.625], "texture": "#0"},
				"west": {"uv": [0.3125, 0.1875, 0.5625, 0.8125], "texture": "#0"},
				"up": {"uv": [0, 5, 0, 5.25], "texture": "#0"},
				"down": {"uv": [0, 5, 0, 5.25], "texture": "#0"}
			}
		},
		{
			"from": [8.75, -14.1, 7],
			"to": [8.75, -9.1, 9],
			"rotation": {"angle": 0, "axis": "y", "origin": [11.5, 12, 4.5]},
			"faces": {
				"north": {"uv": [0, 4, 0, 4.625], "texture": "#0"},
				"east": {"uv": [0.5625, 0.1875, 0.3125, 0.8125], "texture": "#0"},
				"south": {"uv": [0, 4, 0, 4.625], "texture": "#0"},
				"west": {"uv": [1.25, 0.1875, 1.5, 0.8125], "texture": "#0"},
				"up": {"uv": [0, 5, 0, 5.25], "texture": "#0"},
				"down": {"uv": [0, 5, 0, 5.25], "texture": "#0"}
			}
		},
		{
			"from": [7.25, -14.1, 7],
			"to": [8.75, -9.1, 7],
			"rotation": {"angle": 0, "axis": "y", "origin": [4.5, 12, 4.5]},
			"faces": {
				"north": {"uv": [0.8125, 1.375, 1, 0.75], "texture": "#0"},
				"east": {"uv": [0, 4, 0, 4.625], "texture": "#0"},
				"south": {"uv": [2.125, 1.375, 1.9375, 0.75], "texture": "#0"},
				"west": {"uv": [0, 4, 0, 4.625], "texture": "#0"},
				"up": {"uv": [0, 5, 0, 5.1875], "rotation": 90, "texture": "#0"},
				"down": {"uv": [0, 5, 0, 5.1875], "rotation": 270, "texture": "#0"}
			}
		},
		{
			"from": [7.25, -14.1, 9],
			"to": [8.75, -9.1, 9],
			"rotation": {"angle": 0, "axis": "y", "origin": [4.5, 12, 6.5]},
			"faces": {
				"north": {"uv": [1.9375, 1.375, 2.125, 0.75], "texture": "#0"},
				"east": {"uv": [0, 4, 0, 4.625], "texture": "#0"},
				"south": {"uv": [1, 1.375, 0.8125, 0.75], "texture": "#0"},
				"west": {"uv": [0, 4, 0, 4.625], "texture": "#0"},
				"up": {"uv": [0, 5, 0, 5.1875], "rotation": 90, "texture": "#0"},
				"down": {"uv": [0, 5, 0, 5.1875], "rotation": 270, "texture": "#0"}
			}
		},
		{
			"from": [7, -8.7, 6.75],
			"to": [9, -1.7, 9.25],
			"rotation": {"angle": 0, "axis": "y", "origin": [0, -1, -2.5]},
			"faces": {
				"north": {"uv": [5.6875, 2, 5.9375, 2.875], "texture": "#0"},
				"east": {"uv": [5.375, 2, 5.6875, 2.875], "texture": "#0"},
				"south": {"uv": [5.6875, 2, 5.9375, 2.875], "texture": "#0"},
				"west": {"uv": [5.375, 2, 5.6875, 2.875], "texture": "#0"},
				"up": {"uv": [5.9375, 2, 6.1875, 2.3125], "texture": "#0"},
				"down": {"uv": [5.9375, 2, 6.1875, 2.3125], "texture": "#0"}
			}
		},
		{
			"from": [7, -1.7, 6.75],
			"to": [7, -0.2, 9.25],
			"rotation": {"angle": 22.5, "axis": "z", "origin": [7, -1.7, 8]},
			"faces": {
				"north": {"uv": [5.6875, 2, 5.9375, 2.875], "texture": "#0"},
				"east": {"uv": [6.6875, 1.8125, 6.375, 2], "texture": "#0"},
				"south": {"uv": [5.6875, 2, 5.9375, 2.875], "texture": "#0"},
				"west": {"uv": [6.375, 1.8125, 6.6875, 2], "texture": "#0"},
				"up": {"uv": [5.9375, 2, 6.1875, 2.3125], "texture": "#0"},
				"down": {"uv": [5.9375, 2, 6.1875, 2.3125], "texture": "#0"}
			}
		},
		{
			"from": [9, -1.7, 6.75],
			"to": [9, -0.2, 9.25],
			"rotation": {"angle": -22.5, "axis": "z", "origin": [9, -1.7, 8]},
			"faces": {
				"north": {"uv": [5.9375, 2, 5.6875, 2.875], "texture": "#0"},
				"east": {"uv": [6.6875, 1.8125, 6.375, 2], "texture": "#0"},
				"south": {"uv": [5.9375, 2, 5.6875, 2.875], "texture": "#0"},
				"west": {"uv": [6.375, 1.8125, 6.6875, 2], "texture": "#0"},
				"up": {"uv": [6.1875, 2, 5.9375, 2.3125], "texture": "#0"},
				"down": {"uv": [6.1875, 2, 5.9375, 2.3125], "texture": "#0"}
			}
		},
		{
			"from": [7, -1.7, 6.8],
			"to": [9, -0.2, 6.8],
			"rotation": {"angle": -22.5, "axis": "x", "origin": [7.7, -1.7, 6.8]},
			"faces": {
				"north": {"uv": [6.375, 1.8125, 6.625, 2], "texture": "#0"},
				"east": {"uv": [5.6875, 2, 5.6875, 2.1875], "texture": "#0"},
				"south": {"uv": [6.625, 1.8125, 6.375, 2], "texture": "#0"},
				"west": {"uv": [5.6875, 2, 5.6875, 2.1875], "texture": "#0"},
				"up": {"uv": [5.9375, 2, 5.9375, 2.25], "rotation": 90, "texture": "#0"},
				"down": {"uv": [5.9375, 2, 5.9375, 2.25], "rotation": 270, "texture": "#0"}
			}
		},
		{
			"from": [7, -1.7, 9.2],
			"to": [9, -0.2, 9.2],
			"rotation": {"angle": 22.5, "axis": "x", "origin": [7.7, -1.7, 9.2]},
			"faces": {
				"north": {"uv": [6.375, 1.8125, 6.625, 2], "texture": "#0"},
				"east": {"uv": [5.6875, 2, 5.6875, 2.1875], "texture": "#0"},
				"south": {"uv": [6.625, 1.8125, 6.375, 2], "texture": "#0"},
				"west": {"uv": [5.6875, 2, 5.6875, 2.1875], "texture": "#0"},
				"up": {"uv": [5.9375, 2, 5.9375, 2.25], "rotation": 90, "texture": "#0"},
				"down": {"uv": [5.9375, 2, 5.9375, 2.25], "rotation": 270, "texture": "#0"}
			}
		},
		{
			"from": [7, -10.1, 6.8],
			"to": [9, -8.6, 6.8],
			"rotation": {"angle": 22.5, "axis": "x", "origin": [7.7, -8.6, 6.8]},
			"faces": {
				"north": {"uv": [6.375, 2, 6.625, 1.8125], "texture": "#0"},
				"east": {"uv": [5.6875, 2.1875, 5.6875, 2], "texture": "#0"},
				"south": {"uv": [6.625, 2, 6.375, 1.8125], "texture": "#0"},
				"west": {"uv": [5.6875, 2.1875, 5.6875, 2], "texture": "#0"},
				"up": {"uv": [5.9375, 2, 5.9375, 2.25], "rotation": 270, "texture": "#0"},
				"down": {"uv": [5.9375, 2, 5.9375, 2.25], "rotation": 90, "texture": "#0"}
			}
		},
		{
			"from": [7, -10.1, 9.2],
			"to": [9, -8.6, 9.2],
			"rotation": {"angle": -22.5, "axis": "x", "origin": [7.7, -8.6, 9.2]},
			"faces": {
				"north": {"uv": [6.375, 2, 6.625, 1.8125], "texture": "#0"},
				"east": {"uv": [5.6875, 2.1875, 5.6875, 2], "texture": "#0"},
				"south": {"uv": [6.625, 2, 6.375, 1.8125], "texture": "#0"},
				"west": {"uv": [5.6875, 2.1875, 5.6875, 2], "texture": "#0"},
				"up": {"uv": [5.9375, 2, 5.9375, 2.25], "rotation": 270, "texture": "#0"},
				"down": {"uv": [5.9375, 2, 5.9375, 2.25], "rotation": 90, "texture": "#0"}
			}
		},
		{
			"from": [9, -10.2, 6.75],
			"to": [9, -8.7, 9.25],
			"rotation": {"angle": 22.5, "axis": "z", "origin": [9, -8.7, 8]},
			"faces": {
				"north": {"uv": [5.9375, 2.875, 5.6875, 2], "texture": "#0"},
				"east": {"uv": [6.6875, 2, 6.375, 1.8125], "texture": "#0"},
				"south": {"uv": [5.9375, 2.875, 5.6875, 2], "texture": "#0"},
				"west": {"uv": [6.375, 2, 6.6875, 1.8125], "texture": "#0"},
				"up": {"uv": [6.1875, 2.3125, 5.9375, 2], "texture": "#0"},
				"down": {"uv": [6.1875, 2.3125, 5.9375, 2], "texture": "#0"}
			}
		},
		{
			"from": [7, -10.2, 6.75],
			"to": [7, -8.7, 9.25],
			"rotation": {"angle": -22.5, "axis": "z", "origin": [7, -8.7, 8]},
			"faces": {
				"north": {"uv": [5.6875, 2.875, 5.9375, 2], "texture": "#0"},
				"east": {"uv": [6.6875, 2, 6.375, 1.8125], "texture": "#0"},
				"south": {"uv": [5.6875, 2.875, 5.9375, 2], "texture": "#0"},
				"west": {"uv": [6.375, 2, 6.6875, 1.8125], "texture": "#0"},
				"up": {"uv": [5.9375, 2.3125, 6.1875, 2], "texture": "#0"},
				"down": {"uv": [5.9375, 2.3125, 6.1875, 2], "texture": "#0"}
			}
		},
		{
			"from": [6, 10.3, 8.05],
			"to": [8, 17.3, 10.55],
			"rotation": {"angle": 0, "axis": "y", "origin": [7, 13.8, 9.3]},
			"faces": {
				"north": {"uv": [5.6875, 2, 5.9375, 2.875], "texture": "#0"},
				"east": {"uv": [5.375, 2, 5.6875, 2.875], "texture": "#0"},
				"south": {"uv": [5.6875, 2, 5.9375, 2.875], "texture": "#0"},
				"west": {"uv": [5.375, 2, 5.6875, 2.875], "texture": "#0"},
				"up": {"uv": [5.9375, 2, 6.1875, 2.3125], "texture": "#0"},
				"down": {"uv": [5.9375, 2, 6.1875, 2.3125], "texture": "#0"}
			}
		},
		{
			"from": [6, 10.3, 5.55],
			"to": [8, 17.3, 8.05],
			"rotation": {"angle": 0, "axis": "y", "origin": [7, 13.8, 9.3]},
			"faces": {
				"north": {"uv": [5.6875, 2, 5.9375, 2.875], "texture": "#0"},
				"east": {"uv": [5.375, 2, 5.6875, 2.875], "texture": "#0"},
				"south": {"uv": [5.6875, 2, 5.9375, 2.875], "texture": "#0"},
				"west": {"uv": [5.375, 2, 5.6875, 2.875], "texture": "#0"},
				"up": {"uv": [5.9375, 2, 6.1875, 2.3125], "texture": "#0"},
				"down": {"uv": [5.9375, 2, 6.1875, 2.3125], "texture": "#0"}
			}
		},
		{
			"from": [7.41551, 8.68374, 8.05],
			"to": [7.41551, 10.18374, 10.55],
			"rotation": {"angle": -22.5, "axis": "z", "origin": [7, 13.8, 9.3]},
			"faces": {
				"north": {"uv": [5.6875, 2.875, 5.9375, 2], "texture": "#0"},
				"east": {"uv": [6.6875, 2, 6.375, 1.8125], "texture": "#0"},
				"south": {"uv": [5.6875, 2.875, 5.9375, 2], "texture": "#0"},
				"west": {"uv": [6.375, 2, 6.6875, 1.8125], "texture": "#0"},
				"up": {"uv": [5.9375, 2.3125, 6.1875, 2], "texture": "#0"},
				"down": {"uv": [5.9375, 2.3125, 6.1875, 2], "texture": "#0"}
			}
		},
		{
			"from": [6, 8.69959, 9.10753],
			"to": [8, 10.19959, 9.10753],
			"rotation": {"angle": -22.5, "axis": "x", "origin": [7, 13.8, 9.3]},
			"faces": {
				"north": {"uv": [6.375, 2, 6.625, 1.8125], "texture": "#0"},
				"east": {"uv": [5.6875, 2.1875, 5.6875, 2], "texture": "#0"},
				"south": {"uv": [6.625, 2, 6.375, 1.8125], "texture": "#0"},
				"west": {"uv": [5.6875, 2.1875, 5.6875, 2], "texture": "#0"},
				"up": {"uv": [5.9375, 2, 5.9375, 2.25], "rotation": 270, "texture": "#0"},
				"down": {"uv": [5.9375, 2, 5.9375, 2.25], "rotation": 90, "texture": "#0"}
			}
		},
		{
			"from": [6, 8.69959, 6.99247],
			"to": [8, 10.19959, 6.99247],
			"rotation": {"angle": 22.5, "axis": "x", "origin": [7, 13.8, 6.8]},
			"faces": {
				"north": {"uv": [6.375, 2, 6.625, 1.8125], "texture": "#0"},
				"east": {"uv": [5.6875, 2.1875, 5.6875, 2], "texture": "#0"},
				"south": {"uv": [6.625, 2, 6.375, 1.8125], "texture": "#0"},
				"west": {"uv": [5.6875, 2.1875, 5.6875, 2], "texture": "#0"},
				"up": {"uv": [5.9375, 2, 5.9375, 2.25], "rotation": 270, "texture": "#0"},
				"down": {"uv": [5.9375, 2, 5.9375, 2.25], "rotation": 90, "texture": "#0"}
			}
		},
		{
			"from": [7.21551, 17.21626, 8.05],
			"to": [7.21551, 18.91626, 10.55],
			"rotation": {"angle": 22.5, "axis": "z", "origin": [7, 13.8, 9.3]},
			"faces": {
				"north": {"uv": [5.6875, 2, 5.9375, 2.875], "texture": "#0"},
				"east": {"uv": [6.6875, 1.8125, 6.375, 2], "texture": "#0"},
				"south": {"uv": [5.6875, 2, 5.9375, 2.875], "texture": "#0"},
				"west": {"uv": [6.375, 1.8125, 6.6875, 2], "texture": "#0"},
				"up": {"uv": [5.9375, 2, 6.1875, 2.3125], "texture": "#0"},
				"down": {"uv": [5.9375, 2, 6.1875, 2.3125], "texture": "#0"}
			}
		},
		{
			"from": [7.41551, 8.68374, 5.55],
			"to": [7.41551, 10.18374, 8.05],
			"rotation": {"angle": -22.5, "axis": "z", "origin": [7, 13.8, 6.8]},
			"faces": {
				"north": {"uv": [5.6875, 2.875, 5.9375, 2], "texture": "#0"},
				"east": {"uv": [6.6875, 2, 6.375, 1.8125], "texture": "#0"},
				"south": {"uv": [5.6875, 2.875, 5.9375, 2], "texture": "#0"},
				"west": {"uv": [6.375, 2, 6.6875, 1.8125], "texture": "#0"},
				"up": {"uv": [5.9375, 2.3125, 6.1875, 2], "texture": "#0"},
				"down": {"uv": [5.9375, 2.3125, 6.1875, 2], "texture": "#0"}
			}
		},
		{
			"from": [7.21551, 17.21626, 5.55],
			"to": [7.21551, 18.91626, 8.05],
			"rotation": {"angle": 22.5, "axis": "z", "origin": [7, 13.8, 6.8]},
			"faces": {
				"north": {"uv": [5.6875, 2, 5.9375, 2.875], "texture": "#0"},
				"east": {"uv": [6.6875, 1.8125, 6.375, 2], "texture": "#0"},
				"south": {"uv": [5.6875, 2, 5.9375, 2.875], "texture": "#0"},
				"west": {"uv": [6.375, 1.8125, 6.6875, 2], "texture": "#0"},
				"up": {"uv": [5.9375, 2, 6.1875, 2.3125], "texture": "#0"},
				"down": {"uv": [5.9375, 2, 6.1875, 2.3125], "texture": "#0"}
			}
		},
		{
			"from": [8.78449, 17.21626, 5.55],
			"to": [8.78449, 18.91626, 8.05],
			"rotation": {"angle": -22.5, "axis": "z", "origin": [9, 13.8, 6.8]},
			"faces": {
				"north": {"uv": [5.9375, 2, 5.6875, 2.875], "texture": "#0"},
				"east": {"uv": [6.6875, 1.8125, 6.375, 2], "texture": "#0"},
				"south": {"uv": [5.9375, 2, 5.6875, 2.875], "texture": "#0"},
				"west": {"uv": [6.375, 1.8125, 6.6875, 2], "texture": "#0"},
				"up": {"uv": [6.1875, 2, 5.9375, 2.3125], "texture": "#0"},
				"down": {"uv": [6.1875, 2, 5.9375, 2.3125], "texture": "#0"}
			}
		},
		{
			"from": [8.78449, 17.21626, 8.05],
			"to": [8.78449, 18.91626, 10.55],
			"rotation": {"angle": -22.5, "axis": "z", "origin": [9, 13.8, 9.3]},
			"faces": {
				"north": {"uv": [5.9375, 2, 5.6875, 2.875], "texture": "#0"},
				"east": {"uv": [6.6875, 1.8125, 6.375, 2], "texture": "#0"},
				"south": {"uv": [5.9375, 2, 5.6875, 2.875], "texture": "#0"},
				"west": {"uv": [6.375, 1.8125, 6.6875, 2], "texture": "#0"},
				"up": {"uv": [6.1875, 2, 5.9375, 2.3125], "texture": "#0"},
				"down": {"uv": [6.1875, 2, 5.9375, 2.3125], "texture": "#0"}
			}
		},
		{
			"from": [6, 17.4928, 9.06926],
			"to": [8, 18.9928, 9.06926],
			"rotation": {"angle": 22.5, "axis": "x", "origin": [7, 13.8, 9.3]},
			"faces": {
				"north": {"uv": [6.375, 1.8125, 6.625, 2], "texture": "#0"},
				"east": {"uv": [5.6875, 2, 5.6875, 2.1875], "texture": "#0"},
				"south": {"uv": [6.625, 1.8125, 6.375, 2], "texture": "#0"},
				"west": {"uv": [5.6875, 2, 5.6875, 2.1875], "texture": "#0"},
				"up": {"uv": [5.9375, 2, 5.9375, 2.25], "rotation": 90, "texture": "#0"},
				"down": {"uv": [5.9375, 2, 5.9375, 2.25], "rotation": 270, "texture": "#0"}
			}
		},
		{
			"from": [6, 17.4928, 7.03074],
			"to": [8, 18.9928, 7.03074],
			"rotation": {"angle": -22.5, "axis": "x", "origin": [7, 13.8, 6.8]},
			"faces": {
				"north": {"uv": [6.375, 1.8125, 6.625, 2], "texture": "#0"},
				"east": {"uv": [5.6875, 2, 5.6875, 2.1875], "texture": "#0"},
				"south": {"uv": [6.625, 1.8125, 6.375, 2], "texture": "#0"},
				"west": {"uv": [5.6875, 2, 5.6875, 2.1875], "texture": "#0"},
				"up": {"uv": [5.9375, 2, 5.9375, 2.25], "rotation": 90, "texture": "#0"},
				"down": {"uv": [5.9375, 2, 5.9375, 2.25], "rotation": 270, "texture": "#0"}
			}
		},
		{
			"from": [8, 10.3, 5.55],
			"to": [10, 17.3, 8.05],
			"rotation": {"angle": 0, "axis": "y", "origin": [9, 13.8, 9.3]},
			"faces": {
				"north": {"uv": [5.9375, 2, 5.6875, 2.875], "texture": "#0"},
				"east": {"uv": [5.6875, 2, 5.375, 2.875], "texture": "#0"},
				"south": {"uv": [5.9375, 2, 5.6875, 2.875], "texture": "#0"},
				"west": {"uv": [5.6875, 2, 5.375, 2.875], "texture": "#0"},
				"up": {"uv": [6.1875, 2, 5.9375, 2.3125], "texture": "#0"},
				"down": {"uv": [6.1875, 2, 5.9375, 2.3125], "texture": "#0"}
			}
		},
		{
			"from": [8, 10.3, 8.05],
			"to": [10, 17.3, 10.55],
			"rotation": {"angle": 0, "axis": "y", "origin": [9, 13.8, 9.3]},
			"faces": {
				"north": {"uv": [5.9375, 2, 5.6875, 2.875], "texture": "#0"},
				"east": {"uv": [5.6875, 2, 5.375, 2.875], "texture": "#0"},
				"south": {"uv": [5.9375, 2, 5.6875, 2.875], "texture": "#0"},
				"west": {"uv": [5.6875, 2, 5.375, 2.875], "texture": "#0"},
				"up": {"uv": [6.1875, 2, 5.9375, 2.3125], "texture": "#0"},
				"down": {"uv": [6.1875, 2, 5.9375, 2.3125], "texture": "#0"}
			}
		},
		{
			"from": [8.58449, 8.68374, 5.55],
			"to": [8.58449, 10.18374, 8.05],
			"rotation": {"angle": 22.5, "axis": "z", "origin": [9, 13.8, 6.8]},
			"faces": {
				"north": {"uv": [5.9375, 2.875, 5.6875, 2], "texture": "#0"},
				"east": {"uv": [6.6875, 2, 6.375, 1.8125], "texture": "#0"},
				"south": {"uv": [5.9375, 2.875, 5.6875, 2], "texture": "#0"},
				"west": {"uv": [6.375, 2, 6.6875, 1.8125], "texture": "#0"},
				"up": {"uv": [6.1875, 2.3125, 5.9375, 2], "texture": "#0"},
				"down": {"uv": [6.1875, 2.3125, 5.9375, 2], "texture": "#0"}
			}
		},
		{
			"from": [8.58449, 8.68374, 8.05],
			"to": [8.58449, 10.18374, 10.55],
			"rotation": {"angle": 22.5, "axis": "z", "origin": [9, 13.8, 9.3]},
			"faces": {
				"north": {"uv": [5.9375, 2.875, 5.6875, 2], "texture": "#0"},
				"east": {"uv": [6.6875, 2, 6.375, 1.8125], "texture": "#0"},
				"south": {"uv": [5.9375, 2.875, 5.6875, 2], "texture": "#0"},
				"west": {"uv": [6.375, 2, 6.6875, 1.8125], "texture": "#0"},
				"up": {"uv": [6.1875, 2.3125, 5.9375, 2], "texture": "#0"},
				"down": {"uv": [6.1875, 2.3125, 5.9375, 2], "texture": "#0"}
			}
		},
		{
			"from": [8, 8.69959, 6.99247],
			"to": [10, 10.19959, 6.99247],
			"rotation": {"angle": 22.5, "axis": "x", "origin": [9, 13.8, 6.8]},
			"faces": {
				"north": {"uv": [6.625, 2, 6.375, 1.8125], "texture": "#0"},
				"east": {"uv": [5.6875, 2.1875, 5.6875, 2], "texture": "#0"},
				"south": {"uv": [6.375, 2, 6.625, 1.8125], "texture": "#0"},
				"west": {"uv": [5.6875, 2.1875, 5.6875, 2], "texture": "#0"},
				"up": {"uv": [5.9375, 2.25, 5.9375, 2], "rotation": 270, "texture": "#0"},
				"down": {"uv": [5.9375, 2.25, 5.9375, 2], "rotation": 90, "texture": "#0"}
			}
		},
		{
			"from": [8, 17.4928, 7.03074],
			"to": [10, 18.9928, 7.03074],
			"rotation": {"angle": -22.5, "axis": "x", "origin": [9, 13.8, 6.8]},
			"faces": {
				"north": {"uv": [6.625, 1.8125, 6.375, 2], "texture": "#0"},
				"east": {"uv": [5.6875, 2, 5.6875, 2.1875], "texture": "#0"},
				"south": {"uv": [6.375, 1.8125, 6.625, 2], "texture": "#0"},
				"west": {"uv": [5.6875, 2, 5.6875, 2.1875], "texture": "#0"},
				"up": {"uv": [5.9375, 2.25, 5.9375, 2], "rotation": 90, "texture": "#0"},
				"down": {"uv": [5.9375, 2.25, 5.9375, 2], "rotation": 270, "texture": "#0"}
			}
		},
		{
			"from": [8, 17.4928, 9.06926],
			"to": [10, 18.9928, 9.06926],
			"rotation": {"angle": 22.5, "axis": "x", "origin": [9, 13.8, 9.3]},
			"faces": {
				"north": {"uv": [6.625, 1.8125, 6.375, 2], "texture": "#0"},
				"east": {"uv": [5.6875, 2, 5.6875, 2.1875], "texture": "#0"},
				"south": {"uv": [6.375, 1.8125, 6.625, 2], "texture": "#0"},
				"west": {"uv": [5.6875, 2, 5.6875, 2.1875], "texture": "#0"},
				"up": {"uv": [5.9375, 2.25, 5.9375, 2], "rotation": 90, "texture": "#0"},
				"down": {"uv": [5.9375, 2.25, 5.9375, 2], "rotation": 270, "texture": "#0"}
			}
		},
		{
			"from": [8, 8.69959, 9.10753],
			"to": [10, 10.19959, 9.10753],
			"rotation": {"angle": -22.5, "axis": "x", "origin": [9, 13.8, 9.3]},
			"faces": {
				"north": {"uv": [6.625, 2, 6.375, 1.8125], "texture": "#0"},
				"east": {"uv": [5.6875, 2.1875, 5.6875, 2], "texture": "#0"},
				"south": {"uv": [6.375, 2, 6.625, 1.8125], "texture": "#0"},
				"west": {"uv": [5.6875, 2.1875, 5.6875, 2], "texture": "#0"},
				"up": {"uv": [5.9375, 2.25, 5.9375, 2], "rotation": 270, "texture": "#0"},
				"down": {"uv": [5.9375, 2.25, 5.9375, 2], "rotation": 90, "texture": "#0"}
			}
		},
		{
			"from": [7.25, -9.1, 7],
			"to": [8.75, -1.1, 9],
			"rotation": {"angle": 0, "axis": "y", "origin": [-0.2, -4, 16.5]},
			"faces": {
				"north": {"uv": [7.25, 1, 7.4375, 2], "texture": "#0"},
				"east": {"uv": [7, 1, 7.25, 2], "texture": "#0"},
				"south": {"uv": [7.25, 1, 7.4375, 2], "texture": "#0"},
				"west": {"uv": [7, 1, 7.25, 2], "texture": "#0"},
				"up": {"uv": [7, 1, 6.8125, 1.25], "texture": "#0"},
				"down": {"uv": [7, 1, 6.8125, 1.25], "texture": "#0"}
			}
		},
		{
			"from": [7.15, -1.67003, 7],
			"to": [8.85, 3.32997, 9],
			"rotation": {"angle": 0, "axis": "y", "origin": [8, 0.82997, 8.75911]},
			"faces": {
				"north": {"uv": [7.6875, 1, 7.875, 1.625], "texture": "#0"},
				"east": {"uv": [7.4375, 1, 7.6875, 1.625], "texture": "#0"},
				"south": {"uv": [7.6875, 1, 7.875, 1.625], "texture": "#0"},
				"west": {"uv": [7.4375, 1, 7.6875, 1.625], "texture": "#0"},
				"up": {"uv": [6.75, 1.0625, 7, 1.25], "rotation": 270, "texture": "#0"},
				"down": {"uv": [6.75, 1.0625, 7, 1.25], "rotation": 270, "texture": "#0"}
			}
		},
		{
			"from": [7.05, 3.3, 7],
			"to": [8.95, 8.3, 9],
			"rotation": {"angle": 0, "axis": "y", "origin": [0, -3.2, 16.7]},
			"faces": {
				"north": {"uv": [4.75, 2, 4.9375, 2.625], "texture": "#0"},
				"east": {"uv": [4.5, 2, 4.75, 2.625], "texture": "#0"},
				"south": {"uv": [4.75, 2, 4.9375, 2.625], "texture": "#0"},
				"west": {"uv": [4.5, 2, 4.75, 2.625], "texture": "#0"},
				"up": {"uv": [6.375, 1.625, 6.625, 1.8125], "rotation": 270, "texture": "#0"},
				"down": {"uv": [6.375, 1.625, 6.625, 1.8125], "rotation": 270, "texture": "#0"}
			}
		},
		{
			"from": [6.95, 8, 6.9],
			"to": [9.05, 14, 9.1],
			"rotation": {"angle": 0, "axis": "y", "origin": [0, -3.2, 16.7]},
			"faces": {
				"north": {"uv": [5.1875, 2, 5.375, 2.75], "texture": "#0"},
				"east": {"uv": [4.9375, 2, 5.1875, 2.75], "texture": "#0"},
				"south": {"uv": [5.1875, 2, 5.375, 2.75], "texture": "#0"},
				"west": {"uv": [4.9375, 2, 5.1875, 2.75], "texture": "#0"},
				"up": {"uv": [6.625, 1.625, 6.875, 1.8125], "rotation": 270, "texture": "#0"},
				"down": {"uv": [6.625, 1.625, 6.875, 1.8125], "rotation": 270, "texture": "#0"}
			}
		},
		{
			"from": [7.15, 13, 7],
			"to": [8.85, 19, 9],
			"rotation": {"angle": 0, "axis": "y", "origin": [0, -3.2, 16.7]},
			"faces": {
				"north": {"uv": [5.1875, 2, 5.375, 2.75], "texture": "#0"},
				"east": {"uv": [4.9375, 2, 5.1875, 2.75], "texture": "#0"},
				"south": {"uv": [5.1875, 2, 5.375, 2.75], "texture": "#0"},
				"west": {"uv": [4.9375, 2, 5.1875, 2.75], "texture": "#0"},
				"up": {"uv": [6.625, 1.625, 6.875, 1.8125], "rotation": 270, "texture": "#0"},
				"down": {"uv": [6.625, 1.625, 6.875, 1.8125], "rotation": 270, "texture": "#0"}
			}
		},
		{
			"from": [8, -15.9, 6.6],
			"to": [8, -11.9, 9.6],
			"rotation": {"angle": 0, "axis": "y", "origin": [3.4, 17.1, 4.5]},
			"faces": {
				"north": {"uv": [0, 0, 0, 8], "rotation": 180, "texture": "#1"},
				"east": {"uv": [0, 0, 6, 8], "rotation": 180, "texture": "#1"},
				"south": {"uv": [0, 0, 0, 8], "rotation": 180, "texture": "#1"},
				"west": {"uv": [6, 0, 0, 8], "rotation": 180, "texture": "#1"},
				"up": {"uv": [0, 0, 0, 6], "rotation": 180, "texture": "#1"},
				"down": {"uv": [0, 6, 0, 0], "rotation": 180, "texture": "#1"}
			}
		},
		{
			"from": [5.3, 10, 6.5],
			"to": [5.3, 14, 13.5],
			"rotation": {"angle": -22.5, "axis": "x", "origin": [12, 24, -3]},
			"faces": {
				"north": {"uv": [0, 0, 0, 8], "texture": "#5"},
				"east": {"uv": [14, 0, 0, 8], "texture": "#5"},
				"south": {"uv": [0, 0, 0, 8], "texture": "#5"},
				"west": {"uv": [0, 0, 14, 8], "texture": "#5"},
				"up": {"uv": [0, 14, 0, 0], "texture": "#5"},
				"down": {"uv": [0, 0, 0, 14], "texture": "#5"}
			}
		},
		{
			"from": [11.3, 14, -4.5],
			"to": [11.3, 18, 2.5],
			"rotation": {"angle": -22.5, "axis": "x", "origin": [12, 24, -8]},
			"faces": {
				"north": {"uv": [0, 0, 0, 8], "texture": "#5"},
				"east": {"uv": [14, 0, 0, 8], "texture": "#5"},
				"south": {"uv": [0, 0, 0, 8], "texture": "#5"},
				"west": {"uv": [0, 0, 14, 8], "texture": "#5"},
				"up": {"uv": [0, 14, 0, 0], "texture": "#5"},
				"down": {"uv": [0, 0, 0, 14], "texture": "#5"}
			}
		},
		{
			"from": [4.7, 4, 4.5],
			"to": [4.7, 8, 11.5],
			"rotation": {"angle": 22.5, "axis": "x", "origin": [4, 24, 24]},
			"faces": {
				"north": {"uv": [0, 0, 0, 8], "texture": "#5"},
				"east": {"uv": [0, 0, 14, 8], "texture": "#5"},
				"south": {"uv": [0, 0, 0, 8], "texture": "#5"},
				"west": {"uv": [14, 0, 0, 8], "texture": "#5"},
				"up": {"uv": [0, 0, 0, 14], "texture": "#5"},
				"down": {"uv": [0, 14, 0, 0], "texture": "#5"}
			}
		},
		{
			"from": [7.35555, 28, 9.85015],
			"to": [7.35555, 32, 12.85015],
			"rotation": {"angle": 22.5, "axis": "y", "origin": [7.89013, 29.17625, 10.01648]},
			"faces": {
				"north": {"uv": [0, 0, 0, 8], "texture": "#1"},
				"east": {"uv": [6, 0, 0, 8], "texture": "#1"},
				"south": {"uv": [0, 0, 0, 8], "texture": "#1"},
				"west": {"uv": [0, 0, 6, 8], "texture": "#1"},
				"up": {"uv": [0, 6, 0, 0], "texture": "#1"},
				"down": {"uv": [0, 0, 0, 6], "texture": "#1"}
			}
		},
		{
			"from": [5.45555, 14.5, 7.75015],
			"to": [5.45555, 18.5, 10.75015],
			"rotation": {"angle": 45, "axis": "y", "origin": [7.89013, 29.17625, 10.01648]},
			"faces": {
				"north": {"uv": [0, 0, 0, 8], "texture": "#1"},
				"east": {"uv": [6, 0, 0, 8], "texture": "#1"},
				"south": {"uv": [0, 0, 0, 8], "texture": "#1"},
				"west": {"uv": [0, 0, 6, 8], "texture": "#1"},
				"up": {"uv": [0, 6, 0, 0], "texture": "#1"},
				"down": {"uv": [0, 0, 0, 6], "texture": "#1"}
			}
		},
		{
			"from": [6.87365, 28.3654, 10.00436],
			"to": [8.87365, 29.3654, 12.00436],
			"rotation": {"angle": 22.5, "axis": "x", "origin": [7.89013, 29.17625, 10.01648]},
			"faces": {
				"north": {"uv": [3, 2.8125, 2.75, 2.9375], "texture": "#0"},
				"east": {"uv": [2.75, 2.6875, 3, 2.8125], "texture": "#0"},
				"south": {"uv": [3, 2.8125, 2.75, 2.9375], "texture": "#0"},
				"west": {"uv": [3, 2.6875, 2.75, 2.8125], "texture": "#0"},
				"up": {"uv": [3, 2.9375, 2.75, 3.1875], "rotation": 270, "texture": "#0"},
				"down": {"uv": [3, 2.9375, 2.75, 3.1875], "rotation": 90, "texture": "#0"}
			}
		},
		{
			"from": [6.87365, 26.3654, 8.00436],
			"to": [8.87365, 29.3654, 10.00436],
			"rotation": {"angle": 22.5, "axis": "x", "origin": [7.89013, 29.17625, 10.01648]},
			"faces": {
				"north": {"uv": [2.75, 2.8125, 2.5, 3.1875], "texture": "#0"},
				"east": {"uv": [2.75, 2.4375, 2.5, 2.8125], "texture": "#0"},
				"south": {"uv": [2.75, 2.8125, 2.5, 3.1875], "texture": "#0"},
				"west": {"uv": [2.75, 2.4375, 2.5, 2.8125], "texture": "#0"},
				"up": {"uv": [3, 2.4375, 2.75, 2.6875], "rotation": 270, "texture": "#0"},
				"down": {"uv": [3, 2.4375, 2.75, 2.6875], "rotation": 90, "texture": "#0"}
			}
		},
		{
			"from": [6, 24.5, 6],
			"to": [10, 27.5, 10],
			"rotation": {"angle": 0, "axis": "y", "origin": [3, 19.2, 5]},
			"faces": {
				"north": {"uv": [2.5, 2.875, 2, 3.25], "texture": "#0"},
				"east": {"uv": [2.5, 2.875, 2, 3.25], "texture": "#0"},
				"south": {"uv": [2.5, 2.875, 2, 3.25], "texture": "#0"},
				"west": {"uv": [2.5, 2.875, 2, 3.25], "texture": "#0"},
				"up": {"uv": [2.5, 2.375, 2, 2.875], "texture": "#0"},
				"down": {"uv": [2.5, 2.375, 2, 2.875], "texture": "#0"}
			}
		},
		{
			"from": [8.5, 18, 5.5],
			"to": [13.5, 22, 10.5],
			"rotation": {"angle": 0, "axis": "y", "origin": [16, 0, 0]},
			"faces": {
				"north": {"uv": [0.3125, 0, 0.9375, 0.5], "texture": "#0"},
				"east": {"uv": [0.625, 0, 0, 0.5], "texture": "#0"},
				"south": {"uv": [0.9375, 0, 0.3125, 0.5], "texture": "#0"},
				"west": {"uv": [0.625, 0, 0, 0.5], "texture": "#0"},
				"up": {"uv": [2, 1.6875, 1.375, 2.3125], "texture": "#0"},
				"down": {"uv": [2, 1.6875, 1.375, 2.3125], "texture": "#0"}
			}
		},
		{
			"from": [13.6, 18, 4.5],
			"to": [13.6, 22, 11.5],
			"rotation": {"angle": 0, "axis": "y", "origin": [16, 0, 0]},
			"faces": {
				"north": {"uv": [0, 0, 0, 8], "texture": "#4"},
				"east": {"uv": [14, 0, 0, 8], "texture": "#4"},
				"south": {"uv": [0, 0, 0, 8], "texture": "#4"},
				"up": {"uv": [0, 14, 0, 0], "texture": "#4"},
				"down": {"uv": [0, 0, 0, 14], "texture": "#4"}
			}
		},
		{
			"from": [4.5, 18, 13.6],
			"to": [11.5, 22, 13.6],
			"rotation": {"angle": 0, "axis": "y", "origin": [16, 0, 0]},
			"faces": {
				"east": {"uv": [0, 0, 0, 8], "texture": "#4"},
				"south": {"uv": [14, 0, 0, 8], "texture": "#4"},
				"west": {"uv": [0, 0, 0, 8], "texture": "#4"},
				"up": {"uv": [0, 14, 0, 0], "rotation": 90, "texture": "#4"},
				"down": {"uv": [0, 0, 0, 14], "rotation": 270, "texture": "#4"}
			}
		},
		{
			"from": [5.5, 18, 8.5],
			"to": [10.5, 22, 13.5],
			"rotation": {"angle": 0, "axis": "y", "origin": [16, 0, 0]},
			"faces": {
				"north": {"uv": [0.625, 0, 0, 0.5], "texture": "#0"},
				"east": {"uv": [0.3125, 0, 0.9375, 0.5], "texture": "#0"},
				"south": {"uv": [0.625, 0, 0, 0.5], "texture": "#0"},
				"west": {"uv": [0.9375, 0, 0.3125, 0.5], "texture": "#0"},
				"up": {"uv": [2, 1.6875, 1.375, 2.3125], "rotation": 90, "texture": "#0"},
				"down": {"uv": [2, 1.6875, 1.375, 2.3125], "rotation": 270, "texture": "#0"}
			}
		},
		{
			"from": [2.5, 18, 5.5],
			"to": [7.5, 22, 10.5],
			"faces": {
				"north": {"uv": [0.9375, 0, 0.3125, 0.5], "texture": "#0"},
				"east": {"uv": [0, 0, 0.625, 0.5], "texture": "#0"},
				"south": {"uv": [0.3125, 0, 0.9375, 0.5], "texture": "#0"},
				"west": {"uv": [0, 0, 0.625, 0.5], "texture": "#0"},
				"up": {"uv": [1.375, 1.6875, 2, 2.3125], "texture": "#0"},
				"down": {"uv": [1.375, 1.6875, 2, 2.3125], "texture": "#0"}
			}
		},
		{
			"from": [2.4, 18, 4.5],
			"to": [2.4, 22, 11.5],
			"faces": {
				"north": {"uv": [0, 0, 0, 8], "texture": "#4"},
				"south": {"uv": [0, 0, 0, 8], "texture": "#4"},
				"west": {"uv": [0, 0, 14, 8], "texture": "#4"},
				"up": {"uv": [0, 14, 0, 0], "texture": "#4"},
				"down": {"uv": [0, 0, 0, 14], "texture": "#4"}
			}
		},
		{
			"from": [5.5, 18, 2.5],
			"to": [10.5, 22, 7.5],
			"rotation": {"angle": 0, "axis": "y", "origin": [16, 0, 16]},
			"faces": {
				"north": {"uv": [0, 0, 0.625, 0.5], "texture": "#0"},
				"east": {"uv": [0.9375, 0, 0.3125, 0.5], "texture": "#0"},
				"south": {"uv": [0, 0, 0.625, 0.5], "texture": "#0"},
				"west": {"uv": [0.3125, 0, 0.9375, 0.5], "texture": "#0"},
				"up": {"uv": [1.375, 1.6875, 2, 2.3125], "rotation": 90, "texture": "#0"},
				"down": {"uv": [1.375, 1.6875, 2, 2.3125], "rotation": 270, "texture": "#0"}
			}
		},
		{
			"from": [4.5, 18, 2.4],
			"to": [11.5, 22, 2.4],
			"rotation": {"angle": 0, "axis": "y", "origin": [16, 0, 16]},
			"faces": {
				"north": {"uv": [0, 0, 14, 8], "texture": "#4"},
				"east": {"uv": [0, 0, 0, 8], "texture": "#4"},
				"west": {"uv": [0, 0, 0, 8], "texture": "#4"},
				"up": {"uv": [0, 14, 0, 0], "rotation": 90, "texture": "#4"},
				"down": {"uv": [0, 0, 0, 14], "rotation": 270, "texture": "#4"}
			}
		},
		{
			"from": [5, 22.5, 5],
			"to": [11, 24.5, 11],
			"rotation": {"angle": 0, "axis": "y", "origin": [3, 19.2, 5]},
			"faces": {
				"north": {"uv": [2, 3.375, 1.25, 3.625], "texture": "#0"},
				"east": {"uv": [2, 3.125, 1.25, 3.375], "texture": "#0"},
				"south": {"uv": [2, 3.375, 1.25, 3.625], "texture": "#0"},
				"west": {"uv": [2, 3.125, 1.25, 3.375], "texture": "#0"},
				"up": {"uv": [2, 2.375, 1.25, 3.125], "texture": "#0"},
				"down": {"uv": [2, 2.375, 1.25, 3.125], "texture": "#0"}
			}
		},
		{
			"from": [3, 22, 3],
			"to": [13, 23, 13],
			"rotation": {"angle": 0, "axis": "y", "origin": [3, 19.2, 5]},
			"faces": {
				"north": {"uv": [1.25, 3.75, 0, 3.875], "texture": "#0"},
				"east": {"uv": [1.25, 3.625, 0, 3.75], "texture": "#0"},
				"south": {"uv": [1.25, 3.75, 0, 3.875], "texture": "#0"},
				"west": {"uv": [1.25, 3.625, 0, 3.75], "texture": "#0"},
				"up": {"uv": [1.25, 2.375, 0, 3.625], "texture": "#0"},
				"down": {"uv": [1.25, 2.375, 0, 3.625], "texture": "#0"}
			}
		},
		{
			"from": [2.5, 13, 5.5],
			"to": [7.5, 17, 10.5],
			"faces": {
				"north": {"uv": [0.9375, 0, 0.3125, 0.5], "texture": "#0"},
				"east": {"uv": [0, 0, 0.625, 0.5], "texture": "#0"},
				"south": {"uv": [0.3125, 0, 0.9375, 0.5], "texture": "#0"},
				"west": {"uv": [0, 0, 0.625, 0.5], "texture": "#0"},
				"up": {"uv": [1.375, 1.6875, 2, 2.3125], "texture": "#0"},
				"down": {"uv": [1.375, 1.6875, 2, 2.3125], "texture": "#0"}
			}
		},
		{
			"from": [2.4, 13, 4.5],
			"to": [2.4, 17, 11.5],
			"faces": {
				"north": {"uv": [0, 0, 0, 8], "texture": "#4"},
				"south": {"uv": [0, 0, 0, 8], "texture": "#4"},
				"west": {"uv": [0, 0, 14, 8], "texture": "#4"},
				"up": {"uv": [0, 14, 0, 0], "texture": "#4"},
				"down": {"uv": [0, 0, 0, 14], "texture": "#4"}
			}
		},
		{
			"from": [8.5, 13, 5.5],
			"to": [13.5, 17, 10.5],
			"rotation": {"angle": 0, "axis": "y", "origin": [16, 0, 0]},
			"faces": {
				"north": {"uv": [0.3125, 0, 0.9375, 0.5], "texture": "#0"},
				"east": {"uv": [0.625, 0, 0, 0.5], "texture": "#0"},
				"south": {"uv": [0.9375, 0, 0.3125, 0.5], "texture": "#0"},
				"west": {"uv": [0.625, 0, 0, 0.5], "texture": "#0"},
				"up": {"uv": [2, 1.6875, 1.375, 2.3125], "texture": "#0"},
				"down": {"uv": [2, 1.6875, 1.375, 2.3125], "texture": "#0"}
			}
		},
		{
			"from": [13.6, 13, 4.5],
			"to": [13.6, 17, 11.5],
			"rotation": {"angle": 0, "axis": "y", "origin": [16, 0, 0]},
			"faces": {
				"north": {"uv": [0, 0, 0, 8], "texture": "#4"},
				"east": {"uv": [14, 0, 0, 8], "texture": "#4"},
				"south": {"uv": [0, 0, 0, 8], "texture": "#4"},
				"up": {"uv": [0, 14, 0, 0], "texture": "#4"},
				"down": {"uv": [0, 0, 0, 14], "texture": "#4"}
			}
		},
		{
			"from": [5.5, 13, 8.5],
			"to": [10.5, 17, 13.5],
			"rotation": {"angle": 0, "axis": "y", "origin": [16, 0, 0]},
			"faces": {
				"north": {"uv": [0.625, 0, 0, 0.5], "texture": "#0"},
				"east": {"uv": [0.3125, 0, 0.9375, 0.5], "texture": "#0"},
				"south": {"uv": [0.625, 0, 0, 0.5], "texture": "#0"},
				"west": {"uv": [0.9375, 0, 0.3125, 0.5], "texture": "#0"},
				"up": {"uv": [2, 1.6875, 1.375, 2.3125], "rotation": 90, "texture": "#0"},
				"down": {"uv": [2, 1.6875, 1.375, 2.3125], "rotation": 270, "texture": "#0"}
			}
		},
		{
			"from": [4.5, 13, 13.6],
			"to": [11.5, 17, 13.6],
			"rotation": {"angle": 0, "axis": "y", "origin": [16, 0, 0]},
			"faces": {
				"east": {"uv": [0, 0, 0, 8], "texture": "#4"},
				"south": {"uv": [14, 0, 0, 8], "texture": "#4"},
				"west": {"uv": [0, 0, 0, 8], "texture": "#4"},
				"up": {"uv": [0, 14, 0, 0], "rotation": 90, "texture": "#4"},
				"down": {"uv": [0, 0, 0, 14], "rotation": 270, "texture": "#4"}
			}
		},
		{
			"from": [5.5, 13, 2.5],
			"to": [10.5, 17, 7.5],
			"rotation": {"angle": 0, "axis": "y", "origin": [16, 0, 16]},
			"faces": {
				"north": {"uv": [0, 0, 0.625, 0.5], "texture": "#0"},
				"east": {"uv": [0.9375, 0, 0.3125, 0.5], "texture": "#0"},
				"south": {"uv": [0, 0, 0.625, 0.5], "texture": "#0"},
				"west": {"uv": [0.3125, 0, 0.9375, 0.5], "texture": "#0"},
				"up": {"uv": [1.375, 1.6875, 2, 2.3125], "rotation": 90, "texture": "#0"},
				"down": {"uv": [1.375, 1.6875, 2, 2.3125], "rotation": 270, "texture": "#0"}
			}
		},
		{
			"from": [4.5, 13, 2.4],
			"to": [11.5, 17, 2.4],
			"rotation": {"angle": 0, "axis": "y", "origin": [16, 0, 16]},
			"faces": {
				"north": {"uv": [0, 0, 14, 8], "texture": "#4"},
				"east": {"uv": [0, 0, 0, 8], "texture": "#4"},
				"west": {"uv": [0, 0, 0, 8], "texture": "#4"},
				"up": {"uv": [0, 14, 0, 0], "rotation": 90, "texture": "#4"},
				"down": {"uv": [0, 0, 0, 14], "rotation": 270, "texture": "#4"}
			}
		},
		{
			"from": [7, 6.30753, 2.89959],
			"to": [9, 6.30753, 4.39959],
			"rotation": {"angle": 22.5, "axis": "x", "origin": [8, 6.5, 8]},
			"faces": {
				"north": {"uv": [5.9375, 2, 5.9375, 2.25], "rotation": 270, "texture": "#0"},
				"east": {"uv": [5.6875, 2.1875, 5.6875, 2], "rotation": 270, "texture": "#0"},
				"south": {"uv": [5.9375, 2, 5.9375, 2.25], "rotation": 270, "texture": "#0"},
				"west": {"uv": [5.6875, 2.1875, 5.6875, 2], "rotation": 90, "texture": "#0"},
				"up": {"uv": [6.375, 2, 6.625, 1.8125], "rotation": 180, "texture": "#0"},
				"down": {"uv": [6.625, 2, 6.375, 1.8125], "texture": "#0"}
			}
		},
		{
			"from": [8.41551, 5.25, 2.88374],
			"to": [8.41551, 7.75, 4.38374],
			"rotation": {"angle": 22.5, "axis": "y", "origin": [8, 6.5, 8]},
			"faces": {
				"north": {"uv": [5.9375, 2.3125, 6.1875, 2], "rotation": 180, "texture": "#0"},
				"east": {"uv": [6.6875, 2, 6.375, 1.8125], "rotation": 270, "texture": "#0"},
				"south": {"uv": [5.9375, 2.3125, 6.1875, 2], "texture": "#0"},
				"west": {"uv": [6.375, 2, 6.6875, 1.8125], "rotation": 90, "texture": "#0"},
				"up": {"uv": [5.6875, 2.875, 5.9375, 2], "rotation": 180, "texture": "#0"},
				"down": {"uv": [5.6875, 2.875, 5.9375, 2], "texture": "#0"}
			}
		},
		{
			"from": [7, 5.25, 4.5],
			"to": [9, 7.75, 11.5],
			"rotation": {"angle": 0, "axis": "y", "origin": [8, 6.5, 8]},
			"faces": {
				"north": {"uv": [5.9375, 2, 6.1875, 2.3125], "rotation": 180, "texture": "#0"},
				"east": {"uv": [5.375, 2, 5.6875, 2.875], "rotation": 270, "texture": "#0"},
				"south": {"uv": [5.9375, 2, 6.1875, 2.3125], "texture": "#0"},
				"west": {"uv": [5.375, 2, 5.6875, 2.875], "rotation": 90, "texture": "#0"},
				"up": {"uv": [5.6875, 2, 5.9375, 2.875], "rotation": 180, "texture": "#0"},
				"down": {"uv": [5.6875, 2, 5.9375, 2.875], "texture": "#0"}
			}
		},
		{
			"from": [8.41551, 5.25, 11.61626],
			"to": [8.41551, 7.75, 13.11626],
			"rotation": {"angle": -22.5, "axis": "y", "origin": [8, 6.5, 8]},
			"faces": {
				"north": {"uv": [5.9375, 2, 6.1875, 2.3125], "rotation": 180, "texture": "#0"},
				"east": {"uv": [6.6875, 1.8125, 6.375, 2], "rotation": 270, "texture": "#0"},
				"south": {"uv": [5.9375, 2, 6.1875, 2.3125], "texture": "#0"},
				"west": {"uv": [6.375, 1.8125, 6.6875, 2], "rotation": 90, "texture": "#0"},
				"up": {"uv": [5.6875, 2, 5.9375, 2.875], "rotation": 180, "texture": "#0"},
				"down": {"uv": [5.6875, 2, 5.9375, 2.875], "texture": "#0"}
			}
		},
		{
			"from": [7, 6.26926, 11.6928],
			"to": [9, 6.26926, 13.1928],
			"rotation": {"angle": -22.5, "axis": "x", "origin": [8, 6.5, 8]},
			"faces": {
				"north": {"uv": [5.9375, 2, 5.9375, 2.25], "rotation": 90, "texture": "#0"},
				"east": {"uv": [5.6875, 2, 5.6875, 2.1875], "rotation": 270, "texture": "#0"},
				"south": {"uv": [5.9375, 2, 5.9375, 2.25], "rotation": 90, "texture": "#0"},
				"west": {"uv": [5.6875, 2, 5.6875, 2.1875], "rotation": 90, "texture": "#0"},
				"up": {"uv": [6.375, 1.8125, 6.625, 2], "rotation": 180, "texture": "#0"},
				"down": {"uv": [6.625, 1.8125, 6.375, 2], "texture": "#0"}
			}
		},
		{
			"from": [7.58449, 5.25, 11.61626],
			"to": [7.58449, 7.75, 13.11626],
			"rotation": {"angle": 22.5, "axis": "y", "origin": [8, 6.5, 8]},
			"faces": {
				"north": {"uv": [6.1875, 2, 5.9375, 2.3125], "rotation": 180, "texture": "#0"},
				"east": {"uv": [6.6875, 1.8125, 6.375, 2], "rotation": 270, "texture": "#0"},
				"south": {"uv": [6.1875, 2, 5.9375, 2.3125], "texture": "#0"},
				"west": {"uv": [6.375, 1.8125, 6.6875, 2], "rotation": 90, "texture": "#0"},
				"up": {"uv": [5.9375, 2, 5.6875, 2.875], "rotation": 180, "texture": "#0"},
				"down": {"uv": [5.9375, 2, 5.6875, 2.875], "texture": "#0"}
			}
		},
		{
			"from": [7.58449, 5.25, 2.88374],
			"to": [7.58449, 7.75, 4.38374],
			"rotation": {"angle": -22.5, "axis": "y", "origin": [8, 6.5, 8]},
			"faces": {
				"north": {"uv": [6.1875, 2.3125, 5.9375, 2], "rotation": 180, "texture": "#0"},
				"east": {"uv": [6.6875, 2, 6.375, 1.8125], "rotation": 270, "texture": "#0"},
				"south": {"uv": [6.1875, 2.3125, 5.9375, 2], "texture": "#0"},
				"west": {"uv": [6.375, 2, 6.6875, 1.8125], "rotation": 90, "texture": "#0"},
				"up": {"uv": [5.9375, 2.875, 5.6875, 2], "rotation": 180, "texture": "#0"},
				"down": {"uv": [5.9375, 2.875, 5.6875, 2], "texture": "#0"}
			}
		},
		{
			"from": [7, 6.73074, 11.6928],
			"to": [9, 6.73074, 13.1928],
			"rotation": {"angle": 22.5, "axis": "x", "origin": [8, 6.5, 8]},
			"faces": {
				"north": {"uv": [5.9375, 2, 5.9375, 2.25], "rotation": 90, "texture": "#0"},
				"east": {"uv": [5.6875, 2, 5.6875, 2.1875], "rotation": 270, "texture": "#0"},
				"south": {"uv": [5.9375, 2, 5.9375, 2.25], "rotation": 90, "texture": "#0"},
				"west": {"uv": [5.6875, 2, 5.6875, 2.1875], "rotation": 90, "texture": "#0"},
				"up": {"uv": [6.375, 1.8125, 6.625, 2], "rotation": 180, "texture": "#0"},
				"down": {"uv": [6.625, 1.8125, 6.375, 2], "texture": "#0"}
			}
		},
		{
			"from": [7, 6.69247, 2.89959],
			"to": [9, 6.69247, 4.39959],
			"rotation": {"angle": -22.5, "axis": "x", "origin": [8, 6.5, 8]},
			"faces": {
				"north": {"uv": [5.9375, 2, 5.9375, 2.25], "rotation": 270, "texture": "#0"},
				"east": {"uv": [5.6875, 2.1875, 5.6875, 2], "rotation": 270, "texture": "#0"},
				"south": {"uv": [5.9375, 2, 5.9375, 2.25], "rotation": 270, "texture": "#0"},
				"west": {"uv": [5.6875, 2.1875, 5.6875, 2], "rotation": 90, "texture": "#0"},
				"up": {"uv": [6.375, 2, 6.625, 1.8125], "rotation": 180, "texture": "#0"},
				"down": {"uv": [6.625, 2, 6.375, 1.8125], "texture": "#0"}
			}
		},
		{
			"from": [6.5, 5, 6.5],
			"to": [9.5, 8, 9.5],
			"rotation": {"angle": 0, "axis": "y", "origin": [8, 18, 5.5]},
			"faces": {
				"north": {"uv": [0.6875, 0, 0.3125, 0.375], "texture": "#0"},
				"east": {"uv": [0.375, 0.125, 0, 0.5], "texture": "#0"},
				"south": {"uv": [0.3125, 0, 0.6875, 0.375], "texture": "#0"},
				"west": {"uv": [0.375, 0.125, 0, 0.5], "texture": "#0"},
				"up": {"uv": [1.75, 1.6875, 1.375, 2.0625], "rotation": 180, "texture": "#0"},
				"down": {"uv": [1.75, 1.6875, 1.375, 2.0625], "texture": "#0"}
			}
		}
	],
	"gui_light": "front",
	"display": {
		"thirdperson_righthand": {
			"translation": [0, 6, 1.5],
			"scale": [0.6, 0.6, 0.6]
		},
		"thirdperson_lefthand": {
			"translation": [0, 6, 1.5],
			"scale": [0.6, 0.6, 0.6]
		},
		"firstperson_righthand": {
			"rotation": [10, 0, 0],
			"translation": [5, 4, 0],
			"scale": [0.32266, 0.32266, 0.32266]
		},
		"firstperson_lefthand": {
			"rotation": [10, 0, 0],
			"translation": [5, 4, 0],
			"scale": [0.32266, 0.32266, 0.32266]
		},
		"ground": {
			"rotation": [-45, 0, 0],
			"translation": [0, 9, 0],
			"scale": [0.45, 0.45, 0.45]
		},
		"gui": {
			"rotation": [-90, -45, -90],
			"translation": [0, -0.5, -1.5],
			"scale": [0.48281, 0.48281, 0.48281]
		},
		"head": {
			"scale": [0, 0, 0]
		},
		"fixed": {
			"rotation": [0, -90, 0],
			"translation": [0, 3, -3.5],
			"scale": [1.4, 1.4, 1.4]
		}
	},
	"groups": [
		{
			"name": "group",
			"origin": [4, 8, 7],
			"color": 0,
			"children": []
		},
		{
			"name": "group",
			"origin": [4, 13, 7],
			"color": 0,
			"children": [0, 1, 2, 3]
		},
		{
			"name": "group",
			"origin": [8.05, 5.8, 5.7],
			"color": 0,
			"children": []
		},
		4,
		5,
		6,
		7,
		8,
		9,
		10,
		11,
		12,
		{
			"name": "group",
			"origin": [7.7, 17.3, 7.8],
			"color": 0,
			"children": [13, 14, 15, 16, 17, 18, 19, 20, 21, 22, 23, 24, 25, 26, 27, 28, 29, 30, 31, 32]
		},
		33,
		34,
		35,
		36,
		37,
		38,
		39,
		40,
		41,
		42,
		43,
		44,
		45,
		46,
		47,
		48,
		49,
		50,
		51,
		52,
		53,
		54,
		55,
		56,
		57,
		58,
		59,
		60,
		61,
		62,
		63,
		64,
		{
			"name": "group",
			"origin": [8, 11.5, 8],
			"color": 0,
			"children": [65, 66, 67, 68, 69, 70, 71, 72, 73]
		},
		74
	]
}