{
	"credit": "MadewithBlockbench",
	"texture_size": [128, 128],
	"textures": {
		"0": "item/overlord_crate/skeletonoverlord_texture_01",
		"1": "item/overlord_crate/skeletonoverlord_animation_01",
		"2": "item/overlord_crate/skeletonoverlord_animation_02",
		"3": "item/overlord_crate/skeletonoverlord_animation_03",
		"4": "item/overlord_crate/skeletonoverlord_animation_04",
		"particle": "item/overlord_crate/skeletonoverlord_texture_01"
	},
	"elements": [
		{
			"from": [7.1, -9.4, 8],
			"to": [8.1, -7.9, 10],
			"rotation": {"angle": 22.5, "axis": "x", "origin": [7.6, -9.375, 9.575]},
			"faces": {
				"north": {"uv": [0.5, 1.4375, 0.625, 1.625], "texture": "#0"},
				"east": {"uv": [0.875, 1.375, 0.625, 1.5625], "texture": "#0"},
				"south": {"uv": [0.5, 1.4375, 0.625, 1.625], "texture": "#0"},
				"west": {"uv": [0.625, 1.375, 0.875, 1.5625], "texture": "#0"},
				"up": {"uv": [0.875, 1.375, 1.125, 1.5], "rotation": 90, "texture": "#0"},
				"down": {"uv": [0.875, 1.375, 1.125, 1.5], "rotation": 90, "texture": "#0"}
			}
		},
		{
			"from": [7.2, -10.28188, 9.52574],
			"to": [8, -8.78188, 10.52574],
			"rotation": {"angle": -22.5, "axis": "x", "origin": [7.6, -9.375, 9.575]},
			"faces": {
				"north": {"uv": [1.25, 1, 1.4375, 1.1], "rotation": 270, "texture": "#0"},
				"east": {"uv": [1.4375, 0.875, 1.25, 1], "rotation": 270, "texture": "#0"},
				"south": {"uv": [1.25, 1, 1.4375, 1.1], "rotation": 90, "texture": "#0"},
				"west": {"uv": [1.25, 0.875, 1.4375, 1], "rotation": 90, "texture": "#0"},
				"up": {"uv": [1.2125, 1.125, 1.3125, 1.25], "rotation": 180, "texture": "#0"},
				"down": {"uv": [1.2125, 1.125, 1.3125, 1.25], "texture": "#0"}
			}
		},
		{
			"from": [7.35, -10.6, 9.9],
			"to": [7.85, -9.6, 10.4],
			"rotation": {"angle": 22.5, "axis": "x", "origin": [7.6, -9.375, 9.575]},
			"faces": {
				"north": {"uv": [1.125, 1.25, 1.25, 1.3125], "rotation": 90, "texture": "#0"},
				"east": {"uv": [1.125, 1.25, 1.25, 1.3125], "rotation": 90, "texture": "#0"},
				"south": {"uv": [1.125, 1.25, 1.25, 1.3125], "rotation": 90, "texture": "#0"},
				"west": {"uv": [1.125, 1.25, 1.25, 1.3125], "rotation": 90, "texture": "#0"},
				"up": {"uv": [1.25, 1.25, 1.3125, 1.3125], "texture": "#0"},
				"down": {"uv": [1.25, 1.25, 1.3125, 1.3125], "texture": "#0"}
			}
		},
		{
			"from": [7.2, -8.87574, 9.68188],
			"to": [8, -7.87574, 11.18188],
			"rotation": {"angle": -22.5, "axis": "x", "origin": [7.6, -7.925, 10.275]},
			"faces": {
				"north": {"uv": [1.2125, 1.25, 1.3125, 1.125], "texture": "#0"},
				"east": {"uv": [1.25, 0.875, 1.4375, 1], "rotation": 180, "texture": "#0"},
				"south": {"uv": [1.2125, 1.25, 1.3125, 1.125], "texture": "#0"},
				"west": {"uv": [1.4375, 0.875, 1.25, 1], "rotation": 180, "texture": "#0"},
				"up": {"uv": [1.25, 1, 1.4375, 1.1], "rotation": 90, "texture": "#0"},
				"down": {"uv": [1.4375, 1, 1.25, 1.1], "rotation": 90, "texture": "#0"}
			}
		},
		{
			"from": [7.2, -8.87574, 4.81812],
			"to": [8, -7.87574, 6.31812],
			"rotation": {"angle": 22.5, "axis": "x", "origin": [7.6, -7.925, 5.725]},
			"faces": {
				"north": {"uv": [1.3125, 1.25, 1.2125, 1.125], "texture": "#0"},
				"east": {"uv": [1.4375, 0.875, 1.25, 1], "rotation": 180, "texture": "#0"},
				"south": {"uv": [1.3125, 1.25, 1.2125, 1.125], "texture": "#0"},
				"west": {"uv": [1.25, 0.875, 1.4375, 1], "rotation": 180, "texture": "#0"},
				"up": {"uv": [1.4375, 1, 1.25, 1.1], "rotation": 90, "texture": "#0"},
				"down": {"uv": [1.25, 1, 1.4375, 1.1], "rotation": 90, "texture": "#0"}
			}
		},
		{
			"from": [7.1, -9.4, 6],
			"to": [8.1, -7.9, 8],
			"rotation": {"angle": -22.5, "axis": "x", "origin": [7.6, -9.375, 6.425]},
			"faces": {
				"north": {"uv": [0.625, 1.4375, 0.5, 1.625], "texture": "#0"},
				"east": {"uv": [0.625, 1.375, 0.875, 1.5625], "texture": "#0"},
				"south": {"uv": [0.625, 1.4375, 0.5, 1.625], "texture": "#0"},
				"west": {"uv": [0.875, 1.375, 0.625, 1.5625], "texture": "#0"},
				"up": {"uv": [1.125, 1.375, 0.875, 1.5], "rotation": 90, "texture": "#0"},
				"down": {"uv": [1.125, 1.375, 0.875, 1.5], "rotation": 90, "texture": "#0"}
			}
		},
		{
			"from": [7.2, -10.28188, 5.47426],
			"to": [8, -8.78188, 6.47426],
			"rotation": {"angle": 22.5, "axis": "x", "origin": [7.6, -9.375, 6.425]},
			"faces": {
				"north": {"uv": [1.25, 1.1, 1.4375, 1], "rotation": 90, "texture": "#0"},
				"east": {"uv": [1.4375, 1, 1.25, 0.875], "rotation": 270, "texture": "#0"},
				"south": {"uv": [1.25, 1.1, 1.4375, 1], "rotation": 270, "texture": "#0"},
				"west": {"uv": [1.25, 1, 1.4375, 0.875], "rotation": 90, "texture": "#0"},
				"up": {"uv": [1.2125, 1.25, 1.3125, 1.125], "rotation": 180, "texture": "#0"},
				"down": {"uv": [1.2125, 1.25, 1.3125, 1.125], "texture": "#0"}
			}
		},
		{
			"from": [7.35, -10.6, 5.6],
			"to": [7.85, -9.6, 6.1],
			"rotation": {"angle": -22.5, "axis": "x", "origin": [7.6, -9.375, 6.425]},
			"faces": {
				"north": {"uv": [1.125, 1.3125, 1.25, 1.25], "rotation": 90, "texture": "#0"},
				"east": {"uv": [1.125, 1.3125, 1.25, 1.25], "rotation": 90, "texture": "#0"},
				"south": {"uv": [1.125, 1.3125, 1.25, 1.25], "rotation": 90, "texture": "#0"},
				"west": {"uv": [1.125, 1.3125, 1.25, 1.25], "rotation": 90, "texture": "#0"},
				"up": {"uv": [1.25, 1.3125, 1.3125, 1.25], "texture": "#0"},
				"down": {"uv": [1.25, 1.3125, 1.3125, 1.25], "texture": "#0"}
			}
		},
		{
			"from": [6, -1.5, 5.25],
			"to": [10, 2.5, 10.75],
			"rotation": {"angle": 0, "axis": "y", "origin": [8, 6.81499, 8]},
			"faces": {
				"north": {"uv": [2.375, 0.5, 2.875, 0], "texture": "#0"},
				"east": {"uv": [1.6875, 0.5, 2.375, 0], "texture": "#0"},
				"south": {"uv": [2.375, 0.5, 2.875, 0], "texture": "#0"},
				"west": {"uv": [1.6875, 0.5, 2.375, 0], "texture": "#0"},
				"up": {"uv": [1.6875, 1.1875, 2.1875, 0.5], "texture": "#0"},
				"down": {"uv": [1.6875, 1.1875, 2.1875, 0.5], "texture": "#0"}
			}
		},
		{
			"from": [10.1, -0.5, 5.25],
			"to": [10.1, 1.5, 10.75],
			"rotation": {"angle": 0, "axis": "y", "origin": [8, 6.81499, 8]},
			"faces": {
				"north": {"uv": [0, 4, 0, 0], "texture": "#2"},
				"east": {"uv": [11, 4, 0, 0], "texture": "#2"},
				"south": {"uv": [0, 4, 0, 0], "texture": "#2"},
				"up": {"uv": [0, 11, 0, 0], "texture": "#2"},
				"down": {"uv": [0, 0, 0, 11], "texture": "#2"}
			}
		},
		{
			"from": [9.8, -5.5, 5.5],
			"to": [9.8, -1.5, 10.5],
			"rotation": {"angle": 0, "axis": "y", "origin": [9.7, 7.31499, 8]},
			"faces": {
				"north": {"uv": [2.875, 0.5, 2.5625, 0.75], "texture": "#0"},
				"east": {"uv": [16, 3.8125, 15.375, 4.3125], "texture": "#0"},
				"south": {"uv": [2.875, 0.5, 2.5625, 0.75], "texture": "#0"},
				"west": {"uv": [16, 3.8125, 15.375, 4.3125], "texture": "#0"},
				"up": {"uv": [2.1875, 0.8125, 2.5625, 0.5], "rotation": 270, "texture": "#0"},
				"down": {"uv": [2.1875, 0.8125, 2.5625, 0.5], "rotation": 270, "texture": "#0"}
			}
		},
		{
			"from": [8.8, -0.16415, 4.41952],
			"to": [9.8, 1.33585, 6.41952],
			"rotation": {"angle": -22.5, "axis": "x", "origin": [9.3, -0.03431, 4.58968]},
			"faces": {
				"north": {"uv": [1.375, 1.5, 1.5, 1.3125], "rotation": 180, "texture": "#0"},
				"east": {"uv": [1.125, 1.5, 1.375, 1.3125], "texture": "#0"},
				"south": {"uv": [1.375, 1.5, 1.5, 1.3125], "texture": "#0"},
				"west": {"uv": [1.125, 1.5, 1.375, 1.3125], "rotation": 180, "texture": "#0"},
				"up": {"uv": [1.5625, 1.1875, 1.3125, 1.3125], "rotation": 90, "texture": "#0"},
				"down": {"uv": [1.5625, 1.1875, 1.3125, 1.3125], "rotation": 270, "texture": "#0"}
			}
		},
		{
			"from": [8.9, -0.9, 3.8],
			"to": [9.7, 0.6, 4.8],
			"rotation": {"angle": 22.5, "axis": "x", "origin": [9.3, -0.03431, 4.58968]},
			"faces": {
				"north": {"uv": [1.6875, 1.4375, 1.5, 1.5375], "rotation": 270, "texture": "#0"},
				"east": {"uv": [1.6875, 1.3125, 1.5, 1.4375], "rotation": 270, "texture": "#0"},
				"south": {"uv": [1.6875, 1.4375, 1.5, 1.5375], "rotation": 270, "texture": "#0"},
				"west": {"uv": [1.6875, 1.3125, 1.5, 1.4375], "rotation": 270, "texture": "#0"},
				"up": {"uv": [1.5875, 1.3125, 1.6875, 1.1875], "texture": "#0"},
				"down": {"uv": [1.5875, 1.3125, 1.6875, 1.1875], "texture": "#0"}
			}
		},
		{
			"from": [9.05, -1.46415, 3.81952],
			"to": [9.55, -0.46415, 4.31952],
			"rotation": {"angle": -22.5, "axis": "x", "origin": [9.3, -0.03431, 4.58968]},
			"faces": {
				"north": {"uv": [1.5, 1.5, 1.375, 1.5625], "rotation": 270, "texture": "#0"},
				"east": {"uv": [1.5, 1.5, 1.375, 1.5625], "rotation": 90, "texture": "#0"},
				"south": {"uv": [1.5, 1.5, 1.375, 1.5625], "rotation": 90, "texture": "#0"},
				"west": {"uv": [1.5, 1.5, 1.375, 1.5625], "rotation": 270, "texture": "#0"},
				"up": {"uv": [1.3, 1.5625, 1.3625, 1.5], "rotation": 180, "texture": "#0"},
				"down": {"uv": [1.3, 1.5625, 1.3625, 1.5], "texture": "#0"}
			}
		},
		{
			"from": [9.05, -1.46415, 11.68048],
			"to": [9.55, -0.46415, 12.18048],
			"rotation": {"angle": 22.5, "axis": "x", "origin": [9.3, -0.03431, 11.41032]},
			"faces": {
				"north": {"uv": [1.375, 1.5, 1.5, 1.5625], "rotation": 270, "texture": "#0"},
				"east": {"uv": [1.375, 1.5, 1.5, 1.5625], "rotation": 270, "texture": "#0"},
				"south": {"uv": [1.375, 1.5, 1.5, 1.5625], "rotation": 90, "texture": "#0"},
				"west": {"uv": [1.375, 1.5, 1.5, 1.5625], "rotation": 90, "texture": "#0"},
				"up": {"uv": [1.3625, 1.5625, 1.3, 1.5], "texture": "#0"},
				"down": {"uv": [1.3625, 1.5625, 1.3, 1.5], "rotation": 180, "texture": "#0"}
			}
		},
		{
			"from": [8.9, -0.9, 11.2],
			"to": [9.7, 0.6, 12.2],
			"rotation": {"angle": -22.5, "axis": "x", "origin": [9.3, -0.03431, 11.41032]},
			"faces": {
				"north": {"uv": [1.6875, 1.5375, 1.5, 1.4375], "rotation": 270, "texture": "#0"},
				"east": {"uv": [1.6875, 1.4375, 1.5, 1.3125], "rotation": 270, "texture": "#0"},
				"south": {"uv": [1.6875, 1.5375, 1.5, 1.4375], "rotation": 270, "texture": "#0"},
				"west": {"uv": [1.6875, 1.4375, 1.5, 1.3125], "rotation": 270, "texture": "#0"},
				"up": {"uv": [1.5875, 1.1875, 1.6875, 1.3125], "texture": "#0"},
				"down": {"uv": [1.5875, 1.1875, 1.6875, 1.3125], "texture": "#0"}
			}
		},
		{
			"from": [8.8, -0.16415, 9.58048],
			"to": [9.8, 1.33585, 11.58048],
			"rotation": {"angle": 22.5, "axis": "x", "origin": [9.3, -0.03431, 11.41032]},
			"faces": {
				"north": {"uv": [1.375, 1.3125, 1.5, 1.5], "rotation": 180, "texture": "#0"},
				"east": {"uv": [1.125, 1.3125, 1.375, 1.5], "rotation": 180, "texture": "#0"},
				"south": {"uv": [1.375, 1.3125, 1.5, 1.5], "texture": "#0"},
				"west": {"uv": [1.125, 1.3125, 1.375, 1.5], "texture": "#0"},
				"up": {"uv": [1.5625, 1.3125, 1.3125, 1.1875], "rotation": 270, "texture": "#0"},
				"down": {"uv": [1.5625, 1.3125, 1.3125, 1.1875], "rotation": 90, "texture": "#0"}
			}
		},
		{
			"from": [6.6, 2, 6.5],
			"to": [9.6, 5, 9.5],
			"rotation": {"angle": 0, "axis": "y", "origin": [8, 6.81499, 8]},
			"faces": {
				"north": {"uv": [2.4375, 1.1875, 2.0625, 1.5625], "texture": "#0"},
				"east": {"uv": [2.0625, 1.1875, 1.6875, 1.5625], "texture": "#0"},
				"south": {"uv": [2.4375, 1.1875, 2.0625, 1.5625], "texture": "#0"},
				"west": {"uv": [2.0625, 1.1875, 1.6875, 1.5625], "texture": "#0"},
				"up": {"uv": [2.8125, 1.5625, 2.4375, 1.1875], "rotation": 90, "texture": "#0"},
				"down": {"uv": [2.8125, 1.5625, 2.4375, 1.1875], "rotation": 90, "texture": "#0"}
			}
		},
		{
			"from": [10.8, -8.8, 8],
			"to": [10.8, 0.2, 13],
			"rotation": {"angle": -22.5, "axis": "x", "origin": [10.8, 0, 9.5]},
			"faces": {
				"north": {"uv": [0, 9, 0, 0], "texture": "#1"},
				"east": {"uv": [0, 9, 5, 0], "texture": "#1"},
				"south": {"uv": [0, 9, 0, 0], "texture": "#1"},
				"west": {"uv": [5, 9, 0, 0], "texture": "#1"},
				"up": {"uv": [0, 0, 0, 5], "texture": "#1"},
				"down": {"uv": [0, 5, 0, 0], "texture": "#1"}
			}
		},
		{
			"from": [7.3, 2, 5.75],
			"to": [9.3, 4, 10.25],
			"rotation": {"angle": 0, "axis": "y", "origin": [8, 6.81499, 8]},
			"faces": {
				"north": {"uv": [3.6875, 0, 3.4375, 0.25], "texture": "#0"},
				"east": {"uv": [3.4375, 0, 2.875, 0.25], "texture": "#0"},
				"south": {"uv": [3.6875, 0, 3.4375, 0.25], "texture": "#0"},
				"west": {"uv": [3.4375, 0, 2.875, 0.25], "texture": "#0"},
				"up": {"uv": [3.4375, 0.5, 2.875, 0.25], "rotation": 90, "texture": "#0"},
				"down": {"uv": [3.4375, 0.5, 2.875, 0.25], "rotation": 90, "texture": "#0"}
			}
		},
		{
			"from": [7.6, 4, 10.2],
			"to": [8.4, 4.5, 11.2],
			"rotation": {"angle": 45, "axis": "x", "origin": [8, 2.96436, 11.21336]},
			"faces": {
				"north": {"uv": [0.1875, 1.625, 0.25, 1.5], "rotation": 270, "texture": "#0"},
				"east": {"uv": [0.0625, 1.5, 0, 1.625], "rotation": 270, "texture": "#0"},
				"south": {"uv": [0.1875, 1.625, 0.25, 1.5], "rotation": 270, "texture": "#0"},
				"west": {"uv": [0, 1.5, 0.0625, 1.625], "rotation": 270, "texture": "#0"},
				"up": {"uv": [0.0625, 1.5, 0.1875, 1.625], "rotation": 180, "texture": "#0"},
				"down": {"uv": [0.0625, 1.625, 0.1875, 1.5], "rotation": 180, "texture": "#0"}
			}
		},
		{
			"from": [7.65, 4.47301, 11.1458],
			"to": [8.35, 4.97301, 12.1458],
			"rotation": {"angle": -22.5, "axis": "x", "origin": [8, 3.46436, 11.21336]},
			"faces": {
				"north": {"uv": [0.4125, 1.5625, 0.5, 1.5], "texture": "#0"},
				"east": {"uv": [0.5, 1.4375, 0.375, 1.5], "rotation": 180, "texture": "#0"},
				"south": {"uv": [0.4125, 1.5625, 0.5, 1.5], "texture": "#0"},
				"west": {"uv": [0.5, 1.4375, 0.375, 1.5], "rotation": 180, "texture": "#0"},
				"up": {"uv": [0.25, 1.5875, 0.375, 1.5], "rotation": 90, "texture": "#0"},
				"down": {"uv": [0.25, 1.5875, 0.375, 1.5], "rotation": 90, "texture": "#0"}
			}
		},
		{
			"from": [7.5, 3.09935, 11.14225],
			"to": [8.5, 4.59935, 12.14225],
			"rotation": {"angle": 45, "axis": "x", "origin": [8, 2.96436, 11.21336]},
			"faces": {
				"north": {"uv": [1, 1.125, 1.1875, 1.25], "rotation": 270, "texture": "#0"},
				"east": {"uv": [0.8125, 1.375, 1, 1.25], "rotation": 270, "texture": "#0"},
				"south": {"uv": [1, 1.125, 1.1875, 1.25], "rotation": 270, "texture": "#0"},
				"west": {"uv": [0.8125, 1.25, 1, 1.375], "rotation": 270, "texture": "#0"},
				"up": {"uv": [1, 1.25, 1.125, 1.375], "texture": "#0"},
				"down": {"uv": [1, 1.25, 1.125, 1.375], "texture": "#0"}
			}
		},
		{
			"from": [7.25, 1.59935, 10.79225],
			"to": [8.75, 3.09935, 12.29225],
			"rotation": {"angle": 45, "axis": "x", "origin": [8, 2.96436, 11.21336]},
			"faces": {
				"north": {"uv": [0.1875, 1.3125, 0.375, 1.5], "rotation": 270, "texture": "#0"},
				"east": {"uv": [0.8125, 1.25, 1, 1.0625], "rotation": 270, "texture": "#0"},
				"south": {"uv": [0.1875, 1.3125, 0.375, 1.5], "rotation": 270, "texture": "#0"},
				"west": {"uv": [0.8125, 1.0625, 1, 1.25], "rotation": 270, "texture": "#0"},
				"up": {"uv": [0.625, 1.1875, 0.8125, 1.375], "texture": "#0"},
				"down": {"uv": [0.625, 1.1875, 0.8125, 1.375], "texture": "#0"}
			}
		},
		{
			"from": [7, 1.28896, 9.03459],
			"to": [9, 2.78896, 11.03459],
			"rotation": {"angle": 0, "axis": "y", "origin": [8, 2.96436, 11.21336]},
			"faces": {
				"north": {"uv": [1, 0.9375, 1.25, 1.125], "texture": "#0"},
				"east": {"uv": [0.75, 0.875, 1, 1.0625], "texture": "#0"},
				"south": {"uv": [1, 0.9375, 1.25, 1.125], "texture": "#0"},
				"west": {"uv": [0.75, 0.875, 1, 1.0625], "texture": "#0"},
				"up": {"uv": [1, 0.6875, 1.25, 0.9375], "rotation": 90, "texture": "#0"},
				"down": {"uv": [1, 0.6875, 1.25, 0.9375], "rotation": 90, "texture": "#0"}
			}
		},
		{
			"from": [7.65, -8.78028, 4.78215],
			"to": [8.35, -8.28028, 5.78215],
			"rotation": {"angle": 22.5, "axis": "x", "origin": [8, -5.13417, 5.106]},
			"faces": {
				"north": {"uv": [1.1, 0.5625, 1.1875, 0.625], "texture": "#0"},
				"east": {"uv": [0.875, 0.75, 1, 0.6875], "texture": "#0"},
				"south": {"uv": [1.1, 0.5625, 1.1875, 0.625], "rotation": 180, "texture": "#0"},
				"west": {"uv": [1, 0.75, 0.875, 0.6875], "rotation": 180, "texture": "#0"},
				"up": {"uv": [1, 0.8375, 0.875, 0.75], "rotation": 270, "texture": "#0"},
				"down": {"uv": [1, 0.8375, 0.875, 0.75], "rotation": 90, "texture": "#0"}
			}
		},
		{
			"from": [7.5, -8.08842, 4.38098],
			"to": [8.5, -6.58842, 5.38098],
			"rotation": {"angle": 0, "axis": "y", "origin": [8, -5.13417, 5.106]},
			"faces": {
				"north": {"uv": [0.8125, 0.375, 0.9375, 0.5625], "texture": "#0"},
				"east": {"uv": [0.9375, 0.375, 1.0625, 0.5625], "rotation": 180, "texture": "#0"},
				"south": {"uv": [0.8125, 0.375, 0.9375, 0.5625], "texture": "#0"},
				"west": {"uv": [1.0625, 0.375, 0.9375, 0.5625], "rotation": 180, "texture": "#0"},
				"up": {"uv": [0.9375, 0.6875, 0.8125, 0.5625], "rotation": 90, "texture": "#0"},
				"down": {"uv": [0.9375, 0.6875, 0.8125, 0.5625], "rotation": 90, "texture": "#0"}
			}
		},
		{
			"from": [7.55, -8.23897, 6.57192],
			"to": [8.45, -7.03897, 7.27192],
			"rotation": {"angle": 45, "axis": "x", "origin": [8, -5.13417, 5.106]},
			"faces": {
				"north": {"uv": [1.0625, 0.375, 1.175, 0.525], "rotation": 180, "texture": "#0"},
				"east": {"uv": [0.775, 0.8375, 0.8625, 0.6875], "texture": "#0"},
				"south": {"uv": [1.0625, 0.375, 1.175, 0.525], "texture": "#0"},
				"west": {"uv": [0.8625, 0.6875, 0.775, 0.8375], "rotation": 180, "texture": "#0"},
				"up": {"uv": [1.05, 0.675, 0.9625, 0.5625], "rotation": 270, "texture": "#0"},
				"down": {"uv": [1.05, 0.675, 0.9625, 0.5625], "rotation": 90, "texture": "#0"}
			}
		},
		{
			"from": [7.25, -7.39018, 3.38121],
			"to": [8.75, -5.89018, 6.38121],
			"rotation": {"angle": 45, "axis": "x", "origin": [8, -5.13417, 5.106]},
			"faces": {
				"north": {"uv": [0, 1.5, 0.1875, 1.3125], "rotation": 180, "texture": "#0"},
				"east": {"uv": [0.8125, 0, 1.1875, 0.1875], "rotation": 180, "texture": "#0"},
				"south": {"uv": [0, 1.5, 0.1875, 1.3125], "texture": "#0"},
				"west": {"uv": [0.8125, 0, 1.1875, 0.1875], "texture": "#0"},
				"up": {"uv": [1.1875, 0.1875, 0.8125, 0.375], "rotation": 270, "texture": "#0"},
				"down": {"uv": [1.1875, 0.1875, 0.8125, 0.375], "rotation": 90, "texture": "#0"}
			}
		},
		{
			"from": [7, -5.54846, 2.29138],
			"to": [9, -2.54846, 4.29138],
			"rotation": {"angle": 0, "axis": "y", "origin": [8, -5.13417, 5.106]},
			"faces": {
				"north": {"uv": [0.75, 1.1875, 0.375, 0.9375], "rotation": 270, "texture": "#0"},
				"east": {"uv": [0.75, 0.9375, 0.375, 0.6875], "rotation": 270, "texture": "#0"},
				"south": {"uv": [0.75, 1.1875, 0.375, 0.9375], "rotation": 270, "texture": "#0"},
				"west": {"uv": [0.75, 0.6875, 0.375, 0.9375], "rotation": 270, "texture": "#0"},
				"up": {"uv": [0.375, 1.1875, 0.625, 1.4375], "texture": "#0"},
				"down": {"uv": [0.375, 1.1875, 0.625, 1.4375], "texture": "#0"}
			}
		},
		{
			"from": [6.85, -4.17297, 1.57496],
			"to": [9.15, -1.17297, 4.07496],
			"rotation": {"angle": 22.5, "axis": "x", "origin": [8, -3.93417, 5.406]},
			"faces": {
				"north": {"uv": [0, 1, 0.375, 1.2875], "rotation": 270, "texture": "#0"},
				"east": {"uv": [0.375, 1, 0, 0.6875], "rotation": 90, "texture": "#0"},
				"south": {"uv": [0.375, 1, 0, 1.2875], "rotation": 90, "texture": "#0"},
				"west": {"uv": [0, 1, 0.375, 0.6875], "rotation": 270, "texture": "#0"},
				"up": {"uv": [0.8125, 0.6875, 0.525, 0.375], "texture": "#0"},
				"down": {"uv": [0.8125, 0.6875, 0.525, 0.375], "rotation": 180, "texture": "#0"}
			}
		},
		{
			"from": [6.75, -2.00249, 4.55256],
			"to": [9.25, 0.99751, 8.55256],
			"rotation": {"angle": -22.5, "axis": "x", "origin": [8, -3.93417, 5.406]},
			"faces": {
				"north": {"uv": [0.8125, 0, 0.5, 0.375], "texture": "#0"},
				"east": {"uv": [0.5, 0, 0, 0.375], "texture": "#0"},
				"south": {"uv": [0.8125, 0, 0.5, 0.375], "texture": "#0"},
				"west": {"uv": [0, 0, 0.5, 0.375], "texture": "#0"},
				"up": {"uv": [0, 0.6875, 0.5, 0.375], "rotation": 90, "texture": "#0"},
				"down": {"uv": [0.5, 0.6875, 0, 0.375], "rotation": 90, "texture": "#0"}
			}
		},
		{
			"from": [6.75, -2.00249, 7.44744],
			"to": [9.25, 0.99751, 11.44744],
			"rotation": {"angle": 22.5, "axis": "x", "origin": [8, -3.93417, 10.594]},
			"faces": {
				"north": {"uv": [0.5, 0, 0.8125, 0.375], "texture": "#0"},
				"east": {"uv": [0, 0, 0.5, 0.375], "texture": "#0"},
				"south": {"uv": [0.5, 0, 0.8125, 0.375], "texture": "#0"},
				"west": {"uv": [0.5, 0, 0, 0.375], "texture": "#0"},
				"up": {"uv": [0.5, 0.6875, 0, 0.375], "rotation": 90, "texture": "#0"},
				"down": {"uv": [0, 0.6875, 0.5, 0.375], "rotation": 90, "texture": "#0"}
			}
		},
		{
			"from": [6.85, -4.17297, 11.92504],
			"to": [9.15, -1.17297, 14.42504],
			"rotation": {"angle": -22.5, "axis": "x", "origin": [8, -3.93417, 10.594]},
			"faces": {
				"north": {"uv": [0.375, 1.2875, 0, 1], "rotation": 90, "texture": "#0"},
				"east": {"uv": [0.375, 0.6875, 0, 1], "rotation": 90, "texture": "#0"},
				"south": {"uv": [0, 1.2875, 0.375, 1], "rotation": 270, "texture": "#0"},
				"west": {"uv": [0, 0.6875, 0.375, 1], "rotation": 270, "texture": "#0"},
				"up": {"uv": [0.8125, 0.375, 0.525, 0.6875], "texture": "#0"},
				"down": {"uv": [0.8125, 0.375, 0.525, 0.6875], "rotation": 180, "texture": "#0"}
			}
		},
		{
			"from": [7, -5.54846, 11.70862],
			"to": [9, -2.54846, 13.70862],
			"rotation": {"angle": 0, "axis": "y", "origin": [8, -5.13417, 10.894]},
			"faces": {
				"north": {"uv": [0.75, 0.9375, 0.375, 1.1875], "rotation": 270, "texture": "#0"},
				"east": {"uv": [0.75, 0.6875, 0.375, 0.9375], "rotation": 270, "texture": "#0"},
				"south": {"uv": [0.75, 0.9375, 0.375, 1.1875], "rotation": 270, "texture": "#0"},
				"west": {"uv": [0.75, 0.9375, 0.375, 0.6875], "rotation": 270, "texture": "#0"},
				"up": {"uv": [0.375, 1.4375, 0.625, 1.1875], "texture": "#0"},
				"down": {"uv": [0.375, 1.4375, 0.625, 1.1875], "texture": "#0"}
			}
		},
		{
			"from": [7.25, -7.39018, 9.61879],
			"to": [8.75, -5.89018, 12.61879],
			"rotation": {"angle": -45, "axis": "x", "origin": [8, -5.13417, 10.894]},
			"faces": {
				"north": {"uv": [0.1875, 1.5, 0, 1.3125], "texture": "#0"},
				"east": {"uv": [1.1875, 0, 0.8125, 0.1875], "rotation": 180, "texture": "#0"},
				"south": {"uv": [0.1875, 1.5, 0, 1.3125], "rotation": 180, "texture": "#0"},
				"west": {"uv": [1.1875, 0, 0.8125, 0.1875], "texture": "#0"},
				"up": {"uv": [0.8125, 0.1875, 1.1875, 0.375], "rotation": 270, "texture": "#0"},
				"down": {"uv": [0.8125, 0.1875, 1.1875, 0.375], "rotation": 90, "texture": "#0"}
			}
		},
		{
			"from": [7.5, -8.08842, 10.61902],
			"to": [8.5, -6.58842, 11.61902],
			"rotation": {"angle": 0, "axis": "y", "origin": [8, -5.13417, 10.894]},
			"faces": {
				"north": {"uv": [0.9375, 0.375, 0.8125, 0.5625], "texture": "#0"},
				"east": {"uv": [1.0625, 0.375, 0.9375, 0.5625], "rotation": 180, "texture": "#0"},
				"south": {"uv": [0.9375, 0.375, 0.8125, 0.5625], "texture": "#0"},
				"west": {"uv": [0.9375, 0.375, 1.0625, 0.5625], "rotation": 180, "texture": "#0"},
				"up": {"uv": [0.8125, 0.6875, 0.9375, 0.5625], "rotation": 90, "texture": "#0"},
				"down": {"uv": [0.8125, 0.6875, 0.9375, 0.5625], "rotation": 90, "texture": "#0"}
			}
		},
		{
			"from": [7.55, -8.23897, 8.72808],
			"to": [8.45, -7.03897, 9.42808],
			"rotation": {"angle": -45, "axis": "x", "origin": [8, -5.13417, 10.894]},
			"faces": {
				"north": {"uv": [1.175, 0.375, 1.0625, 0.525], "texture": "#0"},
				"east": {"uv": [0.8625, 0.8375, 0.775, 0.6875], "texture": "#0"},
				"south": {"uv": [1.175, 0.375, 1.0625, 0.525], "rotation": 180, "texture": "#0"},
				"west": {"uv": [0.775, 0.6875, 0.8625, 0.8375], "rotation": 180, "texture": "#0"},
				"up": {"uv": [0.9625, 0.675, 1.05, 0.5625], "rotation": 270, "texture": "#0"},
				"down": {"uv": [0.9625, 0.675, 1.05, 0.5625], "rotation": 90, "texture": "#0"}
			}
		},
		{
			"from": [7.65, -8.78028, 10.21785],
			"to": [8.35, -8.28028, 11.21785],
			"rotation": {"angle": -22.5, "axis": "x", "origin": [8, -5.13417, 10.894]},
			"faces": {
				"north": {"uv": [1.1875, 0.5625, 1.1, 0.625], "rotation": 180, "texture": "#0"},
				"east": {"uv": [1, 0.75, 0.875, 0.6875], "texture": "#0"},
				"south": {"uv": [1.1875, 0.5625, 1.1, 0.625], "texture": "#0"},
				"west": {"uv": [0.875, 0.75, 1, 0.6875], "rotation": 180, "texture": "#0"},
				"up": {"uv": [0.875, 0.8375, 1, 0.75], "rotation": 270, "texture": "#0"},
				"down": {"uv": [0.875, 0.8375, 1, 0.75], "rotation": 90, "texture": "#0"}
			}
		},
		{
			"from": [7, 1.28896, 4.96541],
			"to": [9, 2.78896, 6.96541],
			"rotation": {"angle": 0, "axis": "y", "origin": [8, 2.96436, 4.78664]},
			"faces": {
				"north": {"uv": [1.25, 0.9375, 1, 1.125], "texture": "#0"},
				"east": {"uv": [1, 0.875, 0.75, 1.0625], "texture": "#0"},
				"south": {"uv": [1.25, 0.9375, 1, 1.125], "texture": "#0"},
				"west": {"uv": [1, 0.875, 0.75, 1.0625], "texture": "#0"},
				"up": {"uv": [1.25, 0.6875, 1, 0.9375], "rotation": 90, "texture": "#0"},
				"down": {"uv": [1.25, 0.6875, 1, 0.9375], "rotation": 90, "texture": "#0"}
			}
		},
		{
			"from": [7.25, 1.59935, 3.70775],
			"to": [8.75, 3.09935, 5.20775],
			"rotation": {"angle": -45, "axis": "x", "origin": [8, 2.96436, 4.78664]},
			"faces": {
				"north": {"uv": [0.1875, 1.5, 0.375, 1.3125], "rotation": 270, "texture": "#0"},
				"east": {"uv": [0.8125, 1.0625, 1, 1.25], "rotation": 270, "texture": "#0"},
				"south": {"uv": [0.1875, 1.5, 0.375, 1.3125], "rotation": 270, "texture": "#0"},
				"west": {"uv": [0.8125, 1.25, 1, 1.0625], "rotation": 270, "texture": "#0"},
				"up": {"uv": [0.625, 1.375, 0.8125, 1.1875], "texture": "#0"},
				"down": {"uv": [0.625, 1.375, 0.8125, 1.1875], "texture": "#0"}
			}
		},
		{
			"from": [7.5, 3.09935, 3.85775],
			"to": [8.5, 4.59935, 4.85775],
			"rotation": {"angle": -45, "axis": "x", "origin": [8, 2.96436, 4.78664]},
			"faces": {
				"north": {"uv": [1, 1.25, 1.1875, 1.125], "rotation": 270, "texture": "#0"},
				"east": {"uv": [0.8125, 1.25, 1, 1.375], "rotation": 270, "texture": "#0"},
				"south": {"uv": [1, 1.25, 1.1875, 1.125], "rotation": 270, "texture": "#0"},
				"west": {"uv": [0.8125, 1.375, 1, 1.25], "rotation": 270, "texture": "#0"},
				"up": {"uv": [1, 1.375, 1.125, 1.25], "texture": "#0"},
				"down": {"uv": [1, 1.375, 1.125, 1.25], "texture": "#0"}
			}
		},
		{
			"from": [7.6, 4, 4.8],
			"to": [8.4, 4.5, 5.8],
			"rotation": {"angle": -45, "axis": "x", "origin": [8, 2.96436, 4.78664]},
			"faces": {
				"north": {"uv": [0.1875, 1.5, 0.25, 1.625], "rotation": 270, "texture": "#0"},
				"east": {"uv": [0.0625, 1.625, 0, 1.5], "rotation": 270, "texture": "#0"},
				"south": {"uv": [0.1875, 1.5, 0.25, 1.625], "rotation": 270, "texture": "#0"},
				"west": {"uv": [0, 1.625, 0.0625, 1.5], "rotation": 270, "texture": "#0"},
				"up": {"uv": [0.0625, 1.625, 0.1875, 1.5], "rotation": 180, "texture": "#0"},
				"down": {"uv": [0.0625, 1.5, 0.1875, 1.625], "rotation": 180, "texture": "#0"}
			}
		},
		{
			"from": [7.65, 4.47301, 3.8542],
			"to": [8.35, 4.97301, 4.8542],
			"rotation": {"angle": 22.5, "axis": "x", "origin": [8, 3.46436, 4.78664]},
			"faces": {
				"north": {"uv": [0.5, 1.5625, 0.4125, 1.5], "texture": "#0"},
				"east": {"uv": [0.375, 1.4375, 0.5, 1.5], "rotation": 180, "texture": "#0"},
				"south": {"uv": [0.5, 1.5625, 0.4125, 1.5], "texture": "#0"},
				"west": {"uv": [0.375, 1.4375, 0.5, 1.5], "rotation": 180, "texture": "#0"},
				"up": {"uv": [0.375, 1.5875, 0.25, 1.5], "rotation": 90, "texture": "#0"},
				"down": {"uv": [0.375, 1.5875, 0.25, 1.5], "rotation": 90, "texture": "#0"}
			}
		},
		{
			"from": [6.35, -4.88922, -5.80421],
			"to": [8.85, -2.88922, -3.80421],
			"rotation": {"angle": -45, "axis": "x", "origin": [7.6, 8.91499, 8]},
			"faces": {
				"north": {"uv": [1.6875, 0.5, 1.4375, 0.25], "texture": "#0"},
				"east": {"uv": [1.6875, 0, 1.4375, 0.25], "texture": "#0"},
				"south": {"uv": [1.6875, 0.5, 1.4375, 0.75], "texture": "#0"},
				"west": {"uv": [1.6875, 0, 1.4375, 0.25], "texture": "#0"},
				"up": {"uv": [1.6875, 0.25, 1.4375, 0.5], "texture": "#0"},
				"down": {"uv": [1.6875, 0.5, 1.4375, 0.75], "texture": "#0"}
			}
		},
		{
			"from": [8.45, 2.01078, -5.80421],
			"to": [10.95, 4.01078, -3.80421],
			"rotation": {"angle": -45, "axis": "x", "origin": [9.7, 15.81499, 8]},
			"faces": {
				"north": {"uv": [1.6875, 0.5, 1.4375, 0.25], "texture": "#0"},
				"east": {"uv": [1.6875, 0, 1.4375, 0.25], "texture": "#0"},
				"south": {"uv": [1.6875, 0.5, 1.4375, 0.75], "texture": "#0"},
				"west": {"uv": [1.6875, 0, 1.4375, 0.25], "texture": "#0"},
				"up": {"uv": [1.6875, 0.25, 1.4375, 0.5], "texture": "#0"},
				"down": {"uv": [1.6875, 0.5, 1.4375, 0.75], "texture": "#0"}
			}
		},
		{
			"from": [9.2, -2.8, 8],
			"to": [10.2, -1.3, 10],
			"rotation": {"angle": 22.5, "axis": "x", "origin": [9.7, -2.775, 9.575]},
			"faces": {
				"north": {"uv": [0.5, 1.4375, 0.625, 1.625], "texture": "#0"},
				"east": {"uv": [0.875, 1.375, 0.625, 1.5625], "texture": "#0"},
				"south": {"uv": [0.5, 1.4375, 0.625, 1.625], "texture": "#0"},
				"west": {"uv": [0.625, 1.375, 0.875, 1.5625], "texture": "#0"},
				"up": {"uv": [0.875, 1.375, 1.125, 1.5], "rotation": 90, "texture": "#0"},
				"down": {"uv": [0.875, 1.375, 1.125, 1.5], "rotation": 90, "texture": "#0"}
			}
		},
		{
			"from": [9.3, -3.68188, 9.52574],
			"to": [10.1, -2.18188, 10.52574],
			"rotation": {"angle": -22.5, "axis": "x", "origin": [9.7, -2.775, 9.575]},
			"faces": {
				"north": {"uv": [1.25, 1, 1.4375, 1.1], "rotation": 270, "texture": "#0"},
				"east": {"uv": [1.4375, 0.875, 1.25, 1], "rotation": 270, "texture": "#0"},
				"south": {"uv": [1.25, 1, 1.4375, 1.1], "rotation": 90, "texture": "#0"},
				"west": {"uv": [1.25, 0.875, 1.4375, 1], "rotation": 90, "texture": "#0"},
				"up": {"uv": [1.2125, 1.125, 1.3125, 1.25], "rotation": 180, "texture": "#0"},
				"down": {"uv": [1.2125, 1.125, 1.3125, 1.25], "texture": "#0"}
			}
		},
		{
			"from": [9.45, -4, 9.9],
			"to": [9.95, -3, 10.4],
			"rotation": {"angle": 22.5, "axis": "x", "origin": [9.7, -2.775, 9.575]},
			"faces": {
				"north": {"uv": [1.125, 1.25, 1.25, 1.3125], "rotation": 90, "texture": "#0"},
				"east": {"uv": [1.125, 1.25, 1.25, 1.3125], "rotation": 90, "texture": "#0"},
				"south": {"uv": [1.125, 1.25, 1.25, 1.3125], "rotation": 90, "texture": "#0"},
				"west": {"uv": [1.125, 1.25, 1.25, 1.3125], "rotation": 90, "texture": "#0"},
				"up": {"uv": [1.25, 1.25, 1.3125, 1.3125], "texture": "#0"},
				"down": {"uv": [1.25, 1.25, 1.3125, 1.3125], "texture": "#0"}
			}
		},
		{
			"from": [9.2, -2.8, 6],
			"to": [10.2, -1.3, 8],
			"rotation": {"angle": -22.5, "axis": "x", "origin": [9.7, -2.775, 6.425]},
			"faces": {
				"north": {"uv": [0.625, 1.4375, 0.5, 1.625], "texture": "#0"},
				"east": {"uv": [0.625, 1.375, 0.875, 1.5625], "texture": "#0"},
				"south": {"uv": [0.625, 1.4375, 0.5, 1.625], "texture": "#0"},
				"west": {"uv": [0.875, 1.375, 0.625, 1.5625], "texture": "#0"},
				"up": {"uv": [1.125, 1.375, 0.875, 1.5], "rotation": 90, "texture": "#0"},
				"down": {"uv": [1.125, 1.375, 0.875, 1.5], "rotation": 90, "texture": "#0"}
			}
		},
		{
			"from": [9.3, -3.68188, 5.47426],
			"to": [10.1, -2.18188, 6.47426],
			"rotation": {"angle": 22.5, "axis": "x", "origin": [9.7, -2.775, 6.425]},
			"faces": {
				"north": {"uv": [1.25, 1.1, 1.4375, 1], "rotation": 90, "texture": "#0"},
				"east": {"uv": [1.4375, 1, 1.25, 0.875], "rotation": 270, "texture": "#0"},
				"south": {"uv": [1.25, 1.1, 1.4375, 1], "rotation": 270, "texture": "#0"},
				"west": {"uv": [1.25, 1, 1.4375, 0.875], "rotation": 90, "texture": "#0"},
				"up": {"uv": [1.2125, 1.25, 1.3125, 1.125], "rotation": 180, "texture": "#0"},
				"down": {"uv": [1.2125, 1.25, 1.3125, 1.125], "texture": "#0"}
			}
		},
		{
			"from": [9.45, -4, 5.6],
			"to": [9.95, -3, 6.1],
			"rotation": {"angle": -22.5, "axis": "x", "origin": [9.7, -2.775, 6.425]},
			"faces": {
				"north": {"uv": [1.125, 1.3125, 1.25, 1.25], "rotation": 90, "texture": "#0"},
				"east": {"uv": [1.125, 1.3125, 1.25, 1.25], "rotation": 90, "texture": "#0"},
				"south": {"uv": [1.125, 1.3125, 1.25, 1.25], "rotation": 90, "texture": "#0"},
				"west": {"uv": [1.125, 1.3125, 1.25, 1.25], "rotation": 90, "texture": "#0"},
				"up": {"uv": [1.25, 1.3125, 1.3125, 1.25], "texture": "#0"},
				"down": {"uv": [1.25, 1.3125, 1.3125, 1.25], "texture": "#0"}
			}
		},
		{
			"from": [6.6, -8.9, 7],
			"to": [8.6, -7.4, 9],
			"rotation": {"angle": 0, "axis": "y", "origin": [7.6, 8.91499, 8]},
			"faces": {
				"north": {"uv": [1.4375, 0.75, 1.6875, 0.9375], "texture": "#0"},
				"east": {"uv": [1.4375, 0.75, 1.6875, 0.9375], "texture": "#0"},
				"south": {"uv": [1.4375, 0.75, 1.6875, 0.9375], "texture": "#0"},
				"west": {"uv": [1.4375, 0.75, 1.6875, 0.9375], "texture": "#0"},
				"up": {"uv": [1.4375, 0.9375, 1.6875, 1.1875], "texture": "#0"},
				"down": {"uv": [1.4375, 0.9375, 1.6875, 1.1875], "texture": "#0"}
			}
		},
		{
			"from": [7.6, -9.4, 10.5],
			"to": [7.6, -2.4, 16.5],
			"rotation": {"angle": 45, "axis": "x", "origin": [7.6, -0.9, 3.5]},
			"faces": {
				"north": {"uv": [0, 10, 0, 0], "texture": "#3"},
				"east": {"uv": [12, 14, 0, 0], "texture": "#3"},
				"south": {"uv": [0, 10, 0, 0], "texture": "#3"},
				"west": {"uv": [0, 14, 12, 0], "texture": "#3"},
				"up": {"uv": [0, 10, 0, 0], "texture": "#3"},
				"down": {"uv": [0, 0, 0, 10], "texture": "#3"}
			}
		},
		{
			"from": [6.46327, 4.74702, 7],
			"to": [7.96327, 7.74702, 9],
			"rotation": {"angle": 22.5, "axis": "z", "origin": [5.87069, 7.24851, 8]},
			"faces": {
				"north": {"uv": [4.4375, 3.75, 4.0625, 3.5625], "rotation": 90, "texture": "#0"},
				"east": {"uv": [4.4375, 3.5625, 4.0625, 3.3125], "rotation": 90, "texture": "#0"},
				"south": {"uv": [4.4375, 3.5625, 4.0625, 3.75], "rotation": 90, "texture": "#0"},
				"west": {"uv": [4.4375, 3.5625, 4.0625, 3.3125], "rotation": 90, "texture": "#0"},
				"up": {"uv": [4.4375, 3.3125, 4.6875, 3.5], "rotation": 270, "texture": "#0"},
				"down": {"uv": [4.4375, 3.3125, 4.6875, 3.5], "rotation": 270, "texture": "#0"}
			}
		},
		{
			"from": [3.9937, 7.84716, 7.25],
			"to": [6.9937, 8.84716, 8.75],
			"rotation": {"angle": -22.5, "axis": "z", "origin": [5.87069, 7.24851, 8]},
			"faces": {
				"north": {"uv": [4.8125, 3.625, 4.4375, 3.5], "rotation": 180, "texture": "#0"},
				"east": {"uv": [5, 3.625, 4.8125, 3.5], "rotation": 180, "texture": "#0"},
				"south": {"uv": [4.4375, 3.5, 4.8125, 3.625], "rotation": 180, "texture": "#0"},
				"west": {"uv": [5, 3.625, 4.8125, 3.5], "rotation": 180, "texture": "#0"},
				"up": {"uv": [4.6875, 3.3125, 5.0625, 3.5], "rotation": 180, "texture": "#0"},
				"down": {"uv": [4.6875, 3.3125, 5.0625, 3.5], "rotation": 180, "texture": "#0"}
			}
		},
		{
			"from": [3.5, 9, 7.45],
			"to": [5.7, 9.5, 8.55],
			"rotation": {"angle": 22.5, "axis": "z", "origin": [5.87069, 7.24851, 8]},
			"faces": {
				"north": {"uv": [4.8125, 3.25, 5.0875, 3.1875], "rotation": 180, "texture": "#0"},
				"east": {"uv": [4.95, 3.3125, 4.8125, 3.25], "rotation": 180, "texture": "#0"},
				"south": {"uv": [5.0875, 3.25, 4.8125, 3.1875], "rotation": 180, "texture": "#0"},
				"west": {"uv": [4.95, 3.3125, 4.8125, 3.25], "rotation": 180, "texture": "#0"},
				"up": {"uv": [4.85, 3.0875, 5.125, 3.225], "rotation": 180, "texture": "#0"},
				"down": {"uv": [4.8125, 3.0875, 5.0875, 3.225], "rotation": 180, "texture": "#0"}
			}
		},
		{
			"from": [3.5, 8, 4.95],
			"to": [5.7, 8.5, 6.05],
			"rotation": {"angle": 22.5, "axis": "z", "origin": [5.87069, 6.24851, 5.5]},
			"faces": {
				"north": {"uv": [4.8125, 3.25, 5.0875, 3.1875], "rotation": 180, "texture": "#0"},
				"east": {"uv": [4.95, 3.3125, 4.8125, 3.25], "rotation": 180, "texture": "#0"},
				"south": {"uv": [5.0875, 3.25, 4.8125, 3.1875], "rotation": 180, "texture": "#0"},
				"west": {"uv": [4.95, 3.3125, 4.8125, 3.25], "rotation": 180, "texture": "#0"},
				"up": {"uv": [4.85, 3.0875, 5.125, 3.225], "rotation": 180, "texture": "#0"},
				"down": {"uv": [4.8125, 3.0875, 5.0875, 3.225], "rotation": 180, "texture": "#0"}
			}
		},
		{
			"from": [3.9937, 6.84716, 4.75],
			"to": [6.9937, 7.84716, 6.25],
			"rotation": {"angle": -22.5, "axis": "z", "origin": [5.87069, 6.24851, 5.5]},
			"faces": {
				"north": {"uv": [4.8125, 3.625, 4.4375, 3.5], "rotation": 180, "texture": "#0"},
				"east": {"uv": [5, 3.625, 4.8125, 3.5], "rotation": 180, "texture": "#0"},
				"south": {"uv": [4.4375, 3.625, 4.8125, 3.5], "rotation": 180, "texture": "#0"},
				"west": {"uv": [5, 3.625, 4.8125, 3.5], "rotation": 180, "texture": "#0"},
				"up": {"uv": [4.6875, 3.3125, 5.0625, 3.5], "rotation": 180, "texture": "#0"},
				"down": {"uv": [4.6875, 3.3125, 5.0625, 3.5], "rotation": 180, "texture": "#0"}
			}
		},
		{
			"from": [6.46327, 3.74702, 4.5],
			"to": [7.96327, 6.74702, 6.5],
			"rotation": {"angle": 22.5, "axis": "z", "origin": [5.87069, 6.24851, 5.5]},
			"faces": {
				"north": {"uv": [4.4375, 3.75, 4.0625, 3.5625], "rotation": 90, "texture": "#0"},
				"east": {"uv": [4.4375, 3.5625, 4.0625, 3.3125], "rotation": 90, "texture": "#0"},
				"south": {"uv": [4.0625, 3.75, 4.4375, 3.5625], "rotation": 90, "texture": "#0"},
				"west": {"uv": [4.4375, 3.5625, 4.0625, 3.3125], "rotation": 90, "texture": "#0"},
				"up": {"uv": [4.4375, 3.3125, 4.6875, 3.5], "rotation": 270, "texture": "#0"},
				"down": {"uv": [4.4375, 3.3125, 4.6875, 3.5], "rotation": 270, "texture": "#0"}
			}
		},
		{
			"from": [6.46327, 3.74702, 9.5],
			"to": [7.96327, 6.74702, 11.5],
			"rotation": {"angle": 22.5, "axis": "z", "origin": [5.87069, 6.24851, 10.5]},
			"faces": {
				"north": {"uv": [4.0625, 3.5625, 4.4375, 3.75], "rotation": 90, "texture": "#0"},
				"east": {"uv": [4.4375, 3.3125, 4.0625, 3.5625], "rotation": 90, "texture": "#0"},
				"south": {"uv": [4.4375, 3.5625, 4.0625, 3.75], "rotation": 90, "texture": "#0"},
				"west": {"uv": [4.4375, 3.3125, 4.0625, 3.5625], "rotation": 90, "texture": "#0"},
				"up": {"uv": [4.6875, 3.3125, 4.4375, 3.5], "rotation": 270, "texture": "#0"},
				"down": {"uv": [4.6875, 3.3125, 4.4375, 3.5], "rotation": 270, "texture": "#0"}
			}
		},
		{
			"from": [3.9937, 6.84716, 9.75],
			"to": [6.9937, 7.84716, 11.25],
			"rotation": {"angle": -22.5, "axis": "z", "origin": [5.87069, 6.24851, 10.5]},
			"faces": {
				"north": {"uv": [4.8125, 3.625, 4.4375, 3.5], "rotation": 180, "texture": "#0"},
				"east": {"uv": [4.8125, 3.625, 5, 3.5], "rotation": 180, "texture": "#0"},
				"south": {"uv": [4.4375, 3.625, 4.8125, 3.5], "rotation": 180, "texture": "#0"},
				"west": {"uv": [4.8125, 3.625, 5, 3.5], "rotation": 180, "texture": "#0"},
				"up": {"uv": [4.6875, 3.5, 5.0625, 3.3125], "rotation": 180, "texture": "#0"},
				"down": {"uv": [4.6875, 3.5, 5.0625, 3.3125], "rotation": 180, "texture": "#0"}
			}
		},
		{
			"from": [3.5, 8, 9.95],
			"to": [5.7, 8.5, 11.05],
			"rotation": {"angle": 22.5, "axis": "z", "origin": [5.87069, 6.24851, 10.5]},
			"faces": {
				"north": {"uv": [4.8125, 3.25, 5.0875, 3.1875], "rotation": 180, "texture": "#0"},
				"east": {"uv": [4.8125, 3.3125, 4.95, 3.25], "rotation": 180, "texture": "#0"},
				"south": {"uv": [5.0875, 3.25, 4.8125, 3.1875], "rotation": 180, "texture": "#0"},
				"west": {"uv": [4.8125, 3.3125, 4.95, 3.25], "rotation": 180, "texture": "#0"},
				"up": {"uv": [4.85, 3.225, 5.125, 3.0875], "rotation": 180, "texture": "#0"},
				"down": {"uv": [4.8125, 3.225, 5.0875, 3.0875], "rotation": 180, "texture": "#0"}
			}
		},
		{
			"from": [4.72069, 4.5, 9.12931],
			"to": [5.82069, 5, 11.32931],
			"rotation": {"angle": 45, "axis": "x", "origin": [5.77069, 2.74851, 11.5]},
			"faces": {
				"north": {"uv": [4.8125, 3.3125, 4.95, 3.25], "rotation": 180, "texture": "#0"},
				"east": {"uv": [4.8125, 3.25, 5.0875, 3.1875], "rotation": 180, "texture": "#0"},
				"south": {"uv": [4.8125, 3.3125, 4.95, 3.25], "rotation": 180, "texture": "#0"},
				"west": {"uv": [5.0875, 3.25, 4.8125, 3.1875], "rotation": 180, "texture": "#0"},
				"up": {"uv": [4.85, 3.225, 5.125, 3.0875], "rotation": 270, "texture": "#0"},
				"down": {"uv": [4.8125, 3.225, 5.0875, 3.0875], "rotation": 90, "texture": "#0"}
			}
		},
		{
			"from": [4.82069, 1.6255, 12.09865],
			"to": [6.32069, 4.6255, 13.09865],
			"rotation": {"angle": 0, "axis": "y", "origin": [5.77069, 2.74851, 11.5]},
			"faces": {
				"north": {"uv": [4.6875, 3.5, 5.0625, 3.3125], "rotation": 270, "texture": "#0"},
				"east": {"uv": [4.8125, 3.625, 4.4375, 3.5], "rotation": 90, "texture": "#0"},
				"south": {"uv": [4.6875, 3.5, 5.0625, 3.3125], "rotation": 270, "texture": "#0"},
				"west": {"uv": [4.4375, 3.625, 4.8125, 3.5], "rotation": 270, "texture": "#0"},
				"up": {"uv": [4.8125, 3.625, 5, 3.5], "texture": "#0"},
				"down": {"uv": [4.8125, 3.625, 5, 3.5], "rotation": 180, "texture": "#0"}
			}
		},
		{
			"from": [4.87069, 0.24702, 12.09258],
			"to": [6.87069, 3.24702, 13.59258],
			"rotation": {"angle": 45, "axis": "x", "origin": [5.87069, 2.74851, 11.5]},
			"faces": {
				"north": {"uv": [4.4375, 3.3125, 4.0625, 3.5625], "rotation": 90, "texture": "#0"},
				"east": {"uv": [4.0625, 3.5625, 4.4375, 3.75], "rotation": 90, "texture": "#0"},
				"south": {"uv": [4.4375, 3.3125, 4.0625, 3.5625], "rotation": 90, "texture": "#0"},
				"west": {"uv": [4.4375, 3.5625, 4.0625, 3.75], "rotation": 90, "texture": "#0"},
				"up": {"uv": [4.6875, 3.3125, 4.4375, 3.5], "texture": "#0"},
				"down": {"uv": [4.6875, 3.3125, 4.4375, 3.5], "rotation": 180, "texture": "#0"}
			}
		},
		{
			"from": [6.8, 2.6, 5],
			"to": [8.8, 5.1, 11],
			"rotation": {"angle": 0, "axis": "y", "origin": [7.5, 5.09848, 8.05385]},
			"faces": {
				"north": {"uv": [3.75, 3.5625, 3.4375, 3.3125], "rotation": 90, "texture": "#0"},
				"east": {"uv": [3.75, 3.8125, 4.0625, 3.0625], "rotation": 90, "texture": "#0"},
				"south": {"uv": [3.75, 3.5625, 3.4375, 3.3125], "rotation": 90, "texture": "#0"},
				"west": {"uv": [3.75, 3.8125, 4.0625, 3.0625], "rotation": 90, "texture": "#0"},
				"up": {"uv": [4.0625, 3.0625, 4.8125, 3.3125], "rotation": 90, "texture": "#0"},
				"down": {"uv": [4.0625, 3.0625, 4.8125, 3.3125], "rotation": 90, "texture": "#0"}
			}
		},
		{
			"from": [6.9, 3.6, 6.75],
			"to": [8.9, 6.1, 9.25],
			"rotation": {"angle": 0, "axis": "y", "origin": [7.5, 5.09848, 8.05385]},
			"faces": {
				"north": {"uv": [3.75, 3.5625, 3.4375, 3.3125], "rotation": 90, "texture": "#0"},
				"east": {"uv": [3.75, 3.59375, 4.0625, 3.28125], "rotation": 90, "texture": "#0"},
				"south": {"uv": [3.75, 3.5625, 3.4375, 3.3125], "rotation": 90, "texture": "#0"},
				"west": {"uv": [3.75, 3.375, 4.0625, 3.0625], "rotation": 90, "texture": "#0"},
				"up": {"uv": [4.0625, 3.0625, 4.375, 3.3125], "rotation": 90, "texture": "#0"},
				"down": {"uv": [4.0625, 3.0625, 4.375, 3.3125], "rotation": 90, "texture": "#0"}
			}
		},
		{
			"from": [7.8, -3.4, 5],
			"to": [9.8, -0.9, 11],
			"rotation": {"angle": 0, "axis": "y", "origin": [7.5, 5.09848, 8.05385]},
			"faces": {
				"north": {"uv": [3.25, 3.3125, 2.9375, 3.0625], "rotation": 90, "texture": "#0"},
				"east": {"uv": [1.875, 3.8125, 2.1875, 3.0625], "rotation": 90, "texture": "#0"},
				"south": {"uv": [3.25, 3.3125, 2.9375, 3.0625], "rotation": 90, "texture": "#0"},
				"west": {"uv": [1.875, 3.8125, 2.1875, 3.0625], "rotation": 90, "texture": "#0"},
				"up": {"uv": [2.1875, 3.0625, 2.9375, 3.3125], "rotation": 90, "texture": "#0"},
				"down": {"uv": [2.1875, 3.0625, 2.9375, 3.3125], "rotation": 90, "texture": "#0"}
			}
		},
		{
			"from": [7.3, -5.4, 5.5],
			"to": [9.3, -2.9, 10.5],
			"rotation": {"angle": 0, "axis": "y", "origin": [7.5, 5.09848, 8.05385]},
			"faces": {
				"north": {"uv": [2.8125, 3.5625, 2.5, 3.3125], "rotation": 90, "texture": "#0"},
				"east": {"uv": [2.1875, 3.9375, 2.5, 3.3125], "rotation": 90, "texture": "#0"},
				"south": {"uv": [2.8125, 3.5625, 2.5, 3.3125], "rotation": 90, "texture": "#0"},
				"west": {"uv": [2.1875, 3.9375, 2.5, 3.3125], "rotation": 90, "texture": "#0"},
				"up": {"uv": [2.8125, 3.3125, 3.4375, 3.5625], "rotation": 270, "texture": "#0"},
				"down": {"uv": [2.8125, 3.3125, 3.4375, 3.5625], "rotation": 270, "texture": "#0"}
			}
		},
		{
			"from": [6.8, -7.4, 6],
			"to": [8.8, -4.9, 10],
			"rotation": {"angle": 0, "axis": "y", "origin": [7.5, 5.09848, 8.05385]},
			"faces": {
				"north": {"uv": [3.0625, 3.8125, 2.75, 3.5625], "rotation": 90, "texture": "#0"},
				"east": {"uv": [2.4375, 4.0625, 2.75, 3.5625], "rotation": 90, "texture": "#0"},
				"south": {"uv": [3.0625, 3.8125, 2.75, 3.5625], "rotation": 90, "texture": "#0"},
				"west": {"uv": [2.4375, 4.0625, 2.75, 3.5625], "rotation": 90, "texture": "#0"},
				"up": {"uv": [3.25, 3.0625, 3.75, 3.3125], "rotation": 270, "texture": "#0"},
				"down": {"uv": [3.25, 3.0625, 3.75, 3.3125], "rotation": 270, "texture": "#0"}
			}
		},
		{
			"from": [9, -13.5, 8.61845],
			"to": [18, -0.5, 8.61845],
			"rotation": {"angle": -22.5, "axis": "y", "origin": [8, 5.53214, 2.31845]},
			"faces": {
				"north": {"uv": [13.5625, 7.75, 15.1875, 6.625], "rotation": 270, "texture": "#0"},
				"east": {"uv": [0.1875, 1.75, 0.1875, 3.375], "rotation": 180, "texture": "#0"},
				"south": {"uv": [13.5625, 6.625, 15.1875, 7.75], "rotation": 270, "texture": "#0"},
				"west": {"uv": [0.1875, 1.75, 0.1875, 3.375], "rotation": 180, "texture": "#0"},
				"up": {"uv": [0.25, 3.25, 0.25, 1.625], "rotation": 270, "texture": "#0"},
				"down": {"uv": [0.6875, 3.25, 0.6875, 1.625], "rotation": 90, "texture": "#0"}
			}
		},
		{
			"from": [9, -13.5, 7.38155],
			"to": [18, -0.5, 7.38155],
			"rotation": {"angle": 22.5, "axis": "y", "origin": [8, 5.53214, 13.68155]},
			"faces": {
				"north": {"uv": [13.5625, 7.75, 15.1875, 6.625], "rotation": 270, "texture": "#0"},
				"east": {"uv": [0.1875, 1.75, 0.1875, 3.375], "rotation": 180, "texture": "#0"},
				"south": {"uv": [13.5625, 6.625, 15.1875, 7.75], "rotation": 270, "texture": "#0"},
				"west": {"uv": [0.1875, 1.75, 0.1875, 3.375], "rotation": 180, "texture": "#0"},
				"up": {"uv": [0.25, 3.25, 0.25, 1.625], "rotation": 270, "texture": "#0"},
				"down": {"uv": [0.6875, 3.25, 0.6875, 1.625], "rotation": 90, "texture": "#0"}
			}
		},
		{
			"from": [8, -10, 1],
			"to": [8, -5, 5],
			"rotation": {"angle": -22.5, "axis": "x", "origin": [0, 16, 16]},
			"faces": {
				"north": {"uv": [0, 8, 0, 0], "texture": "#4"},
				"east": {"uv": [0, 10, 8, 0], "texture": "#4"},
				"south": {"uv": [0, 8, 0, 0], "texture": "#4"},
				"west": {"uv": [8, 10, 0, 0], "texture": "#4"},
				"up": {"uv": [0, 0, 0, 8], "texture": "#4"},
				"down": {"uv": [0, 8, 0, 0], "texture": "#4"}
			}
		},
		{
			"from": [8, -10, 11],
			"to": [8, -5, 15],
			"rotation": {"angle": 22.5, "axis": "x", "origin": [0, 16, 0]},
			"faces": {
				"north": {"uv": [0, 8, 0, 0], "texture": "#4"},
				"east": {"uv": [8, 10, 0, 0], "texture": "#4"},
				"south": {"uv": [0, 8, 0, 0], "texture": "#4"},
				"west": {"uv": [0, 10, 8, 0], "texture": "#4"},
				"up": {"uv": [0, 8, 0, 0], "texture": "#4"},
				"down": {"uv": [0, 0, 0, 8], "texture": "#4"}
			}
		},
		{
			"from": [4.6, 4.6, 9],
			"to": [4.6, 11.6, 15],
			"rotation": {"angle": 22.5, "axis": "x", "origin": [4.6, 15.1, 3.5]},
			"faces": {
				"north": {"uv": [0, 10, 0, 0], "texture": "#3"},
				"east": {"uv": [0, 0, 12, 14], "texture": "#3"},
				"south": {"uv": [0, 10, 0, 0], "texture": "#3"},
				"west": {"uv": [12, 0, 0, 14], "texture": "#3"},
				"up": {"uv": [0, 10, 0, 0], "texture": "#3"},
				"down": {"uv": [0, 0, 0, 10], "texture": "#3"}
			}
		},
		{
			"from": [3.51329, -0.89536, 3.13976],
			"to": [5.01329, -0.09536, 4.13976],
			"rotation": {"angle": 45, "axis": "y", "origin": [5, -0.49536, 4.62293]},
			"faces": {
				"north": {"uv": [1.6875, 1.4375, 1.5, 1.5375], "rotation": 180, "texture": "#0"},
				"east": {"uv": [1.5875, 1.3125, 1.6875, 1.1875], "rotation": 90, "texture": "#0"},
				"south": {"uv": [1.6875, 1.4375, 1.5, 1.5375], "texture": "#0"},
				"west": {"uv": [1.5875, 1.3125, 1.6875, 1.1875], "rotation": 90, "texture": "#0"},
				"up": {"uv": [1.6875, 1.3125, 1.5, 1.4375], "texture": "#0"},
				"down": {"uv": [1.6875, 1.3125, 1.5, 1.4375], "texture": "#0"}
			}
		},
		{
			"from": [3.90033, -0.99536, 3.20153],
			"to": [5.90033, 0.00464, 4.70153],
			"rotation": {"angle": 0, "axis": "y", "origin": [5, -0.49536, 4.62293]},
			"faces": {
				"north": {"uv": [1.5625, 1.1875, 1.3125, 1.3125], "rotation": 180, "texture": "#0"},
				"east": {"uv": [1.375, 1.5, 1.5, 1.3125], "rotation": 90, "texture": "#0"},
				"south": {"uv": [1.5625, 1.1875, 1.3125, 1.3125], "texture": "#0"},
				"west": {"uv": [1.375, 1.5, 1.5, 1.3125], "rotation": 90, "texture": "#0"},
				"up": {"uv": [1.125, 1.5, 1.375, 1.3125], "rotation": 180, "texture": "#0"},
				"down": {"uv": [1.125, 1.5, 1.375, 1.3125], "rotation": 180, "texture": "#0"}
			}
		},
		{
			"from": [4.3728, -1.24536, 2.93111],
			"to": [6.8728, 0.25464, 4.93111],
			"rotation": {"angle": -22.5, "axis": "y", "origin": [5, -0.49536, 4.62293]},
			"faces": {
				"north": {"uv": [2.5625, 1.1875, 2.875, 1], "texture": "#0"},
				"east": {"uv": [2.875, 0.75, 3.0625, 0.5], "rotation": 270, "texture": "#0"},
				"south": {"uv": [2.5625, 1.1875, 2.875, 1], "texture": "#0"},
				"west": {"uv": [2.875, 0.75, 3.0625, 0.5], "rotation": 90, "texture": "#0"},
				"up": {"uv": [2.5625, 1, 2.875, 0.75], "rotation": 180, "texture": "#0"},
				"down": {"uv": [2.5625, 1, 2.875, 0.75], "texture": "#0"}
			}
		},
		{
			"from": [5.65787, -0.99536, 4.63646],
			"to": [7.15787, 0.00464, 6.63646],
			"rotation": {"angle": 22.5, "axis": "y", "origin": [5, -0.49536, 4.62293]},
			"faces": {
				"north": {"uv": [3.4375, 0.5, 3.3125, 0.6875], "rotation": 90, "texture": "#0"},
				"east": {"uv": [3.3125, 0.69375, 3.0625, 0.81875], "rotation": 180, "texture": "#0"},
				"south": {"uv": [3.4375, 0.5, 3.3125, 0.6875], "rotation": 90, "texture": "#0"},
				"west": {"uv": [3.3125, 0.69375, 3.0625, 0.81875], "texture": "#0"},
				"up": {"uv": [3.3125, 0.5, 3.0625, 0.6875], "rotation": 90, "texture": "#0"},
				"down": {"uv": [3.3125, 0.6875, 3.0625, 0.5], "rotation": 270, "texture": "#0"}
			}
		},
		{
			"from": [5.65787, -4.99536, 4.63646],
			"to": [7.15787, -3.99536, 6.63646],
			"rotation": {"angle": 22.5, "axis": "y", "origin": [5, -4.49536, 4.62293]},
			"faces": {
				"north": {"uv": [3.4375, 0.5, 3.3125, 0.6875], "rotation": 90, "texture": "#0"},
				"east": {"uv": [3.3125, 0.69375, 3.0625, 0.81875], "rotation": 180, "texture": "#0"},
				"south": {"uv": [3.4375, 0.5, 3.3125, 0.6875], "rotation": 90, "texture": "#0"},
				"west": {"uv": [3.3125, 0.69375, 3.0625, 0.81875], "texture": "#0"},
				"up": {"uv": [3.3125, 0.5, 3.0625, 0.6875], "rotation": 90, "texture": "#0"},
				"down": {"uv": [3.3125, 0.6875, 3.0625, 0.5], "rotation": 270, "texture": "#0"}
			}
		},
		{
			"from": [4.3728, -5.24536, 2.93111],
			"to": [6.8728, -3.74536, 4.93111],
			"rotation": {"angle": -22.5, "axis": "y", "origin": [5, -4.49536, 4.62293]},
			"faces": {
				"north": {"uv": [2.5625, 1.1875, 2.875, 1], "texture": "#0"},
				"east": {"uv": [2.875, 0.75, 3.0625, 0.5], "rotation": 270, "texture": "#0"},
				"south": {"uv": [2.5625, 1.1875, 2.875, 1], "texture": "#0"},
				"west": {"uv": [2.875, 0.75, 3.0625, 0.5], "rotation": 90, "texture": "#0"},
				"up": {"uv": [2.5625, 1, 2.875, 0.75], "rotation": 180, "texture": "#0"},
				"down": {"uv": [2.5625, 1, 2.875, 0.75], "texture": "#0"}
			}
		},
		{
			"from": [3.90033, -4.99536, 3.20153],
			"to": [5.90033, -3.99536, 4.70153],
			"rotation": {"angle": 0, "axis": "y", "origin": [5, -4.49536, 4.62293]},
			"faces": {
				"north": {"uv": [1.5625, 1.1875, 1.3125, 1.3125], "rotation": 180, "texture": "#0"},
				"east": {"uv": [1.375, 1.5, 1.5, 1.3125], "rotation": 90, "texture": "#0"},
				"south": {"uv": [1.5625, 1.1875, 1.3125, 1.3125], "texture": "#0"},
				"west": {"uv": [1.375, 1.5, 1.5, 1.3125], "rotation": 90, "texture": "#0"},
				"up": {"uv": [1.125, 1.5, 1.375, 1.3125], "rotation": 180, "texture": "#0"},
				"down": {"uv": [1.125, 1.5, 1.375, 1.3125], "rotation": 180, "texture": "#0"}
			}
		},
		{
			"from": [3.51329, -4.89536, 3.13976],
			"to": [5.01329, -4.09536, 4.13976],
			"rotation": {"angle": 45, "axis": "y", "origin": [5, -4.49536, 4.62293]},
			"faces": {
				"north": {"uv": [1.6875, 1.4375, 1.5, 1.5375], "rotation": 180, "texture": "#0"},
				"east": {"uv": [1.5875, 1.3125, 1.6875, 1.1875], "rotation": 90, "texture": "#0"},
				"south": {"uv": [1.6875, 1.4375, 1.5, 1.5375], "texture": "#0"},
				"west": {"uv": [1.5875, 1.3125, 1.6875, 1.1875], "rotation": 90, "texture": "#0"},
				"up": {"uv": [1.6875, 1.3125, 1.5, 1.4375], "texture": "#0"},
				"down": {"uv": [1.6875, 1.3125, 1.5, 1.4375], "texture": "#0"}
			}
		},
		{
			"from": [5.65787, -4.99536, 9.36354],
			"to": [7.15787, -3.99536, 11.36354],
			"rotation": {"angle": -22.5, "axis": "y", "origin": [5, -4.49536, 11.37707]},
			"faces": {
				"north": {"uv": [3.4375, 0.6875, 3.3125, 0.5], "rotation": 90, "texture": "#0"},
				"east": {"uv": [3.0625, 0.69375, 3.3125, 0.81875], "rotation": 180, "texture": "#0"},
				"south": {"uv": [3.4375, 0.6875, 3.3125, 0.5], "rotation": 90, "texture": "#0"},
				"west": {"uv": [3.0625, 0.69375, 3.3125, 0.81875], "texture": "#0"},
				"up": {"uv": [3.0625, 0.5, 3.3125, 0.6875], "rotation": 90, "texture": "#0"},
				"down": {"uv": [3.0625, 0.6875, 3.3125, 0.5], "rotation": 270, "texture": "#0"}
			}
		},
		{
			"from": [4.3728, -5.24536, 11.06889],
			"to": [6.8728, -3.74536, 13.06889],
			"rotation": {"angle": 22.5, "axis": "y", "origin": [5, -4.49536, 11.37707]},
			"faces": {
				"north": {"uv": [2.875, 1.1875, 2.5625, 1], "texture": "#0"},
				"east": {"uv": [2.875, 0.5, 3.0625, 0.75], "rotation": 270, "texture": "#0"},
				"south": {"uv": [2.875, 1.1875, 2.5625, 1], "texture": "#0"},
				"west": {"uv": [2.875, 0.5, 3.0625, 0.75], "rotation": 90, "texture": "#0"},
				"up": {"uv": [2.5625, 0.75, 2.875, 1], "rotation": 180, "texture": "#0"},
				"down": {"uv": [2.5625, 0.75, 2.875, 1], "texture": "#0"}
			}
		},
		{
			"from": [3.90033, -4.99536, 11.29847],
			"to": [5.90033, -3.99536, 12.79847],
			"rotation": {"angle": 0, "axis": "y", "origin": [5, -4.49536, 11.37707]},
			"faces": {
				"north": {"uv": [1.3125, 1.1875, 1.5625, 1.3125], "texture": "#0"},
				"east": {"uv": [1.375, 1.3125, 1.5, 1.5], "rotation": 90, "texture": "#0"},
				"south": {"uv": [1.3125, 1.1875, 1.5625, 1.3125], "rotation": 180, "texture": "#0"},
				"west": {"uv": [1.375, 1.3125, 1.5, 1.5], "rotation": 90, "texture": "#0"},
				"up": {"uv": [1.125, 1.3125, 1.375, 1.5], "rotation": 180, "texture": "#0"},
				"down": {"uv": [1.125, 1.3125, 1.375, 1.5], "rotation": 180, "texture": "#0"}
			}
		},
		{
			"from": [3.51329, -4.89536, 11.86024],
			"to": [5.01329, -4.09536, 12.86024],
			"rotation": {"angle": -45, "axis": "y", "origin": [5, -4.49536, 11.37707]},
			"faces": {
				"north": {"uv": [1.5, 1.4375, 1.6875, 1.5375], "texture": "#0"},
				"east": {"uv": [1.5875, 1.1875, 1.6875, 1.3125], "rotation": 90, "texture": "#0"},
				"south": {"uv": [1.5, 1.4375, 1.6875, 1.5375], "rotation": 180, "texture": "#0"},
				"west": {"uv": [1.5875, 1.1875, 1.6875, 1.3125], "rotation": 90, "texture": "#0"},
				"up": {"uv": [1.6875, 1.4375, 1.5, 1.3125], "texture": "#0"},
				"down": {"uv": [1.6875, 1.4375, 1.5, 1.3125], "texture": "#0"}
			}
		},
		{
			"from": [4.3728, -1.24536, 11.06889],
			"to": [6.8728, 0.25464, 13.06889],
			"rotation": {"angle": 22.5, "axis": "y", "origin": [5, -0.49536, 11.37707]},
			"faces": {
				"north": {"uv": [2.875, 1.1875, 2.5625, 1], "texture": "#0"},
				"east": {"uv": [2.875, 0.5, 3.0625, 0.75], "rotation": 270, "texture": "#0"},
				"south": {"uv": [2.875, 1.1875, 2.5625, 1], "texture": "#0"},
				"west": {"uv": [2.875, 0.5, 3.0625, 0.75], "rotation": 90, "texture": "#0"},
				"up": {"uv": [2.5625, 0.75, 2.875, 1], "rotation": 180, "texture": "#0"},
				"down": {"uv": [2.5625, 0.75, 2.875, 1], "texture": "#0"}
			}
		},
		{
			"from": [3.90033, -0.99536, 11.29847],
			"to": [5.90033, 0.00464, 12.79847],
			"rotation": {"angle": 0, "axis": "y", "origin": [5, -0.49536, 11.37707]},
			"faces": {
				"north": {"uv": [1.3125, 1.1875, 1.5625, 1.3125], "texture": "#0"},
				"east": {"uv": [1.375, 1.3125, 1.5, 1.5], "rotation": 90, "texture": "#0"},
				"south": {"uv": [1.3125, 1.1875, 1.5625, 1.3125], "rotation": 180, "texture": "#0"},
				"west": {"uv": [1.375, 1.3125, 1.5, 1.5], "rotation": 90, "texture": "#0"},
				"up": {"uv": [1.125, 1.3125, 1.375, 1.5], "rotation": 180, "texture": "#0"},
				"down": {"uv": [1.125, 1.3125, 1.375, 1.5], "rotation": 180, "texture": "#0"}
			}
		},
		{
			"from": [3.51329, -0.89536, 11.86024],
			"to": [5.01329, -0.09536, 12.86024],
			"rotation": {"angle": -45, "axis": "y", "origin": [5, -0.49536, 11.37707]},
			"faces": {
				"north": {"uv": [1.5, 1.4375, 1.6875, 1.5375], "texture": "#0"},
				"east": {"uv": [1.5875, 1.1875, 1.6875, 1.3125], "rotation": 90, "texture": "#0"},
				"south": {"uv": [1.5, 1.4375, 1.6875, 1.5375], "rotation": 180, "texture": "#0"},
				"west": {"uv": [1.5875, 1.1875, 1.6875, 1.3125], "rotation": 90, "texture": "#0"},
				"up": {"uv": [1.6875, 1.4375, 1.5, 1.3125], "texture": "#0"},
				"down": {"uv": [1.6875, 1.4375, 1.5, 1.3125], "texture": "#0"}
			}
		}
	],
	"gui_light": "front",
	"display": {
		"thirdperson_righthand": {
			"rotation": [-90, 0, 0],
			"translation": [3, -2, -3.25],
			"scale": [0.7, 0.7, 0.7]
		},
		"thirdperson_lefthand": {
			"rotation": [-90, 180, 0],
			"translation": [3, -2, -3.25],
			"scale": [0.7, 0.7, 0.7]
		},
		"firstperson_righthand": {
			"rotation": [-45, -80, 0],
			"translation": [0.5, 7.75, -2],
			"scale": [0.6, 0.6, 0.6]
		},
		"firstperson_lefthand": {
			"rotation": [-45, 100, 0],
			"translation": [0.5, 7.75, -2],
			"scale": [0.6, 0.6, 0.6]
		},
		"ground": {
			"translation": [0, 13, 0],
			"scale": [0.6, 0.6, 0.6]
		},
		"gui": {
			"rotation": [0, -90, 0],
			"translation": [0.25, 6.25, -1.5],
			"scale": [0.72656, 0.72656, 0.72656]
		},
		"head": {
			"scale": [0, 0, 0]
		},
		"fixed": {
			"rotation": [0, -90, 0],
			"translation": [0.5, 13.75, -3],
			"scale": [1.6, 1.6, 1.6]
		}
	},
	"groups": [
		0,
		1,
		2,
		3,
		4,
		5,
		6,
		7,
		{
			"name": "group",
			"origin": [8.5, -4.81499, 8],
			"color": 0,
			"children": [
				8,
				9,
				10,
				11,
				12,
				13,
				14,
				15,
				16,
				17,
				18,
				19,
				20,
				21,
				22,
				23,
				24,
				25,
				26,
				27,
				28,
				29,
				30,
				31,
				32,
				33,
				34,
				35,
				36,
				37,
				38,
				39,
				40,
				41,
				42,
				43,
				{
					"name": "group",
					"origin": [8.5, -4.81499, 8],
					"color": 0,
					"children": []
				}
			]
		},
		44,
		45,
		46,
		47,
		48,
		49,
		50,
		51,
		52,
		53,
		54,
		55,
		56,
		57,
		58,
		59,
		60,
		61,
		62,
		63,
		64,
		65,
		66,
		67,
		68,
		69,
		70,
		71,
		72,
		73,
		74,
		75,
		76,
		77,
		78,
		79,
		80,
		81,
		82,
		83,
		84,
		85,
		86,
		87,
		88,
		89,
		90
	]
}