{
	"credit": "Made with Blockbench",
	"textures": {
		"0": "item/overlord_crate/skeletonoverlord_leggings",
		"particle": "item/overlord_crate/skeletonoverlord_leggings"
	},
	"elements": [
		{
			"name": "skeletonoverlord_leggings_0",
			"from": [3.5, 2.5, 7.75],
			"to": [7.5, 14, 8.25],
			"rotation": {"angle": 0, "axis": "y", "origin": [0, 0, 7.75]},
			"faces": {
				"north": {"uv": [7.5, 2, 3.5, 13.5], "texture": "#0"},
				"east": {"uv": [7, 2, 7.5, 13.5], "texture": "#0"},
				"south": {"uv": [3.5, 2, 7.5, 13.5], "texture": "#0"},
				"west": {"uv": [3.5, 2, 4, 13.5], "texture": "#0"},
				"up": {"uv": [3.5, 2, 7.5, 2.5], "texture": "#0"},
				"down": {"uv": [3.5, 13, 7.5, 13.5], "texture": "#0"}
			}
		},
		{
			"name": "skeletonoverlord_leggings_1",
			"from": [7.5, 11, 7.75],
			"to": [12.5, 14, 8.25],
			"rotation": {"angle": 0, "axis": "y", "origin": [0, 0, 7.75]},
			"faces": {
				"north": {"uv": [12.5, 2, 7.5, 5], "texture": "#0"},
				"east": {"uv": [12, 2, 12.5, 5], "texture": "#0"},
				"south": {"uv": [7.5, 2, 12.5, 5], "texture": "#0"},
				"west": {"uv": [7.5, 2, 8, 5], "texture": "#0"},
				"up": {"uv": [7.5, 2, 12.5, 2.5], "texture": "#0"},
				"down": {"uv": [7.5, 4.5, 12.5, 5], "texture": "#0"}
			}
		},
		{
			"name": "skeletonoverlord_leggings_2",
			"from": [3, 2.5, 7.75],
			"to": [3.5, 13.5, 8.25],
			"rotation": {"angle": 0, "axis": "y", "origin": [0, 0, 7.75]},
			"faces": {
				"north": {"uv": [3.5, 2.5, 3, 13.5], "texture": "#0"},
				"east": {"uv": [3, 2.5, 3.5, 13.5], "texture": "#0"},
				"south": {"uv": [3, 2.5, 3.5, 13.5], "texture": "#0"},
				"west": {"uv": [3, 2.5, 3.5, 13.5], "texture": "#0"},
				"up": {"uv": [3, 2.5, 3.5, 3], "texture": "#0"},
				"down": {"uv": [3, 13, 3.5, 13.5], "texture": "#0"}
			}
		},
		{
			"name": "skeletonoverlord_leggings_3",
			"from": [12.5, 2.5, 7.75],
			"to": [13, 13.5, 8.25],
			"rotation": {"angle": 0, "axis": "y", "origin": [0, 0, 7.75]},
			"faces": {
				"north": {"uv": [13, 2.5, 12.5, 13.5], "texture": "#0"},
				"east": {"uv": [12.5, 2.5, 13, 13.5], "texture": "#0"},
				"south": {"uv": [12.5, 2.5, 13, 13.5], "texture": "#0"},
				"west": {"uv": [12.5, 2.5, 13, 13.5], "texture": "#0"},
				"up": {"uv": [12.5, 2.5, 13, 3], "texture": "#0"},
				"down": {"uv": [12.5, 13, 13, 13.5], "texture": "#0"}
			}
		},
		{
			"name": "skeletonoverlord_leggings_4",
			"from": [8.5, 2.5, 7.75],
			"to": [12.5, 11, 8.25],
			"rotation": {"angle": 0, "axis": "y", "origin": [0, 0, 7.75]},
			"faces": {
				"north": {"uv": [12.5, 5, 8.5, 13.5], "texture": "#0"},
				"east": {"uv": [12, 5, 12.5, 13.5], "texture": "#0"},
				"south": {"uv": [8.5, 5, 12.5, 13.5], "texture": "#0"},
				"west": {"uv": [8.5, 5, 9, 13.5], "texture": "#0"},
				"up": {"uv": [8.5, 5, 12.5, 5.5], "texture": "#0"},
				"down": {"uv": [8.5, 13, 12.5, 13.5], "texture": "#0"}
			}
		},
		{
			"name": "skeletonoverlord_leggings_5",
			"from": [3.5, 2, 7.75],
			"to": [7, 2.5, 8.25],
			"rotation": {"angle": 0, "axis": "y", "origin": [0, 0, 7.75]},
			"faces": {
				"north": {"uv": [7, 13.5, 3.5, 14], "texture": "#0"},
				"east": {"uv": [6.5, 13.5, 7, 14], "texture": "#0"},
				"south": {"uv": [3.5, 13.5, 7, 14], "texture": "#0"},
				"west": {"uv": [3.5, 13.5, 4, 14], "texture": "#0"},
				"up": {"uv": [3.5, 13.5, 7, 14], "texture": "#0"},
				"down": {"uv": [3.5, 13.5, 7, 14], "texture": "#0"}
			}
		},
		{
			"name": "skeletonoverlord_leggings_6",
			"from": [9, 2, 7.75],
			"to": [12.5, 2.5, 8.25],
			"rotation": {"angle": 0, "axis": "y", "origin": [0, 0, 7.75]},
			"faces": {
				"north": {"uv": [12.5, 13.5, 9, 14], "texture": "#0"},
				"east": {"uv": [12, 13.5, 12.5, 14], "texture": "#0"},
				"south": {"uv": [9, 13.5, 12.5, 14], "texture": "#0"},
				"west": {"uv": [9, 13.5, 9.5, 14], "texture": "#0"},
				"up": {"uv": [9, 13.5, 12.5, 14], "texture": "#0"},
				"down": {"uv": [9, 13.5, 12.5, 14], "texture": "#0"}
			}
		}
	],
	"gui_light": "front",
	"display": {
		"thirdperson_righthand": {
			"scale": [0.5, 0.5, 0.5]
		},
		"thirdperson_lefthand": {
			"scale": [0.5, 0.5, 0.5]
		}
	},
	"groups": [
		{
			"name": "skeletonoverlord_leggings",
			"origin": [8, 8, 8],
			"color": 0,
			"children": [0, 1, 2, 3, 4, 5, 6]
		}
	]
}