{
	"credit": "MadewithBlockbench",
	"texture_size": [128, 128],
	"textures": {
		"0": "item/overlord_crate/skeletonoverlord_texture_01",
		"1": "item/overlord_crate/skeletonoverlord_animation_01",
		"2": "item/overlord_crate/skeletonoverlord_animation_02",
		"3": "item/overlord_crate/skeletonoverlord_animation_03",
		"4": "item/overlord_crate/skeletonoverlord_animation_04",
		"particle": "item/overlord_crate/skeletonoverlord_texture_01"
	},
	"elements": [
		{
			"from": [7.25, -12, 7.25],
			"to": [8.75, -5, 8.75],
			"rotation": {"angle": 0, "axis": "y", "origin": [8, 5.81499, 8]},
			"faces": {
				"north": {"uv": [1.25, 0, 1.4375, 0.875], "texture": "#0"},
				"east": {"uv": [1.25, 0, 1.4375, 0.875], "texture": "#0"},
				"south": {"uv": [1.25, 0, 1.4375, 0.875], "texture": "#0"},
				"west": {"uv": [1.25, 0, 1.4375, 0.875], "texture": "#0"},
				"up": {"uv": [1.25, 0.6875, 1.4375, 0.875], "texture": "#0"},
				"down": {"uv": [1.25, 0.6875, 1.4375, 0.875], "texture": "#0"}
			}
		},
		{
			"from": [7, -13.5, 7],
			"to": [9, -12, 9],
			"rotation": {"angle": 0, "axis": "y", "origin": [8, 4.31499, 8]},
			"faces": {
				"north": {"uv": [1.4375, 0.75, 1.6875, 0.9375], "texture": "#0"},
				"east": {"uv": [1.4375, 0.75, 1.6875, 0.9375], "texture": "#0"},
				"south": {"uv": [1.4375, 0.75, 1.6875, 0.9375], "texture": "#0"},
				"west": {"uv": [1.4375, 0.75, 1.6875, 0.9375], "texture": "#0"},
				"up": {"uv": [1.4375, 0.9375, 1.6875, 1.1875], "texture": "#0"},
				"down": {"uv": [1.4375, 0.9375, 1.6875, 1.1875], "texture": "#0"}
			}
		},
		{
			"from": [6.75, -9.48922, -5.80421],
			"to": [9.25, -7.48922, -3.80421],
			"rotation": {"angle": -45, "axis": "x", "origin": [8, 4.31499, 8]},
			"faces": {
				"north": {"uv": [1.6875, 0.5, 1.4375, 0.25], "texture": "#0"},
				"east": {"uv": [1.6875, 0, 1.4375, 0.25], "texture": "#0"},
				"south": {"uv": [1.6875, 0.5, 1.4375, 0.75], "texture": "#0"},
				"west": {"uv": [1.6875, 0, 1.4375, 0.25], "texture": "#0"},
				"up": {"uv": [1.6875, 0.25, 1.4375, 0.5], "texture": "#0"},
				"down": {"uv": [1.6875, 0.5, 1.4375, 0.75], "texture": "#0"}
			}
		},
		{
			"from": [7.75, -15.2, 9.9],
			"to": [8.25, -14.2, 10.4],
			"rotation": {"angle": 22.5, "axis": "x", "origin": [8, -13.975, 9.575]},
			"faces": {
				"north": {"uv": [1.125, 1.25, 1.25, 1.3125], "rotation": 90, "texture": "#0"},
				"east": {"uv": [1.125, 1.25, 1.25, 1.3125], "rotation": 90, "texture": "#0"},
				"south": {"uv": [1.125, 1.25, 1.25, 1.3125], "rotation": 90, "texture": "#0"},
				"west": {"uv": [1.125, 1.25, 1.25, 1.3125], "rotation": 90, "texture": "#0"},
				"up": {"uv": [1.25, 1.25, 1.3125, 1.3125], "texture": "#0"},
				"down": {"uv": [1.25, 1.25, 1.3125, 1.3125], "texture": "#0"}
			}
		},
		{
			"from": [7.6, -14.88188, 9.52574],
			"to": [8.4, -13.38188, 10.52574],
			"rotation": {"angle": -22.5, "axis": "x", "origin": [8, -13.975, 9.575]},
			"faces": {
				"north": {"uv": [1.25, 1, 1.4375, 1.1], "rotation": 270, "texture": "#0"},
				"east": {"uv": [1.4375, 0.875, 1.25, 1], "rotation": 270, "texture": "#0"},
				"south": {"uv": [1.25, 1, 1.4375, 1.1], "rotation": 90, "texture": "#0"},
				"west": {"uv": [1.25, 0.875, 1.4375, 1], "rotation": 90, "texture": "#0"},
				"up": {"uv": [1.2125, 1.125, 1.3125, 1.25], "rotation": 180, "texture": "#0"},
				"down": {"uv": [1.2125, 1.125, 1.3125, 1.25], "texture": "#0"}
			}
		},
		{
			"from": [7.5, -14, 8],
			"to": [8.5, -12.5, 10],
			"rotation": {"angle": 22.5, "axis": "x", "origin": [8, -13.975, 9.575]},
			"faces": {
				"north": {"uv": [0.5, 1.4375, 0.625, 1.625], "texture": "#0"},
				"east": {"uv": [0.875, 1.375, 0.625, 1.5625], "texture": "#0"},
				"south": {"uv": [0.5, 1.4375, 0.625, 1.625], "texture": "#0"},
				"west": {"uv": [0.625, 1.375, 0.875, 1.5625], "texture": "#0"},
				"up": {"uv": [0.875, 1.375, 1.125, 1.5], "rotation": 90, "texture": "#0"},
				"down": {"uv": [0.875, 1.375, 1.125, 1.5], "rotation": 90, "texture": "#0"}
			}
		},
		{
			"from": [6, 7.1, 5.25],
			"to": [10, 11.1, 10.75],
			"rotation": {"angle": 0, "axis": "y", "origin": [8, 2.78501, 8]},
			"faces": {
				"north": {"uv": [2.375, 0, 2.875, 0.5], "texture": "#0"},
				"east": {"uv": [1.6875, 0, 2.375, 0.5], "texture": "#0"},
				"south": {"uv": [2.375, 0, 2.875, 0.5], "texture": "#0"},
				"west": {"uv": [1.6875, 0, 2.375, 0.5], "texture": "#0"},
				"up": {"uv": [1.6875, 0.5, 2.1875, 1.1875], "texture": "#0"},
				"down": {"uv": [1.6875, 0.5, 2.1875, 1.1875], "texture": "#0"}
			}
		},
		{
			"from": [6.6, 2.6, 6.5],
			"to": [9.6, 5.6, 9.5],
			"rotation": {"angle": 0, "axis": "y", "origin": [8, 2.78501, 8]},
			"faces": {
				"north": {"uv": [2.4375, 1.5625, 2.0625, 1.1875], "texture": "#0"},
				"east": {"uv": [2.0625, 1.5625, 1.6875, 1.1875], "texture": "#0"},
				"south": {"uv": [2.4375, 1.5625, 2.0625, 1.1875], "texture": "#0"},
				"west": {"uv": [2.0625, 1.5625, 1.6875, 1.1875], "texture": "#0"},
				"up": {"uv": [2.4375, 1.5625, 2.8125, 1.1875], "rotation": 90, "texture": "#0"},
				"down": {"uv": [2.4375, 1.5625, 2.8125, 1.1875], "rotation": 90, "texture": "#0"}
			}
		},
		{
			"from": [6.75, 6.60249, 9.44744],
			"to": [9.25, 9.60249, 13.44744],
			"rotation": {"angle": 22.5, "axis": "x", "origin": [8, 11.53417, 12.594]},
			"faces": {
				"north": {"uv": [0.5, 0.375, 0.8125, 0], "texture": "#0"},
				"east": {"uv": [0, 0.375, 0.5, 0], "texture": "#0"},
				"south": {"uv": [0.5, 0.375, 0.8125, 0], "texture": "#0"},
				"west": {"uv": [0.5, 0.375, 0, 0], "texture": "#0"},
				"up": {"uv": [0.5, 0.6875, 0, 0.375], "rotation": 90, "texture": "#0"},
				"down": {"uv": [0, 0.6875, 0.5, 0.375], "rotation": 90, "texture": "#0"}
			}
		},
		{
			"from": [6.85, 7.70314, 8.83279],
			"to": [9.15, 10.20314, 11.83279],
			"rotation": {"angle": -22.5, "axis": "x", "origin": [8, 11.53417, 11.594]},
			"faces": {
				"north": {"uv": [0.525, 0.375, 0.8125, 0.6875], "texture": "#0"},
				"east": {"uv": [0, 0.6875, 0.375, 1], "texture": "#0"},
				"south": {"uv": [0.525, 0.375, 0.8125, 0.6875], "texture": "#0"},
				"west": {"uv": [0.375, 0.6875, 0, 1], "texture": "#0"},
				"up": {"uv": [0.375, 1, 0, 1.2875], "rotation": 90, "texture": "#0"},
				"down": {"uv": [0, 1, 0.375, 1.2875], "rotation": 90, "texture": "#0"}
			}
		},
		{
			"from": [5, 11, 5],
			"to": [11, 19, 11],
			"rotation": {"angle": 0, "axis": "y", "origin": [8, 15.5, 8]},
			"faces": {
				"north": {"uv": [0, 3.0625, 0.75, 2.0625], "texture": "#0"},
				"east": {"uv": [0, 3.0625, 0.75, 2.0625], "texture": "#0"},
				"south": {"uv": [0, 3.0625, 0.75, 2.0625], "texture": "#0"},
				"west": {"uv": [0, 3.0625, 0.75, 2.0625], "texture": "#0"},
				"up": {"uv": [0, 3.0625, 0.75, 3.8125], "texture": "#0"},
				"down": {"uv": [0, 3.0625, 0.75, 3.8125], "texture": "#0"}
			}
		},
		{
			"from": [7.5, 18.8, 8],
			"to": [8.5, 20.3, 10],
			"rotation": {"angle": -22.5, "axis": "x", "origin": [8, 20.275, 9.575]},
			"faces": {
				"north": {"uv": [0.5, 1.625, 0.625, 1.4375], "texture": "#0"},
				"east": {"uv": [0.875, 1.5625, 0.625, 1.375], "texture": "#0"},
				"south": {"uv": [0.5, 1.625, 0.625, 1.4375], "texture": "#0"},
				"west": {"uv": [0.625, 1.5625, 0.875, 1.375], "texture": "#0"},
				"up": {"uv": [1.125, 1.375, 0.875, 1.5], "rotation": 90, "texture": "#0"},
				"down": {"uv": [1.125, 1.375, 0.875, 1.5], "rotation": 90, "texture": "#0"}
			}
		},
		{
			"from": [8, 19, 5.5],
			"to": [8, 23, 10.5],
			"rotation": {"angle": 0, "axis": "y", "origin": [8, 10.18501, 8]},
			"faces": {
				"north": {"uv": [2.5625, 0.75, 2.875, 0.5], "texture": "#0"},
				"east": {"uv": [15.375, 4.3125, 16, 3.8125], "texture": "#0"},
				"south": {"uv": [2.5625, 0.75, 2.875, 0.5], "texture": "#0"},
				"west": {"uv": [15.375, 4.3125, 16, 3.8125], "texture": "#0"},
				"up": {"uv": [2.5625, 0.5, 2.1875, 0.8125], "rotation": 270, "texture": "#0"},
				"down": {"uv": [2.5625, 0.5, 2.1875, 0.8125], "rotation": 270, "texture": "#0"}
			}
		},
		{
			"from": [7.6, 19.68188, 9.52574],
			"to": [8.4, 21.18188, 10.52574],
			"rotation": {"angle": 22.5, "axis": "x", "origin": [8, 20.275, 9.575]},
			"faces": {
				"north": {"uv": [1.4375, 1, 1.25, 1.1], "rotation": 270, "texture": "#0"},
				"east": {"uv": [1.25, 0.875, 1.4375, 1], "rotation": 270, "texture": "#0"},
				"south": {"uv": [1.4375, 1, 1.25, 1.1], "rotation": 90, "texture": "#0"},
				"west": {"uv": [1.4375, 0.875, 1.25, 1], "rotation": 90, "texture": "#0"},
				"up": {"uv": [1.2125, 1.25, 1.3125, 1.125], "texture": "#0"},
				"down": {"uv": [1.2125, 1.25, 1.3125, 1.125], "rotation": 180, "texture": "#0"}
			}
		},
		{
			"from": [7.75, 20.5, 9.9],
			"to": [8.25, 21.5, 10.4],
			"rotation": {"angle": -22.5, "axis": "x", "origin": [8, 20.275, 9.575]},
			"faces": {
				"north": {"uv": [1.25, 1.25, 1.125, 1.3125], "rotation": 90, "texture": "#0"},
				"east": {"uv": [1.25, 1.25, 1.125, 1.3125], "rotation": 90, "texture": "#0"},
				"south": {"uv": [1.25, 1.25, 1.125, 1.3125], "rotation": 90, "texture": "#0"},
				"west": {"uv": [1.25, 1.25, 1.125, 1.3125], "rotation": 90, "texture": "#0"},
				"up": {"uv": [1.25, 1.3125, 1.3125, 1.25], "texture": "#0"},
				"down": {"uv": [1.25, 1.3125, 1.3125, 1.25], "texture": "#0"}
			}
		},
		{
			"from": [6.75, 13.48922, -5.80421],
			"to": [9.25, 15.48922, -3.80421],
			"rotation": {"angle": 45, "axis": "x", "origin": [8, 1.68501, 8]},
			"faces": {
				"north": {"uv": [1.6875, 0.25, 1.4375, 0.5], "texture": "#0"},
				"east": {"uv": [1.6875, 0.25, 1.4375, 0], "texture": "#0"},
				"south": {"uv": [1.6875, 0.75, 1.4375, 0.5], "texture": "#0"},
				"west": {"uv": [1.6875, 0.25, 1.4375, 0], "texture": "#0"},
				"up": {"uv": [1.6875, 0.75, 1.4375, 0.5], "texture": "#0"},
				"down": {"uv": [1.6875, 0.5, 1.4375, 0.25], "texture": "#0"}
			}
		},
		{
			"from": [8, 22, 6],
			"to": [8, 27, 10],
			"rotation": {"angle": 0, "axis": "y", "origin": [0, 5, 16]},
			"faces": {
				"north": {"uv": [0, 0, 0, 8], "texture": "#4"},
				"east": {"uv": [0, 0, 8, 10], "texture": "#4"},
				"south": {"uv": [0, 0, 0, 8], "texture": "#4"},
				"west": {"uv": [8, 0, 0, 10], "texture": "#4"},
				"up": {"uv": [0, 0, 0, 8], "texture": "#4"},
				"down": {"uv": [0, 8, 0, 0], "texture": "#4"}
			}
		},
		{
			"from": [7.5, 18.8, 6],
			"to": [8.5, 20.3, 8],
			"rotation": {"angle": 22.5, "axis": "x", "origin": [8, 20.275, 6.425]},
			"faces": {
				"north": {"uv": [0.625, 1.625, 0.5, 1.4375], "texture": "#0"},
				"east": {"uv": [0.625, 1.5625, 0.875, 1.375], "texture": "#0"},
				"south": {"uv": [0.625, 1.625, 0.5, 1.4375], "texture": "#0"},
				"west": {"uv": [0.875, 1.5625, 0.625, 1.375], "texture": "#0"},
				"up": {"uv": [0.875, 1.375, 1.125, 1.5], "rotation": 90, "texture": "#0"},
				"down": {"uv": [0.875, 1.375, 1.125, 1.5], "rotation": 90, "texture": "#0"}
			}
		},
		{
			"from": [7.6, 19.68188, 5.47426],
			"to": [8.4, 21.18188, 6.47426],
			"rotation": {"angle": -22.5, "axis": "x", "origin": [8, 20.275, 6.425]},
			"faces": {
				"north": {"uv": [1.4375, 1.1, 1.25, 1], "rotation": 90, "texture": "#0"},
				"east": {"uv": [1.25, 1, 1.4375, 0.875], "rotation": 270, "texture": "#0"},
				"south": {"uv": [1.4375, 1.1, 1.25, 1], "rotation": 270, "texture": "#0"},
				"west": {"uv": [1.4375, 1, 1.25, 0.875], "rotation": 90, "texture": "#0"},
				"up": {"uv": [1.2125, 1.125, 1.3125, 1.25], "texture": "#0"},
				"down": {"uv": [1.2125, 1.125, 1.3125, 1.25], "rotation": 180, "texture": "#0"}
			}
		},
		{
			"from": [7.75, 20.5, 5.6],
			"to": [8.25, 21.5, 6.1],
			"rotation": {"angle": 22.5, "axis": "x", "origin": [8, 20.275, 6.425]},
			"faces": {
				"north": {"uv": [1.25, 1.3125, 1.125, 1.25], "rotation": 90, "texture": "#0"},
				"east": {"uv": [1.25, 1.3125, 1.125, 1.25], "rotation": 90, "texture": "#0"},
				"south": {"uv": [1.25, 1.3125, 1.125, 1.25], "rotation": 90, "texture": "#0"},
				"west": {"uv": [1.25, 1.3125, 1.125, 1.25], "rotation": 90, "texture": "#0"},
				"up": {"uv": [1.25, 1.25, 1.3125, 1.3125], "texture": "#0"},
				"down": {"uv": [1.25, 1.25, 1.3125, 1.3125], "texture": "#0"}
			}
		},
		{
			"from": [7, 8.94846, 12.40862],
			"to": [9, 11.94846, 14.40862],
			"rotation": {"angle": 22.5, "axis": "x", "origin": [8, 11.53417, 11.594]},
			"faces": {
				"north": {"uv": [0.375, 0.9375, 0.75, 1.1875], "rotation": 270, "texture": "#0"},
				"east": {"uv": [0.375, 0.6875, 0.75, 0.9375], "rotation": 270, "texture": "#0"},
				"south": {"uv": [0.375, 0.9375, 0.75, 1.1875], "rotation": 270, "texture": "#0"},
				"west": {"uv": [0.375, 0.9375, 0.75, 0.6875], "rotation": 270, "texture": "#0"},
				"up": {"uv": [0.375, 1.1875, 0.625, 1.4375], "texture": "#0"},
				"down": {"uv": [0.375, 1.1875, 0.625, 1.4375], "texture": "#0"}
			}
		},
		{
			"from": [7.25, 9.80939, 12.35001],
			"to": [8.75, 12.80939, 13.85001],
			"rotation": {"angle": -22.5, "axis": "x", "origin": [8, 11.53417, 11.594]},
			"faces": {
				"north": {"uv": [0.8125, 0.375, 1.1875, 0.1875], "rotation": 270, "texture": "#0"},
				"east": {"uv": [1.1875, 0.1875, 0.8125, 0], "rotation": 90, "texture": "#0"},
				"south": {"uv": [0.8125, 0.375, 1.1875, 0.1875], "rotation": 270, "texture": "#0"},
				"west": {"uv": [1.1875, 0.1875, 0.8125, 0], "rotation": 90, "texture": "#0"},
				"up": {"uv": [0, 1.5, 0.1875, 1.3125], "texture": "#0"},
				"down": {"uv": [0, 1.5, 0.1875, 1.3125], "texture": "#0"}
			}
		},
		{
			"from": [-3, 8.5, 14],
			"to": [10, 20.5, 14],
			"rotation": {"angle": 45, "axis": "y", "origin": [1, 14.5, 12]},
			"faces": {
				"north": {"uv": [13.6875, 6.1875, 15.1875, 7.8125], "rotation": 270, "texture": "#0"},
				"east": {"uv": [0.1875, 1.75, 0.375, 2], "rotation": 180, "texture": "#0"},
				"south": {"uv": [13.6875, 7.8125, 15.1875, 6.1875], "rotation": 270, "texture": "#0"},
				"west": {"uv": [0.1875, 1.75, 0.1875, 3.5], "rotation": 180, "texture": "#0"},
				"up": {"uv": [0.4375, 1.75, 0.25, 1.625], "rotation": 90, "texture": "#0"},
				"down": {"uv": [0.875, 1.75, 0.6875, 1.625], "rotation": 270, "texture": "#0"}
			}
		},
		{
			"from": [8, 8.9, 13.5],
			"to": [8, 14.9, 20.5],
			"rotation": {"angle": 45, "axis": "x", "origin": [8, 11.9, 17]},
			"faces": {
				"north": {"uv": [0, 10, 0, 0], "rotation": 180, "texture": "#3"},
				"east": {"uv": [12, 0, 0, 14], "rotation": 270, "texture": "#3"},
				"south": {"uv": [0, 0, 0, 10], "texture": "#3"},
				"west": {"uv": [0, 0, 12, 14], "rotation": 90, "texture": "#3"},
				"up": {"uv": [0, 0, 0, 10], "rotation": 180, "texture": "#3"},
				"down": {"uv": [0, 0, 0, 10], "texture": "#3"}
			}
		},
		{
			"from": [8, 8.9, -4.5],
			"to": [8, 14.9, 2.5],
			"rotation": {"angle": -45, "axis": "x", "origin": [8, 11.9, -1]},
			"faces": {
				"north": {"uv": [0, 0, 0, 10], "texture": "#3"},
				"east": {"uv": [12, 14, 0, 0], "rotation": 270, "texture": "#3"},
				"south": {"uv": [0, 10, 0, 0], "rotation": 180, "texture": "#3"},
				"west": {"uv": [0, 14, 12, 0], "rotation": 90, "texture": "#3"},
				"up": {"uv": [0, 10, 0, 0], "rotation": 180, "texture": "#3"},
				"down": {"uv": [0, 10, 0, 0], "texture": "#3"}
			}
		},
		{
			"from": [7.5, 12.98842, 11.31902],
			"to": [8.5, 14.48842, 12.31902],
			"rotation": {"angle": 22.5, "axis": "x", "origin": [8, 11.53417, 11.594]},
			"faces": {
				"north": {"uv": [0.9375, 0.5625, 0.8125, 0.375], "texture": "#0"},
				"east": {"uv": [1.0625, 0.5625, 0.9375, 0.375], "rotation": 180, "texture": "#0"},
				"south": {"uv": [0.9375, 0.5625, 0.8125, 0.375], "texture": "#0"},
				"west": {"uv": [0.9375, 0.5625, 1.0625, 0.375], "rotation": 180, "texture": "#0"},
				"up": {"uv": [0.9375, 0.6875, 0.8125, 0.5625], "rotation": 90, "texture": "#0"},
				"down": {"uv": [0.9375, 0.6875, 0.8125, 0.5625], "rotation": 90, "texture": "#0"}
			}
		},
		{
			"from": [7.55, 13.00009, 13.4988],
			"to": [8.45, 13.70009, 14.6988],
			"rotation": {"angle": -22.5, "axis": "x", "origin": [8, 11.53417, 11.594]},
			"faces": {
				"north": {"uv": [0.9625, 0.5625, 1.05, 0.675], "rotation": 270, "texture": "#0"},
				"east": {"uv": [0.8625, 0.6875, 0.775, 0.8375], "rotation": 270, "texture": "#0"},
				"south": {"uv": [0.9625, 0.5625, 1.05, 0.675], "rotation": 270, "texture": "#0"},
				"west": {"uv": [0.775, 0.8375, 0.8625, 0.6875], "rotation": 270, "texture": "#0"},
				"up": {"uv": [1.175, 0.525, 1.0625, 0.375], "texture": "#0"},
				"down": {"uv": [1.0625, 0.375, 1.175, 0.525], "texture": "#0"}
			}
		},
		{
			"from": [7.65, 11.21032, 14.74011],
			"to": [8.35, 12.21032, 15.24011],
			"rotation": {"angle": -45, "axis": "x", "origin": [8, 11.53417, 11.594]},
			"faces": {
				"north": {"uv": [0.875, 0.75, 1, 0.8375], "rotation": 270, "texture": "#0"},
				"east": {"uv": [1, 0.6875, 0.875, 0.75], "rotation": 270, "texture": "#0"},
				"south": {"uv": [0.875, 0.75, 1, 0.8375], "rotation": 270, "texture": "#0"},
				"west": {"uv": [0.875, 0.6875, 1, 0.75], "rotation": 270, "texture": "#0"},
				"up": {"uv": [1.1, 0.5625, 1.1875, 0.625], "rotation": 180, "texture": "#0"},
				"down": {"uv": [1.1, 0.5625, 1.1875, 0.625], "rotation": 180, "texture": "#0"}
			}
		},
		{
			"from": [7, 6.31104, 9.03459],
			"to": [9, 7.81104, 11.03459],
			"rotation": {"angle": 0, "axis": "y", "origin": [8, 6.13564, 11.21336]},
			"faces": {
				"north": {"uv": [1, 1.125, 1.25, 0.9375], "texture": "#0"},
				"east": {"uv": [0.75, 1.0625, 1, 0.875], "texture": "#0"},
				"south": {"uv": [1, 1.125, 1.25, 0.9375], "texture": "#0"},
				"west": {"uv": [0.75, 1.0625, 1, 0.875], "texture": "#0"},
				"up": {"uv": [1.25, 0.6875, 1, 0.9375], "rotation": 90, "texture": "#0"},
				"down": {"uv": [1.25, 0.6875, 1, 0.9375], "rotation": 90, "texture": "#0"}
			}
		},
		{
			"from": [7.25, 6.00065, 10.79225],
			"to": [8.75, 7.50065, 12.29225],
			"rotation": {"angle": -45, "axis": "x", "origin": [8, 6.13564, 11.21336]},
			"faces": {
				"north": {"uv": [0.375, 1.3125, 0.1875, 1.5], "rotation": 270, "texture": "#0"},
				"east": {"uv": [1, 1.25, 0.8125, 1.0625], "rotation": 270, "texture": "#0"},
				"south": {"uv": [0.375, 1.3125, 0.1875, 1.5], "rotation": 270, "texture": "#0"},
				"west": {"uv": [1, 1.0625, 0.8125, 1.25], "rotation": 270, "texture": "#0"},
				"up": {"uv": [0.625, 1.375, 0.8125, 1.1875], "texture": "#0"},
				"down": {"uv": [0.625, 1.375, 0.8125, 1.1875], "texture": "#0"}
			}
		},
		{
			"from": [7.5, 4.50065, 11.14225],
			"to": [8.5, 6.00065, 12.14225],
			"rotation": {"angle": -45, "axis": "x", "origin": [8, 6.13564, 11.21336]},
			"faces": {
				"north": {"uv": [1.1875, 1.125, 1, 1.25], "rotation": 270, "texture": "#0"},
				"east": {"uv": [1, 1.375, 0.8125, 1.25], "rotation": 270, "texture": "#0"},
				"south": {"uv": [1.1875, 1.125, 1, 1.25], "rotation": 270, "texture": "#0"},
				"west": {"uv": [1, 1.25, 0.8125, 1.375], "rotation": 270, "texture": "#0"},
				"up": {"uv": [1, 1.375, 1.125, 1.25], "texture": "#0"},
				"down": {"uv": [1, 1.375, 1.125, 1.25], "texture": "#0"}
			}
		},
		{
			"from": [7.65, 4.62699, 11.1458],
			"to": [8.35, 5.12699, 12.1458],
			"rotation": {"angle": 22.5, "axis": "x", "origin": [8, 6.13564, 11.21336]},
			"faces": {
				"north": {"uv": [0.4125, 1.5, 0.5, 1.5625], "texture": "#0"},
				"east": {"uv": [0.5, 1.5, 0.375, 1.4375], "rotation": 180, "texture": "#0"},
				"south": {"uv": [0.4125, 1.5, 0.5, 1.5625], "texture": "#0"},
				"west": {"uv": [0.5, 1.5, 0.375, 1.4375], "rotation": 180, "texture": "#0"},
				"up": {"uv": [0.375, 1.5875, 0.25, 1.5], "rotation": 90, "texture": "#0"},
				"down": {"uv": [0.375, 1.5875, 0.25, 1.5], "rotation": 90, "texture": "#0"}
			}
		},
		{
			"from": [7.6, 4.6, 10.2],
			"to": [8.4, 5.1, 11.2],
			"rotation": {"angle": -45, "axis": "x", "origin": [8, 6.13564, 11.21336]},
			"faces": {
				"north": {"uv": [0.25, 1.625, 0.1875, 1.5], "rotation": 270, "texture": "#0"},
				"east": {"uv": [0, 1.5, 0.0625, 1.625], "rotation": 270, "texture": "#0"},
				"south": {"uv": [0.25, 1.625, 0.1875, 1.5], "rotation": 270, "texture": "#0"},
				"west": {"uv": [0.0625, 1.5, 0, 1.625], "rotation": 270, "texture": "#0"},
				"up": {"uv": [0.0625, 1.5, 0.1875, 1.625], "rotation": 180, "texture": "#0"},
				"down": {"uv": [0.0625, 1.625, 0.1875, 1.5], "rotation": 180, "texture": "#0"}
			}
		},
		{
			"from": [7, -11, 7],
			"to": [9, -9.5, 9],
			"rotation": {"angle": 0, "axis": "y", "origin": [8, 4.31499, 8]},
			"faces": {
				"north": {"uv": [1.4375, 0.75, 1.6875, 0.9375], "texture": "#0"},
				"east": {"uv": [1.4375, 0.75, 1.6875, 0.9375], "texture": "#0"},
				"south": {"uv": [1.4375, 0.75, 1.6875, 0.9375], "texture": "#0"},
				"west": {"uv": [1.4375, 0.75, 1.6875, 0.9375], "texture": "#0"},
				"up": {"uv": [1.4375, 0.9375, 1.6875, 1.1875], "texture": "#0"},
				"down": {"uv": [1.4375, 0.9375, 1.6875, 1.1875], "texture": "#0"}
			}
		},
		{
			"from": [7, -9, 7],
			"to": [9, -7.5, 9],
			"rotation": {"angle": 0, "axis": "y", "origin": [8, 4.31499, 8]},
			"faces": {
				"north": {"uv": [1.4375, 0.75, 1.6875, 0.9375], "texture": "#0"},
				"east": {"uv": [1.4375, 0.75, 1.6875, 0.9375], "texture": "#0"},
				"south": {"uv": [1.4375, 0.75, 1.6875, 0.9375], "texture": "#0"},
				"west": {"uv": [1.4375, 0.75, 1.6875, 0.9375], "texture": "#0"},
				"up": {"uv": [1.4375, 0.9375, 1.6875, 1.1875], "texture": "#0"},
				"down": {"uv": [1.4375, 0.9375, 1.6875, 1.1875], "texture": "#0"}
			}
		},
		{
			"from": [7, -7, 7],
			"to": [9, -5.5, 9],
			"rotation": {"angle": 0, "axis": "y", "origin": [8, 4.31499, 8]},
			"faces": {
				"north": {"uv": [1.4375, 0.75, 1.6875, 0.9375], "texture": "#0"},
				"east": {"uv": [1.4375, 0.75, 1.6875, 0.9375], "texture": "#0"},
				"south": {"uv": [1.4375, 0.75, 1.6875, 0.9375], "texture": "#0"},
				"west": {"uv": [1.4375, 0.75, 1.6875, 0.9375], "texture": "#0"},
				"up": {"uv": [1.4375, 0.9375, 1.6875, 1.1875], "texture": "#0"},
				"down": {"uv": [1.4375, 0.9375, 1.6875, 1.1875], "texture": "#0"}
			}
		},
		{
			"from": [7.1, 5.6, 5.75],
			"to": [9.1, 7.6, 10.25],
			"rotation": {"angle": 0, "axis": "y", "origin": [8, 2.78501, 8]},
			"faces": {
				"north": {"uv": [3.6875, 0.25, 3.4375, 0], "texture": "#0"},
				"east": {"uv": [3.4375, 0.25, 2.875, 0], "texture": "#0"},
				"south": {"uv": [3.6875, 0.25, 3.4375, 0], "texture": "#0"},
				"west": {"uv": [3.4375, 0.25, 2.875, 0], "texture": "#0"},
				"up": {"uv": [2.875, 0.5, 3.4375, 0.25], "rotation": 90, "texture": "#0"},
				"down": {"uv": [2.875, 0.5, 3.4375, 0.25], "rotation": 90, "texture": "#0"}
			}
		},
		{
			"from": [7, 6.31104, 4.96541],
			"to": [9, 7.81104, 6.96541],
			"rotation": {"angle": 0, "axis": "y", "origin": [8, 6.13564, 4.78664]},
			"faces": {
				"north": {"uv": [1.25, 1.125, 1, 0.9375], "texture": "#0"},
				"east": {"uv": [1, 1.0625, 0.75, 0.875], "texture": "#0"},
				"south": {"uv": [1.25, 1.125, 1, 0.9375], "texture": "#0"},
				"west": {"uv": [1, 1.0625, 0.75, 0.875], "texture": "#0"},
				"up": {"uv": [1, 0.6875, 1.25, 0.9375], "rotation": 90, "texture": "#0"},
				"down": {"uv": [1, 0.6875, 1.25, 0.9375], "rotation": 90, "texture": "#0"}
			}
		},
		{
			"from": [6.75, 6.60249, 2.55256],
			"to": [9.25, 9.60249, 6.55256],
			"rotation": {"angle": -22.5, "axis": "x", "origin": [8, 11.53417, 3.406]},
			"faces": {
				"north": {"uv": [0.8125, 0.375, 0.5, 0], "texture": "#0"},
				"east": {"uv": [0.5, 0.375, 0, 0], "texture": "#0"},
				"south": {"uv": [0.8125, 0.375, 0.5, 0], "texture": "#0"},
				"west": {"uv": [0, 0.375, 0.5, 0], "texture": "#0"},
				"up": {"uv": [0, 0.6875, 0.5, 0.375], "rotation": 90, "texture": "#0"},
				"down": {"uv": [0.5, 0.6875, 0, 0.375], "rotation": 90, "texture": "#0"}
			}
		},
		{
			"from": [6.85, 7.70314, 4.16721],
			"to": [9.15, 10.20314, 7.16721],
			"rotation": {"angle": 22.5, "axis": "x", "origin": [8, 11.53417, 4.406]},
			"faces": {
				"north": {"uv": [0.8125, 0.375, 0.525, 0.6875], "texture": "#0"},
				"east": {"uv": [0.375, 0.6875, 0, 1], "texture": "#0"},
				"south": {"uv": [0.8125, 0.375, 0.525, 0.6875], "texture": "#0"},
				"west": {"uv": [0, 0.6875, 0.375, 1], "texture": "#0"},
				"up": {"uv": [0, 1, 0.375, 1.2875], "rotation": 90, "texture": "#0"},
				"down": {"uv": [0.375, 1, 0, 1.2875], "rotation": 90, "texture": "#0"}
			}
		},
		{
			"from": [7, 8.94846, 1.59138],
			"to": [9, 11.94846, 3.59138],
			"rotation": {"angle": -22.5, "axis": "x", "origin": [8, 11.53417, 4.406]},
			"faces": {
				"north": {"uv": [0.375, 1.1875, 0.75, 0.9375], "rotation": 270, "texture": "#0"},
				"east": {"uv": [0.375, 0.9375, 0.75, 0.6875], "rotation": 270, "texture": "#0"},
				"south": {"uv": [0.375, 1.1875, 0.75, 0.9375], "rotation": 270, "texture": "#0"},
				"west": {"uv": [0.375, 0.6875, 0.75, 0.9375], "rotation": 270, "texture": "#0"},
				"up": {"uv": [0.375, 1.4375, 0.625, 1.1875], "texture": "#0"},
				"down": {"uv": [0.375, 1.4375, 0.625, 1.1875], "texture": "#0"}
			}
		},
		{
			"from": [7.25, 9.80939, 2.14999],
			"to": [8.75, 12.80939, 3.64999],
			"rotation": {"angle": 22.5, "axis": "x", "origin": [8, 11.53417, 4.406]},
			"faces": {
				"north": {"uv": [0.8125, 0.1875, 1.1875, 0.375], "rotation": 270, "texture": "#0"},
				"east": {"uv": [1.1875, 0, 0.8125, 0.1875], "rotation": 90, "texture": "#0"},
				"south": {"uv": [0.8125, 0.1875, 1.1875, 0.375], "rotation": 270, "texture": "#0"},
				"west": {"uv": [1.1875, 0, 0.8125, 0.1875], "rotation": 90, "texture": "#0"},
				"up": {"uv": [0, 1.3125, 0.1875, 1.5], "texture": "#0"},
				"down": {"uv": [0, 1.3125, 0.1875, 1.5], "texture": "#0"}
			}
		},
		{
			"from": [7.55, 13.00009, 1.3012],
			"to": [8.45, 13.70009, 2.5012],
			"rotation": {"angle": 22.5, "axis": "x", "origin": [8, 11.53417, 4.406]},
			"faces": {
				"north": {"uv": [0.9625, 0.675, 1.05, 0.5625], "rotation": 270, "texture": "#0"},
				"east": {"uv": [0.8625, 0.8375, 0.775, 0.6875], "rotation": 270, "texture": "#0"},
				"south": {"uv": [0.9625, 0.675, 1.05, 0.5625], "rotation": 270, "texture": "#0"},
				"west": {"uv": [0.775, 0.6875, 0.8625, 0.8375], "rotation": 270, "texture": "#0"},
				"up": {"uv": [1.0625, 0.525, 1.175, 0.375], "texture": "#0"},
				"down": {"uv": [1.0625, 0.525, 1.175, 0.375], "texture": "#0"}
			}
		},
		{
			"from": [7.5, 12.98842, 3.68098],
			"to": [8.5, 14.48842, 4.68098],
			"rotation": {"angle": -22.5, "axis": "x", "origin": [8, 11.53417, 4.406]},
			"faces": {
				"north": {"uv": [0.8125, 0.5625, 0.9375, 0.375], "texture": "#0"},
				"east": {"uv": [0.9375, 0.5625, 1.0625, 0.375], "rotation": 180, "texture": "#0"},
				"south": {"uv": [0.8125, 0.5625, 0.9375, 0.375], "texture": "#0"},
				"west": {"uv": [1.0625, 0.5625, 0.9375, 0.375], "rotation": 180, "texture": "#0"},
				"up": {"uv": [0.8125, 0.6875, 0.9375, 0.5625], "rotation": 90, "texture": "#0"},
				"down": {"uv": [0.8125, 0.6875, 0.9375, 0.5625], "rotation": 90, "texture": "#0"}
			}
		},
		{
			"from": [7.65, 11.21032, 0.75989],
			"to": [8.35, 12.21032, 1.25989],
			"rotation": {"angle": 45, "axis": "x", "origin": [8, 11.53417, 4.406]},
			"faces": {
				"north": {"uv": [0.875, 0.8375, 1, 0.75], "rotation": 270, "texture": "#0"},
				"east": {"uv": [1, 0.75, 0.875, 0.6875], "rotation": 270, "texture": "#0"},
				"south": {"uv": [0.875, 0.8375, 1, 0.75], "rotation": 270, "texture": "#0"},
				"west": {"uv": [0.875, 0.75, 1, 0.6875], "rotation": 270, "texture": "#0"},
				"up": {"uv": [1.1, 0.625, 1.1875, 0.5625], "rotation": 180, "texture": "#0"},
				"down": {"uv": [1.1, 0.625, 1.1875, 0.5625], "rotation": 180, "texture": "#0"}
			}
		},
		{
			"from": [7.75, -15.2, 5.6],
			"to": [8.25, -14.2, 6.1],
			"rotation": {"angle": -22.5, "axis": "x", "origin": [8, -13.975, 6.425]},
			"faces": {
				"north": {"uv": [1.125, 1.3125, 1.25, 1.25], "rotation": 90, "texture": "#0"},
				"east": {"uv": [1.125, 1.3125, 1.25, 1.25], "rotation": 90, "texture": "#0"},
				"south": {"uv": [1.125, 1.3125, 1.25, 1.25], "rotation": 90, "texture": "#0"},
				"west": {"uv": [1.125, 1.3125, 1.25, 1.25], "rotation": 90, "texture": "#0"},
				"up": {"uv": [1.25, 1.3125, 1.3125, 1.25], "texture": "#0"},
				"down": {"uv": [1.25, 1.3125, 1.3125, 1.25], "texture": "#0"}
			}
		},
		{
			"from": [7.6, -14.88188, 5.47426],
			"to": [8.4, -13.38188, 6.47426],
			"rotation": {"angle": 22.5, "axis": "x", "origin": [8, -13.975, 6.425]},
			"faces": {
				"north": {"uv": [1.25, 1.1, 1.4375, 1], "rotation": 90, "texture": "#0"},
				"east": {"uv": [1.4375, 1, 1.25, 0.875], "rotation": 270, "texture": "#0"},
				"south": {"uv": [1.25, 1.1, 1.4375, 1], "rotation": 270, "texture": "#0"},
				"west": {"uv": [1.25, 1, 1.4375, 0.875], "rotation": 90, "texture": "#0"},
				"up": {"uv": [1.2125, 1.25, 1.3125, 1.125], "rotation": 180, "texture": "#0"},
				"down": {"uv": [1.2125, 1.25, 1.3125, 1.125], "texture": "#0"}
			}
		},
		{
			"from": [7.5, -14, 6],
			"to": [8.5, -12.5, 8],
			"rotation": {"angle": -22.5, "axis": "x", "origin": [8, -13.975, 6.425]},
			"faces": {
				"north": {"uv": [0.625, 1.4375, 0.5, 1.625], "texture": "#0"},
				"east": {"uv": [0.625, 1.375, 0.875, 1.5625], "texture": "#0"},
				"south": {"uv": [0.625, 1.4375, 0.5, 1.625], "texture": "#0"},
				"west": {"uv": [0.875, 1.375, 0.625, 1.5625], "texture": "#0"},
				"up": {"uv": [1.125, 1.375, 0.875, 1.5], "rotation": 90, "texture": "#0"},
				"down": {"uv": [1.125, 1.375, 0.875, 1.5], "rotation": 90, "texture": "#0"}
			}
		},
		{
			"from": [7.75, -12.3, 10.6],
			"to": [8.25, -11.3, 11.1],
			"rotation": {"angle": 22.5, "axis": "x", "origin": [8, -12.525, 10.275]},
			"faces": {
				"north": {"uv": [1.25, 1.25, 1.125, 1.3125], "rotation": 90, "texture": "#0"},
				"east": {"uv": [1.25, 1.25, 1.125, 1.3125], "rotation": 90, "texture": "#0"},
				"south": {"uv": [1.25, 1.25, 1.125, 1.3125], "rotation": 90, "texture": "#0"},
				"west": {"uv": [1.25, 1.25, 1.125, 1.3125], "rotation": 90, "texture": "#0"},
				"up": {"uv": [1.25, 1.3125, 1.3125, 1.25], "texture": "#0"},
				"down": {"uv": [1.25, 1.3125, 1.3125, 1.25], "texture": "#0"}
			}
		},
		{
			"from": [7.6, -13.47574, 9.68188],
			"to": [8.4, -12.47574, 11.18188],
			"rotation": {"angle": -22.5, "axis": "x", "origin": [8, -12.525, 10.275]},
			"faces": {
				"north": {"uv": [1.2125, 1.25, 1.3125, 1.125], "texture": "#0"},
				"east": {"uv": [1.25, 0.875, 1.4375, 1], "rotation": 180, "texture": "#0"},
				"south": {"uv": [1.2125, 1.25, 1.3125, 1.125], "texture": "#0"},
				"west": {"uv": [1.4375, 0.875, 1.25, 1], "rotation": 180, "texture": "#0"},
				"up": {"uv": [1.25, 1, 1.4375, 1.1], "rotation": 90, "texture": "#0"},
				"down": {"uv": [1.4375, 1, 1.25, 1.1], "rotation": 90, "texture": "#0"}
			}
		},
		{
			"from": [7.6, -13.47574, 4.81812],
			"to": [8.4, -12.47574, 6.31812],
			"rotation": {"angle": 22.5, "axis": "x", "origin": [8, -12.525, 5.725]},
			"faces": {
				"north": {"uv": [1.3125, 1.25, 1.2125, 1.125], "texture": "#0"},
				"east": {"uv": [1.4375, 0.875, 1.25, 1], "rotation": 180, "texture": "#0"},
				"south": {"uv": [1.3125, 1.25, 1.2125, 1.125], "texture": "#0"},
				"west": {"uv": [1.25, 0.875, 1.4375, 1], "rotation": 180, "texture": "#0"},
				"up": {"uv": [1.4375, 1, 1.25, 1.1], "rotation": 90, "texture": "#0"},
				"down": {"uv": [1.25, 1, 1.4375, 1.1], "rotation": 90, "texture": "#0"}
			}
		},
		{
			"from": [7.75, -12.3, 4.9],
			"to": [8.25, -11.3, 5.4],
			"rotation": {"angle": -22.5, "axis": "x", "origin": [8, -12.525, 5.725]},
			"faces": {
				"north": {"uv": [1.25, 1.3125, 1.125, 1.25], "rotation": 90, "texture": "#0"},
				"east": {"uv": [1.25, 1.3125, 1.125, 1.25], "rotation": 90, "texture": "#0"},
				"south": {"uv": [1.25, 1.3125, 1.125, 1.25], "rotation": 90, "texture": "#0"},
				"west": {"uv": [1.25, 1.3125, 1.125, 1.25], "rotation": 90, "texture": "#0"},
				"up": {"uv": [1.25, 1.25, 1.3125, 1.3125], "texture": "#0"},
				"down": {"uv": [1.25, 1.25, 1.3125, 1.3125], "texture": "#0"}
			}
		},
		{
			"from": [5.9, 8.1, 5.25],
			"to": [5.9, 10.1, 10.75],
			"rotation": {"angle": 0, "axis": "y", "origin": [8, 2.78501, 8]},
			"faces": {
				"north": {"uv": [0, 0, 0, 4], "texture": "#2"},
				"south": {"uv": [0, 0, 0, 4], "texture": "#2"},
				"west": {"uv": [0, 0, 11, 4], "texture": "#2"},
				"up": {"uv": [0, 11, 0, 0], "texture": "#2"},
				"down": {"uv": [0, 0, 0, 11], "texture": "#2"}
			}
		},
		{
			"from": [8, -14, 11],
			"to": [8, -7, 17],
			"rotation": {"angle": 45, "axis": "x", "origin": [8, -5.5, 4]},
			"faces": {
				"north": {"uv": [0, 10, 0, 0], "texture": "#3"},
				"east": {"uv": [12, 14, 0, 0], "texture": "#3"},
				"south": {"uv": [0, 10, 0, 0], "texture": "#3"},
				"west": {"uv": [0, 14, 12, 0], "texture": "#3"},
				"up": {"uv": [0, 10, 0, 0], "texture": "#3"},
				"down": {"uv": [0, 0, 0, 10], "texture": "#3"}
			}
		},
		{
			"from": [10.1, 8.1, 5.25],
			"to": [10.1, 10.1, 10.75],
			"rotation": {"angle": 0, "axis": "y", "origin": [8, 2.78501, 8]},
			"faces": {
				"north": {"uv": [0, 0, 0, 4], "texture": "#2"},
				"east": {"uv": [11, 0, 0, 4], "texture": "#2"},
				"south": {"uv": [0, 0, 0, 4], "texture": "#2"},
				"up": {"uv": [0, 11, 0, 0], "texture": "#2"},
				"down": {"uv": [0, 0, 0, 11], "texture": "#2"}
			}
		},
		{
			"from": [7.25, -5, 7.25],
			"to": [8.75, 1, 8.75],
			"rotation": {"angle": 0, "axis": "y", "origin": [8, 5.81499, 8]},
			"faces": {
				"north": {"uv": [1.25, 0, 1.4375, 0.75], "texture": "#0"},
				"east": {"uv": [1.25, 0, 1.4375, 0.75], "texture": "#0"},
				"south": {"uv": [1.25, 0, 1.4375, 0.75], "texture": "#0"},
				"west": {"uv": [1.25, 0, 1.4375, 0.75], "texture": "#0"},
				"up": {"uv": [1.25, 0.6875, 1.4375, 0.875], "texture": "#0"},
				"down": {"uv": [1.25, 0.6875, 1.4375, 0.875], "texture": "#0"}
			}
		},
		{
			"from": [7, -5, 7],
			"to": [9, -3.5, 9],
			"rotation": {"angle": 0, "axis": "y", "origin": [8, 4.31499, 8]},
			"faces": {
				"north": {"uv": [1.4375, 0.75, 1.6875, 0.9375], "texture": "#0"},
				"east": {"uv": [1.4375, 0.75, 1.6875, 0.9375], "texture": "#0"},
				"south": {"uv": [1.4375, 0.75, 1.6875, 0.9375], "texture": "#0"},
				"west": {"uv": [1.4375, 0.75, 1.6875, 0.9375], "texture": "#0"},
				"up": {"uv": [1.4375, 0.9375, 1.6875, 1.1875], "texture": "#0"},
				"down": {"uv": [1.4375, 0.9375, 1.6875, 1.1875], "texture": "#0"}
			}
		},
		{
			"from": [7, -3, 7],
			"to": [9, -1.5, 9],
			"rotation": {"angle": 0, "axis": "y", "origin": [8, 4.31499, 8]},
			"faces": {
				"north": {"uv": [1.4375, 0.75, 1.6875, 0.9375], "texture": "#0"},
				"east": {"uv": [1.4375, 0.75, 1.6875, 0.9375], "texture": "#0"},
				"south": {"uv": [1.4375, 0.75, 1.6875, 0.9375], "texture": "#0"},
				"west": {"uv": [1.4375, 0.75, 1.6875, 0.9375], "texture": "#0"},
				"up": {"uv": [1.4375, 0.9375, 1.6875, 1.1875], "texture": "#0"},
				"down": {"uv": [1.4375, 0.9375, 1.6875, 1.1875], "texture": "#0"}
			}
		},
		{
			"from": [7, -1, 7],
			"to": [9, 0.5, 9],
			"rotation": {"angle": 0, "axis": "y", "origin": [8, 4.31499, 8]},
			"faces": {
				"north": {"uv": [1.4375, 0.75, 1.6875, 0.9375], "texture": "#0"},
				"east": {"uv": [1.4375, 0.75, 1.6875, 0.9375], "texture": "#0"},
				"south": {"uv": [1.4375, 0.75, 1.6875, 0.9375], "texture": "#0"},
				"west": {"uv": [1.4375, 0.75, 1.6875, 0.9375], "texture": "#0"},
				"up": {"uv": [1.4375, 0.9375, 1.6875, 1.1875], "texture": "#0"},
				"down": {"uv": [1.4375, 0.9375, 1.6875, 1.1875], "texture": "#0"}
			}
		},
		{
			"from": [7, 1, 7],
			"to": [9, 2.5, 9],
			"rotation": {"angle": 0, "axis": "y", "origin": [8, 4.31499, 8]},
			"faces": {
				"north": {"uv": [1.4375, 0.75, 1.6875, 0.9375], "texture": "#0"},
				"east": {"uv": [1.4375, 0.75, 1.6875, 0.9375], "texture": "#0"},
				"south": {"uv": [1.4375, 0.75, 1.6875, 0.9375], "texture": "#0"},
				"west": {"uv": [1.4375, 0.75, 1.6875, 0.9375], "texture": "#0"},
				"up": {"uv": [1.4375, 0.9375, 1.6875, 1.1875], "texture": "#0"},
				"down": {"uv": [1.4375, 0.9375, 1.6875, 1.1875], "texture": "#0"}
			}
		},
		{
			"from": [7.25, 1, 7.25],
			"to": [8.75, 4.5, 8.75],
			"rotation": {"angle": 0, "axis": "y", "origin": [8, 5.81499, 8]},
			"faces": {
				"north": {"uv": [1.25, 0.25, 1.4375, 0.6875], "texture": "#0"},
				"east": {"uv": [1.25, 0.25, 1.4375, 0.6875], "texture": "#0"},
				"south": {"uv": [1.25, 0.25, 1.4375, 0.6875], "texture": "#0"},
				"west": {"uv": [1.25, 0.25, 1.4375, 0.6875], "texture": "#0"},
				"up": {"uv": [1.25, 0.6875, 1.4375, 0.875], "texture": "#0"},
				"down": {"uv": [1.25, 0.6875, 1.4375, 0.875], "texture": "#0"}
			}
		},
		{
			"from": [4.6, 2.6, 4.7],
			"to": [4.6, 11.6, 9.7],
			"rotation": {"angle": 22.5, "axis": "z", "origin": [0, 9.6, 0]},
			"faces": {
				"north": {"uv": [0, 0, 0, 9], "texture": "#1"},
				"east": {"uv": [5, 0, 0, 9], "texture": "#1"},
				"south": {"uv": [0, 0, 0, 9], "texture": "#1"},
				"west": {"uv": [0, 0, 5, 9], "texture": "#1"},
				"up": {"uv": [0, 5, 0, 0], "texture": "#1"},
				"down": {"uv": [0, 0, 0, 5], "texture": "#1"}
			}
		},
		{
			"from": [11.4, 2.6, 4.7],
			"to": [11.4, 11.6, 9.7],
			"rotation": {"angle": -22.5, "axis": "z", "origin": [16, 9.6, 0]},
			"faces": {
				"north": {"uv": [0, 0, 0, 9], "texture": "#1"},
				"east": {"uv": [5, 0, 0, 9], "texture": "#1"},
				"south": {"uv": [0, 0, 0, 9], "texture": "#1"},
				"west": {"uv": [0, 0, 5, 9], "texture": "#1"},
				"up": {"uv": [0, 5, 0, 0], "texture": "#1"},
				"down": {"uv": [0, 0, 0, 5], "texture": "#1"}
			}
		},
		{
			"from": [7.65, 4.62699, 3.8542],
			"to": [8.35, 5.12699, 4.8542],
			"rotation": {"angle": -22.5, "axis": "x", "origin": [8, 6.13564, 4.78664]},
			"faces": {
				"north": {"uv": [0.5, 1.5, 0.4125, 1.5625], "texture": "#0"},
				"east": {"uv": [0.375, 1.5, 0.5, 1.4375], "rotation": 180, "texture": "#0"},
				"south": {"uv": [0.5, 1.5, 0.4125, 1.5625], "texture": "#0"},
				"west": {"uv": [0.375, 1.5, 0.5, 1.4375], "rotation": 180, "texture": "#0"},
				"up": {"uv": [0.25, 1.5875, 0.375, 1.5], "rotation": 90, "texture": "#0"},
				"down": {"uv": [0.25, 1.5875, 0.375, 1.5], "rotation": 90, "texture": "#0"}
			}
		},
		{
			"from": [7.6, 4.6, 4.8],
			"to": [8.4, 5.1, 5.8],
			"rotation": {"angle": 45, "axis": "x", "origin": [8, 6.13564, 4.78664]},
			"faces": {
				"north": {"uv": [0.25, 1.5, 0.1875, 1.625], "rotation": 270, "texture": "#0"},
				"east": {"uv": [0, 1.625, 0.0625, 1.5], "rotation": 270, "texture": "#0"},
				"south": {"uv": [0.25, 1.5, 0.1875, 1.625], "rotation": 270, "texture": "#0"},
				"west": {"uv": [0.0625, 1.625, 0, 1.5], "rotation": 270, "texture": "#0"},
				"up": {"uv": [0.0625, 1.625, 0.1875, 1.5], "rotation": 180, "texture": "#0"},
				"down": {"uv": [0.0625, 1.5, 0.1875, 1.625], "rotation": 180, "texture": "#0"}
			}
		},
		{
			"from": [7.25, 6.00065, 3.70775],
			"to": [8.75, 7.50065, 5.20775],
			"rotation": {"angle": 45, "axis": "x", "origin": [8, 6.13564, 4.78664]},
			"faces": {
				"north": {"uv": [0.375, 1.5, 0.1875, 1.3125], "rotation": 270, "texture": "#0"},
				"east": {"uv": [1, 1.0625, 0.8125, 1.25], "rotation": 270, "texture": "#0"},
				"south": {"uv": [0.375, 1.5, 0.1875, 1.3125], "rotation": 270, "texture": "#0"},
				"west": {"uv": [1, 1.25, 0.8125, 1.0625], "rotation": 270, "texture": "#0"},
				"up": {"uv": [0.625, 1.1875, 0.8125, 1.375], "texture": "#0"},
				"down": {"uv": [0.625, 1.1875, 0.8125, 1.375], "texture": "#0"}
			}
		},
		{
			"from": [7.5, 4.50065, 3.85775],
			"to": [8.5, 6.00065, 4.85775],
			"rotation": {"angle": 45, "axis": "x", "origin": [8, 6.13564, 4.78664]},
			"faces": {
				"north": {"uv": [1.1875, 1.25, 1, 1.125], "rotation": 270, "texture": "#0"},
				"east": {"uv": [1, 1.25, 0.8125, 1.375], "rotation": 270, "texture": "#0"},
				"south": {"uv": [1.1875, 1.25, 1, 1.125], "rotation": 270, "texture": "#0"},
				"west": {"uv": [1, 1.375, 0.8125, 1.25], "rotation": 270, "texture": "#0"},
				"up": {"uv": [1, 1.25, 1.125, 1.375], "texture": "#0"},
				"down": {"uv": [1, 1.25, 1.125, 1.375], "texture": "#0"}
			}
		},
		{
			"from": [8, 13.6, 6],
			"to": [8, 18.6, 10],
			"rotation": {"angle": 0, "axis": "y", "origin": [0, -2.4, 16]},
			"faces": {
				"north": {"uv": [0, 0, 0, 8], "texture": "#4"},
				"east": {"uv": [0, 0, 8, 10], "texture": "#4"},
				"south": {"uv": [0, 0, 0, 8], "texture": "#4"},
				"west": {"uv": [8, 0, 0, 10], "texture": "#4"},
				"up": {"uv": [0, 0, 0, 8], "texture": "#4"},
				"down": {"uv": [0, 8, 0, 0], "texture": "#4"}
			}
		},
		{
			"from": [4, 13, 10.28968],
			"to": [5.3, 17.5, 11.78968],
			"rotation": {"angle": 45, "axis": "y", "origin": [4.91032, 16.65, 11.03968]},
			"faces": {
				"north": {"uv": [5.75, 0.125, 6.3125, 0.3125], "rotation": 270, "texture": "#0"},
				"east": {"uv": [5.75, 0.125, 6.3125, 0.3125], "rotation": 270, "texture": "#0"},
				"south": {"uv": [5.75, 0.125, 6.3125, 0.3125], "rotation": 270, "texture": "#0"},
				"west": {"uv": [5.75, 0.125, 6.3125, 0.3125], "rotation": 270, "texture": "#0"},
				"up": {"uv": [6.5, 0.125, 6.3125, 0.3125], "rotation": 180, "texture": "#0"},
				"down": {"uv": [6.5, 0.125, 6.3125, 0.3125], "texture": "#0"}
			}
		},
		{
			"from": [5, 10.5, 10.28968],
			"to": [6.3, 13, 11.78968],
			"rotation": {"angle": 45, "axis": "y", "origin": [4.91032, -0.65, 11.03968]},
			"faces": {
				"north": {"uv": [6.3125, 0.125, 6, 0.2875], "rotation": 270, "texture": "#0"},
				"east": {"uv": [6.3125, 0.125, 6, 0.3125], "rotation": 270, "texture": "#0"},
				"south": {"uv": [6.3125, 0.125, 6, 0.2875], "rotation": 270, "texture": "#0"},
				"west": {"uv": [6.3125, 0.125, 6, 0.3125], "rotation": 270, "texture": "#0"},
				"up": {"uv": [6.475, 0.3125, 6.3125, 0.125], "texture": "#0"},
				"down": {"uv": [6.475, 0.3125, 6.3125, 0.125], "rotation": 180, "texture": "#0"}
			}
		},
		{
			"from": [6, 8.5, 14],
			"to": [19, 20.5, 14],
			"rotation": {"angle": -45, "axis": "y", "origin": [15, 14.5, 12]},
			"faces": {
				"north": {"uv": [13.6875, 7.8125, 15.1875, 6.1875], "rotation": 270, "texture": "#0"},
				"east": {"uv": [0.1875, 1.75, 0.1875, 3.5], "rotation": 180, "texture": "#0"},
				"south": {"uv": [13.6875, 6.1875, 15.1875, 7.8125], "rotation": 270, "texture": "#0"},
				"west": {"uv": [0.375, 1.75, 0.1875, 2], "rotation": 180, "texture": "#0"},
				"up": {"uv": [0.4375, 1.625, 0.25, 1.75], "rotation": 90, "texture": "#0"},
				"down": {"uv": [0.875, 1.625, 0.6875, 1.75], "rotation": 270, "texture": "#0"}
			}
		},
		{
			"from": [10.7, 13, 10.28968],
			"to": [12, 17.5, 11.78968],
			"rotation": {"angle": -45, "axis": "y", "origin": [11.08968, 16.65, 11.03968]},
			"faces": {
				"north": {"uv": [5.75, 0.3125, 6.3125, 0.125], "rotation": 270, "texture": "#0"},
				"east": {"uv": [5.75, 0.3125, 6.3125, 0.125], "rotation": 270, "texture": "#0"},
				"south": {"uv": [5.75, 0.3125, 6.3125, 0.125], "rotation": 270, "texture": "#0"},
				"west": {"uv": [5.75, 0.3125, 6.3125, 0.125], "rotation": 270, "texture": "#0"},
				"up": {"uv": [6.3125, 0.125, 6.5, 0.3125], "rotation": 180, "texture": "#0"},
				"down": {"uv": [6.3125, 0.125, 6.5, 0.3125], "texture": "#0"}
			}
		},
		{
			"from": [9.7, 10.5, 10.28968],
			"to": [11, 13, 11.78968],
			"rotation": {"angle": -45, "axis": "y", "origin": [11.08968, -0.65, 11.03968]},
			"faces": {
				"north": {"uv": [6.3125, 0.2875, 6, 0.125], "rotation": 270, "texture": "#0"},
				"east": {"uv": [6.3125, 0.3125, 6, 0.125], "rotation": 270, "texture": "#0"},
				"south": {"uv": [6.3125, 0.2875, 6, 0.125], "rotation": 270, "texture": "#0"},
				"west": {"uv": [6.3125, 0.3125, 6, 0.125], "rotation": 270, "texture": "#0"},
				"up": {"uv": [6.3125, 0.3125, 6.475, 0.125], "texture": "#0"},
				"down": {"uv": [6.3125, 0.3125, 6.475, 0.125], "rotation": 180, "texture": "#0"}
			}
		},
		{
			"from": [6, 8.5, 2],
			"to": [19, 20.5, 2],
			"rotation": {"angle": 45, "axis": "y", "origin": [15, 14.5, 4]},
			"faces": {
				"north": {"uv": [13.6875, 7.8125, 15.1875, 6.1875], "rotation": 270, "texture": "#0"},
				"east": {"uv": [0.1875, 1.75, 0.1875, 3.5], "rotation": 180, "texture": "#0"},
				"south": {"uv": [13.6875, 6.1875, 15.1875, 7.8125], "rotation": 270, "texture": "#0"},
				"west": {"uv": [0.1875, 1.75, 0.375, 2], "rotation": 180, "texture": "#0"},
				"up": {"uv": [0.25, 1.625, 0.4375, 1.75], "rotation": 90, "texture": "#0"},
				"down": {"uv": [0.6875, 1.625, 0.875, 1.75], "rotation": 270, "texture": "#0"}
			}
		},
		{
			"from": [10.7, 13, 4.21032],
			"to": [12, 17.5, 5.71032],
			"rotation": {"angle": 45, "axis": "y", "origin": [11.08968, 16.65, 4.96032]},
			"faces": {
				"north": {"uv": [5.75, 0.125, 6.3125, 0.3125], "rotation": 270, "texture": "#0"},
				"east": {"uv": [5.75, 0.125, 6.3125, 0.3125], "rotation": 270, "texture": "#0"},
				"south": {"uv": [5.75, 0.125, 6.3125, 0.3125], "rotation": 270, "texture": "#0"},
				"west": {"uv": [5.75, 0.125, 6.3125, 0.3125], "rotation": 270, "texture": "#0"},
				"up": {"uv": [6.3125, 0.3125, 6.5, 0.125], "rotation": 180, "texture": "#0"},
				"down": {"uv": [6.3125, 0.3125, 6.5, 0.125], "texture": "#0"}
			}
		},
		{
			"from": [9.7, 10.5, 4.21032],
			"to": [11, 13, 5.71032],
			"rotation": {"angle": 45, "axis": "y", "origin": [11.08968, -0.65, 4.96032]},
			"faces": {
				"north": {"uv": [6.3125, 0.125, 6, 0.2875], "rotation": 270, "texture": "#0"},
				"east": {"uv": [6.3125, 0.125, 6, 0.3125], "rotation": 270, "texture": "#0"},
				"south": {"uv": [6.3125, 0.125, 6, 0.2875], "rotation": 270, "texture": "#0"},
				"west": {"uv": [6.3125, 0.125, 6, 0.3125], "rotation": 270, "texture": "#0"},
				"up": {"uv": [6.3125, 0.125, 6.475, 0.3125], "texture": "#0"},
				"down": {"uv": [6.3125, 0.125, 6.475, 0.3125], "rotation": 180, "texture": "#0"}
			}
		},
		{
			"from": [-3, 8.5, 2],
			"to": [10, 20.5, 2],
			"rotation": {"angle": -45, "axis": "y", "origin": [1, 14.5, 4]},
			"faces": {
				"north": {"uv": [13.6875, 6.1875, 15.1875, 7.8125], "rotation": 270, "texture": "#0"},
				"east": {"uv": [0.375, 1.75, 0.1875, 2], "rotation": 180, "texture": "#0"},
				"south": {"uv": [13.6875, 7.8125, 15.1875, 6.1875], "rotation": 270, "texture": "#0"},
				"west": {"uv": [0.1875, 1.75, 0.1875, 3.5], "rotation": 180, "texture": "#0"},
				"up": {"uv": [0.25, 1.75, 0.4375, 1.625], "rotation": 90, "texture": "#0"},
				"down": {"uv": [0.6875, 1.75, 0.875, 1.625], "rotation": 270, "texture": "#0"}
			}
		},
		{
			"from": [4, 13, 4.21032],
			"to": [5.3, 17.5, 5.71032],
			"rotation": {"angle": -45, "axis": "y", "origin": [4.91032, 16.65, 4.96032]},
			"faces": {
				"north": {"uv": [5.75, 0.3125, 6.3125, 0.125], "rotation": 270, "texture": "#0"},
				"east": {"uv": [5.75, 0.3125, 6.3125, 0.125], "rotation": 270, "texture": "#0"},
				"south": {"uv": [5.75, 0.3125, 6.3125, 0.125], "rotation": 270, "texture": "#0"},
				"west": {"uv": [5.75, 0.3125, 6.3125, 0.125], "rotation": 270, "texture": "#0"},
				"up": {"uv": [6.5, 0.3125, 6.3125, 0.125], "rotation": 180, "texture": "#0"},
				"down": {"uv": [6.5, 0.3125, 6.3125, 0.125], "texture": "#0"}
			}
		},
		{
			"from": [5, 10.5, 4.21032],
			"to": [6.3, 13, 5.71032],
			"rotation": {"angle": -45, "axis": "y", "origin": [4.91032, -0.65, 4.96032]},
			"faces": {
				"north": {"uv": [6.3125, 0.2875, 6, 0.125], "rotation": 270, "texture": "#0"},
				"east": {"uv": [6.3125, 0.3125, 6, 0.125], "rotation": 270, "texture": "#0"},
				"south": {"uv": [6.3125, 0.2875, 6, 0.125], "rotation": 270, "texture": "#0"},
				"west": {"uv": [6.3125, 0.3125, 6, 0.125], "rotation": 270, "texture": "#0"},
				"up": {"uv": [6.475, 0.125, 6.3125, 0.3125], "texture": "#0"},
				"down": {"uv": [6.475, 0.125, 6.3125, 0.3125], "rotation": 180, "texture": "#0"}
			}
		},
		{
			"from": [8.45, 17.52257, 3.61476],
			"to": [9.95, 20.02257, 5.61476],
			"rotation": {"angle": 45, "axis": "y", "origin": [8, 22.9791, 9.81665]},
			"faces": {
				"north": {"uv": [2.875, 1, 2.5625, 1.1875], "rotation": 270, "texture": "#0"},
				"east": {"uv": [2.875, 0.75, 2.5625, 1], "rotation": 270, "texture": "#0"},
				"south": {"uv": [2.875, 1, 2.5625, 1.1875], "rotation": 90, "texture": "#0"},
				"west": {"uv": [2.875, 0.75, 2.5625, 1], "rotation": 90, "texture": "#0"},
				"up": {"uv": [3.0625, 0.5, 2.875, 0.75], "rotation": 180, "texture": "#0"},
				"down": {"uv": [3.0625, 0.5, 2.875, 0.75], "texture": "#0"}
			}
		},
		{
			"from": [8.7, 19.09076, 2.7505],
			"to": [9.7, 21.09076, 4.2505],
			"rotation": {"angle": 45, "axis": "y", "origin": [8, 23.4791, 9.81665]},
			"faces": {
				"north": {"uv": [1.3125, 1.3125, 1.5625, 1.1875], "rotation": 270, "texture": "#0"},
				"east": {"uv": [1.375, 1.3125, 1.125, 1.5], "rotation": 90, "texture": "#0"},
				"south": {"uv": [1.3125, 1.3125, 1.5625, 1.1875], "rotation": 270, "texture": "#0"},
				"west": {"uv": [1.375, 1.3125, 1.125, 1.5], "rotation": 90, "texture": "#0"},
				"up": {"uv": [1.5, 1.3125, 1.375, 1.5], "rotation": 180, "texture": "#0"},
				"down": {"uv": [1.5, 1.3125, 1.375, 1.5], "rotation": 180, "texture": "#0"}
			}
		},
		{
			"from": [8.8, 20.326, 1.55955],
			"to": [9.6, 21.326, 3.05955],
			"rotation": {"angle": 45, "axis": "y", "origin": [8, 23.4791, 9.81665]},
			"faces": {
				"north": {"uv": [1.6875, 1.1875, 1.5875, 1.3125], "texture": "#0"},
				"east": {"uv": [1.5, 1.4375, 1.6875, 1.3125], "texture": "#0"},
				"south": {"uv": [1.6875, 1.1875, 1.5875, 1.3125], "rotation": 180, "texture": "#0"},
				"west": {"uv": [1.5, 1.4375, 1.6875, 1.3125], "rotation": 180, "texture": "#0"},
				"up": {"uv": [1.5, 1.5375, 1.6875, 1.4375], "rotation": 270, "texture": "#0"},
				"down": {"uv": [1.5, 1.5375, 1.6875, 1.4375], "rotation": 90, "texture": "#0"}
			}
		},
		{
			"from": [8.8, 20.326, 12.94045],
			"to": [9.6, 21.326, 14.44045],
			"rotation": {"angle": -45, "axis": "y", "origin": [8, 22.4791, 6.18335]},
			"faces": {
				"north": {"uv": [1.5875, 1.1875, 1.6875, 1.3125], "rotation": 180, "texture": "#0"},
				"east": {"uv": [1.6875, 1.4375, 1.5, 1.3125], "texture": "#0"},
				"south": {"uv": [1.5875, 1.1875, 1.6875, 1.3125], "texture": "#0"},
				"west": {"uv": [1.6875, 1.4375, 1.5, 1.3125], "rotation": 180, "texture": "#0"},
				"up": {"uv": [1.6875, 1.5375, 1.5, 1.4375], "rotation": 270, "texture": "#0"},
				"down": {"uv": [1.6875, 1.5375, 1.5, 1.4375], "rotation": 90, "texture": "#0"}
			}
		},
		{
			"from": [8.7, 19.09076, 11.7495],
			"to": [9.7, 21.09076, 13.2495],
			"rotation": {"angle": -45, "axis": "y", "origin": [8, 22.4791, 6.18335]},
			"faces": {
				"north": {"uv": [1.3125, 1.1875, 1.5625, 1.3125], "rotation": 270, "texture": "#0"},
				"east": {"uv": [1.375, 1.5, 1.125, 1.3125], "rotation": 90, "texture": "#0"},
				"south": {"uv": [1.3125, 1.1875, 1.5625, 1.3125], "rotation": 270, "texture": "#0"},
				"west": {"uv": [1.375, 1.5, 1.125, 1.3125], "rotation": 90, "texture": "#0"},
				"up": {"uv": [1.5, 1.5, 1.375, 1.3125], "rotation": 180, "texture": "#0"},
				"down": {"uv": [1.5, 1.5, 1.375, 1.3125], "rotation": 180, "texture": "#0"}
			}
		},
		{
			"from": [8.45, 17.52257, 10.38524],
			"to": [9.95, 20.02257, 12.38524],
			"rotation": {"angle": -45, "axis": "y", "origin": [8, 21.9791, 6.18335]},
			"faces": {
				"north": {"uv": [2.875, 1.1875, 2.5625, 1], "rotation": 90, "texture": "#0"},
				"east": {"uv": [2.875, 1, 2.5625, 0.75], "rotation": 270, "texture": "#0"},
				"south": {"uv": [2.875, 1.1875, 2.5625, 1], "rotation": 270, "texture": "#0"},
				"west": {"uv": [2.875, 1, 2.5625, 0.75], "rotation": 90, "texture": "#0"},
				"up": {"uv": [3.0625, 0.75, 2.875, 0.5], "rotation": 180, "texture": "#0"},
				"down": {"uv": [3.0625, 0.75, 2.875, 0.5], "texture": "#0"}
			}
		},
		{
			"from": [6.4, 20.326, 12.94045],
			"to": [7.2, 21.326, 14.44045],
			"rotation": {"angle": 45, "axis": "y", "origin": [8, 22.4791, 6.18335]},
			"faces": {
				"north": {"uv": [1.6875, 1.1875, 1.5875, 1.3125], "rotation": 180, "texture": "#0"},
				"east": {"uv": [1.5, 1.4375, 1.6875, 1.3125], "rotation": 180, "texture": "#0"},
				"south": {"uv": [1.6875, 1.1875, 1.5875, 1.3125], "texture": "#0"},
				"west": {"uv": [1.5, 1.4375, 1.6875, 1.3125], "texture": "#0"},
				"up": {"uv": [1.6875, 1.4375, 1.5, 1.5375], "rotation": 270, "texture": "#0"},
				"down": {"uv": [1.6875, 1.4375, 1.5, 1.5375], "rotation": 90, "texture": "#0"}
			}
		},
		{
			"from": [6.3, 19.09076, 11.7495],
			"to": [7.3, 21.09076, 13.2495],
			"rotation": {"angle": 45, "axis": "y", "origin": [8, 22.4791, 6.18335]},
			"faces": {
				"north": {"uv": [1.3125, 1.3125, 1.5625, 1.1875], "rotation": 270, "texture": "#0"},
				"east": {"uv": [1.375, 1.3125, 1.125, 1.5], "rotation": 90, "texture": "#0"},
				"south": {"uv": [1.3125, 1.3125, 1.5625, 1.1875], "rotation": 270, "texture": "#0"},
				"west": {"uv": [1.375, 1.3125, 1.125, 1.5], "rotation": 90, "texture": "#0"},
				"up": {"uv": [1.375, 1.5, 1.5, 1.3125], "rotation": 180, "texture": "#0"},
				"down": {"uv": [1.375, 1.5, 1.5, 1.3125], "rotation": 180, "texture": "#0"}
			}
		},
		{
			"from": [6.05, 17.52257, 10.38524],
			"to": [7.55, 20.02257, 12.38524],
			"rotation": {"angle": 45, "axis": "y", "origin": [8, 21.9791, 6.18335]},
			"faces": {
				"north": {"uv": [2.875, 1, 2.5625, 1.1875], "rotation": 90, "texture": "#0"},
				"east": {"uv": [2.875, 0.75, 2.5625, 1], "rotation": 90, "texture": "#0"},
				"south": {"uv": [2.875, 1, 2.5625, 1.1875], "rotation": 270, "texture": "#0"},
				"west": {"uv": [2.875, 0.75, 2.5625, 1], "rotation": 270, "texture": "#0"},
				"up": {"uv": [2.875, 0.75, 3.0625, 0.5], "rotation": 180, "texture": "#0"},
				"down": {"uv": [2.875, 0.75, 3.0625, 0.5], "texture": "#0"}
			}
		},
		{
			"from": [6.4, 20.326, 1.55955],
			"to": [7.2, 21.326, 3.05955],
			"rotation": {"angle": -45, "axis": "y", "origin": [8, 22.4791, 9.81665]},
			"faces": {
				"north": {"uv": [1.5875, 1.1875, 1.6875, 1.3125], "texture": "#0"},
				"east": {"uv": [1.6875, 1.4375, 1.5, 1.3125], "rotation": 180, "texture": "#0"},
				"south": {"uv": [1.5875, 1.1875, 1.6875, 1.3125], "rotation": 180, "texture": "#0"},
				"west": {"uv": [1.6875, 1.4375, 1.5, 1.3125], "texture": "#0"},
				"up": {"uv": [1.5, 1.4375, 1.6875, 1.5375], "rotation": 270, "texture": "#0"},
				"down": {"uv": [1.5, 1.4375, 1.6875, 1.5375], "rotation": 90, "texture": "#0"}
			}
		},
		{
			"from": [6.3, 19.09076, 2.7505],
			"to": [7.3, 21.09076, 4.2505],
			"rotation": {"angle": -45, "axis": "y", "origin": [8, 22.4791, 9.81665]},
			"faces": {
				"north": {"uv": [1.3125, 1.1875, 1.5625, 1.3125], "rotation": 270, "texture": "#0"},
				"east": {"uv": [1.375, 1.5, 1.125, 1.3125], "rotation": 90, "texture": "#0"},
				"south": {"uv": [1.3125, 1.1875, 1.5625, 1.3125], "rotation": 270, "texture": "#0"},
				"west": {"uv": [1.375, 1.5, 1.125, 1.3125], "rotation": 90, "texture": "#0"},
				"up": {"uv": [1.375, 1.3125, 1.5, 1.5], "rotation": 180, "texture": "#0"},
				"down": {"uv": [1.375, 1.3125, 1.5, 1.5], "rotation": 180, "texture": "#0"}
			}
		},
		{
			"from": [6.05, 17.52257, 3.61476],
			"to": [7.55, 20.02257, 5.61476],
			"rotation": {"angle": -45, "axis": "y", "origin": [8, 21.9791, 9.81665]},
			"faces": {
				"north": {"uv": [2.875, 1.1875, 2.5625, 1], "rotation": 270, "texture": "#0"},
				"east": {"uv": [2.875, 1, 2.5625, 0.75], "rotation": 90, "texture": "#0"},
				"south": {"uv": [2.875, 1.1875, 2.5625, 1], "rotation": 90, "texture": "#0"},
				"west": {"uv": [2.875, 1, 2.5625, 0.75], "rotation": 270, "texture": "#0"},
				"up": {"uv": [2.875, 0.5, 3.0625, 0.75], "rotation": 180, "texture": "#0"},
				"down": {"uv": [2.875, 0.5, 3.0625, 0.75], "texture": "#0"}
			}
		},
		{
			"from": [7.25, 6.5, 10.61029],
			"to": [8.75, 7.5, 12.61029],
			"rotation": {"angle": 45, "axis": "x", "origin": [8, 5.59865, 13.74379]},
			"faces": {
				"north": {"uv": [0.25, 1.625, 0.4375, 1.75], "texture": "#0"},
				"east": {"uv": [0, 1.625, 0.25, 1.75], "texture": "#0"},
				"south": {"uv": [0.25, 1.625, 0.4375, 1.75], "texture": "#0"},
				"west": {"uv": [0, 1.625, 0.25, 1.75], "texture": "#0"},
				"up": {"uv": [0, 1.75, 0.1875, 2], "texture": "#0"},
				"down": {"uv": [0, 1.75, 0.1875, 2], "texture": "#0"}
			}
		},
		{
			"from": [7.5, 6.03214, 12.93155],
			"to": [8.5, 8.03214, 14.43155],
			"rotation": {"angle": 0, "axis": "y", "origin": [8, 7.73214, 14.98155]},
			"faces": {
				"north": {"uv": [0, 1.625, 0.25, 1.75], "rotation": 270, "texture": "#0"},
				"east": {"uv": [0, 1.75, 0.1875, 2], "texture": "#0"},
				"south": {"uv": [0, 1.625, 0.25, 1.75], "rotation": 90, "texture": "#0"},
				"west": {"uv": [0, 1.75, 0.1875, 2], "rotation": 180, "texture": "#0"},
				"up": {"uv": [0.25, 1.625, 0.4375, 1.75], "rotation": 90, "texture": "#0"},
				"down": {"uv": [0.25, 1.625, 0.4375, 1.75], "rotation": 90, "texture": "#0"}
			}
		},
		{
			"from": [7.25, 4.63214, 13.24514],
			"to": [8.75, 6.63214, 14.24514],
			"rotation": {"angle": 0, "axis": "y", "origin": [8, 5.59865, 13.74379]},
			"faces": {
				"north": {"uv": [0, 1.75, 0.1875, 2], "rotation": 180, "texture": "#0"},
				"east": {"uv": [0, 1.625, 0.25, 1.75], "rotation": 270, "texture": "#0"},
				"south": {"uv": [0, 1.75, 0.1875, 2], "texture": "#0"},
				"west": {"uv": [0, 1.625, 0.25, 1.75], "rotation": 90, "texture": "#0"},
				"up": {"uv": [0.25, 1.625, 0.4375, 1.75], "rotation": 180, "texture": "#0"},
				"down": {"uv": [0.25, 1.625, 0.4375, 1.75], "texture": "#0"}
			}
		},
		{
			"from": [7.5, 3.13214, 12.93155],
			"to": [8.5, 5.13214, 14.43155],
			"rotation": {"angle": 0, "axis": "y", "origin": [8, 7.73214, 14.98155]},
			"faces": {
				"north": {"uv": [0, 1.625, 0.25, 1.75], "rotation": 270, "texture": "#0"},
				"east": {"uv": [0, 1.75, 0.1875, 2], "texture": "#0"},
				"south": {"uv": [0, 1.625, 0.25, 1.75], "rotation": 90, "texture": "#0"},
				"west": {"uv": [0, 1.75, 0.1875, 2], "rotation": 180, "texture": "#0"},
				"up": {"uv": [0.25, 1.625, 0.4375, 1.75], "rotation": 90, "texture": "#0"},
				"down": {"uv": [0.25, 1.625, 0.4375, 1.75], "rotation": 90, "texture": "#0"}
			}
		},
		{
			"from": [7.25, 1.8, 13.18155],
			"to": [8.75, 3.8, 14.18155],
			"rotation": {"angle": 0, "axis": "y", "origin": [8, 5.03214, 13.68155]},
			"faces": {
				"north": {"uv": [0, 1.75, 0.1875, 2], "texture": "#0"},
				"east": {"uv": [0.375, 1.75, 0.625, 1.875], "rotation": 270, "texture": "#0"},
				"south": {"uv": [0, 1.75, 0.1875, 2], "rotation": 180, "texture": "#0"},
				"west": {"uv": [0.375, 1.75, 0.625, 1.875], "rotation": 270, "texture": "#0"},
				"up": {"uv": [0.25, 1.625, 0.4375, 1.75], "texture": "#0"},
				"down": {"uv": [0.25, 1.625, 0.4375, 1.75], "rotation": 180, "texture": "#0"}
			}
		},
		{
			"from": [7.25, -0.9, 13.18155],
			"to": [8.75, 1.1, 14.18155],
			"rotation": {"angle": 0, "axis": "y", "origin": [8, 5.03214, 13.68155]},
			"faces": {
				"north": {"uv": [0.1875, 1.75, 0.375, 2], "rotation": 180, "texture": "#0"},
				"east": {"uv": [0.4375, 1.625, 0.6875, 1.75], "rotation": 270, "texture": "#0"},
				"south": {"uv": [0.1875, 1.75, 0.375, 2], "rotation": 180, "texture": "#0"},
				"west": {"uv": [0.4375, 1.625, 0.6875, 1.75], "rotation": 270, "texture": "#0"},
				"up": {"uv": [0.25, 1.625, 0.4375, 1.75], "rotation": 180, "texture": "#0"},
				"down": {"uv": [0.6875, 1.625, 0.875, 1.75], "rotation": 180, "texture": "#0"}
			}
		},
		{
			"from": [8, -3.1, 12.1],
			"to": [8, -0.1, 15.1],
			"rotation": {"angle": 0, "axis": "y", "origin": [0, 2, 15.4]},
			"faces": {
				"north": {"uv": [0, 0, 0, 0.375], "texture": "#missing"},
				"east": {"uv": [14.125, 2.5625, 13.75, 2.9375], "texture": "#0"},
				"south": {"uv": [0, 0, 0, 0.375], "texture": "#missing"},
				"west": {"uv": [14.125, 2.5625, 13.75, 2.9375], "texture": "#0"},
				"up": {"uv": [0, 0.375, 0, 0], "texture": "#missing"},
				"down": {"uv": [0, 0.375, 0, 0], "texture": "#missing"}
			}
		}
	],
	"gui_light": "front",
	"display": {
		"thirdperson_righthand": {
			"translation": [0, 9, 1.5],
			"scale": [0.7, 0.7, 0.7]
		},
		"thirdperson_lefthand": {
			"translation": [0, 9, 1.5],
			"scale": [0.7, 0.7, 0.7]
		},
		"firstperson_righthand": {
			"rotation": [5, 0, 0],
			"translation": [4, 6.75, 0],
			"scale": [0.37656, 0.37656, 0.37656]
		},
		"firstperson_lefthand": {
			"rotation": [5, 0, 0],
			"translation": [4, 6.75, 0],
			"scale": [0.37656, 0.37656, 0.37656]
		},
		"ground": {
			"rotation": [-45, 0, 0],
			"translation": [0, 9, 0],
			"scale": [0.45, 0.45, 0.45]
		},
		"gui": {
			"rotation": [-90, -45, -90],
			"translation": [1.25, 1.25, -1.5],
			"scale": [0.5, 0.5, 0.5]
		},
		"head": {
			"scale": [0, 0, 0]
		},
		"fixed": {
			"rotation": [0, -90, 0],
			"translation": [0.5, 12.75, -3],
			"scale": [1.6, 1.6, 1.6]
		}
	},
	"groups": [
		{
			"name": "group",
			"origin": [8.5, -4.81499, 8],
			"color": 0,
			"children": [
				{
					"name": "group",
					"origin": [8.5, -4.81499, 8],
					"color": 0,
					"children": []
				}
			]
		},
		0,
		1,
		2,
		3,
		4,
		5,
		6,
		7,
		8,
		9,
		10,
		11,
		12,
		13,
		14,
		15,
		16,
		17,
		18,
		19,
		20,
		21,
		22,
		23,
		24,
		25,
		26,
		27,
		28,
		29,
		30,
		31,
		32,
		33,
		34,
		35,
		36,
		37,
		38,
		39,
		40,
		41,
		42,
		43,
		44,
		45,
		46,
		47,
		48,
		49,
		50,
		51,
		52,
		53,
		54,
		55,
		56,
		57,
		58,
		59,
		60,
		61,
		62,
		63,
		64,
		65,
		66,
		67,
		68,
		69,
		70,
		71,
		72,
		73,
		74,
		75,
		76,
		77,
		78,
		79,
		80,
		81,
		82,
		83,
		84,
		85,
		86,
		87,
		88,
		89,
		90,
		91,
		92,
		93,
		94,
		95,
		96,
		97
	]
}