{
	"credit": "Made with Blockbench",
	"texture_size": [32, 32],
	"textures": {
		"0": "item/dungeon_crate/shield",
		"1": "item/dungeon_crate/lightning_partcile",
		"particle": "item/dungeon_crate/shield"
	},
	"elements": [
		{
			"from": [4.10126, 12.70336, 3.896],
			"to": [11.30126, 24, 4.304],
			"rotation": {"angle": 22.5, "axis": "z", "origin": [7.70126, 18.40336, 4.1]},
			"faces": {
				"north": {"uv": [0, 0, 6, 9.5], "texture": "#1"},
				"south": {"uv": [6, 0, 0, 9.5], "texture": "#1"}
			}
		},
		{
			"from": [3.50126, 12.10336, 4.088],
			"to": [11.90126, 24, 4.112],
			"rotation": {"angle": 22.5, "axis": "z", "origin": [7.70126, 18.40336, 4.1]},
			"faces": {
				"north": {"uv": [6.5, 0, 13.5, 10.5], "texture": "#1"},
				"south": {"uv": [13.5, 0, 6.5, 10.5], "texture": "#1"}
			}
		},
		{
			"from": [5, 2.05589, 6.512],
			"to": [11, 15.25589, 8.888],
			"rotation": {"angle": 0, "axis": "y", "origin": [8, 9.63974, 8]},
			"faces": {
				"north": {"uv": [0, 0, 2.5, 5.5], "texture": "#0"},
				"east": {"uv": [5.5, 7.5, 6.5, 13], "texture": "#0"},
				"south": {"uv": [2.75, 0, 5.25, 5.5], "texture": "#0"},
				"west": {"uv": [6.75, 7.5, 7.75, 13], "texture": "#0"},
				"up": {"uv": [11.75, 2.25, 9.25, 1.25], "texture": "#0"},
				"down": {"uv": [11.75, 2.5, 9.25, 3.5], "texture": "#0"}
			}
		},
		{
			"from": [5.89843, 7.53817, 6.5],
			"to": [14.29843, 15.93817, 8.9],
			"rotation": {"angle": 45, "axis": "z", "origin": [8, 9.63974, 8]},
			"faces": {
				"north": {"uv": [5.5, 0, 9, 3.5], "texture": "#0"},
				"east": {"uv": [8, 7.5, 9, 11], "texture": "#0"},
				"south": {"uv": [5.5, 3.75, 9, 7.25], "texture": "#0"},
				"west": {"uv": [0, 8.5, 1, 12], "texture": "#0"},
				"up": {"uv": [4.75, 9.5, 1.25, 8.5], "texture": "#0"},
				"down": {"uv": [12.75, 0, 9.25, 1], "texture": "#0"}
			}
		},
		{
			"from": [7.1, 7.15589, 8.9],
			"to": [8.9, 10.75589, 11.9],
			"rotation": {"angle": 0, "axis": "y", "origin": [8, 9.63974, 8]},
			"faces": {
				"east": {"uv": [5.25, 9.75, 4, 11.25], "texture": "#0"},
				"south": {"uv": [3, 11, 3.75, 12.5], "texture": "#0"},
				"west": {"uv": [4, 9.75, 5.25, 11.25], "texture": "#0"},
				"up": {"uv": [12.75, 2.5, 12, 1.25], "texture": "#0"},
				"down": {"uv": [12.75, 8.5, 12, 9.75], "texture": "#0"}
			}
		},
		{
			"from": [0.49843, 2.13817, 6.5],
			"to": [6.49843, 8.13817, 8.9],
			"rotation": {"angle": 45, "axis": "z", "origin": [8, 9.63974, 8]},
			"faces": {
				"north": {"uv": [0, 5.75, 2.5, 8.25], "texture": "#0"},
				"east": {"uv": [9.25, 3.75, 10.25, 6.25], "texture": "#0"},
				"south": {"uv": [2.75, 5.75, 5.25, 8.25], "texture": "#0"},
				"west": {"uv": [9.25, 6.5, 10.25, 9], "texture": "#0"},
				"up": {"uv": [11.75, 10.25, 9.25, 9.25], "texture": "#0"},
				"down": {"uv": [3.75, 9.75, 1.25, 10.75], "texture": "#0"}
			}
		},
		{
			"from": [-0.15674, 12.69739, 6.506],
			"to": [3.44326, 15.09739, 8.894],
			"rotation": {"angle": -22.5, "axis": "z", "origin": [8, 9.63974, 8]},
			"faces": {
				"north": {"uv": [10.5, 7.25, 12, 8.25], "texture": "#0"},
				"east": {"uv": [4, 11.5, 5, 12.5], "texture": "#0"},
				"south": {"uv": [12, 7.25, 10.5, 8.25], "texture": "#0"},
				"west": {"uv": [9.75, 11.75, 10.75, 12.75], "texture": "#0"},
				"up": {"uv": [10.75, 11.5, 9.25, 10.5], "texture": "#0"},
				"down": {"uv": [2.75, 11, 1.25, 12], "texture": "#0"}
			}
		},
		{
			"from": [2.14302, 17.10519, 6.8],
			"to": [5.74302, 18.90519, 8.6],
			"rotation": {"angle": 22.5, "axis": "z", "origin": [8, 9.63974, 8]},
			"faces": {
				"north": {"uv": [11, 10.5, 12.5, 11.25], "texture": "#0"},
				"east": {"uv": [13, 0, 13.75, 0.75], "texture": "#0"},
				"south": {"uv": [12.5, 10.5, 11, 11.25], "texture": "#0"},
				"west": {"uv": [13, 1, 13.75, 1.75], "texture": "#0"},
				"up": {"uv": [12.5, 12.25, 11, 11.5], "texture": "#0"},
				"down": {"uv": [9.5, 11.75, 8, 12.5], "texture": "#0"}
			}
		},
		{
			"from": [-2.34202, 9.35476, 7.1],
			"to": [-1.14202, 11.75476, 8.3],
			"rotation": {"angle": -22.5, "axis": "z", "origin": [8, 9.63974, 8]},
			"faces": {
				"north": {"uv": [13, 6, 13.5, 7], "texture": "#0"},
				"east": {"uv": [13, 8.5, 13.5, 9.5], "texture": "#0"},
				"south": {"uv": [13.5, 6, 13, 7], "texture": "#0"},
				"west": {"uv": [9.5, 13, 10, 14], "texture": "#0"},
				"up": {"uv": [13.5, 2.5, 13, 2], "texture": "#0"},
				"down": {"uv": [1.25, 13.25, 0.75, 13.75], "texture": "#0"}
			}
		},
		{
			"from": [0.48558, 14.35114, 7.7],
			"to": [2.28558, 16.75114, 7.712],
			"rotation": {"angle": 22.5, "axis": "z", "origin": [8, 9.63974, 8]},
			"faces": {
				"north": {"uv": [12.25, 4.75, 13, 5.75], "texture": "#0"},
				"south": {"uv": [13, 4.75, 12.25, 5.75], "texture": "#0"}
			}
		},
		{
			"from": [12.55674, 12.69739, 6.506],
			"to": [16.15674, 15.09739, 8.894],
			"rotation": {"angle": 22.5, "axis": "z", "origin": [8, 9.63974, 8]},
			"faces": {
				"north": {"uv": [12, 7.25, 10.5, 8.25], "texture": "#0"},
				"east": {"uv": [10.75, 11.75, 9.75, 12.75], "texture": "#0"},
				"south": {"uv": [10.5, 7.25, 12, 8.25], "texture": "#0"},
				"west": {"uv": [5, 11.5, 4, 12.5], "texture": "#0"},
				"up": {"uv": [9.25, 11.5, 10.75, 10.5], "texture": "#0"},
				"down": {"uv": [1.25, 11, 2.75, 12], "texture": "#0"}
			}
		},
		{
			"from": [10.25698, 17.10519, 6.8],
			"to": [13.85698, 18.90519, 8.6],
			"rotation": {"angle": -22.5, "axis": "z", "origin": [8, 9.63974, 8]},
			"faces": {
				"north": {"uv": [12.5, 10.5, 11, 11.25], "texture": "#0"},
				"east": {"uv": [13.75, 1, 13, 1.75], "texture": "#0"},
				"south": {"uv": [11, 10.5, 12.5, 11.25], "texture": "#0"},
				"west": {"uv": [13.75, 0, 13, 0.75], "texture": "#0"},
				"up": {"uv": [11, 12.25, 12.5, 11.5], "texture": "#0"},
				"down": {"uv": [8, 11.75, 9.5, 12.5], "texture": "#0"}
			}
		},
		{
			"from": [17.14202, 9.35476, 7.1],
			"to": [18.34202, 11.75476, 8.3],
			"rotation": {"angle": 22.5, "axis": "z", "origin": [8, 9.63974, 8]},
			"faces": {
				"north": {"uv": [13.5, 6, 13, 7], "texture": "#0"},
				"east": {"uv": [10, 13, 9.5, 14], "texture": "#0"},
				"south": {"uv": [13, 6, 13.5, 7], "texture": "#0"},
				"west": {"uv": [13.5, 8.5, 13, 9.5], "texture": "#0"},
				"up": {"uv": [13, 2.5, 13.5, 2], "texture": "#0"},
				"down": {"uv": [0.75, 13.25, 1.25, 13.75], "texture": "#0"}
			}
		},
		{
			"from": [13.71442, 14.35114, 7.7],
			"to": [15.51442, 16.75114, 7.712],
			"rotation": {"angle": -22.5, "axis": "z", "origin": [8, 9.63974, 8]},
			"faces": {
				"north": {"uv": [13, 4.75, 12.25, 5.75], "texture": "#0"},
				"south": {"uv": [12.25, 4.75, 13, 5.75], "texture": "#0"}
			}
		},
		{
			"from": [8.29899, 9.93873, 5.3],
			"to": [11.89899, 13.53873, 6.5],
			"rotation": {"angle": 45, "axis": "z", "origin": [8, 9.63974, 8]},
			"faces": {
				"north": {"uv": [10.5, 3.75, 12, 5.25], "texture": "#0"},
				"east": {"uv": [12.25, 6, 12.75, 7.5], "texture": "#0"},
				"south": {"uv": [10.5, 5.5, 12, 7], "texture": "#0"},
				"west": {"uv": [11, 12.5, 11.5, 14], "texture": "#0"},
				"up": {"uv": [13.75, 8.25, 12.25, 7.75], "texture": "#0"},
				"down": {"uv": [13.25, 12.5, 11.75, 13], "texture": "#0"}
			}
		},
		{
			"from": [11.89899, 13.53873, 5.9],
			"to": [8.29899, 9.93873, 5.3],
			"rotation": {"angle": 45, "axis": "z", "origin": [8, 9.63974, 8]},
			"faces": {
				"north": {"uv": [14, 1.5, 15.5, 0], "texture": "#0"},
				"east": {"uv": [11, 14, 11.25, 12.5], "texture": "#0"},
				"west": {"uv": [12.5, 7.5, 12.75, 6], "texture": "#0"},
				"up": {"uv": [11.75, 12.75, 13.25, 13], "texture": "#0"},
				"down": {"uv": [12.25, 8.25, 13.75, 8], "texture": "#0"}
			}
		},
		{
			"from": [5.29899, 10.83873, 5.3],
			"to": [8.29899, 12.63873, 6.5],
			"rotation": {"angle": 45, "axis": "z", "origin": [8, 9.63974, 8]},
			"faces": {
				"north": {"uv": [12, 2.75, 13.25, 3.5], "texture": "#0"},
				"east": {"uv": [10.25, 13, 10.75, 13.75], "texture": "#0"},
				"south": {"uv": [0, 12.25, 1.25, 13], "texture": "#0"},
				"west": {"uv": [0, 13.25, 0.5, 14], "texture": "#0"},
				"up": {"uv": [11.75, 9, 10.5, 8.5], "texture": "#0"},
				"down": {"uv": [4.25, 12.75, 3, 13.25], "texture": "#0"}
			}
		},
		{
			"from": [3.45502, 8.65471, 7.00558],
			"to": [4.65502, 9.85471, 10.00558],
			"rotation": {"angle": -22.5, "axis": "y", "origin": [8, 9.63974, 8]},
			"faces": {
				"north": {"uv": [1.5, 13.25, 2, 13.75], "texture": "#0"},
				"east": {"uv": [8, 12.75, 9.25, 13.25], "texture": "#0"},
				"south": {"uv": [2.25, 13.25, 2.75, 13.75], "texture": "#0"},
				"west": {"uv": [12.75, 10, 14, 10.5], "texture": "#0"},
				"up": {"uv": [5, 14, 4.5, 12.75], "texture": "#0"},
				"down": {"uv": [13.25, 10.75, 12.75, 12], "texture": "#0"}
			}
		},
		{
			"from": [3.63408, 8.66954, 7.55049],
			"to": [3.64608, 10.46954, 10.55049],
			"rotation": {"angle": -45, "axis": "x", "origin": [8, 9.63974, 8]},
			"faces": {
				"east": {"uv": [13.5, 3.75, 12.25, 4.5], "texture": "#0"},
				"west": {"uv": [12.25, 3.75, 13.5, 4.5], "texture": "#0"}
			}
		},
		{
			"from": [7.70101, 10.83873, 5.3],
			"to": [10.70101, 12.63873, 6.5],
			"rotation": {"angle": -45, "axis": "z", "origin": [8, 9.63974, 8]},
			"faces": {
				"north": {"uv": [13.25, 2.75, 12, 3.5], "texture": "#0"},
				"east": {"uv": [0.5, 13.25, 0, 14], "texture": "#0"},
				"south": {"uv": [1.25, 12.25, 0, 13], "texture": "#0"},
				"west": {"uv": [10.75, 13, 10.25, 13.75], "texture": "#0"},
				"up": {"uv": [10.5, 9, 11.75, 8.5], "texture": "#0"},
				"down": {"uv": [3, 12.75, 4.25, 13.25], "texture": "#0"}
			}
		},
		{
			"from": [11.34498, 8.65471, 7.00558],
			"to": [12.54498, 9.85471, 10.00558],
			"rotation": {"angle": 22.5, "axis": "y", "origin": [8, 9.63974, 8]},
			"faces": {
				"north": {"uv": [2, 13.25, 1.5, 13.75], "texture": "#0"},
				"east": {"uv": [14, 10, 12.75, 10.5], "texture": "#0"},
				"south": {"uv": [2.75, 13.25, 2.25, 13.75], "texture": "#0"},
				"west": {"uv": [9.25, 12.75, 8, 13.25], "texture": "#0"},
				"up": {"uv": [4.5, 14, 5, 12.75], "texture": "#0"},
				"down": {"uv": [12.75, 10.75, 13.25, 12], "texture": "#0"}
			}
		},
		{
			"from": [12.35392, 8.66954, 7.55049],
			"to": [12.36592, 10.46954, 10.55049],
			"rotation": {"angle": -45, "axis": "x", "origin": [8, 9.63974, 8]},
			"faces": {
				"east": {"uv": [13.5, 3.75, 12.25, 4.5], "texture": "#0"},
				"west": {"uv": [12.25, 3.75, 13.5, 4.5], "texture": "#0"}
			}
		}
	],
	"gui_light": "front",
	"display": {
		"thirdperson_righthand": {
			"rotation": [0, -90, 0],
			"translation": [3, -3, 2.25]
		},
		"thirdperson_lefthand": {
			"rotation": [0, -90, 0],
			"translation": [3, -3, 2.25]
		},
		"firstperson_righthand": {
			"rotation": [0, -51, 0],
			"translation": [1.25, 1.5, 0],
			"scale": [0.67188, 0.67188, 0.67188]
		},
		"firstperson_lefthand": {
			"rotation": [0, -51, 0],
			"translation": [1.25, 1.5, 0],
			"scale": [0.67188, 0.67188, 0.67188]
		},
		"ground": {
			"rotation": [90, 0, 0],
			"translation": [0, 6, 0]
		},
		"gui": {
			"rotation": [150.49, 45, -153.1],
			"translation": [-0.5, -0.75, -1.5],
			"scale": [0.7539, 0.7539, 0.7539]
		},
		"head": {
			"scale": [0, 0, 0]
		},
		"fixed": {
			"translation": [0, 0, -2.25],
			"scale": [2.5, 2.5, 2.5]
		}
	},
	"groups": [
		{
			"name": "group",
			"origin": [8, 22, 5],
			"color": 0,
			"children": [
				{
					"name": "lightning_1",
					"origin": [9, 20.24264, 5.9],
					"color": 0,
					"children": [0, 1]
				},
				2,
				3,
				4,
				5,
				6,
				7,
				8,
				9,
				10,
				11,
				12,
				13,
				14,
				15,
				16,
				17,
				18,
				19,
				20,
				21
			]
		}
	]
}