{"credit":"MadewithBlockbench","texture_size":[24,24],"textures":{"1":"item/cyber_set/animation_1-sheet","2":"item/cyber_set/staff","particle":"item/cyber_set/staff"},"elements":[{"from":[7.32,-0.18,7.32],"to":[8.68,1.18,8.68],"rotation":{"angle":-45,"axis":"x","origin":[8,0.5,8]},"faces":{"north":{"uv":[11.33333,6.66667,12.16667,7.5],"texture":"#2"},"east":{"uv":[11.33333,8,12.16667,8.83333],"texture":"#2"},"south":{"uv":[11.33333,9.33333,12.16667,10.16667],"texture":"#2"},"west":{"uv":[11.33333,10.66667,12.16667,11.5],"texture":"#2"},"up":{"uv":[0.83333,12.83333,0,12],"texture":"#2"},"down":{"uv":[12.83333,0,12,0.83333],"texture":"#2"}}},{"from":[7.59,-0.25096,6.36],"to":[8.41,0.56904,9.64],"rotation":{"angle":0,"axis":"y","origin":[7.59,-0.25096,8]},"faces":{"north":{"uv":[13.33333,4.66667,13.83333,5.16667],"texture":"#2"},"east":{"uv":[8.66667,4,10.83333,4.5],"texture":"#2"},"south":{"uv":[5.33333,13.33333,5.83333,13.83333],"texture":"#2"},"west":{"uv":[8.66667,4.66667,10.83333,5.16667],"texture":"#2"},"up":{"uv":[9.16667,7.5,8.66667,5.33333],"texture":"#2"},"down":{"uv":[4.5,9.33333,4,11.5],"texture":"#2"}}},{"from":[7.5244,0.02784,5.6384],"to":[8.4756,1.93024,6.5896],"rotation":{"angle":22.5,"axis":"x","origin":[8,0.15904,5.54]},"faces":{"north":{"uv":[7.33333,10,8,11.33333],"texture":"#2"},"east":{"uv":[10.66667,0,11.33333,1.33333],"texture":"#2"},"south":{"uv":[10.66667,1.33333,11.33333,2.66667],"texture":"#2"},"west":{"uv":[10.66667,2.66667,11.33333,4],"texture":"#2"},"up":{"uv":[6.66667,3.33333,6,2.66667],"texture":"#2"},"down":{"uv":[4.66667,6.66667,4,7.33333],"texture":"#2"}}},{"from":[7.7704,-0.10667,7.1011],"to":[8.2296,0.97573,8.0523],"rotation":{"angle":22.5,"axis":"x","origin":[8.246,1.09053,7.5767]},"faces":{"north":{"uv":[13.33333,8.66667,13.66667,9.33333],"texture":"#2"},"east":{"uv":[7.33333,2,8,2.66667],"texture":"#2"},"south":{"uv":[9.33333,13.33333,9.66667,14],"texture":"#2"},"west":{"uv":[6,11.33333,6.66667,12],"texture":"#2"},"up":{"uv":[13.66667,10,13.33333,9.33333],"texture":"#2"},"down":{"uv":[10.33333,13.33333,10,14],"texture":"#2"}}},{"from":[7.7704,-0.10667,7.9477],"to":[8.2296,0.97573,8.8989],"rotation":{"angle":-22.5,"axis":"x","origin":[8.246,1.09053,8.4233]},"faces":{"north":{"uv":[9.66667,13.33333,9.33333,14],"texture":"#2"},"east":{"uv":[8,2,7.33333,2.66667],"texture":"#2"},"south":{"uv":[13.66667,8.66667,13.33333,9.33333],"texture":"#2"},"west":{"uv":[6.66667,11.33333,6,12],"texture":"#2"},"up":{"uv":[13.66667,9.33333,13.33333,10],"texture":"#2"},"down":{"uv":[10.33333,14,10,13.33333],"texture":"#2"}}},{"from":[7.5244,0.02784,9.4104],"to":[8.4756,1.93024,10.3616],"rotation":{"angle":-22.5,"axis":"x","origin":[8,0.15904,10.46]},"faces":{"north":{"uv":[11.33333,1.33333,10.66667,2.66667],"texture":"#2"},"east":{"uv":[11.33333,0,10.66667,1.33333],"texture":"#2"},"south":{"uv":[8,10,7.33333,11.33333],"texture":"#2"},"west":{"uv":[11.33333,2.66667,10.66667,4],"texture":"#2"},"up":{"uv":[6.66667,2.66667,6,3.33333],"texture":"#2"},"down":{"uv":[4.66667,7.33333,4,6.66667],"texture":"#2"}}},{"from":[7.6,1,7.6],"to":[8.4,2,8.4],"rotation":{"angle":0,"axis":"y","origin":[7.5,7.5,7.5]},"faces":{"north":{"uv":[8,12.66667,8.5,13.33333],"texture":"#2"},"east":{"uv":[12.66667,8,13.16667,8.66667],"texture":"#2"},"south":{"uv":[8.66667,12.66667,9.16667,13.33333],"texture":"#2"},"west":{"uv":[12.66667,8.66667,13.16667,9.33333],"texture":"#2"},"up":{"uv":[13.83333,5.83333,13.33333,5.33333],"texture":"#2"},"down":{"uv":[6.5,13.33333,6,13.83333],"texture":"#2"}}},{"from":[7.4,4,7.4],"to":[8.6,5,8.6],"rotation":{"angle":0,"axis":"y","origin":[7.5,7.5,7.5]},"faces":{"north":{"uv":[5.33333,12,6.16667,12.66667],"texture":"#2"},"east":{"uv":[12,5.33333,12.83333,6],"texture":"#2"},"south":{"uv":[12,6,12.83333,6.66667],"texture":"#2"},"west":{"uv":[6.66667,12,7.5,12.66667],"texture":"#2"},"up":{"uv":[2.16667,12.83333,1.33333,12],"texture":"#2"},"down":{"uv":[12.83333,1.33333,12,2.16667],"texture":"#2"}}},{"from":[7.6,7,7.6],"to":[8.4,8,8.4],"rotation":{"angle":0,"axis":"y","origin":[7.5,7.5,7.5]},"faces":{"north":{"uv":[9.33333,12.66667,9.83333,13.33333],"texture":"#2"},"east":{"uv":[12.66667,9.33333,13.16667,10],"texture":"#2"},"south":{"uv":[10,12.66667,10.5,13.33333],"texture":"#2"},"west":{"uv":[12.66667,10,13.16667,10.66667],"texture":"#2"},"up":{"uv":[13.83333,6.5,13.33333,6],"texture":"#2"},"down":{"uv":[7.16667,13.33333,6.66667,13.83333],"texture":"#2"}}},{"from":[7.5,2,7.5],"to":[8.5,4,8.5],"rotation":{"angle":0,"axis":"y","origin":[7.5,7.5,7.5]},"faces":{"north":{"uv":[4.66667,10.66667,5.33333,12],"texture":"#2"},"east":{"uv":[5.33333,10.66667,6,12],"texture":"#2"},"south":{"uv":[10.66667,5.33333,11.33333,6.66667],"texture":"#2"},"west":{"uv":[10.66667,6.66667,11.33333,8],"texture":"#2"},"up":{"uv":[8,12,7.33333,11.33333],"texture":"#2"},"down":{"uv":[8.66667,12,8,12.66667],"texture":"#2"}}},{"from":[7.5,5,7.5],"to":[8.5,7,8.5],"rotation":{"angle":0,"axis":"y","origin":[7.5,7.5,7.5]},"faces":{"north":{"uv":[8,10.66667,8.66667,12],"texture":"#2"},"east":{"uv":[10.66667,8,11.33333,9.33333],"texture":"#2"},"south":{"uv":[8.66667,10.66667,9.33333,12],"texture":"#2"},"west":{"uv":[9.33333,10.66667,10,12],"texture":"#2"},"up":{"uv":[9.33333,12.66667,8.66667,12],"texture":"#2"},"down":{"uv":[10,12,9.33333,12.66667],"texture":"#2"}}},{"from":[7.4,21.1,6.5],"to":[8.6,23.1,8.5],"rotation":{"angle":-45,"axis":"x","origin":[7.9,22.6,8]},"faces":{"north":{"uv":[8,8,8.83333,9.33333],"texture":"#2"},"east":{"uv":[6,0,7.33333,1.33333],"texture":"#2"},"south":{"uv":[8.66667,0,9.5,1.33333],"texture":"#2"},"west":{"uv":[6,1.33333,7.33333,2.66667],"texture":"#2"},"up":{"uv":[9.5,2.66667,8.66667,1.33333],"texture":"#2"},"down":{"uv":[9.5,2.66667,8.66667,4],"texture":"#2"}}},{"from":[7.2,21.3,6.7],"to":[8.8,22.9,8.3],"rotation":{"angle":-45,"axis":"x","origin":[7.9,22.6,8]},"faces":{"north":{"uv":[4.66667,9.33333,5.66667,10.33333],"texture":"#2"},"east":{"uv":[9.33333,5.33333,10.33333,6.33333],"texture":"#2"},"south":{"uv":[9.33333,6.66667,10.33333,7.66667],"texture":"#2"},"west":{"uv":[8,9.33333,9,10.33333],"texture":"#2"},"up":{"uv":[10.33333,9,9.33333,8],"texture":"#2"},"down":{"uv":[10.33333,9.33333,9.33333,10.33333],"texture":"#2"}}},{"from":[7.66,25.38266,10.81982],"to":[8.34,26.38266,11.81982],"rotation":{"angle":-22.5,"axis":"x","origin":[8,25.27911,10.86272]},"faces":{"north":{"uv":[10.66667,12.66667,11.16667,13.33333],"texture":"#2"},"east":{"uv":[10,12,10.66667,12.66667],"texture":"#2"},"south":{"uv":[12.66667,10.66667,13.16667,11.33333],"texture":"#2"},"west":{"uv":[10.66667,12,11.33333,12.66667],"texture":"#2"},"up":{"uv":[11.83333,13.33333,11.33333,12.66667],"texture":"#2"},"down":{"uv":[13.16667,11.33333,12.66667,12],"texture":"#2"}}},{"from":[7.655,23.02911,10.46627],"to":[8.345,26.02911,11.46627],"rotation":{"angle":22.5,"axis":"x","origin":[8,25.27911,10.86272]},"faces":{"north":{"uv":[6,9.33333,6.5,11.33333],"texture":"#2"},"east":{"uv":[1.33333,4.66667,2,6.66667],"texture":"#2"},"south":{"uv":[0,10,0.5,12],"texture":"#2"},"west":{"uv":[1.33333,8,2,10],"texture":"#2"},"up":{"uv":[12.5,13.33333,12,12.66667],"texture":"#2"},"down":{"uv":[13.16667,12,12.66667,12.66667],"texture":"#2"}}},{"from":[7.5,7.9,7],"to":[8.5,10.2,9.3],"rotation":{"angle":-45,"axis":"x","origin":[8,8.9,8]},"faces":{"north":{"uv":[10,0,10.66667,1.5],"texture":"#2"},"east":{"uv":[4.66667,3.33333,6.16667,4.83333],"texture":"#2"},"south":{"uv":[0.66667,10,1.33333,11.5],"texture":"#2"},"west":{"uv":[4.66667,5.33333,6.16667,6.83333],"texture":"#2"},"up":{"uv":[2,11.5,1.33333,10],"texture":"#2"},"down":{"uv":[2.66667,10,2,11.5],"texture":"#2"}}},{"from":[8,19,10.3],"to":[8,24,12.3],"rotation":{"angle":22.5,"axis":"x","origin":[8,21,11.3]},"faces":{"north":{"uv":[0,0,0,3.33333],"texture":"#2"},"east":{"uv":[2,0,3.33333,3.33333],"texture":"#2"},"south":{"uv":[0,0,0,3.33333],"texture":"#2"},"west":{"uv":[3.33333,0,4.66667,3.33333],"texture":"#2"},"up":{"uv":[0,1.33333,0,0],"texture":"#2"},"down":{"uv":[0,0,0,1.33333],"texture":"#2"}}},{"from":[7.6,10.1,7.6],"to":[8.4,11.1,8.4],"rotation":{"angle":0,"axis":"y","origin":[7.5,10.1,7.5]},"faces":{"north":{"uv":[12.66667,12.66667,13.16667,13.33333],"texture":"#2"},"east":{"uv":[0,13.33333,0.5,14],"texture":"#2"},"south":{"uv":[13.33333,0,13.83333,0.66667],"texture":"#2"},"west":{"uv":[0.66667,13.33333,1.16667,14],"texture":"#2"},"up":{"uv":[13.83333,7.16667,13.33333,6.66667],"texture":"#2"},"down":{"uv":[7.83333,13.33333,7.33333,13.83333],"texture":"#2"}}},{"from":[7.6,16.1,7.6],"to":[8.4,17.1,8.4],"rotation":{"angle":0,"axis":"y","origin":[7.5,16.1,7.5]},"faces":{"north":{"uv":[13.33333,0.66667,13.83333,1.33333],"texture":"#2"},"east":{"uv":[1.33333,13.33333,1.83333,14],"texture":"#2"},"south":{"uv":[13.33333,1.33333,13.83333,2],"texture":"#2"},"west":{"uv":[2,13.33333,2.5,14],"texture":"#2"},"up":{"uv":[13.83333,7.83333,13.33333,7.33333],"texture":"#2"},"down":{"uv":[8.5,13.33333,8,13.83333],"texture":"#2"}}},{"from":[7.6,20.1,7.6],"to":[8.4,21.1,8.4],"rotation":{"angle":0,"axis":"y","origin":[7.5,23.1,7.5]},"faces":{"north":{"uv":[13.33333,2,13.83333,2.66667],"texture":"#2"},"east":{"uv":[2.66667,13.33333,3.16667,14],"texture":"#2"},"south":{"uv":[13.33333,2.66667,13.83333,3.33333],"texture":"#2"},"west":{"uv":[3.33333,13.33333,3.83333,14],"texture":"#2"},"up":{"uv":[13.83333,8.5,13.33333,8],"texture":"#2"},"down":{"uv":[9.16667,13.33333,8.66667,13.83333],"texture":"#2"}}},{"from":[7.4,11.1,7.4],"to":[8.6,16.1,8.6],"rotation":{"angle":0,"axis":"y","origin":[7.5,11.1,7.5]},"faces":{"north":{"uv":[2,3.33333,2.83333,6.66667],"texture":"#2"},"east":{"uv":[3.33333,3.33333,4.16667,6.66667],"texture":"#2"},"south":{"uv":[0,4.66667,0.83333,8],"texture":"#2"},"west":{"uv":[4.66667,0,5.5,3.33333],"texture":"#2"},"up":{"uv":[3.5,12.83333,2.66667,12],"texture":"#2"},"down":{"uv":[12.83333,2.66667,12,3.5],"texture":"#2"}}},{"from":[7.4,17.1,7.4],"to":[8.6,20.1,8.6],"rotation":{"angle":0,"axis":"y","origin":[7.5,17.1,7.5]},"faces":{"north":{"uv":[7.33333,0,8.16667,2],"texture":"#2"},"east":{"uv":[4,7.33333,4.83333,9.33333],"texture":"#2"},"south":{"uv":[5.33333,7.33333,6.16667,9.33333],"texture":"#2"},"west":{"uv":[0,8,0.83333,10],"texture":"#2"},"up":{"uv":[4.83333,12.83333,4,12],"texture":"#2"},"down":{"uv":[12.83333,4,12,4.83333],"texture":"#2"}}},{"from":[7.5,19.01941,8.08284],"to":[8.5,21.01941,9.08284],"rotation":{"angle":0,"axis":"x","origin":[8,21.41326,9.66505]},"faces":{"north":{"uv":[10.66667,9.33333,11.33333,10.66667],"texture":"#2"},"east":{"uv":[10,10.66667,10.66667,12],"texture":"#2"},"south":{"uv":[10.66667,10.66667,11.33333,12],"texture":"#2"},"west":{"uv":[11.33333,0,12,1.33333],"texture":"#2"},"up":{"uv":[12,12.66667,11.33333,12],"texture":"#2"},"down":{"uv":[12.66667,12,12,12.66667],"texture":"#2"}}},{"from":[7.6,19.11793,8.93983],"to":[8.4,22.11793,9.93983],"rotation":{"angle":22.5,"axis":"x","origin":[8,21.41326,9.66505]},"faces":{"north":{"uv":[10,2,10.5,4],"texture":"#2"},"east":{"uv":[2,8,2.66667,10],"texture":"#2"},"south":{"uv":[2.66667,10,3.16667,12],"texture":"#2"},"west":{"uv":[8,2,8.66667,4],"texture":"#2"},"up":{"uv":[13.83333,4,13.33333,3.33333],"texture":"#2"},"down":{"uv":[4.5,13.33333,4,14],"texture":"#2"}}},{"from":[7.6,19.84706,10.06574],"to":[8.4,22.84706,11.06574],"rotation":{"angle":0,"axis":"x","origin":[8,21.41326,9.66505]},"faces":{"north":{"uv":[3.33333,10,3.83333,12],"texture":"#2"},"east":{"uv":[2.66667,8,3.33333,10],"texture":"#2"},"south":{"uv":[6.66667,10,7.16667,12],"texture":"#2"},"west":{"uv":[3.33333,8,4,10],"texture":"#2"},"up":{"uv":[13.83333,4.66667,13.33333,4],"texture":"#2"},"down":{"uv":[5.16667,13.33333,4.66667,14],"texture":"#2"}}},{"from":[7.8,20.24706,9.06573],"to":[8.2,21.24706,10.06573],"rotation":{"angle":0,"axis":"x","origin":[8,21.41326,9.66505]},"faces":{"north":{"uv":[13.33333,10,13.66667,10.66667],"texture":"#2"},"east":{"uv":[5.33333,12.66667,6,13.33333],"texture":"#2"},"south":{"uv":[10.66667,13.33333,11,14],"texture":"#2"},"west":{"uv":[6,12.66667,6.66667,13.33333],"texture":"#2"},"up":{"uv":[13.66667,11.33333,13.33333,10.66667],"texture":"#2"},"down":{"uv":[11.66667,13.33333,11.33333,14],"texture":"#2"}}},{"from":[7.5,21.11793,9.41483],"to":[8.5,24.11793,10.41483],"rotation":{"angle":22.5,"axis":"x","origin":[8,21.41326,9.66505]},"faces":{"north":{"uv":[8,4,8.66667,6],"texture":"#2"},"east":{"uv":[8,6,8.66667,8],"texture":"#2"},"south":{"uv":[6.66667,8,7.33333,10],"texture":"#2"},"west":{"uv":[7.33333,8,8,10],"texture":"#2"},"up":{"uv":[7.33333,13.33333,6.66667,12.66667],"texture":"#2"},"down":{"uv":[13.33333,6.66667,12.66667,7.33333],"texture":"#2"}}},{"from":[7.5,19.01941,6.91716],"to":[8.5,21.01941,7.91716],"rotation":{"angle":0,"axis":"x","origin":[8,21.41326,6.33495]},"faces":{"north":{"uv":[11.33333,1.33333,12,2.66667],"texture":"#2"},"east":{"uv":[11.33333,2.66667,12,4],"texture":"#2"},"south":{"uv":[11.33333,4,12,5.33333],"texture":"#2"},"west":{"uv":[11.33333,5.33333,12,6.66667],"texture":"#2"},"up":{"uv":[8,13.33333,7.33333,12.66667],"texture":"#2"},"down":{"uv":[13.33333,7.33333,12.66667,8],"texture":"#2"}}},{"from":[7,25,7],"to":[9,27,9],"rotation":{"angle":-45,"axis":"x","origin":[8,26,8]},"faces":{"north":{"uv":[1.33333,6.66667,2.66667,8],"texture":"#2"},"east":{"uv":[2.66667,6.66667,4,8],"texture":"#2"},"south":{"uv":[6.66667,2.66667,8,4],"texture":"#2"},"west":{"uv":[6.66667,4,8,5.33333],"texture":"#2"},"up":{"uv":[8,6.66667,6.66667,5.33333],"texture":"#2"},"down":{"uv":[8,6.66667,6.66667,8],"texture":"#2"}}},{"from":[8,23.9,7.8],"to":[8,30.9,10.8],"rotation":{"angle":22.5,"axis":"x","origin":[8,23.5,8.5]},"faces":{"north":{"uv":[0,0,0,4.66667],"texture":"#2"},"east":{"uv":[2,0,0,4.66667],"texture":"#2"},"south":{"uv":[0,0,0,4.66667],"texture":"#2"},"west":{"uv":[0,0,2,4.66667],"texture":"#2"},"up":{"uv":[0,2,0,0],"texture":"#2"},"down":{"uv":[0,0,0,2],"texture":"#2"}}},{"from":[7.66,25.38266,4.18018],"to":[8.34,26.38266,5.18018],"rotation":{"angle":22.5,"axis":"x","origin":[8,25.27911,5.13728]},"faces":{"north":{"uv":[13.16667,10.66667,12.66667,11.33333],"texture":"#2"},"east":{"uv":[10.66667,12,10,12.66667],"texture":"#2"},"south":{"uv":[11.16667,12.66667,10.66667,13.33333],"texture":"#2"},"west":{"uv":[11.33333,12,10.66667,12.66667],"texture":"#2"},"up":{"uv":[11.83333,12.66667,11.33333,13.33333],"texture":"#2"},"down":{"uv":[13.16667,12,12.66667,11.33333],"texture":"#2"}}},{"from":[7.655,23.02911,4.53373],"to":[8.345,26.02911,5.53373],"rotation":{"angle":-22.5,"axis":"x","origin":[8,25.27911,5.13728]},"faces":{"north":{"uv":[0.5,10,0,12],"texture":"#2"},"east":{"uv":[2,4.66667,1.33333,6.66667],"texture":"#2"},"south":{"uv":[6.5,9.33333,6,11.33333],"texture":"#2"},"west":{"uv":[2,8,1.33333,10],"texture":"#2"},"up":{"uv":[12.5,12.66667,12,13.33333],"texture":"#2"},"down":{"uv":[13.16667,12.66667,12.66667,12],"texture":"#2"}}},{"from":[8,19,3.7],"to":[8,24,5.7],"rotation":{"angle":-22.5,"axis":"x","origin":[8,21,4.7]},"faces":{"north":{"uv":[0,0,0,3.33333],"texture":"#2"},"east":{"uv":[3.33333,0,2,3.33333],"texture":"#2"},"south":{"uv":[0,0,0,3.33333],"texture":"#2"},"west":{"uv":[4.66667,0,3.33333,3.33333],"texture":"#2"},"up":{"uv":[0,0,0,1.33333],"texture":"#2"},"down":{"uv":[0,1.33333,0,0],"texture":"#2"}}},{"from":[7.6,19.11793,6.06017],"to":[8.4,22.11793,7.06017],"rotation":{"angle":-22.5,"axis":"x","origin":[8,21.41326,6.33495]},"faces":{"north":{"uv":[3.16667,10,2.66667,12],"texture":"#2"},"east":{"uv":[2.66667,8,2,10],"texture":"#2"},"south":{"uv":[10.5,2,10,4],"texture":"#2"},"west":{"uv":[8.66667,2,8,4],"texture":"#2"},"up":{"uv":[13.83333,3.33333,13.33333,4],"texture":"#2"},"down":{"uv":[4.5,14,4,13.33333],"texture":"#2"}}},{"from":[7.6,19.84706,4.93426],"to":[8.4,22.84706,5.93426],"rotation":{"angle":0,"axis":"x","origin":[8,21.41326,6.33495]},"faces":{"north":{"uv":[7.16667,10,6.66667,12],"texture":"#2"},"east":{"uv":[3.33333,8,2.66667,10],"texture":"#2"},"south":{"uv":[3.83333,10,3.33333,12],"texture":"#2"},"west":{"uv":[4,8,3.33333,10],"texture":"#2"},"up":{"uv":[13.83333,4,13.33333,4.66667],"texture":"#2"},"down":{"uv":[5.16667,14,4.66667,13.33333],"texture":"#2"}}},{"from":[7.8,20.24706,5.93427],"to":[8.2,21.24706,6.93427],"rotation":{"angle":0,"axis":"x","origin":[8,21.41326,6.33495]},"faces":{"north":{"uv":[11,13.33333,10.66667,14],"texture":"#2"},"east":{"uv":[6,12.66667,5.33333,13.33333],"texture":"#2"},"south":{"uv":[13.66667,10,13.33333,10.66667],"texture":"#2"},"west":{"uv":[6.66667,12.66667,6,13.33333],"texture":"#2"},"up":{"uv":[13.66667,10.66667,13.33333,11.33333],"texture":"#2"},"down":{"uv":[11.66667,14,11.33333,13.33333],"texture":"#2"}}},{"from":[7.5,21.11793,5.58517],"to":[8.5,24.11793,6.58517],"rotation":{"angle":-22.5,"axis":"x","origin":[8,21.41326,6.33495]},"faces":{"north":{"uv":[7.33333,8,6.66667,10],"texture":"#2"},"east":{"uv":[8.66667,6,8,8],"texture":"#2"},"south":{"uv":[8.66667,4,8,6],"texture":"#2"},"west":{"uv":[8,8,7.33333,10],"texture":"#2"},"up":{"uv":[7.33333,12.66667,6.66667,13.33333],"texture":"#2"},"down":{"uv":[13.33333,7.33333,12.66667,6.66667],"texture":"#2"}}},{"from":[8,23.9,5.2],"to":[8,30.9,8.2],"rotation":{"angle":-22.5,"axis":"x","origin":[8,23.5,7.5]},"faces":{"north":{"uv":[0,0,0,4.66667],"texture":"#2"},"east":{"uv":[0,0,2,4.66667],"texture":"#2"},"south":{"uv":[0,0,0,4.66667],"texture":"#2"},"west":{"uv":[2,0,0,4.66667],"texture":"#2"},"up":{"uv":[0,0,0,2],"texture":"#2"},"down":{"uv":[0,2,0,0],"texture":"#2"}}},{"from":[6.8,21.5,3.5],"to":[6.8,30.5,12.5],"faces":{"north":{"uv":[0,0,0,6],"texture":"#1"},"east":{"uv":[12,0,0,12],"texture":"#1"},"south":{"uv":[0,0,0,6],"texture":"#1"},"west":{"uv":[0,0,12,12],"texture":"#1"},"up":{"uv":[0,6,0,0],"texture":"#1"},"down":{"uv":[0,0,0,6],"texture":"#1"}}},{"from":[9.2,21.5,3.5],"to":[9.2,30.5,12.5],"rotation":{"angle":0,"axis":"y","origin":[16,0,0]},"faces":{"north":{"uv":[0,0,0,6],"texture":"#1"},"east":{"uv":[12,0,0,12],"texture":"#1"},"south":{"uv":[0,0,0,6],"texture":"#1"},"west":{"uv":[0,0,12,12],"texture":"#1"},"up":{"uv":[0,6,0,0],"texture":"#1"},"down":{"uv":[0,0,0,6],"texture":"#1"}}}],"gui_light":"front","display":{"thirdperson_righthand":{"translation":[0,1.5,0.5]},"thirdperson_lefthand":{"translation":[0,1.5,0.5]},"firstperson_righthand":{"rotation":[-15,0,5],"translation":[7.5,-6.5,-2.5],"scale":[1.16797,1.16797,1.16797]},"firstperson_lefthand":{"rotation":[-15,0,5],"translation":[7.5,-6.5,-2.5],"scale":[1.16797,1.16797,1.16797]},"ground":{"rotation":[0,0,-77],"translation":[-8,0.75,0],"scale":[1.07813,1.07813,1.07813]},"gui":{"rotation":[90,-135,90],"translation":[-3,-3.25,0],"scale":[0.56172,0.56172,0.56172]},"head":{"scale":[0,0,0]},"fixed":{"rotation":[-90,90,90],"translation":[0,-13,-2.25],"scale":[2.05195,2.05195,2.05195]}}}