{
	"credit": "MadewithBlockbench",
	"texture_size": [128, 128],
	"textures": {
		"0": "item/dragon_crate/bahamut_texture_01",
		"2": "item/dragon_crate/bahamut_animation_02",
		"4": "item/dragon_crate/bahamut_animation_03",
		"particle": "item/dragon_crate/bahamut_texture_01"
	},
	"elements": [
		{
			"from": [7.25, -5, 7.25],
			"to": [8.75, 4, 8.75],
			"rotation": {"angle": 0, "axis": "y", "origin": [0, -6, -9]},
			"faces": {
				"north": {"uv": [4.1875, 0, 4.375, 1.125], "texture": "#0"},
				"east": {"uv": [4.1875, 0, 4.375, 1.125], "texture": "#0"},
				"south": {"uv": [4.1875, 0, 4.375, 1.125], "texture": "#0"},
				"west": {"uv": [4.1875, 0, 4.375, 1.125], "texture": "#0"},
				"up": {"uv": [2.5625, 1.125, 2.75, 1.3125], "texture": "#0"},
				"down": {"uv": [2.5625, 1.125, 2.75, 1.3125], "texture": "#0"}
			}
		},
		{
			"from": [7.25, -11, 7.25],
			"to": [8.75, -5, 8.75],
			"rotation": {"angle": 22.5, "axis": "x", "origin": [8, -5.025, 8.75]},
			"faces": {
				"north": {"uv": [4.1875, 0.8125, 4.375, 0.0625], "texture": "#0"},
				"east": {"uv": [4.1875, 0.8125, 4.375, 0.0625], "texture": "#0"},
				"south": {"uv": [4.1875, 0.8125, 4.375, 0.0625], "texture": "#0"},
				"west": {"uv": [4.1875, 0.8125, 4.375, 0.0625], "texture": "#0"},
				"up": {"uv": [2.5625, 1.3125, 2.75, 1.125], "texture": "#0"},
				"down": {"uv": [2.5625, 1.3125, 2.75, 1.125], "texture": "#0"}
			}
		},
		{
			"from": [7, 2.9, 3.1],
			"to": [9, 8.9, 5.1],
			"rotation": {"angle": -22.5, "axis": "x", "origin": [9.78806, 13.05433, 4.1]},
			"faces": {
				"north": {"uv": [3.9375, 0, 4.1875, 0.75], "texture": "#0"},
				"east": {"uv": [3.9375, 0, 4.1875, 0.75], "texture": "#0"},
				"south": {"uv": [3.9375, 0, 4.1875, 0.75], "texture": "#0"},
				"west": {"uv": [3.9375, 0, 4.1875, 0.75], "texture": "#0"},
				"up": {"uv": [3.6875, 0.375, 3.9375, 0.625], "texture": "#0"},
				"down": {"uv": [3.6875, 0.375, 3.9375, 0.625], "texture": "#0"}
			}
		},
		{
			"from": [8.5, 6.07251, -12.79621],
			"to": [8.5, 16.07251, -4.79621],
			"rotation": {"angle": -22.5, "axis": "x", "origin": [8.5, 18.07251, -1.79621]},
			"faces": {
				"east": {"uv": [0, 0, 8, 10], "texture": "#4"},
				"west": {"uv": [0, 10, 8, 0], "rotation": 180, "texture": "#4"}
			}
		},
		{
			"from": [8.5, 13.07251, 9.79621],
			"to": [8.5, 23.07251, 17.79621],
			"rotation": {"angle": -22.5, "axis": "x", "origin": [8.5, 18.07251, 17.79621]},
			"faces": {
				"east": {"uv": [0, 10, 8, 0], "rotation": 180, "texture": "#4"},
				"west": {"uv": [0, 0, 8, 10], "texture": "#4"}
			}
		},
		{
			"from": [7.5, 6.07251, -12.79621],
			"to": [7.5, 16.07251, -4.79621],
			"rotation": {"angle": -22.5, "axis": "x", "origin": [7.5, 18.07251, -1.79621]},
			"faces": {
				"east": {"uv": [8, 10, 0, 0], "rotation": 180, "texture": "#4"},
				"west": {"uv": [8, 0, 0, 10], "texture": "#4"}
			}
		},
		{
			"from": [7.5, 13.07251, 9.79621],
			"to": [7.5, 23.07251, 17.79621],
			"rotation": {"angle": -22.5, "axis": "x", "origin": [7.5, 18.07251, 17.79621]},
			"faces": {
				"east": {"uv": [8, 0, 0, 10], "texture": "#4"},
				"west": {"uv": [8, 10, 0, 0], "rotation": 180, "texture": "#4"}
			}
		},
		{
			"from": [7.6, -14.95789, 9.04265],
			"to": [8.4, -12.95789, 10.04265],
			"rotation": {"angle": 45, "axis": "x", "origin": [8, -5.025, 8.75]},
			"faces": {
				"north": {"uv": [3.9375, 0.875, 4.1875, 1], "rotation": 90, "texture": "#0"},
				"east": {"uv": [3.9375, 1, 4.1875, 1.125], "rotation": 270, "texture": "#0"},
				"south": {"uv": [3.9375, 0.875, 4.1875, 1], "rotation": 90, "texture": "#0"},
				"west": {"uv": [3.9375, 1, 4.1875, 1.125], "rotation": 270, "texture": "#0"},
				"up": {"uv": [3.125, 1.1875, 3.25, 1.3125], "rotation": 180, "texture": "#0"},
				"down": {"uv": [3.125, 1.1875, 3.25, 1.3125], "rotation": 180, "texture": "#0"}
			}
		},
		{
			"from": [6.6, -14.55789, 9.24265],
			"to": [7.4, -12.55789, 10.24265],
			"rotation": {"angle": 45, "axis": "x", "origin": [8, -5.025, 8.75]},
			"faces": {
				"north": {"uv": [3.9375, 0.875, 4.1875, 1], "rotation": 90, "texture": "#0"},
				"east": {"uv": [3.9375, 1, 4.1875, 1.125], "rotation": 270, "texture": "#0"},
				"south": {"uv": [3.9375, 0.875, 4.1875, 1], "rotation": 90, "texture": "#0"},
				"west": {"uv": [3.9375, 1, 4.1875, 1.125], "rotation": 270, "texture": "#0"},
				"up": {"uv": [3.125, 1.1875, 3.25, 1.3125], "rotation": 180, "texture": "#0"},
				"down": {"uv": [3.125, 1.1875, 3.25, 1.3125], "rotation": 180, "texture": "#0"}
			}
		},
		{
			"from": [7.25, -12.13895, 1.19245],
			"to": [8.75, -10.13895, 3.19245],
			"rotation": {"angle": -22.5, "axis": "x", "origin": [8, -5.025, 8.75]},
			"faces": {
				"north": {"uv": [0.875, 2.25, 1.0625, 2], "rotation": 180, "texture": "#0"},
				"east": {"uv": [0.4375, 2, 0.6875, 2.25], "rotation": 270, "texture": "#0"},
				"south": {"uv": [0.6875, 2, 0.875, 2.25], "texture": "#0"},
				"west": {"uv": [0.4375, 2, 0.6875, 2.25], "rotation": 90, "texture": "#0"},
				"up": {"uv": [0.6875, 2, 0.875, 2.25], "rotation": 180, "texture": "#0"},
				"down": {"uv": [0.875, 2, 1.0625, 2.25], "texture": "#0"}
			}
		},
		{
			"from": [8.6, -14.55789, 9.24265],
			"to": [9.4, -12.55789, 10.24265],
			"rotation": {"angle": 45, "axis": "x", "origin": [8, -5.025, 8.75]},
			"faces": {
				"north": {"uv": [3.9375, 0.875, 4.1875, 1], "rotation": 90, "texture": "#0"},
				"east": {"uv": [3.9375, 1, 4.1875, 1.125], "rotation": 270, "texture": "#0"},
				"south": {"uv": [3.9375, 0.875, 4.1875, 1], "rotation": 90, "texture": "#0"},
				"west": {"uv": [3.9375, 1, 4.1875, 1.125], "rotation": 270, "texture": "#0"},
				"up": {"uv": [3.125, 1.1875, 3.25, 1.3125], "rotation": 180, "texture": "#0"},
				"down": {"uv": [3.125, 1.1875, 3.25, 1.3125], "rotation": 180, "texture": "#0"}
			}
		},
		{
			"from": [6.70906, -15.50289, 5],
			"to": [6.70906, -12.40289, 7],
			"rotation": {"angle": 22.5, "axis": "x", "origin": [8, -5.025, 8.75]},
			"faces": {
				"north": {"uv": [4.375, 0, 4.7625, 0], "rotation": 90, "texture": "#0"},
				"east": {"uv": [4.4375, 0, 4.825, 0.25], "rotation": 270, "texture": "#0"},
				"south": {"uv": [3.9375, 0.875, 4.1875, 1], "rotation": 90, "texture": "#0"},
				"west": {"uv": [4.4375, 0.25, 4.825, 0], "rotation": 270, "texture": "#0"},
				"up": {"uv": [3.125, 1.1875, 3.25, 1.3125], "rotation": 180, "texture": "#0"},
				"down": {"uv": [3.125, 1.1875, 3.25, 1.3125], "rotation": 180, "texture": "#0"}
			}
		},
		{
			"from": [9.29094, -15.50289, 5],
			"to": [9.29094, -12.40289, 7],
			"rotation": {"angle": 22.5, "axis": "x", "origin": [8, -5.025, 8.75]},
			"faces": {
				"north": {"uv": [4.375, 0, 4.7625, 0], "rotation": 90, "texture": "#0"},
				"east": {"uv": [4.4375, 0, 4.825, 0.25], "rotation": 270, "texture": "#0"},
				"south": {"uv": [3.9375, 1, 4.1875, 0.875], "rotation": 90, "texture": "#0"},
				"west": {"uv": [4.4375, 0.25, 4.825, 0], "rotation": 270, "texture": "#0"},
				"up": {"uv": [3.25, 1.1875, 3.125, 1.3125], "rotation": 180, "texture": "#0"},
				"down": {"uv": [3.25, 1.1875, 3.125, 1.3125], "rotation": 180, "texture": "#0"}
			}
		},
		{
			"from": [8, -16, 4.6],
			"to": [8, -12.9, 6.6],
			"rotation": {"angle": 22.5, "axis": "x", "origin": [8, -5.025, 8.75]},
			"faces": {
				"north": {"uv": [4.375, 0, 4.7625, 0], "rotation": 90, "texture": "#0"},
				"east": {"uv": [4.4375, 0, 4.825, 0.25], "rotation": 270, "texture": "#0"},
				"south": {"uv": [3.9375, 1, 4.1875, 0.875], "rotation": 90, "texture": "#0"},
				"west": {"uv": [4.4375, 0.25, 4.825, 0], "rotation": 270, "texture": "#0"},
				"up": {"uv": [3.25, 1.1875, 3.125, 1.3125], "rotation": 180, "texture": "#0"},
				"down": {"uv": [3.25, 1.1875, 3.125, 1.3125], "rotation": 180, "texture": "#0"}
			}
		},
		{
			"from": [8, -14.08537, 6.42917],
			"to": [8, -10.98537, 8.42917],
			"rotation": {"angle": 0, "axis": "y", "origin": [8, -5.025, 8.75]},
			"faces": {
				"north": {"uv": [3.9375, 0.875, 4.1875, 1], "rotation": 90, "texture": "#0"},
				"east": {"uv": [4.4375, 0.25, 4.825, 0], "rotation": 270, "texture": "#0"},
				"south": {"uv": [4.375, 0, 4.7625, 0], "rotation": 90, "texture": "#0"},
				"west": {"uv": [4.4375, 0, 4.825, 0.25], "rotation": 270, "texture": "#0"},
				"up": {"uv": [3.25, 1.3125, 3.125, 1.1875], "rotation": 180, "texture": "#0"},
				"down": {"uv": [3.25, 1.3125, 3.125, 1.1875], "rotation": 180, "texture": "#0"}
			}
		},
		{
			"from": [6.75, -9.70976, 1.26326],
			"to": [9.25, -8.20976, 5.26326],
			"rotation": {"angle": -22.5, "axis": "x", "origin": [8, -5.025, 8.75]},
			"faces": {
				"north": {"uv": [3.625, 0.6875, 3.9375, 0.875], "texture": "#0"},
				"east": {"uv": [3.125, 0.6875, 3.625, 0.875], "texture": "#0"},
				"south": {"uv": [3.625, 0.6875, 3.9375, 0.875], "texture": "#0"},
				"west": {"uv": [3.125, 0.6875, 3.625, 0.875], "texture": "#0"},
				"up": {"uv": [3.125, 0.875, 3.625, 1.1875], "rotation": 270, "texture": "#0"},
				"down": {"uv": [3.125, 0.875, 3.625, 1.1875], "rotation": 270, "texture": "#0"}
			}
		},
		{
			"from": [7, -8.20976, 2.26326],
			"to": [9, -7.20976, 4.76326],
			"rotation": {"angle": -22.5, "axis": "x", "origin": [8, -5.025, 8.75]},
			"faces": {
				"north": {"uv": [3.9375, 0.75, 4.1875, 0.875], "texture": "#0"},
				"east": {"uv": [3.625, 1.125, 3.9375, 1.25], "texture": "#0"},
				"south": {"uv": [3.9375, 0.75, 4.1875, 0.875], "texture": "#0"},
				"west": {"uv": [3.625, 1.125, 3.9375, 1.25], "texture": "#0"},
				"up": {"uv": [3.625, 0.875, 3.9375, 1.125], "rotation": 270, "texture": "#0"},
				"down": {"uv": [3.625, 0.875, 3.9375, 1.125], "rotation": 270, "texture": "#0"}
			}
		},
		{
			"from": [7.25, -10.8655, 10.99005],
			"to": [8.75, -9.8655, 12.49005],
			"rotation": {"angle": 45, "axis": "x", "origin": [8, -5.025, 8.75]},
			"faces": {
				"north": {"uv": [2.75, 1.25, 2.9375, 1.125], "rotation": 180, "texture": "#0"},
				"east": {"uv": [2.75, 1.5625, 2.9375, 1.4375], "texture": "#0"},
				"south": {"uv": [2.75, 1.25, 2.9375, 1.125], "rotation": 180, "texture": "#0"},
				"west": {"uv": [2.75, 1.5625, 2.9375, 1.4375], "texture": "#0"},
				"up": {"uv": [2.75, 1.4375, 2.9375, 1.25], "rotation": 90, "texture": "#0"},
				"down": {"uv": [2.75, 1.4375, 2.9375, 1.25], "rotation": 90, "texture": "#0"}
			}
		},
		{
			"from": [7.5, -12.36479, 6.60955],
			"to": [8.5, -10.86479, 7.60955],
			"rotation": {"angle": 0, "axis": "y", "origin": [8, -5.025, 8.75]},
			"faces": {
				"north": {"uv": [2.9375, 1.375, 3.125, 1.25], "rotation": 90, "texture": "#0"},
				"east": {"uv": [2.9375, 1.25, 3.125, 1.125], "rotation": 270, "texture": "#0"},
				"south": {"uv": [2.9375, 1.375, 3.125, 1.25], "rotation": 90, "texture": "#0"},
				"west": {"uv": [2.9375, 1.125, 3.125, 1.25], "rotation": 270, "texture": "#0"},
				"up": {"uv": [2.75, 1.6875, 2.875, 1.5625], "rotation": 180, "texture": "#0"},
				"down": {"uv": [2.75, 1.6875, 2.875, 1.5625], "rotation": 180, "texture": "#0"}
			}
		},
		{
			"from": [8, -16, 10],
			"to": [8, -10.5, 15],
			"rotation": {"angle": 22.5, "axis": "x", "origin": [7.8, 6, 13.5]},
			"faces": {
				"north": {"uv": [0, 9, 0, 0], "texture": "#2"},
				"east": {"uv": [5, 7.5, 0, 2], "texture": "#2"},
				"south": {"uv": [0, 9, 0, 0], "texture": "#2"},
				"west": {"uv": [0, 7.5, 5, 2], "texture": "#2"},
				"up": {"uv": [0, 0, 0, 5], "texture": "#2"},
				"down": {"uv": [0, 5, 0, 0], "texture": "#2"}
			}
		},
		{
			"from": [8.2, 1.67003, -13.47769],
			"to": [8.2, 24.67003, 0.52231],
			"rotation": {"angle": -22.5, "axis": "x", "origin": [8.2, 13.41639, 2.36475]},
			"faces": {
				"north": {"uv": [1.3, 2.125, 1.0625, 1.75], "texture": "#0"},
				"east": {"uv": [13.3125, 1.75, 10.4375, 0], "rotation": 90, "texture": "#0"},
				"south": {"uv": [1.3, 2.125, 1.0625, 1.75], "texture": "#0"},
				"west": {"uv": [13.3125, 0, 10.4375, 1.75], "rotation": 90, "texture": "#0"},
				"up": {"uv": [1.375, 1.75, 1.6125, 2], "rotation": 180, "texture": "#0"},
				"down": {"uv": [1.375, 1.75, 1.6125, 2], "texture": "#0"}
			}
		},
		{
			"from": [8.2, 12.5, 10.52231],
			"to": [8.2, 18.5, 16.52231],
			"rotation": {"angle": -22.5, "axis": "x", "origin": [8.2, 13.41639, 2.36475]},
			"faces": {
				"north": {"uv": [1.3, 2.125, 1.0625, 1.75], "texture": "#0"},
				"east": {"uv": [13.3125, 0.75, 12.5625, 0], "rotation": 90, "texture": "#0"},
				"south": {"uv": [1.3, 2.125, 1.0625, 1.75], "texture": "#0"},
				"west": {"uv": [13.3125, 0, 12.5625, 0.75], "rotation": 90, "texture": "#0"},
				"up": {"uv": [1.375, 1.75, 1.6125, 2], "rotation": 180, "texture": "#0"},
				"down": {"uv": [1.375, 1.75, 1.6125, 2], "texture": "#0"}
			}
		},
		{
			"from": [8.2, 12.67003, 10.52231],
			"to": [8.2, 18.67003, 16.52231],
			"rotation": {"angle": 0, "axis": "y", "origin": [8.2, 13.41639, 2.36475]},
			"faces": {
				"north": {"uv": [1.3, 2.125, 1.0625, 1.75], "texture": "#0"},
				"east": {"uv": [13.3125, 0.75, 12.5625, 0], "rotation": 90, "texture": "#0"},
				"south": {"uv": [1.3, 2.125, 1.0625, 1.75], "texture": "#0"},
				"west": {"uv": [13.3125, 0, 12.5625, 0.75], "rotation": 90, "texture": "#0"},
				"up": {"uv": [1.375, 1.75, 1.6125, 2], "rotation": 180, "texture": "#0"},
				"down": {"uv": [1.375, 1.75, 1.6125, 2], "texture": "#0"}
			}
		},
		{
			"from": [8.2, 13.67003, 10.52231],
			"to": [8.2, 19.67003, 16.52231],
			"rotation": {"angle": 22.5, "axis": "x", "origin": [8.2, 13.41639, 2.36475]},
			"faces": {
				"north": {"uv": [1.3, 2.125, 1.0625, 1.75], "texture": "#0"},
				"east": {"uv": [13.3125, 0.75, 12.5625, 0], "rotation": 90, "texture": "#0"},
				"south": {"uv": [1.3, 2.125, 1.0625, 1.75], "texture": "#0"},
				"west": {"uv": [13.3125, 0, 12.5625, 0.75], "rotation": 90, "texture": "#0"},
				"up": {"uv": [1.375, 1.75, 1.6125, 2], "rotation": 180, "texture": "#0"},
				"down": {"uv": [1.375, 1.75, 1.6125, 2], "texture": "#0"}
			}
		},
		{
			"from": [7.43105, 9.56895, 1.6],
			"to": [11.93105, 15.56895, 6.6],
			"rotation": {"angle": -22.5, "axis": "x", "origin": [9.78806, 13.05433, 4.1]},
			"faces": {
				"north": {"uv": [0.5625, 0, 0, 0.75], "texture": "#0"},
				"east": {"uv": [0.5625, 0, 1.1875, 0.75], "texture": "#0"},
				"south": {"uv": [0, 0, 0.5625, 0.75], "texture": "#0"},
				"west": {"uv": [0.5625, 0, 1.1875, 0.75], "texture": "#0"},
				"up": {"uv": [0, 0.75, 0.5625, 1.375], "texture": "#0"},
				"down": {"uv": [0, 0.75, 0.5625, 1.375], "texture": "#0"}
			}
		},
		{
			"from": [8.65197, 15.48746, 1.85],
			"to": [11.15197, 19.48746, 6.35],
			"rotation": {"angle": -22.5, "axis": "x", "origin": [9.78806, 13.05433, 4.1]},
			"faces": {
				"north": {"uv": [0.875, 0.75, 1.1875, 1.25], "texture": "#0"},
				"east": {"uv": [1.1875, 0, 1.75, 0.5], "texture": "#0"},
				"south": {"uv": [0.875, 0.75, 1.1875, 1.25], "texture": "#0"},
				"west": {"uv": [1.1875, 0.5, 1.75, 1], "texture": "#0"},
				"up": {"uv": [0.5625, 0.75, 0.875, 1.3125], "texture": "#0"},
				"down": {"uv": [0.5625, 0.75, 0.875, 1.3125], "texture": "#0"}
			}
		},
		{
			"from": [5.93105, 9.56895, 2.35],
			"to": [7.43105, 15.56895, 5.85],
			"rotation": {"angle": -22.5, "axis": "x", "origin": [9.78806, 13.05433, 4.1]},
			"faces": {
				"north": {"uv": [2.5625, 0.5625, 2.375, 1.3125], "texture": "#0"},
				"east": {"uv": [1.9375, 0.5625, 2.375, 1.3125], "texture": "#0"},
				"south": {"uv": [2.375, 0.5625, 2.5625, 1.3125], "texture": "#0"},
				"west": {"uv": [1.9375, 0.5625, 2.375, 1.3125], "texture": "#0"},
				"up": {"uv": [1.75, 0.9375, 1.9375, 1.375], "texture": "#0"},
				"down": {"uv": [1.75, 0.9375, 1.9375, 1.375], "texture": "#0"}
			}
		},
		{
			"from": [7.11083, 14.80192, 2.6],
			"to": [8.61083, 19.30192, 5.6],
			"rotation": {"angle": -22.5, "axis": "x", "origin": [9.78806, 13.05433, 4.1]},
			"faces": {
				"north": {"uv": [1.9375, 0, 1.75, 0.5625], "texture": "#0"},
				"east": {"uv": [2.3125, 0, 2.6875, 0.5625], "texture": "#0"},
				"south": {"uv": [1.75, 0, 1.9375, 0.5625], "texture": "#0"},
				"west": {"uv": [1.9375, 0, 2.3125, 0.5625], "texture": "#0"},
				"up": {"uv": [1.75, 0.5625, 1.9375, 0.9375], "texture": "#0"},
				"down": {"uv": [1.75, 0.5625, 1.9375, 0.9375], "texture": "#0"}
			}
		},
		{
			"from": [5.6157, 9.56895, 2.00095],
			"to": [8.1157, 14.56895, 4.00095],
			"rotation": {"angle": -22.5, "axis": "x", "origin": [9.78806, 13.05433, 4.1]},
			"faces": {
				"north": {"uv": [2.6875, 0, 3, 0.625], "rotation": 180, "texture": "#0"},
				"east": {"uv": [3, 0, 3.25, 0.625], "texture": "#0"},
				"south": {"uv": [2.6875, 0, 3, 0.625], "rotation": 180, "texture": "#0"},
				"west": {"uv": [3, 0, 3.25, 0.625], "texture": "#0"},
				"up": {"uv": [1.1875, 1, 1.5, 1.25], "texture": "#0"},
				"down": {"uv": [1.1875, 1, 1.5, 1.25], "texture": "#0"}
			}
		},
		{
			"from": [10.78057, 11.81325, 0.8],
			"to": [12.78057, 15.81325, 3.3],
			"rotation": {"angle": -22.5, "axis": "x", "origin": [9.78806, 13.55433, 3.8]},
			"faces": {
				"north": {"uv": [2.875, 0.625, 3.125, 1.125], "rotation": 180, "texture": "#0"},
				"east": {"uv": [2.5625, 0.625, 2.875, 1.125], "texture": "#0"},
				"south": {"uv": [2.875, 0.625, 3.125, 1.125], "rotation": 180, "texture": "#0"},
				"west": {"uv": [2.5625, 0.625, 2.875, 1.125], "texture": "#0"},
				"up": {"uv": [1.5, 1.1875, 1.75, 1.5], "texture": "#0"},
				"down": {"uv": [1.5, 1.1875, 1.75, 1.5], "texture": "#0"}
			}
		},
		{
			"from": [6.43105, 8.56895, 2.1],
			"to": [10.93105, 9.56895, 6.1],
			"rotation": {"angle": -22.5, "axis": "x", "origin": [9.78806, 13.05433, 4.1]},
			"faces": {
				"north": {"uv": [0.25, 1.625, 0.8125, 1.75], "texture": "#0"},
				"east": {"uv": [0.25, 1.625, 0.75, 1.75], "texture": "#0"},
				"south": {"uv": [0.25, 1.625, 0.8125, 1.75], "texture": "#0"},
				"west": {"uv": [0.25, 1.625, 0.75, 1.75], "texture": "#0"},
				"up": {"uv": [0.9375, 1.25, 1.5, 1.75], "texture": "#0"},
				"down": {"uv": [0.9375, 1.25, 1.5, 1.75], "texture": "#0"}
			}
		},
		{
			"from": [11.33105, 9.9198, 1.05291],
			"to": [13.33105, 12.9198, 3.05291],
			"rotation": {"angle": 0, "axis": "y", "origin": [9.78806, 13.55433, 3.8]},
			"faces": {
				"north": {"uv": [2, 1.3125, 2.25, 1.6875], "texture": "#0"},
				"east": {"uv": [1.75, 1.375, 2, 1.75], "texture": "#0"},
				"south": {"uv": [2, 1.3125, 2.25, 1.6875], "texture": "#0"},
				"west": {"uv": [1.75, 1.375, 2, 1.75], "texture": "#0"},
				"up": {"uv": [1.5, 1.5, 1.75, 1.75], "texture": "#0"},
				"down": {"uv": [1.5, 1.5, 1.75, 1.75], "texture": "#0"}
			}
		},
		{
			"from": [8.33105, 7.64623, 2.16629],
			"to": [10.33105, 11.14623, 4.16629],
			"rotation": {"angle": 22.5, "axis": "x", "origin": [9.78806, 13.05433, 4.1]},
			"faces": {
				"north": {"uv": [0.25, 1.375, 0, 1.8125], "rotation": 180, "texture": "#0"},
				"east": {"uv": [0.25, 1.375, 0, 1.8125], "rotation": 180, "texture": "#0"},
				"south": {"uv": [0.25, 1.375, 0, 1.8125], "rotation": 180, "texture": "#0"},
				"west": {"uv": [0.25, 1.375, 0, 1.8125], "rotation": 180, "texture": "#0"},
				"up": {"uv": [0.5, 1.375, 0.25, 1.625], "rotation": 180, "texture": "#0"},
				"down": {"uv": [0.5, 1.375, 0.25, 1.625], "rotation": 180, "texture": "#0"}
			}
		},
		{
			"from": [8.73105, 11.26165, -3.32677],
			"to": [10.23105, 12.76165, -0.82677],
			"rotation": {"angle": -45, "axis": "x", "origin": [9.78806, 13.05433, 4.1]},
			"faces": {
				"north": {"uv": [1.5, 1.1875, 1.6875, 1], "rotation": 270, "texture": "#0"},
				"east": {"uv": [0.5625, 1.625, 0.75, 1.3125], "rotation": 90, "texture": "#0"},
				"south": {"uv": [1.5, 1.1875, 1.6875, 1], "rotation": 270, "texture": "#0"},
				"west": {"uv": [0.5625, 1.625, 0.75, 1.3125], "rotation": 90, "texture": "#0"},
				"up": {"uv": [0.75, 1.625, 0.9375, 1.3125], "texture": "#0"},
				"down": {"uv": [0.75, 1.625, 0.9375, 1.3125], "texture": "#0"}
			}
		},
		{
			"from": [8.73105, 11.26165, 9.02677],
			"to": [10.23105, 12.76165, 11.52677],
			"rotation": {"angle": 0, "axis": "y", "origin": [9.78806, 13.05433, 4.1]},
			"faces": {
				"north": {"uv": [1.5, 1, 1.6875, 1.1875], "rotation": 270, "texture": "#0"},
				"east": {"uv": [0.5625, 1.3125, 0.75, 1.625], "rotation": 90, "texture": "#0"},
				"south": {"uv": [1.5, 1, 1.6875, 1.1875], "rotation": 270, "texture": "#0"},
				"west": {"uv": [0.5625, 1.3125, 0.75, 1.625], "rotation": 90, "texture": "#0"},
				"up": {"uv": [0.75, 1.3125, 0.9375, 1.625], "texture": "#0"},
				"down": {"uv": [0.75, 1.3125, 0.9375, 1.625], "texture": "#0"}
			}
		},
		{
			"from": [8.33105, 12.98804, 6.0081],
			"to": [10.33105, 14.98804, 9.5081],
			"rotation": {"angle": 22.5, "axis": "x", "origin": [9.78806, 13.05433, 4.1]},
			"faces": {
				"north": {"uv": [0.5, 1.625, 0.25, 1.375], "texture": "#0"},
				"east": {"uv": [0, 1.375, 0.25, 1.8125], "rotation": 270, "texture": "#0"},
				"south": {"uv": [0.5, 1.625, 0.25, 1.375], "rotation": 180, "texture": "#0"},
				"west": {"uv": [0, 1.375, 0.25, 1.8125], "rotation": 90, "texture": "#0"},
				"up": {"uv": [0, 1.375, 0.25, 1.8125], "rotation": 180, "texture": "#0"},
				"down": {"uv": [0, 1.375, 0.25, 1.8125], "texture": "#0"}
			}
		},
		{
			"from": [5.6157, 9.56895, 4.19905],
			"to": [8.1157, 14.56895, 6.19905],
			"rotation": {"angle": -22.5, "axis": "x", "origin": [9.78806, 13.05433, 4.1]},
			"faces": {
				"north": {"uv": [3, 0, 2.6875, 0.625], "rotation": 180, "texture": "#0"},
				"east": {"uv": [3.25, 0, 3, 0.625], "texture": "#0"},
				"south": {"uv": [3, 0, 2.6875, 0.625], "rotation": 180, "texture": "#0"},
				"west": {"uv": [3.25, 0, 3, 0.625], "texture": "#0"},
				"up": {"uv": [1.1875, 1.25, 1.5, 1], "texture": "#0"},
				"down": {"uv": [1.1875, 1.25, 1.5, 1], "texture": "#0"}
			}
		},
		{
			"from": [11.33105, 9.9198, 4.54709],
			"to": [13.33105, 12.9198, 6.54709],
			"rotation": {"angle": -45, "axis": "x", "origin": [9.78806, 13.55433, 3.8]},
			"faces": {
				"north": {"uv": [2.25, 1.3125, 2, 1.6875], "texture": "#0"},
				"east": {"uv": [2, 1.375, 1.75, 1.75], "texture": "#0"},
				"south": {"uv": [2.25, 1.3125, 2, 1.6875], "texture": "#0"},
				"west": {"uv": [2, 1.375, 1.75, 1.75], "texture": "#0"},
				"up": {"uv": [1.5, 1.75, 1.75, 1.5], "texture": "#0"},
				"down": {"uv": [1.5, 1.75, 1.75, 1.5], "texture": "#0"}
			}
		},
		{
			"from": [10.78057, 11.81325, 4.3],
			"to": [12.78057, 15.81325, 6.8],
			"rotation": {"angle": -22.5, "axis": "x", "origin": [9.78806, 13.55433, 3.8]},
			"faces": {
				"north": {"uv": [3.125, 0.625, 2.875, 1.125], "rotation": 180, "texture": "#0"},
				"east": {"uv": [2.875, 0.625, 2.5625, 1.125], "texture": "#0"},
				"south": {"uv": [3.125, 0.625, 2.875, 1.125], "rotation": 180, "texture": "#0"},
				"west": {"uv": [2.875, 0.625, 2.5625, 1.125], "texture": "#0"},
				"up": {"uv": [1.5, 1.5, 1.75, 1.1875], "texture": "#0"},
				"down": {"uv": [1.5, 1.5, 1.75, 1.1875], "texture": "#0"}
			}
		},
		{
			"from": [12.5, 4.9198, 5.54709],
			"to": [15.5, 12.9198, 5.54709],
			"rotation": {"angle": -45, "axis": "x", "origin": [9.78806, 13.55433, 3.8]},
			"faces": {
				"north": {"uv": [4.4375, 0.3125, 4.8125, 1.3125], "texture": "#0"},
				"east": {"uv": [1.75, 1.375, 1.75, 2.375], "texture": "#0"},
				"south": {"uv": [4.8125, 0.3125, 4.4375, 1.3125], "texture": "#0"},
				"west": {"uv": [2, 1.375, 1.75, 1.75], "texture": "#0"},
				"up": {"uv": [1.5, 1.75, 1.75, 1.5], "texture": "#0"},
				"down": {"uv": [1.5, 1.75, 1.75, 1.5], "texture": "#0"}
			}
		},
		{
			"from": [12.5, 4.9198, 2.05291],
			"to": [15.5, 12.9198, 2.05291],
			"rotation": {"angle": 0, "axis": "y", "origin": [9.78806, 13.55433, 3.8]},
			"faces": {
				"north": {"uv": [4.4375, 0.3125, 4.8125, 1.3125], "texture": "#0"},
				"east": {"uv": [1.75, 1.375, 1.75, 2.375], "texture": "#0"},
				"south": {"uv": [4.8125, 0.3125, 4.4375, 1.3125], "texture": "#0"},
				"west": {"uv": [1.75, 1.375, 2, 1.75], "texture": "#0"},
				"up": {"uv": [1.5, 1.5, 1.75, 1.75], "texture": "#0"},
				"down": {"uv": [1.5, 1.5, 1.75, 1.75], "texture": "#0"}
			}
		},
		{
			"from": [11.5, 3.46895, 4.1],
			"to": [14.5, 11.46895, 4.1],
			"rotation": {"angle": -22.5, "axis": "x", "origin": [9.78806, 13.05433, 4.1]},
			"faces": {
				"north": {"uv": [4.4375, 0.3125, 4.8125, 1.3125], "texture": "#0"},
				"east": {"uv": [1.75, 1.375, 1.75, 2.375], "texture": "#0"},
				"south": {"uv": [4.8125, 0.3125, 4.4375, 1.3125], "texture": "#0"},
				"west": {"uv": [1.75, 1.375, 2, 1.75], "texture": "#0"},
				"up": {"uv": [1.5, 1.5, 1.75, 1.75], "texture": "#0"},
				"down": {"uv": [1.5, 1.5, 1.75, 1.75], "texture": "#0"}
			}
		},
		{
			"from": [8.5, 6.39202, -4.04057],
			"to": [8.5, 14.39202, -1.04057],
			"rotation": {"angle": -45, "axis": "x", "origin": [9.78806, 13.05433, 4.1]},
			"faces": {
				"north": {"uv": [1.75, 1.375, 2, 1.75], "texture": "#0"},
				"east": {"uv": [4.8125, 0.3125, 4.4375, 1.3125], "texture": "#0"},
				"south": {"uv": [1.75, 1.375, 1.75, 2.375], "texture": "#0"},
				"west": {"uv": [4.4375, 0.3125, 4.8125, 1.3125], "texture": "#0"},
				"up": {"uv": [1.5, 1.5, 1.75, 1.75], "rotation": 90, "texture": "#0"},
				"down": {"uv": [1.5, 1.5, 1.75, 1.75], "rotation": 270, "texture": "#0"}
			}
		},
		{
			"from": [8.5, 6.39202, 9.24057],
			"to": [8.5, 14.39202, 12.24057],
			"rotation": {"angle": 0, "axis": "y", "origin": [9.78806, 13.05433, 4.1]},
			"faces": {
				"north": {"uv": [1.75, 1.375, 1.75, 2.375], "texture": "#0"},
				"east": {"uv": [4.4375, 0.3125, 4.8125, 1.3125], "texture": "#0"},
				"south": {"uv": [2, 1.375, 1.75, 1.75], "texture": "#0"},
				"west": {"uv": [4.8125, 0.3125, 4.4375, 1.3125], "texture": "#0"},
				"up": {"uv": [1.75, 1.5, 1.5, 1.75], "rotation": 90, "texture": "#0"},
				"down": {"uv": [1.75, 1.5, 1.5, 1.75], "rotation": 270, "texture": "#0"}
			}
		},
		{
			"from": [3.67626, 6.46895, 3.97247],
			"to": [6.67626, 14.46895, 3.97247],
			"rotation": {"angle": -22.5, "axis": "x", "origin": [9.78806, 13.05433, 4.1]},
			"faces": {
				"north": {"uv": [4.8125, 0.3125, 4.4375, 1.3125], "texture": "#0"},
				"east": {"uv": [1.75, 1.375, 1.75, 2.375], "texture": "#0"},
				"south": {"uv": [4.4375, 0.3125, 4.8125, 1.3125], "texture": "#0"},
				"west": {"uv": [1.75, 1.375, 2, 1.75], "texture": "#0"},
				"up": {"uv": [1.5, 1.5, 1.75, 1.75], "texture": "#0"},
				"down": {"uv": [1.5, 1.5, 1.75, 1.75], "texture": "#0"}
			}
		},
		{
			"from": [3.67626, 6.46895, 4.22753],
			"to": [6.67626, 14.46895, 4.22753],
			"rotation": {"angle": -22.5, "axis": "x", "origin": [9.78806, 13.05433, 4.1]},
			"faces": {
				"north": {"uv": [4.8125, 0.3125, 4.4375, 1.3125], "texture": "#0"},
				"east": {"uv": [1.75, 1.375, 1.75, 2.375], "texture": "#0"},
				"south": {"uv": [4.4375, 0.3125, 4.8125, 1.3125], "texture": "#0"},
				"west": {"uv": [2, 1.375, 1.75, 1.75], "texture": "#0"},
				"up": {"uv": [1.5, 1.75, 1.75, 1.5], "texture": "#0"},
				"down": {"uv": [1.5, 1.75, 1.75, 1.5], "texture": "#0"}
			}
		},
		{
			"from": [8.3, 17.4456, -1.17027],
			"to": [8.3, 26.4456, 3.82973],
			"rotation": {"angle": -45, "axis": "x", "origin": [10.08806, 13.05433, 4.1]},
			"faces": {
				"north": {"uv": [0, 0, 0, 9], "texture": "#2"},
				"east": {"uv": [5, 0, 0, 9], "texture": "#2"},
				"south": {"uv": [0, 0, 0, 9], "texture": "#2"},
				"west": {"uv": [0, 0, 5, 9], "texture": "#2"},
				"up": {"uv": [0, 5, 0, 0], "texture": "#2"},
				"down": {"uv": [0, 0, 0, 5], "texture": "#2"}
			}
		},
		{
			"from": [8.3, 17.4456, 4.37027],
			"to": [8.3, 26.4456, 9.37027],
			"rotation": {"angle": 0, "axis": "y", "origin": [10.08806, 13.05433, 4.1]},
			"faces": {
				"north": {"uv": [0, 0, 0, 9], "texture": "#2"},
				"east": {"uv": [0, 0, 5, 9], "texture": "#2"},
				"south": {"uv": [0, 0, 0, 9], "texture": "#2"},
				"west": {"uv": [5, 0, 0, 9], "texture": "#2"},
				"up": {"uv": [0, 0, 0, 5], "texture": "#2"},
				"down": {"uv": [0, 5, 0, 0], "texture": "#2"}
			}
		},
		{
			"from": [8.1, 17.4456, 4.37027],
			"to": [8.1, 26.4456, 9.37027],
			"rotation": {"angle": 0, "axis": "y", "origin": [9.88806, 13.05433, 4.1]},
			"faces": {
				"north": {"uv": [0, 0, 0, 9], "texture": "#2"},
				"east": {"uv": [0, 0, 5, 9], "texture": "#2"},
				"south": {"uv": [0, 0, 0, 9], "texture": "#2"},
				"west": {"uv": [5, 0, 0, 9], "texture": "#2"},
				"up": {"uv": [0, 0, 0, 5], "texture": "#2"},
				"down": {"uv": [0, 5, 0, 0], "texture": "#2"}
			}
		},
		{
			"from": [8.1, 17.4456, -1.17027],
			"to": [8.1, 26.4456, 3.82973],
			"rotation": {"angle": -45, "axis": "x", "origin": [9.88806, 13.05433, 4.1]},
			"faces": {
				"north": {"uv": [0, 0, 0, 9], "texture": "#2"},
				"east": {"uv": [5, 0, 0, 9], "texture": "#2"},
				"south": {"uv": [0, 0, 0, 9], "texture": "#2"},
				"west": {"uv": [0, 0, 5, 9], "texture": "#2"},
				"up": {"uv": [0, 5, 0, 0], "texture": "#2"},
				"down": {"uv": [0, 0, 0, 5], "texture": "#2"}
			}
		},
		{
			"from": [7.82025, 15.95598, 5.7],
			"to": [8.82025, 18.95598, 5.7],
			"rotation": {"angle": -22.5, "axis": "x", "origin": [9.78806, 13.05433, 4.1]},
			"faces": {
				"north": {"uv": [4.875, 0, 5, 0.375], "texture": "#0"},
				"east": {"uv": [1.1875, 0.5, 1.75, 1], "texture": "#0"},
				"south": {"uv": [5, 0, 4.875, 0.375], "texture": "#0"},
				"west": {"uv": [1.1875, 0, 1.75, 0.5], "texture": "#0"},
				"up": {"uv": [0.875, 1.3125, 0.5625, 0.75], "texture": "#0"},
				"down": {"uv": [0.875, 1.3125, 0.5625, 0.75], "texture": "#0"}
			}
		},
		{
			"from": [7.82025, 15.95598, 2.5],
			"to": [8.82025, 18.95598, 2.5],
			"rotation": {"angle": -22.5, "axis": "x", "origin": [9.78806, 13.05433, 4.1]},
			"faces": {
				"north": {"uv": [4.875, 0, 5, 0.375], "texture": "#0"},
				"east": {"uv": [1.75, 0.5, 1.1875, 1], "texture": "#0"},
				"south": {"uv": [5, 0, 4.875, 0.375], "texture": "#0"},
				"west": {"uv": [1.75, 0, 1.1875, 0.5], "texture": "#0"},
				"up": {"uv": [0.875, 0.75, 0.5625, 1.3125], "texture": "#0"},
				"down": {"uv": [0.875, 0.75, 0.5625, 1.3125], "texture": "#0"}
			}
		},
		{
			"from": [7.55, 8.93162, -2.85767],
			"to": [9.45, 11.93162, -0.85767],
			"rotation": {"angle": 0, "axis": "y", "origin": [9.78806, 13.05433, 4.1]},
			"faces": {
				"north": {"uv": [1.3, 2.125, 1.0625, 1.75], "texture": "#0"},
				"east": {"uv": [0.625, 1.75, 1, 2], "rotation": 270, "texture": "#0"},
				"south": {"uv": [1.3, 2.125, 1.0625, 1.75], "texture": "#0"},
				"west": {"uv": [1, 1.75, 0.625, 2], "rotation": 90, "texture": "#0"},
				"up": {"uv": [1.375, 1.75, 1.6125, 2], "rotation": 180, "texture": "#0"},
				"down": {"uv": [1.375, 1.75, 1.6125, 2], "texture": "#0"}
			}
		},
		{
			"from": [7.75, 15.68435, -1.85892],
			"to": [9.25, 19.18435, -0.35892],
			"rotation": {"angle": -45, "axis": "x", "origin": [9.78806, 13.05433, 4.1]},
			"faces": {
				"north": {"uv": [0, 2.1875, 0.4375, 2], "rotation": 90, "texture": "#0"},
				"east": {"uv": [0, 2, 0.4375, 1.8125], "rotation": 270, "texture": "#0"},
				"south": {"uv": [0, 2.1875, 0.4375, 2], "rotation": 270, "texture": "#0"},
				"west": {"uv": [0, 2, 0.4375, 1.8125], "rotation": 90, "texture": "#0"},
				"up": {"uv": [0.4375, 2, 0.625, 1.8125], "texture": "#0"},
				"down": {"uv": [0.4375, 2, 0.625, 1.8125], "rotation": 180, "texture": "#0"}
			}
		},
		{
			"from": [7.75, 15.68435, 8.55892],
			"to": [9.25, 19.18435, 10.05892],
			"rotation": {"angle": 0, "axis": "y", "origin": [9.78806, 13.05433, 4.1]},
			"faces": {
				"north": {"uv": [0, 2, 0.4375, 2.1875], "rotation": 270, "texture": "#0"},
				"east": {"uv": [0, 1.8125, 0.4375, 2], "rotation": 270, "texture": "#0"},
				"south": {"uv": [0, 2, 0.4375, 2.1875], "rotation": 90, "texture": "#0"},
				"west": {"uv": [0, 1.8125, 0.4375, 2], "rotation": 90, "texture": "#0"},
				"up": {"uv": [0.4375, 1.8125, 0.625, 2], "texture": "#0"},
				"down": {"uv": [0.4375, 1.8125, 0.625, 2], "rotation": 180, "texture": "#0"}
			}
		},
		{
			"from": [7.55, 8.93162, 9.05767],
			"to": [9.45, 11.93162, 11.05767],
			"rotation": {"angle": -45, "axis": "x", "origin": [9.78806, 13.05433, 4.1]},
			"faces": {
				"north": {"uv": [1.0625, 2.125, 1.3, 1.75], "texture": "#0"},
				"east": {"uv": [0.625, 2, 1, 1.75], "rotation": 270, "texture": "#0"},
				"south": {"uv": [1.0625, 2.125, 1.3, 1.75], "texture": "#0"},
				"west": {"uv": [1, 2, 0.625, 1.75], "rotation": 90, "texture": "#0"},
				"up": {"uv": [1.375, 2, 1.6125, 1.75], "rotation": 180, "texture": "#0"},
				"down": {"uv": [1.375, 2, 1.6125, 1.75], "texture": "#0"}
			}
		},
		{
			"from": [7.45, 12.19291, 9.49379],
			"to": [9.55, 15.19291, 11.99379],
			"rotation": {"angle": 0, "axis": "y", "origin": [9.78806, 13.05433, 4.1]},
			"faces": {
				"north": {"uv": [0, 2.7625, 0.375, 2.5], "rotation": 270, "texture": "#0"},
				"east": {"uv": [0, 2.5, 0.375, 2.1875], "rotation": 270, "texture": "#0"},
				"south": {"uv": [0, 2.7625, 0.375, 2.5], "rotation": 270, "texture": "#0"},
				"west": {"uv": [0, 2.1875, 0.375, 2.5], "rotation": 270, "texture": "#0"},
				"up": {"uv": [1.625, 2.0125, 1.9375, 1.75], "rotation": 270, "texture": "#0"},
				"down": {"uv": [1.625, 2.0125, 1.9375, 1.75], "rotation": 270, "texture": "#0"}
			}
		},
		{
			"from": [7.25, 6.78678, 6.48446],
			"to": [9.75, 9.78678, 9.48446],
			"rotation": {"angle": -45, "axis": "x", "origin": [9.78806, 13.05433, 4.1]},
			"faces": {
				"north": {"uv": [3.625, 0, 3.9375, 0.375], "texture": "#0"},
				"east": {"uv": [3.25, 0, 3.625, 0.375], "texture": "#0"},
				"south": {"uv": [3.625, 0, 3.9375, 0.375], "texture": "#0"},
				"west": {"uv": [3.625, 0, 3.25, 0.375], "texture": "#0"},
				"up": {"uv": [3.25, 0.375, 3.625, 0.6875], "rotation": 90, "texture": "#0"},
				"down": {"uv": [3.625, 0.375, 3.25, 0.6875], "rotation": 90, "texture": "#0"}
			}
		},
		{
			"from": [7.05, 10.2676, 6.24414],
			"to": [9.95, 13.2676, 10.24414],
			"rotation": {"angle": 0, "axis": "y", "origin": [9.78806, 13.05433, 4.1]},
			"faces": {
				"north": {"uv": [2.5, 2.0625, 2.8125, 1.6875], "texture": "#0"},
				"east": {"uv": [2.25, 1.6875, 2.75, 1.3125], "texture": "#0"},
				"south": {"uv": [2.5, 2.0625, 2.8125, 1.6875], "texture": "#0"},
				"west": {"uv": [2.75, 1.6875, 2.25, 1.3125], "texture": "#0"},
				"up": {"uv": [2, 2, 2.5, 1.6875], "rotation": 90, "texture": "#0"},
				"down": {"uv": [2.5, 2, 2, 1.6875], "rotation": 90, "texture": "#0"}
			}
		},
		{
			"from": [7.05, 10.2676, -2.04414],
			"to": [9.95, 13.2676, 1.95586],
			"rotation": {"angle": -45, "axis": "x", "origin": [9.78806, 13.05433, 4.1]},
			"faces": {
				"north": {"uv": [2.8125, 2.0625, 2.5, 1.6875], "texture": "#0"},
				"east": {"uv": [2.75, 1.6875, 2.25, 1.3125], "texture": "#0"},
				"south": {"uv": [2.8125, 2.0625, 2.5, 1.6875], "texture": "#0"},
				"west": {"uv": [2.25, 1.6875, 2.75, 1.3125], "texture": "#0"},
				"up": {"uv": [2.5, 2, 2, 1.6875], "rotation": 90, "texture": "#0"},
				"down": {"uv": [2, 2, 2.5, 1.6875], "rotation": 90, "texture": "#0"}
			}
		},
		{
			"from": [7.25, 6.78678, -1.28446],
			"to": [9.75, 9.78678, 1.71554],
			"rotation": {"angle": 0, "axis": "y", "origin": [9.78806, 13.05433, 4.1]},
			"faces": {
				"north": {"uv": [3.9375, 0, 3.625, 0.375], "texture": "#0"},
				"east": {"uv": [3.625, 0, 3.25, 0.375], "texture": "#0"},
				"south": {"uv": [3.9375, 0, 3.625, 0.375], "texture": "#0"},
				"west": {"uv": [3.25, 0, 3.625, 0.375], "texture": "#0"},
				"up": {"uv": [3.625, 0.375, 3.25, 0.6875], "rotation": 90, "texture": "#0"},
				"down": {"uv": [3.25, 0.375, 3.625, 0.6875], "rotation": 90, "texture": "#0"}
			}
		},
		{
			"from": [7.45, 12.19291, -3.79379],
			"to": [9.55, 15.19291, -1.29379],
			"rotation": {"angle": -45, "axis": "x", "origin": [9.78806, 13.05433, 4.1]},
			"faces": {
				"north": {"uv": [0, 2.5, 0.375, 2.7625], "rotation": 270, "texture": "#0"},
				"east": {"uv": [0, 2.1875, 0.375, 2.5], "rotation": 270, "texture": "#0"},
				"south": {"uv": [0, 2.5, 0.375, 2.7625], "rotation": 270, "texture": "#0"},
				"west": {"uv": [0, 2.5, 0.375, 2.1875], "rotation": 270, "texture": "#0"},
				"up": {"uv": [1.9375, 2.0125, 1.625, 1.75], "rotation": 270, "texture": "#0"},
				"down": {"uv": [1.9375, 2.0125, 1.625, 1.75], "rotation": 270, "texture": "#0"}
			}
		}
	],
	"gui_light": "front",
	"display": {
		"thirdperson_righthand": {
			"translation": [0, 6, 1.75],
			"scale": [0.7, 0.7, 0.7]
		},
		"thirdperson_lefthand": {
			"translation": [0, 6, 1.75],
			"scale": [0.7, 0.7, 0.7]
		},
		"firstperson_righthand": {
			"rotation": [11, 0, 0],
			"translation": [5.25, 5, 0],
			"scale": [0.42227, 0.42227, 0.42227]
		},
		"firstperson_lefthand": {
			"rotation": [11, 0, 0],
			"translation": [5.25, 5, 0],
			"scale": [0.42227, 0.42227, 0.42227]
		},
		"ground": {
			"rotation": [-45, 0, 0],
			"translation": [0, 9, 0],
			"scale": [0.45, 0.45, 0.45]
		},
		"gui": {
			"rotation": [90, 45, -90],
			"translation": [1.25, -1, -1.5],
			"scale": [0.43359, 0.43359, 0.43359]
		},
		"head": {
			"scale": [0, 0, 0]
		},
		"fixed": {
			"rotation": [0, -90, 0],
			"translation": [0, 8.25, -4],
			"scale": [1.4, 1.4, 1.4]
		}
	},
	"groups": [
		0,
		1,
		2,
		3,
		4,
		5,
		6,
		7,
		8,
		{
			"name": "group",
			"origin": [8.61895, 5.16895, 8],
			"color": 0,
			"children": []
		},
		9,
		10,
		11,
		12,
		13,
		14,
		15,
		16,
		17,
		18,
		19,
		20,
		21,
		22,
		23,
		{
			"name": "group",
			"origin": [8.5, 13.41639, 2.36475],
			"color": 0,
			"children": [24, 25, 26, 27, 28, 29, 30, 31, 32, 33, 34, 35, 36, 37, 38, 39, 40, 41, 42, 43, 44, 45, 46, 47, 48, 49, 50, 51, 52, 53, 54, 55, 56, 57, 58, 59, 60, 61]
		}
	]
}