{
	"credit": "MadewithBlockbench",
	"texture_size": [128, 128],
	"textures": {
		"0": "item/dragon_crate/bahamut_texture_01",
		"1": "item/dragon_crate/bahamut_animation_01",
		"2": "item/dragon_crate/bahamut_animation_02",
		"4": "item/dragon_crate/bahamut_animation_03",
		"particle": "item/dragon_crate/bahamut_texture_01"
	},
	"elements": [
		{
			"from": [7.25, -11, 7.25],
			"to": [8.75, -2, 8.75],
			"rotation": {"angle": 0, "axis": "y", "origin": [0, -6, -9]},
			"faces": {
				"north": {"uv": [4.1875, 0, 4.375, 1.125], "texture": "#0"},
				"east": {"uv": [4.1875, 0, 4.375, 1.125], "texture": "#0"},
				"south": {"uv": [4.1875, 0, 4.375, 1.125], "texture": "#0"},
				"west": {"uv": [4.1875, 0, 4.375, 1.125], "texture": "#0"},
				"up": {"uv": [2.5625, 1.125, 2.75, 1.3125], "texture": "#0"},
				"down": {"uv": [2.5625, 1.125, 2.75, 1.3125], "texture": "#0"}
			}
		},
		{
			"from": [7, -5, 7],
			"to": [9, 1, 9],
			"rotation": {"angle": 0, "axis": "y", "origin": [0, -7, -9]},
			"faces": {
				"north": {"uv": [3.9375, 0, 4.1875, 0.75], "texture": "#0"},
				"east": {"uv": [3.9375, 0, 4.1875, 0.75], "texture": "#0"},
				"south": {"uv": [3.9375, 0, 4.1875, 0.75], "texture": "#0"},
				"west": {"uv": [3.9375, 0, 4.1875, 0.75], "texture": "#0"},
				"up": {"uv": [3.6875, 0.375, 3.9375, 0.625], "texture": "#0"},
				"down": {"uv": [3.6875, 0.375, 3.9375, 0.625], "texture": "#0"}
			}
		},
		{
			"from": [7, 21.5, 6.7],
			"to": [9, 25.5, 9.2],
			"rotation": {"angle": 0, "axis": "y", "origin": [0, -7, -9]},
			"faces": {
				"north": {"uv": [3.9375, 0.1875, 4.1875, 0.6875], "texture": "#0"},
				"east": {"uv": [3.9375, 0.1875, 4.1875, 0.6875], "texture": "#0"},
				"south": {"uv": [3.9375, 0.1875, 4.1875, 0.6875], "texture": "#0"},
				"west": {"uv": [3.9375, 0.1875, 4.1875, 0.6875], "texture": "#0"},
				"up": {"uv": [3.6875, 0.375, 3.9375, 0.625], "texture": "#0"},
				"down": {"uv": [3.6875, 0.375, 3.9375, 0.625], "texture": "#0"}
			}
		},
		{
			"from": [7.43105, -0.83105, 5.5],
			"to": [11.93105, 5.16895, 10.5],
			"rotation": {"angle": 0, "axis": "y", "origin": [9.63105, 3.3, 8]},
			"faces": {
				"north": {"uv": [0.5625, 0, 0, 0.75], "texture": "#0"},
				"east": {"uv": [0.5625, 0, 1.1875, 0.75], "texture": "#0"},
				"south": {"uv": [0, 0, 0.5625, 0.75], "texture": "#0"},
				"west": {"uv": [0.5625, 0, 1.1875, 0.75], "texture": "#0"},
				"up": {"uv": [0, 0.75, 0.5625, 1.375], "texture": "#0"},
				"down": {"uv": [0, 0.75, 0.5625, 1.375], "texture": "#0"}
			}
		},
		{
			"from": [6.43105, -1.83105, 6],
			"to": [10.93105, -0.83105, 10],
			"rotation": {"angle": 0, "axis": "y", "origin": [9.63105, 3.3, 8]},
			"faces": {
				"north": {"uv": [0.25, 1.625, 0.8125, 1.75], "texture": "#0"},
				"east": {"uv": [0.25, 1.625, 0.75, 1.75], "texture": "#0"},
				"south": {"uv": [0.25, 1.625, 0.8125, 1.75], "texture": "#0"},
				"west": {"uv": [0.25, 1.625, 0.75, 1.75], "texture": "#0"},
				"up": {"uv": [0.9375, 1.25, 1.5, 1.75], "texture": "#0"},
				"down": {"uv": [0.9375, 1.25, 1.5, 1.75], "texture": "#0"}
			}
		},
		{
			"from": [5.79509, -0.83105, 5.8028],
			"to": [8.29509, 4.16895, 7.8028],
			"rotation": {"angle": -22.5, "axis": "y", "origin": [9.63105, 3.3, 7.5]},
			"faces": {
				"north": {"uv": [2.6875, 0, 3, 0.625], "rotation": 180, "texture": "#0"},
				"east": {"uv": [3, 0, 3.25, 0.625], "texture": "#0"},
				"south": {"uv": [2.6875, 0, 3, 0.625], "rotation": 180, "texture": "#0"},
				"west": {"uv": [3, 0, 3.25, 0.625], "texture": "#0"},
				"up": {"uv": [1.1875, 1, 1.5, 1.25], "texture": "#0"},
				"down": {"uv": [1.1875, 1, 1.5, 1.25], "texture": "#0"}
			}
		},
		{
			"from": [8.73105, -1.5, 2.05397],
			"to": [10.23105, 0, 4.55397],
			"rotation": {"angle": -22.5, "axis": "x", "origin": [9.48105, -2.24858, 2.80397]},
			"faces": {
				"north": {"uv": [1.5, 1.1875, 1.6875, 1], "rotation": 270, "texture": "#0"},
				"east": {"uv": [0.5625, 1.625, 0.75, 1.3125], "rotation": 90, "texture": "#0"},
				"south": {"uv": [1.5, 1.1875, 1.6875, 1], "rotation": 270, "texture": "#0"},
				"west": {"uv": [0.5625, 1.625, 0.75, 1.3125], "rotation": 90, "texture": "#0"},
				"up": {"uv": [0.75, 1.625, 0.9375, 1.3125], "texture": "#0"},
				"down": {"uv": [0.75, 1.625, 0.9375, 1.3125], "texture": "#0"}
			}
		},
		{
			"from": [8.33105, -2.56466, 6.52284],
			"to": [10.33105, 0.93534, 8.52284],
			"rotation": {"angle": 45, "axis": "x", "origin": [9.63105, 3.3, 8]},
			"faces": {
				"north": {"uv": [0.25, 1.375, 0, 1.8125], "rotation": 180, "texture": "#0"},
				"east": {"uv": [0.25, 1.375, 0, 1.8125], "rotation": 180, "texture": "#0"},
				"south": {"uv": [0.25, 1.375, 0, 1.8125], "rotation": 180, "texture": "#0"},
				"west": {"uv": [0.25, 1.375, 0, 1.8125], "rotation": 180, "texture": "#0"},
				"up": {"uv": [0.5, 1.375, 0.25, 1.625], "rotation": 180, "texture": "#0"},
				"down": {"uv": [0.5, 1.375, 0.25, 1.625], "rotation": 180, "texture": "#0"}
			}
		},
		{
			"from": [5.79509, -0.83105, 8.1972],
			"to": [8.29509, 4.16895, 10.1972],
			"rotation": {"angle": 22.5, "axis": "y", "origin": [9.63105, 3.3, 8.5]},
			"faces": {
				"north": {"uv": [3, 0, 2.6875, 0.625], "rotation": 180, "texture": "#0"},
				"east": {"uv": [3.25, 0, 3, 0.625], "texture": "#0"},
				"south": {"uv": [3, 0, 2.6875, 0.625], "rotation": 180, "texture": "#0"},
				"west": {"uv": [3.25, 0, 3, 0.625], "texture": "#0"},
				"up": {"uv": [1.1875, 1.25, 1.5, 1], "texture": "#0"},
				"down": {"uv": [1.1875, 1.25, 1.5, 1], "texture": "#0"}
			}
		},
		{
			"from": [8, 6, 9.5],
			"to": [8, 26, 10],
			"rotation": {"angle": 0, "axis": "y", "origin": [7.05313, 7.44936, 8]},
			"faces": {
				"north": {"uv": [0, 0, 2.5, 0], "rotation": 90, "texture": "#missing"},
				"east": {"uv": [7.5625, 0, 5.0625, 0.0625], "rotation": 270, "texture": "#0"},
				"south": {"uv": [0, 0, 2.5, 0], "rotation": 270, "texture": "#missing"},
				"west": {"uv": [7.5625, 0, 5.0625, 0.0625], "rotation": 270, "texture": "#0"},
				"up": {"uv": [7.5625, 0, 7.625, 0], "rotation": 90, "texture": "#missing"},
				"down": {"uv": [7.5625, 0, 7.625, 0], "rotation": 270, "texture": "#missing"}
			}
		},
		{
			"from": [8.05313, 24.74888, -5.55589],
			"to": [8.05313, 25.24888, 14.44411],
			"rotation": {"angle": -22.5, "axis": "x", "origin": [7.05313, 7.44936, 8]},
			"faces": {
				"north": {"uv": [7.5625, 0, 7.625, 0], "rotation": 90, "texture": "#missing"},
				"east": {"uv": [7.5625, 0, 5.0625, 0.0625], "texture": "#0"},
				"south": {"uv": [7.5625, 0, 7.625, 0], "rotation": 90, "texture": "#missing"},
				"west": {"uv": [7.5625, 0, 5.0625, 0.0625], "texture": "#0"},
				"up": {"uv": [0, 0, 2.5, 0], "rotation": 270, "texture": "#missing"},
				"down": {"uv": [0, 0, 2.5, 0], "rotation": 270, "texture": "#missing"}
			}
		},
		{
			"from": [8.33105, -2.56466, 7.47716],
			"to": [10.33105, 0.93534, 9.47716],
			"rotation": {"angle": -45, "axis": "x", "origin": [9.63105, 3.3, 8]},
			"faces": {
				"north": {"uv": [0, 1.375, 0.25, 1.8125], "rotation": 180, "texture": "#0"},
				"east": {"uv": [0, 1.375, 0.25, 1.8125], "rotation": 180, "texture": "#0"},
				"south": {"uv": [0, 1.375, 0.25, 1.8125], "rotation": 180, "texture": "#0"},
				"west": {"uv": [0, 1.375, 0.25, 1.8125], "rotation": 180, "texture": "#0"},
				"up": {"uv": [0.5, 1.625, 0.25, 1.375], "rotation": 180, "texture": "#0"},
				"down": {"uv": [0.5, 1.625, 0.25, 1.375], "rotation": 180, "texture": "#0"}
			}
		},
		{
			"from": [8.73105, -1.5, 11.44603],
			"to": [10.23105, 0, 13.94603],
			"rotation": {"angle": 22.5, "axis": "x", "origin": [9.48105, -2.24858, 13.19603]},
			"faces": {
				"north": {"uv": [1.5, 1, 1.6875, 1.1875], "rotation": 270, "texture": "#0"},
				"east": {"uv": [0.5625, 1.3125, 0.75, 1.625], "rotation": 90, "texture": "#0"},
				"south": {"uv": [1.5, 1, 1.6875, 1.1875], "rotation": 270, "texture": "#0"},
				"west": {"uv": [0.5625, 1.3125, 0.75, 1.625], "rotation": 90, "texture": "#0"},
				"up": {"uv": [0.75, 1.3125, 0.9375, 1.625], "texture": "#0"},
				"down": {"uv": [0.75, 1.3125, 0.9375, 1.625], "texture": "#0"}
			}
		},
		{
			"from": [11.33105, -0.93105, 5.5],
			"to": [13.33105, 2.06895, 7.5],
			"rotation": {"angle": 22.5, "axis": "x", "origin": [9.63105, 3.3, 8]},
			"faces": {
				"north": {"uv": [2, 1.3125, 2.25, 1.6875], "texture": "#0"},
				"east": {"uv": [1.75, 1.375, 2, 1.75], "texture": "#0"},
				"south": {"uv": [2, 1.3125, 2.25, 1.6875], "texture": "#0"},
				"west": {"uv": [1.75, 1.375, 2, 1.75], "texture": "#0"},
				"up": {"uv": [1.5, 1.5, 1.75, 1.75], "texture": "#0"},
				"down": {"uv": [1.5, 1.5, 1.75, 1.75], "texture": "#0"}
			}
		},
		{
			"from": [10.52153, 0.90231, 5],
			"to": [12.52153, 4.90231, 7.5],
			"rotation": {"angle": 22.5, "axis": "z", "origin": [9.63105, 3.3, 8]},
			"faces": {
				"north": {"uv": [2.875, 0.625, 3.125, 1.125], "rotation": 180, "texture": "#0"},
				"east": {"uv": [2.5625, 0.625, 2.875, 1.125], "texture": "#0"},
				"south": {"uv": [2.875, 0.625, 3.125, 1.125], "rotation": 180, "texture": "#0"},
				"west": {"uv": [2.5625, 0.625, 2.875, 1.125], "texture": "#0"},
				"up": {"uv": [1.5, 1.1875, 1.75, 1.5], "texture": "#0"},
				"down": {"uv": [1.5, 1.1875, 1.75, 1.5], "texture": "#0"}
			}
		},
		{
			"from": [8.5, -0.92749, 11.79621],
			"to": [8.5, 9.07251, 19.79621],
			"rotation": {"angle": -22.5, "axis": "x", "origin": [8.5, 7.07251, 17.79621]},
			"faces": {
				"east": {"uv": [0, 10, 8, 0], "rotation": 180, "texture": "#4"},
				"west": {"uv": [0, 0, 8, 10], "texture": "#4"}
			}
		},
		{
			"from": [8.5, -0.92749, -3.79621],
			"to": [8.5, 9.07251, 4.20379],
			"rotation": {"angle": 22.5, "axis": "x", "origin": [8.5, 7.07251, -1.79621]},
			"faces": {
				"east": {"uv": [8, 10, 0, 0], "rotation": 180, "texture": "#4"},
				"west": {"uv": [8, 0, 0, 10], "texture": "#4"}
			}
		},
		{
			"from": [8, 5.5, -0.5],
			"to": [8, 14.5, 4.5],
			"rotation": {"angle": -22.5, "axis": "x", "origin": [7.8, 10, 2.5]},
			"faces": {
				"north": {"uv": [0, 0, 0, 9], "texture": "#2"},
				"east": {"uv": [5, 0, 0, 9], "texture": "#2"},
				"south": {"uv": [0, 0, 0, 9], "texture": "#2"},
				"west": {"uv": [0, 0, 5, 9], "texture": "#2"},
				"up": {"uv": [0, 5, 0, 0], "texture": "#2"},
				"down": {"uv": [0, 0, 0, 5], "texture": "#2"}
			}
		},
		{
			"from": [8, 5.5, 11.5],
			"to": [8, 14.5, 16.5],
			"rotation": {"angle": 22.5, "axis": "x", "origin": [7.8, 10, 13.5]},
			"faces": {
				"north": {"uv": [0, 0, 0, 9], "texture": "#2"},
				"east": {"uv": [0, 0, 5, 9], "texture": "#2"},
				"south": {"uv": [0, 0, 0, 9], "texture": "#2"},
				"west": {"uv": [5, 0, 0, 9], "texture": "#2"},
				"up": {"uv": [0, 0, 0, 5], "texture": "#2"},
				"down": {"uv": [0, 5, 0, 0], "texture": "#2"}
			}
		},
		{
			"from": [10.52153, 0.90231, 8.5],
			"to": [12.52153, 4.90231, 11],
			"rotation": {"angle": 22.5, "axis": "z", "origin": [9.63105, 3.3, 8]},
			"faces": {
				"north": {"uv": [3.125, 0.625, 2.875, 1.125], "rotation": 180, "texture": "#0"},
				"east": {"uv": [2.875, 0.625, 2.5625, 1.125], "texture": "#0"},
				"south": {"uv": [3.125, 0.625, 2.875, 1.125], "rotation": 180, "texture": "#0"},
				"west": {"uv": [2.875, 0.625, 2.5625, 1.125], "texture": "#0"},
				"up": {"uv": [1.5, 1.5, 1.75, 1.1875], "texture": "#0"},
				"down": {"uv": [1.5, 1.5, 1.75, 1.1875], "texture": "#0"}
			}
		},
		{
			"from": [11.33105, -0.93105, 8.5],
			"to": [13.33105, 2.06895, 10.5],
			"rotation": {"angle": -22.5, "axis": "x", "origin": [9.63105, 3.3, 8]},
			"faces": {
				"north": {"uv": [2.25, 1.3125, 2, 1.6875], "texture": "#0"},
				"east": {"uv": [2, 1.375, 1.75, 1.75], "texture": "#0"},
				"south": {"uv": [2.25, 1.3125, 2, 1.6875], "texture": "#0"},
				"west": {"uv": [2, 1.375, 1.75, 1.75], "texture": "#0"},
				"up": {"uv": [1.5, 1.75, 1.75, 1.5], "texture": "#0"},
				"down": {"uv": [1.5, 1.75, 1.75, 1.5], "texture": "#0"}
			}
		},
		{
			"from": [12.5, -5.93105, 9.5],
			"to": [15.5, 2.06895, 9.5],
			"rotation": {"angle": -22.5, "axis": "x", "origin": [9.63105, 3.3, 8]},
			"faces": {
				"north": {"uv": [4.4375, 0.3125, 4.8125, 1.3125], "texture": "#0"},
				"east": {"uv": [1.75, 1.375, 1.75, 2.375], "texture": "#0"},
				"south": {"uv": [4.8125, 0.3125, 4.4375, 1.3125], "texture": "#0"},
				"west": {"uv": [2, 1.375, 1.75, 1.75], "texture": "#0"},
				"up": {"uv": [1.5, 1.75, 1.75, 1.5], "texture": "#0"},
				"down": {"uv": [1.5, 1.75, 1.75, 1.5], "texture": "#0"}
			}
		},
		{
			"from": [12.5, -5.93105, 6.5],
			"to": [15.5, 2.06895, 6.5],
			"rotation": {"angle": 22.5, "axis": "x", "origin": [9.63105, 3.3, 8]},
			"faces": {
				"north": {"uv": [4.4375, 0.3125, 4.8125, 1.3125], "texture": "#0"},
				"east": {"uv": [1.75, 1.375, 1.75, 2.375], "texture": "#0"},
				"south": {"uv": [4.8125, 0.3125, 4.4375, 1.3125], "texture": "#0"},
				"west": {"uv": [1.75, 1.375, 2, 1.75], "texture": "#0"},
				"up": {"uv": [1.5, 1.5, 1.75, 1.75], "texture": "#0"},
				"down": {"uv": [1.5, 1.5, 1.75, 1.75], "texture": "#0"}
			}
		},
		{
			"from": [8.5, -4.93105, 2.5],
			"to": [8.5, 3.06895, 5.5],
			"rotation": {"angle": -22.5, "axis": "x", "origin": [14, -1.93105, 7.5]},
			"faces": {
				"north": {"uv": [1.75, 1.375, 2, 1.75], "texture": "#0"},
				"east": {"uv": [4.8125, 0.3125, 4.4375, 1.3125], "texture": "#0"},
				"south": {"uv": [1.75, 1.375, 1.75, 2.375], "texture": "#0"},
				"west": {"uv": [4.4375, 0.3125, 4.8125, 1.3125], "texture": "#0"},
				"up": {"uv": [1.5, 1.5, 1.75, 1.75], "rotation": 90, "texture": "#0"},
				"down": {"uv": [1.5, 1.5, 1.75, 1.75], "rotation": 270, "texture": "#0"}
			}
		},
		{
			"from": [4, -3.93105, 6.5],
			"to": [7, 4.06895, 6.5],
			"rotation": {"angle": -22.5, "axis": "y", "origin": [6.5, 0.06895, 6.5]},
			"faces": {
				"north": {"uv": [4.8125, 0.3125, 4.4375, 1.3125], "texture": "#0"},
				"east": {"uv": [1.75, 1.375, 1.75, 2.375], "texture": "#0"},
				"south": {"uv": [4.4375, 0.3125, 4.8125, 1.3125], "texture": "#0"},
				"west": {"uv": [1.75, 1.375, 2, 1.75], "texture": "#0"},
				"up": {"uv": [1.5, 1.5, 1.75, 1.75], "texture": "#0"},
				"down": {"uv": [1.5, 1.5, 1.75, 1.75], "texture": "#0"}
			}
		},
		{
			"from": [4, -3.93105, 9.5],
			"to": [7, 4.06895, 9.5],
			"rotation": {"angle": 22.5, "axis": "y", "origin": [6.5, 0.06895, 9.5]},
			"faces": {
				"north": {"uv": [4.8125, 0.3125, 4.4375, 1.3125], "texture": "#0"},
				"east": {"uv": [1.75, 1.375, 1.75, 2.375], "texture": "#0"},
				"south": {"uv": [4.4375, 0.3125, 4.8125, 1.3125], "texture": "#0"},
				"west": {"uv": [2, 1.375, 1.75, 1.75], "texture": "#0"},
				"up": {"uv": [1.5, 1.75, 1.75, 1.5], "texture": "#0"},
				"down": {"uv": [1.5, 1.75, 1.75, 1.5], "texture": "#0"}
			}
		},
		{
			"from": [8.5, -4.93105, 10.5],
			"to": [8.5, 3.06895, 13.5],
			"rotation": {"angle": 22.5, "axis": "x", "origin": [14, -1.93105, 8.5]},
			"faces": {
				"north": {"uv": [1.75, 1.375, 1.75, 2.375], "texture": "#0"},
				"east": {"uv": [4.4375, 0.3125, 4.8125, 1.3125], "texture": "#0"},
				"south": {"uv": [2, 1.375, 1.75, 1.75], "texture": "#0"},
				"west": {"uv": [4.8125, 0.3125, 4.4375, 1.3125], "texture": "#0"},
				"up": {"uv": [1.75, 1.5, 1.5, 1.75], "rotation": 90, "texture": "#0"},
				"down": {"uv": [1.75, 1.5, 1.5, 1.75], "rotation": 270, "texture": "#0"}
			}
		},
		{
			"from": [11.5, -6.93105, 8],
			"to": [14.5, 1.06895, 8],
			"rotation": {"angle": 0, "axis": "y", "origin": [9.63105, 3.3, 8]},
			"faces": {
				"north": {"uv": [4.4375, 0.3125, 4.8125, 1.3125], "texture": "#0"},
				"east": {"uv": [1.75, 1.375, 1.75, 2.375], "texture": "#0"},
				"south": {"uv": [4.8125, 0.3125, 4.4375, 1.3125], "texture": "#0"},
				"west": {"uv": [1.75, 1.375, 2, 1.75], "texture": "#0"},
				"up": {"uv": [1.5, 1.5, 1.75, 1.75], "texture": "#0"},
				"down": {"uv": [1.5, 1.5, 1.75, 1.75], "texture": "#0"}
			}
		},
		{
			"from": [7.43105, 5.2, 5.75],
			"to": [9.93105, 9.2, 10.25],
			"rotation": {"angle": -22.5, "axis": "z", "origin": [7.38105, 5.16895, 8]},
			"faces": {
				"north": {"uv": [0.875, 0.75, 1.1875, 1.25], "texture": "#0"},
				"east": {"uv": [1.1875, 0, 1.75, 0.5], "texture": "#0"},
				"south": {"uv": [0.875, 0.75, 1.1875, 1.25], "texture": "#0"},
				"west": {"uv": [1.1875, 0.5, 1.75, 1], "texture": "#0"},
				"up": {"uv": [0.5625, 0.75, 0.875, 1.3125], "texture": "#0"},
				"down": {"uv": [0.5625, 0.75, 0.875, 1.3125], "texture": "#0"}
			}
		},
		{
			"from": [6.43105, 5.7, 6.4],
			"to": [7.43105, 8.7, 6.4],
			"rotation": {"angle": -22.5, "axis": "z", "origin": [7.38105, 5.16895, 8]},
			"faces": {
				"north": {"uv": [4.875, 0, 5, 0.375], "texture": "#0"},
				"east": {"uv": [1.1875, 0, 1.75, 0.5], "texture": "#0"},
				"south": {"uv": [5, 0, 4.875, 0.375], "texture": "#0"},
				"west": {"uv": [1.1875, 0.5, 1.75, 1], "texture": "#0"},
				"up": {"uv": [0.5625, 0.75, 0.875, 1.3125], "texture": "#0"},
				"down": {"uv": [0.5625, 0.75, 0.875, 1.3125], "texture": "#0"}
			}
		},
		{
			"from": [6.43105, 5.7, 9.6],
			"to": [7.43105, 8.7, 9.6],
			"rotation": {"angle": -22.5, "axis": "z", "origin": [7.38105, 5.16895, 8]},
			"faces": {
				"north": {"uv": [4.875, 0, 5, 0.375], "texture": "#0"},
				"east": {"uv": [1.75, 0, 1.1875, 0.5], "texture": "#0"},
				"south": {"uv": [5, 0, 4.875, 0.375], "texture": "#0"},
				"west": {"uv": [1.75, 0.5, 1.1875, 1], "texture": "#0"},
				"up": {"uv": [0.5625, 1.3125, 0.875, 0.75], "texture": "#0"},
				"down": {"uv": [0.5625, 1.3125, 0.875, 0.75], "texture": "#0"}
			}
		},
		{
			"from": [7.56895, 5.7, 6.4],
			"to": [8.56895, 8.7, 6.4],
			"rotation": {"angle": 22.5, "axis": "z", "origin": [8.61895, 5.16895, 8]},
			"faces": {
				"north": {"uv": [5, 0, 4.875, 0.375], "texture": "#0"},
				"east": {"uv": [1.75, 0.5, 1.1875, 1], "texture": "#0"},
				"south": {"uv": [4.875, 0, 5, 0.375], "texture": "#0"},
				"west": {"uv": [1.75, 0, 1.1875, 0.5], "texture": "#0"},
				"up": {"uv": [0.875, 0.75, 0.5625, 1.3125], "texture": "#0"},
				"down": {"uv": [0.875, 0.75, 0.5625, 1.3125], "texture": "#0"}
			}
		},
		{
			"from": [7.56895, 5.7, 9.6],
			"to": [8.56895, 8.7, 9.6],
			"rotation": {"angle": 22.5, "axis": "z", "origin": [8.61895, 5.16895, 8]},
			"faces": {
				"north": {"uv": [5, 0, 4.875, 0.375], "texture": "#0"},
				"east": {"uv": [1.1875, 0.5, 1.75, 1], "texture": "#0"},
				"south": {"uv": [4.875, 0, 5, 0.375], "texture": "#0"},
				"west": {"uv": [1.1875, 0, 1.75, 0.5], "texture": "#0"},
				"up": {"uv": [0.875, 1.3125, 0.5625, 0.75], "texture": "#0"},
				"down": {"uv": [0.875, 1.3125, 0.5625, 0.75], "texture": "#0"}
			}
		},
		{
			"from": [5.93105, 4.5, 6.5],
			"to": [7.43105, 9, 9.5],
			"rotation": {"angle": 22.5, "axis": "z", "origin": [6.93105, 5.16895, 8]},
			"faces": {
				"north": {"uv": [1.9375, 0, 1.75, 0.5625], "texture": "#0"},
				"east": {"uv": [2.3125, 0, 2.6875, 0.5625], "texture": "#0"},
				"south": {"uv": [1.75, 0, 1.9375, 0.5625], "texture": "#0"},
				"west": {"uv": [1.9375, 0, 2.3125, 0.5625], "texture": "#0"},
				"up": {"uv": [1.75, 0.5625, 1.9375, 0.9375], "texture": "#0"},
				"down": {"uv": [1.75, 0.5625, 1.9375, 0.9375], "texture": "#0"}
			}
		},
		{
			"from": [5.93105, -0.83105, 6.25],
			"to": [7.43105, 5.16895, 9.75],
			"rotation": {"angle": 0, "axis": "y", "origin": [9.63105, -0.7, 8]},
			"faces": {
				"north": {"uv": [2.5625, 0.5625, 2.375, 1.3125], "texture": "#0"},
				"east": {"uv": [1.9375, 0.5625, 2.375, 1.3125], "texture": "#0"},
				"south": {"uv": [2.375, 0.5625, 2.5625, 1.3125], "texture": "#0"},
				"west": {"uv": [1.9375, 0.5625, 2.375, 1.3125], "texture": "#0"},
				"up": {"uv": [1.75, 0.9375, 1.9375, 1.375], "texture": "#0"},
				"down": {"uv": [1.75, 0.9375, 1.9375, 1.375], "texture": "#0"}
			}
		},
		{
			"from": [7.05, 0.18431, 10.73636],
			"to": [9.95, 3.18431, 14.73636],
			"rotation": {"angle": 22.5, "axis": "x", "origin": [8.5, 6.81499, 7]},
			"faces": {
				"north": {"uv": [2.5, 2.0625, 2.8125, 1.6875], "texture": "#0"},
				"east": {"uv": [2.25, 1.6875, 2.75, 1.3125], "texture": "#0"},
				"south": {"uv": [2.5, 2.0625, 2.8125, 1.6875], "texture": "#0"},
				"west": {"uv": [2.75, 1.6875, 2.25, 1.3125], "texture": "#0"},
				"up": {"uv": [2, 2, 2.5, 1.6875], "rotation": 90, "texture": "#0"},
				"down": {"uv": [2.5, 2, 2, 1.6875], "rotation": 90, "texture": "#0"}
			}
		},
		{
			"from": [7.25, -3.29651, 7.79224],
			"to": [9.75, -0.29651, 10.79224],
			"rotation": {"angle": -22.5, "axis": "x", "origin": [8.5, 6.81499, 7]},
			"faces": {
				"north": {"uv": [3.625, 0, 3.9375, 0.375], "texture": "#0"},
				"east": {"uv": [3.25, 0, 3.625, 0.375], "texture": "#0"},
				"south": {"uv": [3.625, 0, 3.9375, 0.375], "texture": "#0"},
				"west": {"uv": [3.625, 0, 3.25, 0.375], "texture": "#0"},
				"up": {"uv": [3.25, 0.375, 3.625, 0.6875], "rotation": 90, "texture": "#0"},
				"down": {"uv": [3.625, 0.375, 3.25, 0.6875], "rotation": 90, "texture": "#0"}
			}
		},
		{
			"from": [7.45, -0.38172, 12.73169],
			"to": [9.55, 2.61828, 15.23169],
			"rotation": {"angle": 22.5, "axis": "x", "origin": [8.5, 2.41639, 12.63525]},
			"faces": {
				"north": {"uv": [0, 2.7625, 0.375, 2.5], "rotation": 270, "texture": "#0"},
				"east": {"uv": [0, 2.5, 0.375, 2.1875], "rotation": 270, "texture": "#0"},
				"south": {"uv": [0, 2.7625, 0.375, 2.5], "rotation": 270, "texture": "#0"},
				"west": {"uv": [0, 2.1875, 0.375, 2.5], "rotation": 270, "texture": "#0"},
				"up": {"uv": [1.625, 2.0125, 1.9375, 1.75], "rotation": 270, "texture": "#0"},
				"down": {"uv": [1.625, 2.0125, 1.9375, 1.75], "rotation": 270, "texture": "#0"}
			}
		},
		{
			"from": [7.75, 2.88083, 10.3244],
			"to": [9.25, 4.38083, 13.8244],
			"rotation": {"angle": 45, "axis": "x", "origin": [8.5, 4.13083, 13.5744]},
			"faces": {
				"north": {"uv": [0.4375, 1.8125, 0.625, 2], "rotation": 180, "texture": "#0"},
				"east": {"uv": [0, 1.8125, 0.4375, 2], "texture": "#0"},
				"south": {"uv": [0.4375, 1.8125, 0.625, 2], "rotation": 180, "texture": "#0"},
				"west": {"uv": [0, 1.8125, 0.4375, 2], "texture": "#0"},
				"up": {"uv": [0, 2, 0.4375, 2.1875], "rotation": 90, "texture": "#0"},
				"down": {"uv": [0, 2, 0.4375, 2.1875], "rotation": 90, "texture": "#0"}
			}
		},
		{
			"from": [7.75, 2.88083, 2.1756],
			"to": [9.25, 4.38083, 5.6756],
			"rotation": {"angle": -45, "axis": "x", "origin": [8.5, 4.13083, 2.4256]},
			"faces": {
				"north": {"uv": [0.625, 1.8125, 0.4375, 2], "rotation": 180, "texture": "#0"},
				"east": {"uv": [0.4375, 1.8125, 0, 2], "texture": "#0"},
				"south": {"uv": [0.625, 1.8125, 0.4375, 2], "rotation": 180, "texture": "#0"},
				"west": {"uv": [0.4375, 1.8125, 0, 2], "texture": "#0"},
				"up": {"uv": [0.4375, 2, 0, 2.1875], "rotation": 90, "texture": "#0"},
				"down": {"uv": [0.4375, 2, 0, 2.1875], "rotation": 90, "texture": "#0"}
			}
		},
		{
			"from": [7.55, 0.67003, 1.52231],
			"to": [9.45, 3.67003, 3.52231],
			"rotation": {"angle": 22.5, "axis": "x", "origin": [8.5, 2.41639, 3.36475]},
			"faces": {
				"north": {"uv": [1.3, 2.125, 1.0625, 1.75], "texture": "#0"},
				"east": {"uv": [0.625, 1.75, 1, 2], "rotation": 270, "texture": "#0"},
				"south": {"uv": [1.3, 2.125, 1.0625, 1.75], "texture": "#0"},
				"west": {"uv": [1, 1.75, 0.625, 2], "rotation": 90, "texture": "#0"},
				"up": {"uv": [1.375, 1.75, 1.6125, 2], "rotation": 180, "texture": "#0"},
				"down": {"uv": [1.375, 1.75, 1.6125, 2], "texture": "#0"}
			}
		},
		{
			"from": [7.55, 0.67003, 12.47769],
			"to": [9.45, 3.67003, 14.47769],
			"rotation": {"angle": -22.5, "axis": "x", "origin": [8.5, 2.41639, 12.63525]},
			"faces": {
				"north": {"uv": [1.0625, 2.125, 1.3, 1.75], "texture": "#0"},
				"east": {"uv": [0.625, 2, 1, 1.75], "rotation": 270, "texture": "#0"},
				"south": {"uv": [1.0625, 2.125, 1.3, 1.75], "texture": "#0"},
				"west": {"uv": [1, 2, 0.625, 1.75], "rotation": 90, "texture": "#0"},
				"up": {"uv": [1.375, 2, 1.6125, 1.75], "rotation": 180, "texture": "#0"},
				"down": {"uv": [1.375, 2, 1.6125, 1.75], "texture": "#0"}
			}
		},
		{
			"from": [7.45, -0.38172, 0.76831],
			"to": [9.55, 2.61828, 3.26831],
			"rotation": {"angle": -22.5, "axis": "x", "origin": [8.5, 2.41639, 3.36475]},
			"faces": {
				"north": {"uv": [0, 2.5, 0.375, 2.7625], "rotation": 270, "texture": "#0"},
				"east": {"uv": [0, 2.1875, 0.375, 2.5], "rotation": 270, "texture": "#0"},
				"south": {"uv": [0, 2.5, 0.375, 2.7625], "rotation": 270, "texture": "#0"},
				"west": {"uv": [0, 2.5, 0.375, 2.1875], "rotation": 270, "texture": "#0"},
				"up": {"uv": [1.9375, 2.0125, 1.625, 1.75], "rotation": 270, "texture": "#0"},
				"down": {"uv": [1.9375, 2.0125, 1.625, 1.75], "rotation": 270, "texture": "#0"}
			}
		},
		{
			"from": [7.25, -3.29651, 5.20776],
			"to": [9.75, -0.29651, 8.20776],
			"rotation": {"angle": 22.5, "axis": "x", "origin": [8.5, 6.81499, 9]},
			"faces": {
				"north": {"uv": [3.9375, 0, 3.625, 0.375], "texture": "#0"},
				"east": {"uv": [3.625, 0, 3.25, 0.375], "texture": "#0"},
				"south": {"uv": [3.9375, 0, 3.625, 0.375], "texture": "#0"},
				"west": {"uv": [3.25, 0, 3.625, 0.375], "texture": "#0"},
				"up": {"uv": [3.625, 0.375, 3.25, 0.6875], "rotation": 90, "texture": "#0"},
				"down": {"uv": [3.25, 0.375, 3.625, 0.6875], "rotation": 90, "texture": "#0"}
			}
		},
		{
			"from": [7.05, 0.18431, 1.26364],
			"to": [9.95, 3.18431, 5.26364],
			"rotation": {"angle": -22.5, "axis": "x", "origin": [8.5, 6.81499, 9]},
			"faces": {
				"north": {"uv": [2.8125, 2.0625, 2.5, 1.6875], "texture": "#0"},
				"east": {"uv": [2.75, 1.6875, 2.25, 1.3125], "texture": "#0"},
				"south": {"uv": [2.8125, 2.0625, 2.5, 1.6875], "texture": "#0"},
				"west": {"uv": [2.25, 1.6875, 2.75, 1.3125], "texture": "#0"},
				"up": {"uv": [2.5, 2, 2, 1.6875], "rotation": 90, "texture": "#0"},
				"down": {"uv": [2, 2, 2.5, 1.6875], "rotation": 90, "texture": "#0"}
			}
		},
		{
			"from": [7.25, -14.39962, 8.16875],
			"to": [8.75, -12.39962, 10.16875],
			"rotation": {"angle": 45, "axis": "x", "origin": [8, -12.80825, 8.04579]},
			"faces": {
				"north": {"uv": [0.6875, 2, 0.875, 2.25], "texture": "#0"},
				"east": {"uv": [0.4375, 2, 0.6875, 2.25], "texture": "#0"},
				"south": {"uv": [0.875, 2, 1.0625, 2.25], "texture": "#0"},
				"west": {"uv": [0.4375, 2, 0.6875, 2.25], "texture": "#0"},
				"up": {"uv": [0.6875, 2, 0.875, 2.25], "texture": "#0"},
				"down": {"uv": [0.875, 2.25, 1.0625, 2], "texture": "#0"}
			}
		},
		{
			"from": [7.6, -15.3, 6.01433],
			"to": [8.4, -13.3, 7.01433],
			"rotation": {"angle": 22.5, "axis": "x", "origin": [8, -12.80825, 8.04579]},
			"faces": {
				"north": {"uv": [3.9375, 0.875, 4.1875, 1], "rotation": 90, "texture": "#0"},
				"east": {"uv": [3.9375, 1, 4.1875, 1.125], "rotation": 270, "texture": "#0"},
				"south": {"uv": [3.9375, 0.875, 4.1875, 1], "rotation": 90, "texture": "#0"},
				"west": {"uv": [3.9375, 1, 4.1875, 1.125], "rotation": 270, "texture": "#0"},
				"up": {"uv": [3.125, 1.1875, 3.25, 1.3125], "rotation": 180, "texture": "#0"},
				"down": {"uv": [3.125, 1.1875, 3.25, 1.3125], "rotation": 180, "texture": "#0"}
			}
		},
		{
			"from": [8.6, -14.9, 6.21433],
			"to": [9.4, -12.9, 7.21433],
			"rotation": {"angle": 22.5, "axis": "x", "origin": [8, -12.80825, 8.04579]},
			"faces": {
				"north": {"uv": [3.9375, 0.875, 4.1875, 1], "rotation": 90, "texture": "#0"},
				"east": {"uv": [3.9375, 1, 4.1875, 1.125], "rotation": 270, "texture": "#0"},
				"south": {"uv": [3.9375, 0.875, 4.1875, 1], "rotation": 90, "texture": "#0"},
				"west": {"uv": [3.9375, 1, 4.1875, 1.125], "rotation": 270, "texture": "#0"},
				"up": {"uv": [3.125, 1.1875, 3.25, 1.3125], "rotation": 180, "texture": "#0"},
				"down": {"uv": [3.125, 1.1875, 3.25, 1.3125], "rotation": 180, "texture": "#0"}
			}
		},
		{
			"from": [9.3, -15.7, 5],
			"to": [9.3, -12.6, 7],
			"rotation": {"angle": 22.5, "axis": "z", "origin": [9.3, -14.15, 6]},
			"faces": {
				"north": {"uv": [4.375, 0, 4.7625, 0], "rotation": 90, "texture": "#0"},
				"east": {"uv": [4.4375, 0, 4.825, 0.25], "rotation": 270, "texture": "#0"},
				"south": {"uv": [3.9375, 0.875, 4.1875, 1], "rotation": 90, "texture": "#0"},
				"west": {"uv": [4.4375, 0.25, 4.825, 0], "rotation": 270, "texture": "#0"},
				"up": {"uv": [3.125, 1.1875, 3.25, 1.3125], "rotation": 180, "texture": "#0"},
				"down": {"uv": [3.125, 1.1875, 3.25, 1.3125], "rotation": 180, "texture": "#0"}
			}
		},
		{
			"from": [6.7, -15.7, 5],
			"to": [6.7, -12.6, 7],
			"rotation": {"angle": -22.5, "axis": "z", "origin": [6.7, -14.15, 6]},
			"faces": {
				"north": {"uv": [4.375, 0, 4.7625, 0], "rotation": 90, "texture": "#0"},
				"east": {"uv": [4.4375, 0, 4.825, 0.25], "rotation": 270, "texture": "#0"},
				"south": {"uv": [3.9375, 1, 4.1875, 0.875], "rotation": 90, "texture": "#0"},
				"west": {"uv": [4.4375, 0.25, 4.825, 0], "rotation": 270, "texture": "#0"},
				"up": {"uv": [3.25, 1.1875, 3.125, 1.3125], "rotation": 180, "texture": "#0"},
				"down": {"uv": [3.25, 1.1875, 3.125, 1.3125], "rotation": 180, "texture": "#0"}
			}
		},
		{
			"from": [8, -16, 4.6],
			"to": [8, -12.9, 6.6],
			"rotation": {"angle": 0, "axis": "y", "origin": [8, -12.80825, 8.04579]},
			"faces": {
				"north": {"uv": [4.375, 0, 4.7625, 0], "rotation": 90, "texture": "#0"},
				"east": {"uv": [4.4375, 0, 4.825, 0.25], "rotation": 270, "texture": "#0"},
				"south": {"uv": [3.9375, 1, 4.1875, 0.875], "rotation": 90, "texture": "#0"},
				"west": {"uv": [4.4375, 0.25, 4.825, 0], "rotation": 270, "texture": "#0"},
				"up": {"uv": [3.25, 1.1875, 3.125, 1.3125], "rotation": 180, "texture": "#0"},
				"down": {"uv": [3.25, 1.1875, 3.125, 1.3125], "rotation": 180, "texture": "#0"}
			}
		},
		{
			"from": [8, -14, 9.4],
			"to": [8, -10.9, 11.4],
			"rotation": {"angle": -22.5, "axis": "x", "origin": [8, -12.45, 10.4]},
			"faces": {
				"north": {"uv": [3.9375, 0.875, 4.1875, 1], "rotation": 90, "texture": "#0"},
				"east": {"uv": [4.4375, 0.25, 4.825, 0], "rotation": 270, "texture": "#0"},
				"south": {"uv": [4.375, 0, 4.7625, 0], "rotation": 90, "texture": "#0"},
				"west": {"uv": [4.4375, 0, 4.825, 0.25], "rotation": 270, "texture": "#0"},
				"up": {"uv": [3.25, 1.3125, 3.125, 1.1875], "rotation": 180, "texture": "#0"},
				"down": {"uv": [3.25, 1.3125, 3.125, 1.1875], "rotation": 180, "texture": "#0"}
			}
		},
		{
			"from": [6.6, -14.9, 6.21433],
			"to": [7.4, -12.9, 7.21433],
			"rotation": {"angle": 22.5, "axis": "x", "origin": [8, -12.80825, 8.04579]},
			"faces": {
				"north": {"uv": [3.9375, 0.875, 4.1875, 1], "rotation": 90, "texture": "#0"},
				"east": {"uv": [3.9375, 1, 4.1875, 1.125], "rotation": 270, "texture": "#0"},
				"south": {"uv": [3.9375, 0.875, 4.1875, 1], "rotation": 90, "texture": "#0"},
				"west": {"uv": [3.9375, 1, 4.1875, 1.125], "rotation": 270, "texture": "#0"},
				"up": {"uv": [3.125, 1.1875, 3.25, 1.3125], "rotation": 180, "texture": "#0"},
				"down": {"uv": [3.125, 1.1875, 3.25, 1.3125], "rotation": 180, "texture": "#0"}
			}
		},
		{
			"from": [6.75, -12.45201, 6.57524],
			"to": [9.25, -10.95201, 10.57524],
			"rotation": {"angle": -45, "axis": "x", "origin": [8, -12.80825, 8.04579]},
			"faces": {
				"north": {"uv": [3.625, 0.6875, 3.9375, 0.875], "texture": "#0"},
				"east": {"uv": [3.125, 0.6875, 3.625, 0.875], "texture": "#0"},
				"south": {"uv": [3.625, 0.6875, 3.9375, 0.875], "texture": "#0"},
				"west": {"uv": [3.125, 0.6875, 3.625, 0.875], "texture": "#0"},
				"up": {"uv": [3.125, 0.875, 3.625, 1.1875], "rotation": 270, "texture": "#0"},
				"down": {"uv": [3.125, 0.875, 3.625, 1.1875], "rotation": 270, "texture": "#0"}
			}
		},
		{
			"from": [7, -10.95201, 7.57524],
			"to": [9, -9.95201, 10.07524],
			"rotation": {"angle": -45, "axis": "x", "origin": [8, -12.80825, 8.04579]},
			"faces": {
				"north": {"uv": [3.9375, 0.75, 4.1875, 0.875], "texture": "#0"},
				"east": {"uv": [3.625, 1.125, 3.9375, 1.25], "texture": "#0"},
				"south": {"uv": [3.9375, 0.75, 4.1875, 0.875], "texture": "#0"},
				"west": {"uv": [3.625, 1.125, 3.9375, 1.25], "texture": "#0"},
				"up": {"uv": [3.625, 0.875, 3.9375, 1.125], "rotation": 270, "texture": "#0"},
				"down": {"uv": [3.625, 0.875, 3.9375, 1.125], "rotation": 270, "texture": "#0"}
			}
		},
		{
			"from": [7.25, -11.2, 8],
			"to": [8.75, -10.2, 9.5],
			"rotation": {"angle": 22.5, "axis": "x", "origin": [8, -12.70825, 8.04579]},
			"faces": {
				"north": {"uv": [2.75, 1.25, 2.9375, 1.125], "rotation": 180, "texture": "#0"},
				"east": {"uv": [2.75, 1.5625, 2.9375, 1.4375], "texture": "#0"},
				"south": {"uv": [2.75, 1.25, 2.9375, 1.125], "rotation": 180, "texture": "#0"},
				"west": {"uv": [2.75, 1.5625, 2.9375, 1.4375], "texture": "#0"},
				"up": {"uv": [2.75, 1.4375, 2.9375, 1.25], "rotation": 90, "texture": "#0"},
				"down": {"uv": [2.75, 1.4375, 2.9375, 1.25], "rotation": 90, "texture": "#0"}
			}
		},
		{
			"from": [7.5, -13.2, 9.5],
			"to": [8.5, -11.7, 10.5],
			"rotation": {"angle": -22.5, "axis": "x", "origin": [8, -12.70825, 8.04579]},
			"faces": {
				"north": {"uv": [2.9375, 1.375, 3.125, 1.25], "rotation": 90, "texture": "#0"},
				"east": {"uv": [2.9375, 1.25, 3.125, 1.125], "rotation": 270, "texture": "#0"},
				"south": {"uv": [2.9375, 1.375, 3.125, 1.25], "rotation": 90, "texture": "#0"},
				"west": {"uv": [2.9375, 1.125, 3.125, 1.25], "rotation": 270, "texture": "#0"},
				"up": {"uv": [2.75, 1.6875, 2.875, 1.5625], "rotation": 180, "texture": "#0"},
				"down": {"uv": [2.75, 1.6875, 2.875, 1.5625], "rotation": 180, "texture": "#0"}
			}
		},
		{
			"from": [6.8, 24.95201, 5.92476],
			"to": [9.2, 25.95201, 8.42476],
			"rotation": {"angle": -45, "axis": "x", "origin": [8, 27.80825, 7.95421]},
			"faces": {
				"north": {"uv": [4.1875, 0.875, 3.9375, 0.75], "texture": "#0"},
				"east": {"uv": [3.9375, 1.25, 3.625, 1.125], "texture": "#0"},
				"south": {"uv": [4.1875, 0.875, 3.9375, 0.75], "texture": "#0"},
				"west": {"uv": [3.9375, 1.25, 3.625, 1.125], "texture": "#0"},
				"up": {"uv": [3.625, 0.875, 3.9375, 1.125], "rotation": 270, "texture": "#0"},
				"down": {"uv": [3.625, 0.875, 3.9375, 1.125], "rotation": 270, "texture": "#0"}
			}
		},
		{
			"from": [6.65, 25.95201, 5.42476],
			"to": [9.35, 27.45201, 9.42476],
			"rotation": {"angle": -45, "axis": "x", "origin": [8, 27.80825, 7.95421]},
			"faces": {
				"north": {"uv": [3.9375, 0.875, 3.625, 0.6875], "texture": "#0"},
				"east": {"uv": [3.625, 0.875, 3.125, 0.6875], "texture": "#0"},
				"south": {"uv": [3.9375, 0.875, 3.625, 0.6875], "texture": "#0"},
				"west": {"uv": [3.625, 0.875, 3.125, 0.6875], "texture": "#0"},
				"up": {"uv": [3.125, 0.875, 3.625, 1.1875], "rotation": 270, "texture": "#0"},
				"down": {"uv": [3.125, 0.875, 3.625, 1.1875], "rotation": 270, "texture": "#0"}
			}
		},
		{
			"from": [7.25, 25.2, 6.5],
			"to": [8.75, 26.2, 8],
			"rotation": {"angle": 22.5, "axis": "x", "origin": [8, 27.70825, 7.95421]},
			"faces": {
				"north": {"uv": [2.9375, 1.125, 2.75, 1.25], "rotation": 180, "texture": "#0"},
				"east": {"uv": [2.9375, 1.4375, 2.75, 1.5625], "texture": "#0"},
				"south": {"uv": [2.9375, 1.125, 2.75, 1.25], "rotation": 180, "texture": "#0"},
				"west": {"uv": [2.9375, 1.4375, 2.75, 1.5625], "texture": "#0"},
				"up": {"uv": [2.75, 1.4375, 2.9375, 1.25], "rotation": 90, "texture": "#0"},
				"down": {"uv": [2.75, 1.4375, 2.9375, 1.25], "rotation": 90, "texture": "#0"}
			}
		},
		{
			"from": [7.5, 26.7, 5.5],
			"to": [8.5, 28.2, 6.5],
			"rotation": {"angle": -22.5, "axis": "x", "origin": [8, 27.70825, 7.95421]},
			"faces": {
				"north": {"uv": [3.125, 1.25, 2.9375, 1.375], "rotation": 90, "texture": "#0"},
				"east": {"uv": [3.125, 1.125, 2.9375, 1.25], "rotation": 270, "texture": "#0"},
				"south": {"uv": [3.125, 1.25, 2.9375, 1.375], "rotation": 90, "texture": "#0"},
				"west": {"uv": [3.125, 1.25, 2.9375, 1.125], "rotation": 270, "texture": "#0"},
				"up": {"uv": [2.75, 1.6875, 2.875, 1.5625], "rotation": 180, "texture": "#0"},
				"down": {"uv": [2.75, 1.6875, 2.875, 1.5625], "rotation": 180, "texture": "#0"}
			}
		},
		{
			"from": [6.6, 27.9, 8.78567],
			"to": [7.4, 29.9, 9.78567],
			"rotation": {"angle": 22.5, "axis": "x", "origin": [8, 27.80825, 7.95421]},
			"faces": {
				"north": {"uv": [4.1875, 1, 3.9375, 0.875], "rotation": 90, "texture": "#0"},
				"east": {"uv": [4.1875, 1.125, 3.9375, 1], "rotation": 270, "texture": "#0"},
				"south": {"uv": [4.1875, 1, 3.9375, 0.875], "rotation": 90, "texture": "#0"},
				"west": {"uv": [4.1875, 1.125, 3.9375, 1], "rotation": 270, "texture": "#0"},
				"up": {"uv": [3.125, 1.1875, 3.25, 1.3125], "rotation": 180, "texture": "#0"},
				"down": {"uv": [3.125, 1.1875, 3.25, 1.3125], "rotation": 180, "texture": "#0"}
			}
		},
		{
			"from": [7.25, 27.39962, 5.83125],
			"to": [8.75, 29.39962, 7.83125],
			"rotation": {"angle": 45, "axis": "x", "origin": [8, 27.80825, 7.95421]},
			"faces": {
				"north": {"uv": [1.0625, 2.25, 0.875, 2], "texture": "#0"},
				"east": {"uv": [0.6875, 2.25, 0.4375, 2], "texture": "#0"},
				"south": {"uv": [0.875, 2.25, 0.6875, 2], "texture": "#0"},
				"west": {"uv": [0.6875, 2.25, 0.4375, 2], "texture": "#0"},
				"up": {"uv": [0.875, 2.25, 1.0625, 2], "texture": "#0"},
				"down": {"uv": [0.6875, 2, 0.875, 2.25], "texture": "#0"}
			}
		},
		{
			"from": [8, 25.9, 4.6],
			"to": [8, 29, 6.6],
			"rotation": {"angle": -22.5, "axis": "x", "origin": [8, 27.45, 5.6]},
			"faces": {
				"north": {"uv": [4.7625, 0, 4.375, 0], "rotation": 90, "texture": "#0"},
				"east": {"uv": [4.825, 0, 4.4375, 0.25], "rotation": 270, "texture": "#0"},
				"south": {"uv": [4.1875, 1, 3.9375, 0.875], "rotation": 90, "texture": "#0"},
				"west": {"uv": [4.825, 0.25, 4.4375, 0], "rotation": 270, "texture": "#0"},
				"up": {"uv": [3.25, 1.3125, 3.125, 1.1875], "rotation": 180, "texture": "#0"},
				"down": {"uv": [3.25, 1.3125, 3.125, 1.1875], "rotation": 180, "texture": "#0"}
			}
		},
		{
			"from": [6.7, 27.6, 9],
			"to": [6.7, 30.7, 11],
			"rotation": {"angle": 22.5, "axis": "z", "origin": [6.7, 29.15, 10]},
			"faces": {
				"north": {"uv": [4.1875, 0.875, 3.9375, 1], "rotation": 90, "texture": "#0"},
				"east": {"uv": [4.825, 0.25, 4.4375, 0], "rotation": 270, "texture": "#0"},
				"south": {"uv": [4.7625, 0, 4.375, 0], "rotation": 90, "texture": "#0"},
				"west": {"uv": [4.825, 0, 4.4375, 0.25], "rotation": 270, "texture": "#0"},
				"up": {"uv": [3.25, 1.1875, 3.125, 1.3125], "rotation": 180, "texture": "#0"},
				"down": {"uv": [3.25, 1.1875, 3.125, 1.3125], "rotation": 180, "texture": "#0"}
			}
		},
		{
			"from": [7.6, 28.3, 8.98567],
			"to": [8.4, 30.3, 9.98567],
			"rotation": {"angle": 22.5, "axis": "x", "origin": [8, 27.80825, 7.95421]},
			"faces": {
				"north": {"uv": [4.1875, 1, 3.9375, 0.875], "rotation": 90, "texture": "#0"},
				"east": {"uv": [4.1875, 1.125, 3.9375, 1], "rotation": 270, "texture": "#0"},
				"south": {"uv": [4.1875, 1, 3.9375, 0.875], "rotation": 90, "texture": "#0"},
				"west": {"uv": [4.1875, 1.125, 3.9375, 1], "rotation": 270, "texture": "#0"},
				"up": {"uv": [3.125, 1.1875, 3.25, 1.3125], "rotation": 180, "texture": "#0"},
				"down": {"uv": [3.125, 1.1875, 3.25, 1.3125], "rotation": 180, "texture": "#0"}
			}
		},
		{
			"from": [8, 27.9, 9.4],
			"to": [8, 31, 11.4],
			"rotation": {"angle": 0, "axis": "y", "origin": [8, 27.80825, 7.95421]},
			"faces": {
				"north": {"uv": [4.1875, 0.875, 3.9375, 1], "rotation": 90, "texture": "#0"},
				"east": {"uv": [4.825, 0.25, 4.4375, 0], "rotation": 270, "texture": "#0"},
				"south": {"uv": [4.7625, 0, 4.375, 0], "rotation": 90, "texture": "#0"},
				"west": {"uv": [4.825, 0, 4.4375, 0.25], "rotation": 270, "texture": "#0"},
				"up": {"uv": [3.25, 1.1875, 3.125, 1.3125], "rotation": 180, "texture": "#0"},
				"down": {"uv": [3.25, 1.1875, 3.125, 1.3125], "rotation": 180, "texture": "#0"}
			}
		},
		{
			"from": [8.6, 27.9, 8.78567],
			"to": [9.4, 29.9, 9.78567],
			"rotation": {"angle": 22.5, "axis": "x", "origin": [8, 27.80825, 7.95421]},
			"faces": {
				"north": {"uv": [4.1875, 1, 3.9375, 0.875], "rotation": 90, "texture": "#0"},
				"east": {"uv": [4.1875, 1.125, 3.9375, 1], "rotation": 270, "texture": "#0"},
				"south": {"uv": [4.1875, 1, 3.9375, 0.875], "rotation": 90, "texture": "#0"},
				"west": {"uv": [4.1875, 1.125, 3.9375, 1], "rotation": 270, "texture": "#0"},
				"up": {"uv": [3.125, 1.1875, 3.25, 1.3125], "rotation": 180, "texture": "#0"},
				"down": {"uv": [3.125, 1.1875, 3.25, 1.3125], "rotation": 180, "texture": "#0"}
			}
		},
		{
			"from": [9.3, 27.6, 9],
			"to": [9.3, 30.7, 11],
			"rotation": {"angle": -22.5, "axis": "z", "origin": [9.3, 29.15, 10]},
			"faces": {
				"north": {"uv": [4.1875, 1, 3.9375, 0.875], "rotation": 90, "texture": "#0"},
				"east": {"uv": [4.825, 0.25, 4.4375, 0], "rotation": 270, "texture": "#0"},
				"south": {"uv": [4.7625, 0, 4.375, 0], "rotation": 90, "texture": "#0"},
				"west": {"uv": [4.825, 0, 4.4375, 0.25], "rotation": 270, "texture": "#0"},
				"up": {"uv": [3.125, 1.1875, 3.25, 1.3125], "rotation": 180, "texture": "#0"},
				"down": {"uv": [3.125, 1.1875, 3.25, 1.3125], "rotation": 180, "texture": "#0"}
			}
		},
		{
			"from": [7.75205, 18.85, -15.55295],
			"to": [7.75205, 20.85, -12.45295],
			"rotation": {"angle": 22.5, "axis": "y", "origin": [8.3295, 17.85, -12]},
			"faces": {
				"north": {"uv": [3.25, 1.1875, 3.125, 1.3125], "texture": "#0"},
				"east": {"uv": [4.825, 0.25, 4.4375, 0], "texture": "#0"},
				"south": {"uv": [3.25, 1.1875, 3.125, 1.3125], "rotation": 180, "texture": "#0"},
				"west": {"uv": [4.825, 0, 4.4375, 0.25], "rotation": 180, "texture": "#0"},
				"up": {"uv": [4.7625, 0, 4.375, 0], "rotation": 90, "texture": "#0"},
				"down": {"uv": [4.1875, 0.875, 3.9375, 1], "rotation": 270, "texture": "#0"}
			}
		},
		{
			"from": [8.3295, 19.25, -15.4795],
			"to": [8.3295, 21.25, -12.3795],
			"rotation": {"angle": 0, "axis": "y", "origin": [8.3295, 17.85, -12]},
			"faces": {
				"north": {"uv": [3.25, 1.1875, 3.125, 1.3125], "texture": "#0"},
				"east": {"uv": [4.825, 0.25, 4.4375, 0], "texture": "#0"},
				"south": {"uv": [3.25, 1.1875, 3.125, 1.3125], "rotation": 180, "texture": "#0"},
				"west": {"uv": [4.825, 0, 4.4375, 0.25], "rotation": 180, "texture": "#0"},
				"up": {"uv": [4.7625, 0, 4.375, 0], "rotation": 90, "texture": "#0"},
				"down": {"uv": [4.1875, 0.875, 3.9375, 1], "rotation": 270, "texture": "#0"}
			}
		},
		{
			"from": [8.90696, 18.85, -15.55295],
			"to": [8.90696, 20.85, -12.45295],
			"rotation": {"angle": -22.5, "axis": "y", "origin": [8.3295, 17.85, -12]},
			"faces": {
				"north": {"uv": [3.125, 1.1875, 3.25, 1.3125], "texture": "#0"},
				"east": {"uv": [4.825, 0.25, 4.4375, 0], "texture": "#0"},
				"south": {"uv": [3.125, 1.1875, 3.25, 1.3125], "rotation": 180, "texture": "#0"},
				"west": {"uv": [4.825, 0, 4.4375, 0.25], "rotation": 180, "texture": "#0"},
				"up": {"uv": [4.7625, 0, 4.375, 0], "rotation": 90, "texture": "#0"},
				"down": {"uv": [4.1875, 1, 3.9375, 0.875], "rotation": 270, "texture": "#0"}
			}
		},
		{
			"from": [6.9295, 18.52904, -14.34008],
			"to": [7.7295, 19.52904, -12.34008],
			"rotation": {"angle": 22.5, "axis": "x", "origin": [8.3295, 17.85, -12]},
			"faces": {
				"north": {"uv": [3.125, 1.1875, 3.25, 1.3125], "texture": "#0"},
				"east": {"uv": [4.1875, 1.125, 3.9375, 1], "texture": "#0"},
				"south": {"uv": [3.125, 1.1875, 3.25, 1.3125], "rotation": 180, "texture": "#0"},
				"west": {"uv": [4.1875, 1.125, 3.9375, 1], "rotation": 180, "texture": "#0"},
				"up": {"uv": [4.1875, 1, 3.9375, 0.875], "rotation": 90, "texture": "#0"},
				"down": {"uv": [4.1875, 1, 3.9375, 0.875], "rotation": 270, "texture": "#0"}
			}
		},
		{
			"from": [7.9295, 18.72904, -14.74008],
			"to": [8.7295, 19.72904, -12.74008],
			"rotation": {"angle": 22.5, "axis": "x", "origin": [8.3295, 17.85, -12]},
			"faces": {
				"north": {"uv": [3.125, 1.1875, 3.25, 1.3125], "texture": "#0"},
				"east": {"uv": [4.1875, 1.125, 3.9375, 1], "texture": "#0"},
				"south": {"uv": [3.125, 1.1875, 3.25, 1.3125], "rotation": 180, "texture": "#0"},
				"west": {"uv": [4.1875, 1.125, 3.9375, 1], "rotation": 180, "texture": "#0"},
				"up": {"uv": [4.1875, 1, 3.9375, 0.875], "rotation": 90, "texture": "#0"},
				"down": {"uv": [4.1875, 1, 3.9375, 0.875], "rotation": 270, "texture": "#0"}
			}
		},
		{
			"from": [8.9295, 18.52904, -14.34008],
			"to": [9.7295, 19.52904, -12.34008],
			"rotation": {"angle": 22.5, "axis": "x", "origin": [8.3295, 17.85, -12]},
			"faces": {
				"north": {"uv": [3.125, 1.1875, 3.25, 1.3125], "texture": "#0"},
				"east": {"uv": [4.1875, 1.125, 3.9375, 1], "texture": "#0"},
				"south": {"uv": [3.125, 1.1875, 3.25, 1.3125], "rotation": 180, "texture": "#0"},
				"west": {"uv": [4.1875, 1.125, 3.9375, 1], "rotation": 180, "texture": "#0"},
				"up": {"uv": [4.1875, 1, 3.9375, 0.875], "rotation": 90, "texture": "#0"},
				"down": {"uv": [4.1875, 1, 3.9375, 0.875], "rotation": 270, "texture": "#0"}
			}
		},
		{
			"from": [7.8295, 15.42533, -12.68274],
			"to": [8.8295, 16.42533, -11.18274],
			"rotation": {"angle": -22.5, "axis": "x", "origin": [8.3295, 17.85, -12]},
			"faces": {
				"north": {"uv": [2.75, 1.6875, 2.875, 1.5625], "texture": "#0"},
				"east": {"uv": [3.125, 1.125, 2.9375, 1.25], "texture": "#0"},
				"south": {"uv": [2.75, 1.6875, 2.875, 1.5625], "rotation": 180, "texture": "#0"},
				"west": {"uv": [3.125, 1.25, 2.9375, 1.125], "rotation": 180, "texture": "#0"},
				"up": {"uv": [3.125, 1.25, 2.9375, 1.375], "rotation": 90, "texture": "#0"},
				"down": {"uv": [3.125, 1.25, 2.9375, 1.375], "rotation": 270, "texture": "#0"}
			}
		},
		{
			"from": [8.3295, 14.60571, -14.40331],
			"to": [8.3295, 16.60571, -11.30331],
			"rotation": {"angle": -22.5, "axis": "x", "origin": [8.3295, 17.85, -12]},
			"faces": {
				"north": {"uv": [3.25, 1.3125, 3.125, 1.1875], "texture": "#0"},
				"east": {"uv": [4.825, 0, 4.4375, 0.25], "texture": "#0"},
				"south": {"uv": [3.25, 1.3125, 3.125, 1.1875], "rotation": 180, "texture": "#0"},
				"west": {"uv": [4.825, 0.25, 4.4375, 0], "rotation": 180, "texture": "#0"},
				"up": {"uv": [4.1875, 1, 3.9375, 0.875], "rotation": 90, "texture": "#0"},
				"down": {"uv": [4.7625, 0, 4.375, 0], "rotation": 270, "texture": "#0"}
			}
		},
		{
			"from": [7.5795, 16.28164, -10.64769],
			"to": [9.0795, 17.78164, -9.64769],
			"rotation": {"angle": 22.5, "axis": "x", "origin": [8.3295, 17.85, -12]},
			"faces": {
				"north": {"uv": [2.75, 1.4375, 2.9375, 1.25], "rotation": 270, "texture": "#0"},
				"east": {"uv": [2.9375, 1.4375, 2.75, 1.5625], "rotation": 90, "texture": "#0"},
				"south": {"uv": [2.75, 1.4375, 2.9375, 1.25], "rotation": 90, "texture": "#0"},
				"west": {"uv": [2.9375, 1.4375, 2.75, 1.5625], "rotation": 270, "texture": "#0"},
				"up": {"uv": [2.9375, 1.125, 2.75, 1.25], "rotation": 180, "texture": "#0"},
				"down": {"uv": [2.9375, 1.125, 2.75, 1.25], "texture": "#0"}
			}
		},
		{
			"from": [6.9795, 15.49165, -11.87962],
			"to": [9.6795, 19.49165, -10.37962],
			"rotation": {"angle": -45, "axis": "x", "origin": [8.3295, 17.85, -12]},
			"faces": {
				"north": {"uv": [3.125, 0.875, 3.625, 1.1875], "rotation": 90, "texture": "#0"},
				"east": {"uv": [3.625, 0.875, 3.125, 0.6875], "rotation": 90, "texture": "#0"},
				"south": {"uv": [3.125, 0.875, 3.625, 1.1875], "rotation": 270, "texture": "#0"},
				"west": {"uv": [3.625, 0.875, 3.125, 0.6875], "rotation": 270, "texture": "#0"},
				"up": {"uv": [3.9375, 0.875, 3.625, 0.6875], "texture": "#0"},
				"down": {"uv": [3.9375, 0.875, 3.625, 0.6875], "rotation": 180, "texture": "#0"}
			}
		},
		{
			"from": [7.1295, 15.99165, -10.37962],
			"to": [9.5295, 18.49165, -9.37962],
			"rotation": {"angle": -45, "axis": "x", "origin": [8.3295, 17.85, -12]},
			"faces": {
				"north": {"uv": [3.625, 0.875, 3.9375, 1.125], "rotation": 90, "texture": "#0"},
				"east": {"uv": [3.9375, 1.25, 3.625, 1.125], "rotation": 90, "texture": "#0"},
				"south": {"uv": [3.625, 0.875, 3.9375, 1.125], "rotation": 270, "texture": "#0"},
				"west": {"uv": [3.9375, 1.25, 3.625, 1.125], "rotation": 270, "texture": "#0"},
				"up": {"uv": [4.1875, 0.875, 3.9375, 0.75], "texture": "#0"},
				"down": {"uv": [4.1875, 0.875, 3.9375, 0.75], "rotation": 180, "texture": "#0"}
			}
		},
		{
			"from": [7.5, 5, 7],
			"to": [8.5, 25, 9],
			"rotation": {"angle": 0, "axis": "y", "origin": [7, 4, 22]},
			"faces": {
				"north": {"uv": [0.25, 2.8125, 0.375, 5.3125], "texture": "#0"},
				"east": {"uv": [0.25, 2.8125, 0, 5.3125], "texture": "#0"},
				"south": {"uv": [0.25, 2.8125, 0.375, 5.3125], "texture": "#0"},
				"west": {"uv": [0, 2.8125, 0.25, 5.3125], "texture": "#0"},
				"up": {"uv": [0.3125, 2.8125, 0.4375, 3.125], "texture": "#0"},
				"down": {"uv": [0.3125, 2.8125, 0.4375, 3.125], "texture": "#0"}
			}
		},
		{
			"from": [8.6, 5, 7],
			"to": [8.6, 26, 9],
			"rotation": {"angle": 0, "axis": "y", "origin": [7, 4, 22]},
			"faces": {
				"north": {"uv": [0, 0, 0, 10.5], "texture": "#1"},
				"east": {"uv": [0, 0, 1, 10.5], "texture": "#1"},
				"south": {"uv": [0, 0, 0, 10.5], "texture": "#1"},
				"west": {"uv": [1, 0, 0, 10.5], "texture": "#1"},
				"up": {"uv": [0, 1, 0, 0], "texture": "#1"},
				"down": {"uv": [0, 0, 0, 1], "texture": "#1"}
			}
		},
		{
			"from": [7.4, 5, 7],
			"to": [7.4, 26, 9],
			"rotation": {"angle": 0, "axis": "y", "origin": [9, 4, 22]},
			"faces": {
				"north": {"uv": [0, 0, 0, 10.5], "texture": "#1"},
				"east": {"uv": [0, 0, 1, 10.5], "texture": "#1"},
				"south": {"uv": [0, 0, 0, 10.5], "texture": "#1"},
				"west": {"uv": [1, 0, 0, 10.5], "texture": "#1"},
				"up": {"uv": [0, 1, 0, 0], "texture": "#1"},
				"down": {"uv": [0, 0, 0, 1], "texture": "#1"}
			}
		},
		{
			"from": [7.5, 5, 9.1],
			"to": [8.5, 26, 9.1],
			"rotation": {"angle": 0, "axis": "y", "origin": [9, 4, 22]},
			"faces": {
				"north": {"uv": [0.5, 0, 0, 10.5], "texture": "#1"},
				"east": {"uv": [0, 0, 0, 10.5], "texture": "#1"},
				"south": {"uv": [0, 0, 0.5, 10.5], "texture": "#1"},
				"west": {"uv": [0, 0, 0, 10.5], "texture": "#1"},
				"up": {"uv": [0, 1, 0, 0], "rotation": 90, "texture": "#1"},
				"down": {"uv": [0, 0, 0, 1], "rotation": 270, "texture": "#1"}
			}
		},
		{
			"from": [7.5, 5, 6.9],
			"to": [8.5, 26, 6.9],
			"rotation": {"angle": 0, "axis": "y", "origin": [9, 4, -6]},
			"faces": {
				"north": {"uv": [0.5, 0, 0, 10.5], "texture": "#1"},
				"east": {"uv": [0, 0, 0, 10.5], "texture": "#1"},
				"south": {"uv": [0, 0, 0.5, 10.5], "texture": "#1"},
				"west": {"uv": [0, 0, 0, 10.5], "texture": "#1"},
				"up": {"uv": [0, 1, 0, 0], "rotation": 90, "texture": "#1"},
				"down": {"uv": [0, 0, 0, 1], "rotation": 270, "texture": "#1"}
			}
		},
		{
			"from": [7.6, 25, 9.2],
			"to": [8.4, 26.4, 10.6],
			"rotation": {"angle": 45, "axis": "x", "origin": [8, 27.6, 8]},
			"faces": {
				"north": {"uv": [0.6625, 2.25, 0.5625, 2.4375], "texture": "#0"},
				"east": {"uv": [0.5625, 2.25, 0.375, 2.4375], "texture": "#0"},
				"south": {"uv": [0.6625, 2.25, 0.5625, 2.4375], "texture": "#0"},
				"west": {"uv": [0.5625, 2.25, 0.375, 2.4375], "texture": "#0"},
				"up": {"uv": [0.6625, 2.25, 0.5625, 2.4375], "texture": "#0"},
				"down": {"uv": [0.6625, 2.25, 0.5625, 2.4375], "texture": "#0"}
			}
		},
		{
			"from": [8, -16, 6],
			"to": [8, -10.5, 11],
			"rotation": {"angle": 0, "axis": "y", "origin": [7.8, 6, 13.5]},
			"faces": {
				"north": {"uv": [0, 9, 0, 0], "texture": "#2"},
				"east": {"uv": [5, 7.5, 0, 2], "texture": "#2"},
				"south": {"uv": [0, 9, 0, 0], "texture": "#2"},
				"west": {"uv": [0, 7.5, 5, 2], "texture": "#2"},
				"up": {"uv": [0, 0, 0, 5], "texture": "#2"},
				"down": {"uv": [0, 5, 0, 0], "texture": "#2"}
			}
		},
		{
			"from": [8, 26.5, 6],
			"to": [8, 32, 11],
			"rotation": {"angle": 0, "axis": "y", "origin": [7.8, 10, 13.5]},
			"faces": {
				"north": {"uv": [0, 0, 0, 9], "texture": "#2"},
				"east": {"uv": [5, 2, 0, 7.5], "texture": "#2"},
				"south": {"uv": [0, 0, 0, 9], "texture": "#2"},
				"west": {"uv": [0, 2, 5, 7.5], "texture": "#2"},
				"up": {"uv": [0, 0, 0, 5], "texture": "#2"},
				"down": {"uv": [0, 5, 0, 0], "texture": "#2"}
			}
		}
	],
	"gui_light": "front",
	"display": {
		"thirdperson_righthand": {
			"translation": [0, 7.75, 1.75],
			"scale": [0.7, 0.7, 0.7]
		},
		"thirdperson_lefthand": {
			"translation": [0, 7.75, 1.75],
			"scale": [0.7, 0.7, 0.7]
		},
		"firstperson_righthand": {
			"rotation": [3, 0, 0],
			"translation": [4, 4.25, 0],
			"scale": [0.34375, 0.34375, 0.34375]
		},
		"firstperson_lefthand": {
			"rotation": [3, 0, 0],
			"translation": [4, 4.25, 0],
			"scale": [0.34375, 0.34375, 0.34375]
		},
		"ground": {
			"rotation": [-45, 0, 0],
			"translation": [0, 9, 0],
			"scale": [0.45, 0.45, 0.45]
		},
		"gui": {
			"rotation": [-90, -45, -90],
			"translation": [-1.5, 0, -1.5],
			"scale": [0.36328, 0.36328, 0.36328]
		},
		"head": {
			"scale": [0, 0, 0]
		},
		"fixed": {
			"rotation": [0, -90, 0],
			"translation": [0, 8.25, -4],
			"scale": [1.4, 1.4, 1.4]
		}
	}
}