{
	"credit": "Made with Blockbench",
	"textures": {
		"0": "item/blossom_crate/armor/shogun_boots",
		"particle": "item/blossom_crate/armor/shogun_boots"
	},
	"elements": [
		{
			"name": "shogun_boots_0",
			"from": [5, 5, 7.75],
			"to": [7, 11.5, 8.25],
			"rotation": {"angle": 0, "axis": "y", "origin": [0, 0, 7.75]},
			"faces": {
				"north": {"uv": [7, 4.5, 5, 11], "texture": "#0"},
				"east": {"uv": [6.5, 4.5, 7, 11], "texture": "#0"},
				"south": {"uv": [5, 4.5, 7, 11], "texture": "#0"},
				"west": {"uv": [5, 4.5, 5.5, 11], "texture": "#0"},
				"up": {"uv": [5, 4.5, 7, 5], "texture": "#0"},
				"down": {"uv": [5, 10.5, 7, 11], "texture": "#0"}
			}
		},
		{
			"name": "shogun_boots_1",
			"from": [9, 5, 7.75],
			"to": [11, 11.5, 8.25],
			"rotation": {"angle": 0, "axis": "y", "origin": [0, 0, 7.75]},
			"faces": {
				"north": {"uv": [11, 4.5, 9, 11], "texture": "#0"},
				"east": {"uv": [10.5, 4.5, 11, 11], "texture": "#0"},
				"south": {"uv": [9, 4.5, 11, 11], "texture": "#0"},
				"west": {"uv": [9, 4.5, 9.5, 11], "texture": "#0"},
				"up": {"uv": [9, 4.5, 11, 5], "texture": "#0"},
				"down": {"uv": [9, 10.5, 11, 11], "texture": "#0"}
			}
		},
		{
			"name": "shogun_boots_2",
			"from": [4.5, 4.5, 7.75],
			"to": [5, 11, 8.25],
			"rotation": {"angle": 0, "axis": "y", "origin": [0, 0, 7.75]},
			"faces": {
				"north": {"uv": [5, 5, 4.5, 11.5], "texture": "#0"},
				"east": {"uv": [4.5, 5, 5, 11.5], "texture": "#0"},
				"south": {"uv": [4.5, 5, 5, 11.5], "texture": "#0"},
				"west": {"uv": [4.5, 5, 5, 11.5], "texture": "#0"},
				"up": {"uv": [4.5, 5, 5, 5.5], "texture": "#0"},
				"down": {"uv": [4.5, 11, 5, 11.5], "texture": "#0"}
			}
		},
		{
			"name": "shogun_boots_3",
			"from": [7, 5.5, 7.75],
			"to": [7.5, 11, 8.25],
			"rotation": {"angle": 0, "axis": "y", "origin": [0, 0, 7.75]},
			"faces": {
				"north": {"uv": [7.5, 5, 7, 10.5], "texture": "#0"},
				"east": {"uv": [7, 5, 7.5, 10.5], "texture": "#0"},
				"south": {"uv": [7, 5, 7.5, 10.5], "texture": "#0"},
				"west": {"uv": [7, 5, 7.5, 10.5], "texture": "#0"},
				"up": {"uv": [7, 5, 7.5, 5.5], "texture": "#0"},
				"down": {"uv": [7, 10, 7.5, 10.5], "texture": "#0"}
			}
		},
		{
			"name": "shogun_boots_4",
			"from": [8.5, 5.5, 7.75],
			"to": [9, 11, 8.25],
			"rotation": {"angle": 0, "axis": "y", "origin": [0, 0, 7.75]},
			"faces": {
				"north": {"uv": [9, 5, 8.5, 10.5], "texture": "#0"},
				"east": {"uv": [8.5, 5, 9, 10.5], "texture": "#0"},
				"south": {"uv": [8.5, 5, 9, 10.5], "texture": "#0"},
				"west": {"uv": [8.5, 5, 9, 10.5], "texture": "#0"},
				"up": {"uv": [8.5, 5, 9, 5.5], "texture": "#0"},
				"down": {"uv": [8.5, 10, 9, 10.5], "texture": "#0"}
			}
		},
		{
			"name": "shogun_boots_5",
			"from": [11, 4.5, 7.75],
			"to": [11.5, 11, 8.25],
			"rotation": {"angle": 0, "axis": "y", "origin": [0, 0, 7.75]},
			"faces": {
				"north": {"uv": [11.5, 5, 11, 11.5], "texture": "#0"},
				"east": {"uv": [11, 5, 11.5, 11.5], "texture": "#0"},
				"south": {"uv": [11, 5, 11.5, 11.5], "texture": "#0"},
				"west": {"uv": [11, 5, 11.5, 11.5], "texture": "#0"},
				"up": {"uv": [11, 5, 11.5, 5.5], "texture": "#0"},
				"down": {"uv": [11, 11, 11.5, 11.5], "texture": "#0"}
			}
		},
		{
			"name": "shogun_boots_6",
			"from": [4, 4.5, 7.75],
			"to": [4.5, 8, 8.25],
			"rotation": {"angle": 0, "axis": "y", "origin": [0, 0, 7.75]},
			"faces": {
				"north": {"uv": [4.5, 8, 4, 11.5], "texture": "#0"},
				"east": {"uv": [4, 8, 4.5, 11.5], "texture": "#0"},
				"south": {"uv": [4, 8, 4.5, 11.5], "texture": "#0"},
				"west": {"uv": [4, 8, 4.5, 11.5], "texture": "#0"},
				"up": {"uv": [4, 8, 4.5, 8.5], "texture": "#0"},
				"down": {"uv": [4, 11, 4.5, 11.5], "texture": "#0"}
			}
		},
		{
			"name": "shogun_boots_7",
			"from": [11.5, 4.5, 7.75],
			"to": [12, 8, 8.25],
			"rotation": {"angle": 0, "axis": "y", "origin": [0, 0, 7.75]},
			"faces": {
				"north": {"uv": [12, 8, 11.5, 11.5], "texture": "#0"},
				"east": {"uv": [11.5, 8, 12, 11.5], "texture": "#0"},
				"south": {"uv": [11.5, 8, 12, 11.5], "texture": "#0"},
				"west": {"uv": [11.5, 8, 12, 11.5], "texture": "#0"},
				"up": {"uv": [11.5, 8, 12, 8.5], "texture": "#0"},
				"down": {"uv": [11.5, 11, 12, 11.5], "texture": "#0"}
			}
		},
		{
			"name": "shogun_boots_8",
			"from": [3, 4.5, 7.75],
			"to": [4, 7.5, 8.25],
			"rotation": {"angle": 0, "axis": "y", "origin": [0, 0, 7.75]},
			"faces": {
				"north": {"uv": [4, 8.5, 3, 11.5], "texture": "#0"},
				"east": {"uv": [3.5, 8.5, 4, 11.5], "texture": "#0"},
				"south": {"uv": [3, 8.5, 4, 11.5], "texture": "#0"},
				"west": {"uv": [3, 8.5, 3.5, 11.5], "texture": "#0"},
				"up": {"uv": [3, 8.5, 4, 9], "texture": "#0"},
				"down": {"uv": [3, 11, 4, 11.5], "texture": "#0"}
			}
		},
		{
			"name": "shogun_boots_9",
			"from": [12, 4.5, 7.75],
			"to": [13, 7.5, 8.25],
			"rotation": {"angle": 0, "axis": "y", "origin": [0, 0, 7.75]},
			"faces": {
				"north": {"uv": [13, 8.5, 12, 11.5], "texture": "#0"},
				"east": {"uv": [12.5, 8.5, 13, 11.5], "texture": "#0"},
				"south": {"uv": [12, 8.5, 13, 11.5], "texture": "#0"},
				"west": {"uv": [12, 8.5, 12.5, 11.5], "texture": "#0"},
				"up": {"uv": [12, 8.5, 13, 9], "texture": "#0"},
				"down": {"uv": [12, 11, 13, 11.5], "texture": "#0"}
			}
		},
		{
			"name": "shogun_boots_10",
			"from": [2.5, 4.5, 7.75],
			"to": [3, 7, 8.25],
			"rotation": {"angle": 0, "axis": "y", "origin": [0, 0, 7.75]},
			"faces": {
				"north": {"uv": [3, 9, 2.5, 11.5], "texture": "#0"},
				"east": {"uv": [2.5, 9, 3, 11.5], "texture": "#0"},
				"south": {"uv": [2.5, 9, 3, 11.5], "texture": "#0"},
				"west": {"uv": [2.5, 9, 3, 11.5], "texture": "#0"},
				"up": {"uv": [2.5, 9, 3, 9.5], "texture": "#0"},
				"down": {"uv": [2.5, 11, 3, 11.5], "texture": "#0"}
			}
		},
		{
			"name": "shogun_boots_11",
			"from": [13, 4.5, 7.75],
			"to": [13.5, 7, 8.25],
			"rotation": {"angle": 0, "axis": "y", "origin": [0, 0, 7.75]},
			"faces": {
				"north": {"uv": [13.5, 9, 13, 11.5], "texture": "#0"},
				"east": {"uv": [13, 9, 13.5, 11.5], "texture": "#0"},
				"south": {"uv": [13, 9, 13.5, 11.5], "texture": "#0"},
				"west": {"uv": [13, 9, 13.5, 11.5], "texture": "#0"},
				"up": {"uv": [13, 9, 13.5, 9.5], "texture": "#0"},
				"down": {"uv": [13, 11, 13.5, 11.5], "texture": "#0"}
			}
		},
		{
			"name": "shogun_boots_12",
			"from": [5, 4.5, 7.75],
			"to": [6.5, 5, 8.25],
			"rotation": {"angle": 0, "axis": "y", "origin": [0, 0, 7.75]},
			"faces": {
				"north": {"uv": [6.5, 11, 5, 11.5], "texture": "#0"},
				"east": {"uv": [6, 11, 6.5, 11.5], "texture": "#0"},
				"south": {"uv": [5, 11, 6.5, 11.5], "texture": "#0"},
				"west": {"uv": [5, 11, 5.5, 11.5], "texture": "#0"},
				"up": {"uv": [5, 11, 6.5, 11.5], "texture": "#0"},
				"down": {"uv": [5, 11, 6.5, 11.5], "texture": "#0"}
			}
		},
		{
			"name": "shogun_boots_13",
			"from": [9.5, 4.5, 7.75],
			"to": [11, 5, 8.25],
			"rotation": {"angle": 0, "axis": "y", "origin": [0, 0, 7.75]},
			"faces": {
				"north": {"uv": [11, 11, 9.5, 11.5], "texture": "#0"},
				"east": {"uv": [10.5, 11, 11, 11.5], "texture": "#0"},
				"south": {"uv": [9.5, 11, 11, 11.5], "texture": "#0"},
				"west": {"uv": [9.5, 11, 10, 11.5], "texture": "#0"},
				"up": {"uv": [9.5, 11, 11, 11.5], "texture": "#0"},
				"down": {"uv": [9.5, 11, 11, 11.5], "texture": "#0"}
			}
		}
	],
	"gui_light": "front",
	"groups": [
		{
			"name": "shogun_boots",
			"origin": [8, 8, 8],
			"color": 0,
			"children": [0, 1, 2, 3, 4, 5, 6, 7, 8, 9, 10, 11, 12, 13]
		}
	]
}