{
	"credit": "Made with Blockbench",
	"textures": {
		"0": "item/easter_crate/armor/easterbunnyv4_boots",
		"particle": "item/easter_crate/armor/easterbunnyv4_boots"
	},
	"elements": [
		{
			"name": "easterbunnyv4_boots_0",
			"from": [2, 5.5, 7.75],
			"to": [5.5, 8.5, 8.25],
			"rotation": {"angle": 0, "axis": "y", "origin": [0, 0, 7.75]},
			"faces": {
				"north": {"uv": [5.5, 7.5, 2, 10.5], "texture": "#0"},
				"east": {"uv": [5, 7.5, 5.5, 10.5], "texture": "#0"},
				"south": {"uv": [2, 7.5, 5.5, 10.5], "texture": "#0"},
				"west": {"uv": [2, 7.5, 2.5, 10.5], "texture": "#0"},
				"up": {"uv": [2, 7.5, 5.5, 8], "texture": "#0"},
				"down": {"uv": [2, 10, 5.5, 10.5], "texture": "#0"}
			}
		},
		{
			"name": "easterbunnyv4_boots_1",
			"from": [10.5, 5.5, 7.75],
			"to": [14, 8.5, 8.25],
			"rotation": {"angle": 0, "axis": "y", "origin": [0, 0, 7.75]},
			"faces": {
				"north": {"uv": [14, 7.5, 10.5, 10.5], "texture": "#0"},
				"east": {"uv": [13.5, 7.5, 14, 10.5], "texture": "#0"},
				"south": {"uv": [10.5, 7.5, 14, 10.5], "texture": "#0"},
				"west": {"uv": [10.5, 7.5, 11, 10.5], "texture": "#0"},
				"up": {"uv": [10.5, 7.5, 14, 8], "texture": "#0"},
				"down": {"uv": [10.5, 10, 14, 10.5], "texture": "#0"}
			}
		},
		{
			"name": "easterbunnyv4_boots_2",
			"from": [1.5, 5.5, 7.75],
			"to": [2, 8, 8.25],
			"rotation": {"angle": 0, "axis": "y", "origin": [0, 0, 7.75]},
			"faces": {
				"north": {"uv": [2, 8, 1.5, 10.5], "texture": "#0"},
				"east": {"uv": [1.5, 8, 2, 10.5], "texture": "#0"},
				"south": {"uv": [1.5, 8, 2, 10.5], "texture": "#0"},
				"west": {"uv": [1.5, 8, 2, 10.5], "texture": "#0"},
				"up": {"uv": [1.5, 8, 2, 8.5], "texture": "#0"},
				"down": {"uv": [1.5, 10, 2, 10.5], "texture": "#0"}
			}
		},
		{
			"name": "easterbunnyv4_boots_3",
			"from": [5.5, 5.5, 7.75],
			"to": [6.5, 8, 8.25],
			"rotation": {"angle": 0, "axis": "y", "origin": [0, 0, 7.75]},
			"faces": {
				"north": {"uv": [6.5, 8, 5.5, 10.5], "texture": "#0"},
				"east": {"uv": [6, 8, 6.5, 10.5], "texture": "#0"},
				"south": {"uv": [5.5, 8, 6.5, 10.5], "texture": "#0"},
				"west": {"uv": [5.5, 8, 6, 10.5], "texture": "#0"},
				"up": {"uv": [5.5, 8, 6.5, 8.5], "texture": "#0"},
				"down": {"uv": [5.5, 10, 6.5, 10.5], "texture": "#0"}
			}
		},
		{
			"name": "easterbunnyv4_boots_4",
			"from": [9.5, 5.5, 7.75],
			"to": [10.5, 8, 8.25],
			"rotation": {"angle": 0, "axis": "y", "origin": [0, 0, 7.75]},
			"faces": {
				"north": {"uv": [10.5, 8, 9.5, 10.5], "texture": "#0"},
				"east": {"uv": [10, 8, 10.5, 10.5], "texture": "#0"},
				"south": {"uv": [9.5, 8, 10.5, 10.5], "texture": "#0"},
				"west": {"uv": [9.5, 8, 10, 10.5], "texture": "#0"},
				"up": {"uv": [9.5, 8, 10.5, 8.5], "texture": "#0"},
				"down": {"uv": [9.5, 10, 10.5, 10.5], "texture": "#0"}
			}
		},
		{
			"name": "easterbunnyv4_boots_5",
			"from": [14, 5.5, 7.75],
			"to": [14.5, 8, 8.25],
			"rotation": {"angle": 0, "axis": "y", "origin": [0, 0, 7.75]},
			"faces": {
				"north": {"uv": [14.5, 8, 14, 10.5], "texture": "#0"},
				"east": {"uv": [14, 8, 14.5, 10.5], "texture": "#0"},
				"south": {"uv": [14, 8, 14.5, 10.5], "texture": "#0"},
				"west": {"uv": [14, 8, 14.5, 10.5], "texture": "#0"},
				"up": {"uv": [14, 8, 14.5, 8.5], "texture": "#0"},
				"down": {"uv": [14, 10, 14.5, 10.5], "texture": "#0"}
			}
		},
		{
			"name": "easterbunnyv4_boots_6",
			"from": [6.5, 5.5, 7.75],
			"to": [7.5, 7.5, 8.25],
			"rotation": {"angle": 0, "axis": "y", "origin": [0, 0, 7.75]},
			"faces": {
				"north": {"uv": [7.5, 8.5, 6.5, 10.5], "texture": "#0"},
				"east": {"uv": [7, 8.5, 7.5, 10.5], "texture": "#0"},
				"south": {"uv": [6.5, 8.5, 7.5, 10.5], "texture": "#0"},
				"west": {"uv": [6.5, 8.5, 7, 10.5], "texture": "#0"},
				"up": {"uv": [6.5, 8.5, 7.5, 9], "texture": "#0"},
				"down": {"uv": [6.5, 10, 7.5, 10.5], "texture": "#0"}
			}
		},
		{
			"name": "easterbunnyv4_boots_7",
			"from": [8.5, 5.5, 7.75],
			"to": [9.5, 7.5, 8.25],
			"rotation": {"angle": 0, "axis": "y", "origin": [0, 0, 7.75]},
			"faces": {
				"north": {"uv": [9.5, 8.5, 8.5, 10.5], "texture": "#0"},
				"east": {"uv": [9, 8.5, 9.5, 10.5], "texture": "#0"},
				"south": {"uv": [8.5, 8.5, 9.5, 10.5], "texture": "#0"},
				"west": {"uv": [8.5, 8.5, 9, 10.5], "texture": "#0"},
				"up": {"uv": [8.5, 8.5, 9.5, 9], "texture": "#0"},
				"down": {"uv": [8.5, 10, 9.5, 10.5], "texture": "#0"}
			}
		}
	],
	"gui_light": "front",
	"display": {},
	"groups": [
		{
			"name": "easterbunnyv4_boots",
			"origin": [8, 8, 8],
			"color": 0,
			"children": [0, 1, 2, 3, 4, 5, 6, 7]
		}
	],
	"mcmodels": "bfb4c915faef5206ff204a286bd92aa6"
}