{
	"textures": {
		"0": "item/fishing/rare/moorishidol"
	},
	"elements": [
		{
			"name": "moorishidol_0",
			"from": [5, 0, 2],
			"to": [10, 1, 14],
			"faces": {
				"north": {"uv": [10, 2, 5, 3], "texture": "#0"},
				"east": {"uv": [9, 2, 10, 14], "rotation": 90, "texture": "#0"},
				"south": {"uv": [5, 13, 10, 14], "texture": "#0"},
				"west": {"uv": [5, 2, 6, 14], "rotation": 270, "texture": "#0"},
				"up": {"uv": [5, 2, 10, 14], "texture": "#0"},
				"down": {"uv": [5, 14, 10, 2], "texture": "#0"}
			}
		},
		{
			"name": "moorishidol_1",
			"from": [14, 0, 2],
			"to": [15, 1, 11],
			"faces": {
				"north": {"uv": [15, 2, 14, 3], "texture": "#0"},
				"east": {"uv": [14, 2, 15, 11], "rotation": 90, "texture": "#0"},
				"south": {"uv": [14, 10, 15, 11], "texture": "#0"},
				"west": {"uv": [14, 2, 15, 11], "rotation": 270, "texture": "#0"},
				"up": {"uv": [14, 2, 15, 11], "texture": "#0"},
				"down": {"uv": [14, 11, 15, 2], "texture": "#0"}
			}
		},
		{
			"name": "moorishidol_2",
			"from": [3, 0, 3],
			"to": [5, 1, 10],
			"faces": {
				"north": {"uv": [5, 3, 3, 4], "texture": "#0"},
				"east": {"uv": [4, 3, 5, 10], "rotation": 90, "texture": "#0"},
				"south": {"uv": [3, 9, 5, 10], "texture": "#0"},
				"west": {"uv": [3, 3, 4, 10], "rotation": 270, "texture": "#0"},
				"up": {"uv": [3, 3, 5, 10], "texture": "#0"},
				"down": {"uv": [3, 10, 5, 3], "texture": "#0"}
			}
		},
		{
			"name": "moorishidol_3",
			"from": [10, 0, 3],
			"to": [14, 1, 14],
			"faces": {
				"north": {"uv": [14, 3, 10, 4], "texture": "#0"},
				"east": {"uv": [13, 3, 14, 14], "rotation": 90, "texture": "#0"},
				"south": {"uv": [10, 13, 14, 14], "texture": "#0"},
				"west": {"uv": [10, 3, 11, 14], "rotation": 270, "texture": "#0"},
				"up": {"uv": [10, 3, 14, 14], "texture": "#0"},
				"down": {"uv": [10, 14, 14, 3], "texture": "#0"}
			}
		},
		{
			"name": "moorishidol_4",
			"from": [15, 0, 3],
			"to": [16, 1, 5],
			"faces": {
				"north": {"uv": [16, 3, 15, 4], "texture": "#0"},
				"east": {"uv": [15, 3, 16, 5], "rotation": 90, "texture": "#0"},
				"south": {"uv": [15, 4, 16, 5], "texture": "#0"},
				"west": {"uv": [15, 3, 16, 5], "rotation": 270, "texture": "#0"},
				"up": {"uv": [15, 3, 16, 5], "texture": "#0"},
				"down": {"uv": [15, 5, 16, 3], "texture": "#0"}
			}
		},
		{
			"name": "moorishidol_5",
			"from": [2, 0, 4],
			"to": [3, 1, 9],
			"faces": {
				"north": {"uv": [3, 4, 2, 5], "texture": "#0"},
				"east": {"uv": [2, 4, 3, 9], "rotation": 90, "texture": "#0"},
				"south": {"uv": [2, 8, 3, 9], "texture": "#0"},
				"west": {"uv": [2, 4, 3, 9], "rotation": 270, "texture": "#0"},
				"up": {"uv": [2, 4, 3, 9], "texture": "#0"},
				"down": {"uv": [2, 9, 3, 4], "texture": "#0"}
			}
		},
		{
			"name": "moorishidol_6",
			"from": [1, 0, 5],
			"to": [2, 1, 8],
			"faces": {
				"north": {"uv": [2, 5, 1, 6], "texture": "#0"},
				"east": {"uv": [1, 5, 2, 8], "rotation": 90, "texture": "#0"},
				"south": {"uv": [1, 7, 2, 8], "texture": "#0"},
				"west": {"uv": [1, 5, 2, 8], "rotation": 270, "texture": "#0"},
				"up": {"uv": [1, 5, 2, 8], "texture": "#0"},
				"down": {"uv": [1, 8, 2, 5], "texture": "#0"}
			}
		},
		{
			"name": "moorishidol_7",
			"from": [0, 0, 6],
			"to": [1, 1, 9],
			"faces": {
				"north": {"uv": [1, 6, 0, 7], "texture": "#0"},
				"east": {"uv": [0, 6, 1, 9], "rotation": 90, "texture": "#0"},
				"south": {"uv": [0, 8, 1, 9], "texture": "#0"},
				"west": {"uv": [0, 6, 1, 9], "rotation": 270, "texture": "#0"},
				"up": {"uv": [0, 6, 1, 9], "texture": "#0"},
				"down": {"uv": [0, 9, 1, 6], "texture": "#0"}
			}
		},
		{
			"name": "moorishidol_8",
			"from": [15, 0, 8],
			"to": [16, 1, 12],
			"faces": {
				"north": {"uv": [16, 8, 15, 9], "texture": "#0"},
				"east": {"uv": [15, 8, 16, 12], "rotation": 90, "texture": "#0"},
				"south": {"uv": [15, 11, 16, 12], "texture": "#0"},
				"west": {"uv": [15, 8, 16, 12], "rotation": 270, "texture": "#0"},
				"up": {"uv": [15, 8, 16, 12], "texture": "#0"},
				"down": {"uv": [15, 12, 16, 8], "texture": "#0"}
			}
		},
		{
			"name": "moorishidol_9",
			"from": [4, 0, 10],
			"to": [5, 1, 14],
			"faces": {
				"north": {"uv": [5, 10, 4, 11], "texture": "#0"},
				"east": {"uv": [4, 10, 5, 14], "rotation": 90, "texture": "#0"},
				"south": {"uv": [4, 13, 5, 14], "texture": "#0"},
				"west": {"uv": [4, 10, 5, 14], "rotation": 270, "texture": "#0"},
				"up": {"uv": [4, 10, 5, 14], "texture": "#0"},
				"down": {"uv": [4, 14, 5, 10], "texture": "#0"}
			}
		},
		{
			"name": "moorishidol_10",
			"from": [3, 0, 11],
			"to": [4, 1, 13],
			"faces": {
				"north": {"uv": [4, 11, 3, 12], "texture": "#0"},
				"east": {"uv": [3, 11, 4, 13], "rotation": 90, "texture": "#0"},
				"south": {"uv": [3, 12, 4, 13], "texture": "#0"},
				"west": {"uv": [3, 11, 4, 13], "rotation": 270, "texture": "#0"},
				"up": {"uv": [3, 11, 4, 13], "texture": "#0"},
				"down": {"uv": [3, 13, 4, 11], "texture": "#0"}
			}
		},
		{
			"name": "moorishidol_11",
			"from": [5, 0, 14],
			"to": [7, 1, 15],
			"faces": {
				"north": {"uv": [7, 14, 5, 15], "texture": "#0"},
				"east": {"uv": [6, 14, 7, 15], "rotation": 90, "texture": "#0"},
				"south": {"uv": [5, 14, 7, 15], "texture": "#0"},
				"west": {"uv": [5, 14, 6, 15], "rotation": 270, "texture": "#0"},
				"up": {"uv": [5, 14, 7, 15], "texture": "#0"},
				"down": {"uv": [5, 15, 7, 14], "texture": "#0"}
			}
		},
		{
			"name": "moorishidol_12",
			"from": [8, 0, 14],
			"to": [13, 1, 15],
			"faces": {
				"north": {"uv": [13, 14, 8, 15], "texture": "#0"},
				"east": {"uv": [12, 14, 13, 15], "rotation": 90, "texture": "#0"},
				"south": {"uv": [8, 14, 13, 15], "texture": "#0"},
				"west": {"uv": [8, 14, 9, 15], "rotation": 270, "texture": "#0"},
				"up": {"uv": [8, 14, 13, 15], "texture": "#0"},
				"down": {"uv": [8, 15, 13, 14], "texture": "#0"}
			}
		},
		{
			"name": "moorishidol_13",
			"from": [9, 0, 15],
			"to": [11, 1, 16],
			"faces": {
				"north": {"uv": [11, 15, 9, 16], "texture": "#0"},
				"east": {"uv": [10, 15, 11, 16], "rotation": 90, "texture": "#0"},
				"south": {"uv": [9, 15, 11, 16], "texture": "#0"},
				"west": {"uv": [9, 15, 10, 16], "rotation": 270, "texture": "#0"},
				"up": {"uv": [9, 15, 11, 16], "texture": "#0"},
				"down": {"uv": [9, 16, 11, 15], "texture": "#0"}
			}
		}
	],
	"gui_light": "front",
	"display": {
		"thirdperson_righthand": {
			"rotation": [90, 0, 0],
			"translation": [-0.75, 2.75, 4.5],
			"scale": [0.4, 0.4, 0.4]
		},
		"thirdperson_lefthand": {
			"rotation": [90, 0, 0],
			"translation": [-0.75, 2.75, 4.5],
			"scale": [0.4, 0.4, 0.4]
		},
		"firstperson_righthand": {
			"rotation": [60, 0, 45]
		},
		"firstperson_lefthand": {
			"rotation": [84, 0, 49]
		},
		"ground": {
			"rotation": [90, 0, 0],
			"translation": [0, 0, 4],
			"scale": [0.5, 0.5, 0.5]
		},
		"gui": {
			"rotation": [90, 0, 0]
		},
		"fixed": {
			"rotation": [90, 0, 0],
			"translation": [0, 0, 7]
		}
	},
	"groups": [
		{
			"name": "moorishidol",
			"origin": [8, 8, 8],
			"color": 0,
			"boneType": "",
			"children": [0, 1, 2, 3, 4, 5, 6, 7, 8, 9, 10, 11, 12, 13]
		}
	]
}