{
	"textures": {
		"0": "item/fishing/rare/pumpkinseahorse"
	},
	"elements": [
		{
			"name": "pumpkinseahorse_0",
			"from": [8, 0, 0],
			"to": [9, 1, 16],
			"faces": {
				"north": {"uv": [9, 0, 8, 1], "texture": "#0"},
				"east": {"uv": [8, 0, 9, 16], "rotation": 90, "texture": "#0"},
				"south": {"uv": [8, 15, 9, 16], "texture": "#0"},
				"west": {"uv": [8, 0, 9, 16], "rotation": 270, "texture": "#0"},
				"up": {"uv": [8, 0, 9, 16], "texture": "#0"},
				"down": {"uv": [8, 16, 9, 0], "texture": "#0"}
			}
		},
		{
			"name": "pumpkinseahorse_1",
			"from": [6, 0, 1],
			"to": [8, 1, 7],
			"faces": {
				"north": {"uv": [8, 1, 6, 2], "texture": "#0"},
				"east": {"uv": [7, 1, 8, 7], "rotation": 90, "texture": "#0"},
				"south": {"uv": [6, 6, 8, 7], "texture": "#0"},
				"west": {"uv": [6, 1, 7, 7], "rotation": 270, "texture": "#0"},
				"up": {"uv": [6, 1, 8, 7], "texture": "#0"},
				"down": {"uv": [6, 7, 8, 1], "texture": "#0"}
			}
		},
		{
			"name": "pumpkinseahorse_2",
			"from": [9, 0, 1],
			"to": [10, 1, 16],
			"faces": {
				"north": {"uv": [10, 1, 9, 2], "texture": "#0"},
				"east": {"uv": [9, 1, 10, 16], "rotation": 90, "texture": "#0"},
				"south": {"uv": [9, 15, 10, 16], "texture": "#0"},
				"west": {"uv": [9, 1, 10, 16], "rotation": 270, "texture": "#0"},
				"up": {"uv": [9, 1, 10, 16], "texture": "#0"},
				"down": {"uv": [9, 16, 10, 1], "texture": "#0"}
			}
		},
		{
			"name": "pumpkinseahorse_3",
			"from": [5, 0, 2],
			"to": [6, 1, 5],
			"faces": {
				"north": {"uv": [6, 2, 5, 3], "texture": "#0"},
				"east": {"uv": [5, 2, 6, 5], "rotation": 90, "texture": "#0"},
				"south": {"uv": [5, 4, 6, 5], "texture": "#0"},
				"west": {"uv": [5, 2, 6, 5], "rotation": 270, "texture": "#0"},
				"up": {"uv": [5, 2, 6, 5], "texture": "#0"},
				"down": {"uv": [5, 5, 6, 2], "texture": "#0"}
			}
		},
		{
			"name": "pumpkinseahorse_4",
			"from": [10, 0, 2],
			"to": [11, 1, 16],
			"faces": {
				"north": {"uv": [11, 2, 10, 3], "texture": "#0"},
				"east": {"uv": [10, 2, 11, 16], "rotation": 90, "texture": "#0"},
				"south": {"uv": [10, 15, 11, 16], "texture": "#0"},
				"west": {"uv": [10, 2, 11, 16], "rotation": 270, "texture": "#0"},
				"up": {"uv": [10, 2, 11, 16], "texture": "#0"},
				"down": {"uv": [10, 16, 11, 2], "texture": "#0"}
			}
		},
		{
			"name": "pumpkinseahorse_5",
			"from": [11, 0, 3],
			"to": [13, 1, 6],
			"faces": {
				"north": {"uv": [13, 3, 11, 4], "texture": "#0"},
				"east": {"uv": [12, 3, 13, 6], "rotation": 90, "texture": "#0"},
				"south": {"uv": [11, 5, 13, 6], "texture": "#0"},
				"west": {"uv": [11, 3, 12, 6], "rotation": 270, "texture": "#0"},
				"up": {"uv": [11, 3, 13, 6], "texture": "#0"},
				"down": {"uv": [11, 6, 13, 3], "texture": "#0"}
			}
		},
		{
			"name": "pumpkinseahorse_6",
			"from": [7, 0, 7],
			"to": [8, 1, 15],
			"faces": {
				"north": {"uv": [8, 7, 7, 8], "texture": "#0"},
				"east": {"uv": [7, 7, 8, 15], "rotation": 90, "texture": "#0"},
				"south": {"uv": [7, 14, 8, 15], "texture": "#0"},
				"west": {"uv": [7, 7, 8, 15], "rotation": 270, "texture": "#0"},
				"up": {"uv": [7, 7, 8, 15], "texture": "#0"},
				"down": {"uv": [7, 15, 8, 7], "texture": "#0"}
			}
		},
		{
			"name": "pumpkinseahorse_7",
			"from": [11, 0, 7],
			"to": [12, 1, 12],
			"faces": {
				"north": {"uv": [12, 7, 11, 8], "texture": "#0"},
				"east": {"uv": [11, 7, 12, 12], "rotation": 90, "texture": "#0"},
				"south": {"uv": [11, 11, 12, 12], "texture": "#0"},
				"west": {"uv": [11, 7, 12, 12], "rotation": 270, "texture": "#0"},
				"up": {"uv": [11, 7, 12, 12], "texture": "#0"},
				"down": {"uv": [11, 12, 12, 7], "texture": "#0"}
			}
		},
		{
			"name": "pumpkinseahorse_8",
			"from": [12, 0, 8],
			"to": [13, 1, 11],
			"faces": {
				"north": {"uv": [13, 8, 12, 9], "texture": "#0"},
				"east": {"uv": [12, 8, 13, 11], "rotation": 90, "texture": "#0"},
				"south": {"uv": [12, 10, 13, 11], "texture": "#0"},
				"west": {"uv": [12, 8, 13, 11], "rotation": 270, "texture": "#0"},
				"up": {"uv": [12, 8, 13, 11], "texture": "#0"},
				"down": {"uv": [12, 11, 13, 8], "texture": "#0"}
			}
		},
		{
			"name": "pumpkinseahorse_9",
			"from": [6, 0, 10],
			"to": [7, 1, 14],
			"faces": {
				"north": {"uv": [7, 10, 6, 11], "texture": "#0"},
				"east": {"uv": [6, 10, 7, 14], "rotation": 90, "texture": "#0"},
				"south": {"uv": [6, 13, 7, 14], "texture": "#0"},
				"west": {"uv": [6, 10, 7, 14], "rotation": 270, "texture": "#0"},
				"up": {"uv": [6, 10, 7, 14], "texture": "#0"},
				"down": {"uv": [6, 14, 7, 10], "texture": "#0"}
			}
		},
		{
			"name": "pumpkinseahorse_10",
			"from": [5, 0, 11],
			"to": [6, 1, 13],
			"faces": {
				"north": {"uv": [6, 11, 5, 12], "texture": "#0"},
				"east": {"uv": [5, 11, 6, 13], "rotation": 90, "texture": "#0"},
				"south": {"uv": [5, 12, 6, 13], "texture": "#0"},
				"west": {"uv": [5, 11, 6, 13], "rotation": 270, "texture": "#0"},
				"up": {"uv": [5, 11, 6, 13], "texture": "#0"},
				"down": {"uv": [5, 13, 6, 11], "texture": "#0"}
			}
		},
		{
			"name": "pumpkinseahorse_11",
			"from": [11, 0, 13],
			"to": [12, 1, 15],
			"faces": {
				"north": {"uv": [12, 13, 11, 14], "texture": "#0"},
				"east": {"uv": [11, 13, 12, 15], "rotation": 90, "texture": "#0"},
				"south": {"uv": [11, 14, 12, 15], "texture": "#0"},
				"west": {"uv": [11, 13, 12, 15], "rotation": 270, "texture": "#0"},
				"up": {"uv": [11, 13, 12, 15], "texture": "#0"},
				"down": {"uv": [11, 15, 12, 13], "texture": "#0"}
			}
		}
	],
	"gui_light": "front",
	"display": {
		"thirdperson_righthand": {
			"rotation": [90, 0, 0],
			"translation": [-0.75, 2.75, 4.5],
			"scale": [0.4, 0.4, 0.4]
		},
		"thirdperson_lefthand": {
			"rotation": [90, 0, 0],
			"translation": [-0.75, 2.75, 4.5],
			"scale": [0.4, 0.4, 0.4]
		},
		"firstperson_righthand": {
			"rotation": [60, 0, 45]
		},
		"firstperson_lefthand": {
			"rotation": [84, 0, 49]
		},
		"ground": {
			"rotation": [90, 0, 0],
			"translation": [0, 0, 4],
			"scale": [0.5, 0.5, 0.5]
		},
		"gui": {
			"rotation": [90, 0, 0]
		},
		"fixed": {
			"rotation": [90, 0, 0],
			"translation": [0, 0, 7]
		}
	},
	"groups": [
		{
			"name": "pumpkinseahorse",
			"origin": [8, 8, 8],
			"color": 0,
			"boneType": "",
			"children": [0, 1, 2, 3, 4, 5, 6, 7, 8, 9, 10, 11]
		}
	]
}