{
	"credit": "Made with Blockbench",
	"texture_size": [128, 128],
	"textures": {
		"0": "item/cyberpunkset/cyberpunk_texture",
		"3": "item/cyberpunkset/cyberpunk_animation_02",
		"particle": "item/cyberpunkset/cyberpunk_texture"
	},
	"elements": [
		{
			"from": [15.75, 6.5, 5.25],
			"to": [18.25, 9, 7.75],
			"rotation": {"angle": 45, "axis": "x", "origin": [14, 7.75, 6.55]},
			"faces": {
				"north": {"uv": [0.75, 1.0625, 1.0625, 0.75], "rotation": 90, "texture": "#0"},
				"east": {"uv": [1.0625, 1.0625, 1.375, 0.75], "rotation": 270, "texture": "#0"},
				"south": {"uv": [0.75, 1.0625, 1.0625, 0.75], "rotation": 270, "texture": "#0"},
				"west": {"uv": [1.0625, 1.0625, 1.375, 0.75], "rotation": 270, "texture": "#0"},
				"up": {"uv": [0.75, 1.0625, 1.0625, 0.75], "rotation": 270, "texture": "#0"},
				"down": {"uv": [0.75, 1.0625, 1.0625, 0.75], "rotation": 270, "texture": "#0"}
			}
		},
		{
			"from": [-2.25, 6.5, 5.25],
			"to": [0.25, 9, 7.75],
			"rotation": {"angle": 45, "axis": "x", "origin": [2, 7.75, 6.55]},
			"faces": {
				"north": {"uv": [0.75, 0.75, 1.0625, 1.0625], "rotation": 90, "texture": "#0"},
				"east": {"uv": [1.0625, 0.75, 1.375, 1.0625], "rotation": 270, "texture": "#0"},
				"south": {"uv": [0.75, 0.75, 1.0625, 1.0625], "rotation": 270, "texture": "#0"},
				"west": {"uv": [1.0625, 0.75, 1.375, 1.0625], "rotation": 270, "texture": "#0"},
				"up": {"uv": [0.75, 0.75, 1.0625, 1.0625], "rotation": 270, "texture": "#0"},
				"down": {"uv": [0.75, 0.75, 1.0625, 1.0625], "rotation": 270, "texture": "#0"}
			}
		},
		{
			"from": [-5.25, 6.45, 0.5],
			"to": [7.25, 6.45, 5.5],
			"rotation": {"angle": 22.5, "axis": "y", "origin": [-3.81168, 7.75, 4.78682]},
			"faces": {
				"north": {"uv": [5.625, 0.1875, 6.625, 0.5], "rotation": 180, "texture": "#missing"},
				"east": {"uv": [5.4375, 3.25, 5.75, 3.6875], "rotation": 90, "texture": "#missing"},
				"south": {"uv": [6.6875, 0.1875, 7.6875, 0.5], "texture": "#missing"},
				"west": {"uv": [5.4375, 3.25, 5.75, 3.6875], "rotation": 90, "texture": "#missing"},
				"up": {"uv": [5.375, 0, 3.8125, 0.625], "texture": "#0"},
				"down": {"uv": [5.375, 0.625, 3.8125, 0], "texture": "#0"}
			}
		},
		{
			"from": [-5.25, 9.05, 0.5],
			"to": [7.25, 9.05, 5.5],
			"rotation": {"angle": 22.5, "axis": "y", "origin": [-3.81168, 7.75, 4.78682]},
			"faces": {
				"north": {"uv": [5.625, 0.5, 6.625, 0.1875], "rotation": 180, "texture": "#missing"},
				"east": {"uv": [5.75, 3.25, 5.4375, 3.6875], "rotation": 90, "texture": "#missing"},
				"south": {"uv": [6.6875, 0.5, 7.6875, 0.1875], "texture": "#missing"},
				"west": {"uv": [5.75, 3.25, 5.4375, 3.6875], "rotation": 90, "texture": "#missing"},
				"up": {"uv": [5.375, 0, 3.8125, 0.625], "texture": "#0"},
				"down": {"uv": [5.375, 0.625, 3.8125, 0], "texture": "#0"}
			}
		},
		{
			"from": [15.05, 4.85, 11.5],
			"to": [17.55, 6.65, 18.5],
			"rotation": {"angle": 22.5, "axis": "y", "origin": [3.3, 9.75, 27]},
			"faces": {
				"north": {"uv": [1.0625, 0.5625, 0.75, 0.375], "rotation": 180, "texture": "#0"},
				"east": {"uv": [1.625, 0.1875, 0.75, 0.375], "texture": "#0"},
				"south": {"uv": [1.9375, 2.75, 1.625, 2.5625], "texture": "#0"},
				"west": {"uv": [1.75, 8.125, 0.875, 8.3125], "texture": "#0"},
				"up": {"uv": [0.75, 1.0625, 0.4375, 0.1875], "texture": "#0"},
				"down": {"uv": [0.75, 0.1875, 0.4375, 1.0625], "texture": "#0"}
			}
		},
		{
			"from": [12.05, 5.5, 12],
			"to": [26.55, 5.5, 25],
			"rotation": {"angle": 22.5, "axis": "y", "origin": [7.3, 10.05, 26.5]},
			"faces": {
				"north": {"uv": [0, 11.5, 0, 0], "rotation": 90, "texture": "#3"},
				"east": {"uv": [0, 0, 0, 13], "rotation": 270, "texture": "#3"},
				"south": {"uv": [0, 11.5, 0, 0], "rotation": 270, "texture": "#3"},
				"west": {"uv": [0, 13, 0, 0], "rotation": 270, "texture": "#3"},
				"up": {"uv": [13, 11.5, 0, 0], "rotation": 270, "texture": "#3"},
				"down": {"uv": [0, 11.5, 13, 0], "rotation": 270, "texture": "#3"}
			}
		},
		{
			"from": [24.55, 4.75, 9.5],
			"to": [28.05, 6.75, 18.5],
			"rotation": {"angle": 45, "axis": "y", "origin": [8.3, 9.75, 27]},
			"faces": {
				"north": {"uv": [0.4375, 3.3125, 0.875, 3.5], "rotation": 180, "texture": "#0"},
				"east": {"uv": [0.4375, 0, 1.5625, 0.1875], "texture": "#0"},
				"south": {"uv": [1.0625, 0.375, 1.5, 0.5625], "texture": "#0"},
				"west": {"uv": [0.875, 8.3125, 2, 8.5], "texture": "#0"},
				"up": {"uv": [0.4375, 1.125, 0, 0], "texture": "#0"},
				"down": {"uv": [0.4375, 0, 0, 1.125], "texture": "#0"}
			}
		},
		{
			"from": [-6.25, 6.5, 2.2],
			"to": [3.75, 9, 4.2],
			"rotation": {"angle": 45, "axis": "y", "origin": [-0.25, -0.25, 11.5]},
			"faces": {
				"north": {"uv": [3.375, 6.4375, 3.6875, 5.1875], "rotation": 90, "texture": "#0"},
				"east": {"uv": [4.8125, 4.8125, 5.125, 4.5625], "rotation": 270, "texture": "#0"},
				"south": {"uv": [3.6875, 6.4375, 4, 5.1875], "rotation": 270, "texture": "#0"},
				"west": {"uv": [4.8125, 4.8125, 5.125, 4.5625], "rotation": 270, "texture": "#0"},
				"up": {"uv": [3.375, 6.4375, 3.125, 5.1875], "rotation": 270, "texture": "#0"},
				"down": {"uv": [3.125, 6.4375, 3.375, 5.1875], "rotation": 270, "texture": "#0"}
			}
		},
		{
			"from": [-5.25, 6, 1.7],
			"to": [0.75, 9.5, 3.7],
			"rotation": {"angle": 45, "axis": "y", "origin": [-0.25, -0.25, 11.5]},
			"faces": {
				"north": {"uv": [4.25, 5.9375, 4.6875, 5.1875], "rotation": 90, "texture": "#0"},
				"east": {"uv": [4.8125, 5.3125, 5.25, 5.0625], "rotation": 270, "texture": "#0"},
				"south": {"uv": [4.6875, 6.0625, 5.125, 5.3125], "rotation": 270, "texture": "#0"},
				"west": {"uv": [4.8125, 5.0625, 5.25, 5.3125], "rotation": 270, "texture": "#0"},
				"up": {"uv": [4.25, 5.9375, 4, 5.1875], "rotation": 270, "texture": "#0"},
				"down": {"uv": [4, 5.9375, 4.25, 5.1875], "rotation": 270, "texture": "#0"}
			}
		},
		{
			"from": [2.75, 6.25, -1],
			"to": [4.75, 9.25, 1],
			"rotation": {"angle": 45, "axis": "y", "origin": [4, 7.75, 0.25]},
			"faces": {
				"north": {"uv": [5.75, 4.1875, 6.125, 4.4375], "rotation": 90, "texture": "#0"},
				"east": {"uv": [5.75, 4.4375, 6.125, 4.6875], "rotation": 270, "texture": "#0"},
				"south": {"uv": [5.75, 4.1875, 6.125, 4.4375], "rotation": 270, "texture": "#0"},
				"west": {"uv": [5.75, 4.4375, 6.125, 4.6875], "rotation": 270, "texture": "#0"},
				"up": {"uv": [5.5, 4.375, 5.75, 4.625], "rotation": 270, "texture": "#0"},
				"down": {"uv": [5.5, 4.375, 5.75, 4.625], "rotation": 270, "texture": "#0"}
			}
		},
		{
			"from": [6.5, -8.5, 18],
			"to": [9.5, -4.2, 20],
			"rotation": {"angle": -22.5, "axis": "x", "origin": [0, -1.2, 3]},
			"faces": {
				"north": {"uv": [6, 5.6875, 6.375, 6.225], "texture": "#0"},
				"east": {"uv": [6.625, 5.6875, 6.375, 6.225], "texture": "#0"},
				"south": {"uv": [6, 5.6875, 6.375, 6.225], "texture": "#0"},
				"west": {"uv": [6.375, 5.6875, 6.625, 6.225], "texture": "#0"},
				"up": {"uv": [5.975, 6.25, 6.35, 6.5], "texture": "#0"},
				"down": {"uv": [5.975, 6.25, 6.35, 6.5], "texture": "#0"}
			}
		},
		{
			"from": [7, -8.2, 17],
			"to": [9, -0.2, 21],
			"rotation": {"angle": -22.5, "axis": "x", "origin": [0, -1.2, 3]},
			"faces": {
				"north": {"uv": [6.375, 4.6875, 6.625, 5.6875], "texture": "#0"},
				"east": {"uv": [6.375, 4.6875, 5.875, 5.6875], "texture": "#0"},
				"south": {"uv": [6.625, 4.6875, 6.875, 5.6875], "texture": "#0"},
				"west": {"uv": [5.875, 4.6875, 6.375, 5.6875], "texture": "#0"},
				"up": {"uv": [6.3125, 4.1875, 6.5625, 4.6875], "texture": "#0"},
				"down": {"uv": [6.3125, 4.1875, 6.5625, 4.6875], "texture": "#0"}
			}
		},
		{
			"from": [6.75, 4.5, 20.5],
			"to": [9.25, 7.5, 21],
			"rotation": {"angle": 0, "axis": "y", "origin": [0, -3.5, 3]},
			"faces": {
				"north": {"uv": [6.6875, 2.8125, 7, 3.1875], "texture": "#0"},
				"east": {"uv": [7, 2.8125, 7.0625, 3.1875], "texture": "#0"},
				"south": {"uv": [6.6875, 2.8125, 7, 3.1875], "texture": "#0"},
				"west": {"uv": [7, 2.8125, 7.0625, 3.1875], "texture": "#0"},
				"up": {"uv": [6.6875, 3.1875, 7, 3.25], "texture": "#0"},
				"down": {"uv": [6.6875, 3.1875, 7, 3.25], "texture": "#0"}
			}
		},
		{
			"from": [7.25, 5.5, 19],
			"to": [8.75, 7, 30],
			"rotation": {"angle": 0, "axis": "y", "origin": [0, -11.5, 6]},
			"faces": {
				"north": {"uv": [6.375, 2.1875, 6.5625, 2.375], "rotation": 180, "texture": "#0"},
				"east": {"uv": [6.3125, 2.75, 6.5, 4.125], "rotation": 270, "texture": "#0"},
				"south": {"uv": [6.375, 2.1875, 6.5625, 2.375], "texture": "#0"},
				"west": {"uv": [6.3125, 2.75, 6.5, 4.125], "rotation": 270, "texture": "#0"},
				"up": {"uv": [6.5, 2.75, 6.6875, 4.125], "texture": "#0"},
				"down": {"uv": [6.5, 4.125, 6.6875, 2.75], "texture": "#0"}
			}
		},
		{
			"from": [7.35, -2.7, 12.9],
			"to": [8.65, -1.2, 19.9],
			"rotation": {"angle": 0, "axis": "y", "origin": [0, -11.5, 6]},
			"faces": {
				"north": {"uv": [6.375, 2.1875, 6.5625, 2.375], "rotation": 180, "texture": "#0"},
				"east": {"uv": [6.3125, 3.9375, 6.5, 3.0625], "rotation": 270, "texture": "#0"},
				"south": {"uv": [6.375, 2.1875, 6.5625, 2.375], "texture": "#0"},
				"west": {"uv": [6.3125, 3.0625, 6.5, 3.9375], "rotation": 270, "texture": "#0"},
				"up": {"uv": [6.5, 2.75, 6.6875, 3.625], "texture": "#0"},
				"down": {"uv": [6.5, 3.9375, 6.6875, 3.0625], "texture": "#0"}
			}
		},
		{
			"from": [7.25, -0.5, 18.3],
			"to": [8.75, 2, 29.3],
			"rotation": {"angle": -22.5, "axis": "x", "origin": [8, 2.25, 24.5]},
			"faces": {
				"north": {"uv": [7.1875, 2.5, 7.375, 2.8125], "rotation": 180, "texture": "#0"},
				"east": {"uv": [6.6875, 4.625, 7, 3.25], "rotation": 270, "texture": "#0"},
				"south": {"uv": [7.1875, 2.5, 7.375, 2.8125], "rotation": 180, "texture": "#0"},
				"west": {"uv": [6.6875, 3.25, 7, 4.625], "rotation": 270, "texture": "#0"},
				"up": {"uv": [7, 4.625, 7.1875, 3.25], "texture": "#0"},
				"down": {"uv": [7, 4.625, 7.1875, 3.25], "texture": "#0"}
			}
		},
		{
			"from": [6.5, 5, 31],
			"to": [9.5, 8.5, 32],
			"rotation": {"angle": 0, "axis": "y", "origin": [0, -3.5, 11.5]},
			"faces": {
				"north": {"uv": [6.6875, 2.375, 7.0625, 2.8125], "texture": "#0"},
				"east": {"uv": [7.0625, 2.375, 7.1875, 2.8125], "texture": "#0"},
				"south": {"uv": [6.6875, 2.375, 7.0625, 2.8125], "texture": "#0"},
				"west": {"uv": [7.0625, 2.375, 7.1875, 2.8125], "texture": "#0"},
				"up": {"uv": [7.1875, 2.375, 7.5625, 2.5], "texture": "#0"},
				"down": {"uv": [7.1875, 2.375, 7.5625, 2.5], "texture": "#0"}
			}
		},
		{
			"from": [0, 7.75, 6.3],
			"to": [10.8, 8.25, 6.8],
			"rotation": {"angle": -45, "axis": "y", "origin": [0, 8, 6.55]},
			"faces": {
				"north": {"uv": [0.0625, 12.4375, 0.125, 11.4375], "rotation": 270, "texture": "#0"},
				"east": {"uv": [0.0625, 11.4375, 0.125, 11.5], "rotation": 270, "texture": "#0"},
				"south": {"uv": [0.0625, 11.4375, 0.125, 12.4375], "rotation": 270, "texture": "#0"},
				"west": {"uv": [0.0625, 11.4375, 0.125, 11.5], "rotation": 270, "texture": "#0"},
				"up": {"uv": [0.0625, 11.4375, 0.125, 12.4375], "rotation": 270, "texture": "#0"},
				"down": {"uv": [0.0625, 11.4375, 0.125, 12.4375], "rotation": 270, "texture": "#0"}
			}
		},
		{
			"from": [5.2, 7.75, 6.3],
			"to": [16, 8.25, 6.8],
			"rotation": {"angle": 45, "axis": "y", "origin": [16, 8, 6.55]},
			"faces": {
				"north": {"uv": [0.0625, 11.4375, 0.125, 12.4375], "rotation": 270, "texture": "#0"},
				"east": {"uv": [0.0625, 11.5, 0.125, 11.4375], "rotation": 270, "texture": "#0"},
				"south": {"uv": [0.0625, 12.4375, 0.125, 11.4375], "rotation": 270, "texture": "#0"},
				"west": {"uv": [0.0625, 11.5, 0.125, 11.4375], "rotation": 270, "texture": "#0"},
				"up": {"uv": [0.0625, 12.4375, 0.125, 11.4375], "rotation": 270, "texture": "#0"},
				"down": {"uv": [0.0625, 12.4375, 0.125, 11.4375], "rotation": 270, "texture": "#0"}
			}
		},
		{
			"from": [8, 7, 4.5],
			"to": [8, 9, 13.5],
			"rotation": {"angle": -22.5, "axis": "z", "origin": [8, 8, 9]},
			"faces": {
				"north": {"uv": [0, 0, 0, 0.25], "texture": "#missing"},
				"east": {"uv": [5, 0.6875, 3.875, 0.9375], "texture": "#0"},
				"south": {"uv": [0, 0, 0, 0.25], "texture": "#missing"},
				"west": {"uv": [3.875, 0.6875, 5, 0.9375], "texture": "#0"},
				"up": {"uv": [0, 0, 0, 1.125], "texture": "#missing"},
				"down": {"uv": [0, 0, 0, 1.125], "texture": "#missing"}
			}
		},
		{
			"from": [8, 7, 4.5],
			"to": [8, 9, 13.5],
			"rotation": {"angle": 22.5, "axis": "z", "origin": [8, 8, 9]},
			"faces": {
				"north": {"uv": [0, 0, 0, 0.25], "texture": "#missing"},
				"east": {"uv": [5, 0.6875, 3.875, 0.9375], "texture": "#0"},
				"south": {"uv": [0, 0, 0, 0.25], "texture": "#missing"},
				"west": {"uv": [3.875, 0.6875, 5, 0.9375], "texture": "#0"},
				"up": {"uv": [0, 0, 0, 1.125], "texture": "#missing"},
				"down": {"uv": [0, 0, 0, 1.125], "texture": "#missing"}
			}
		},
		{
			"from": [18, 7.75, 5.5],
			"to": [26, 8.25, 6],
			"rotation": {"angle": -22.5, "axis": "y", "origin": [16, 8, 6.55]},
			"faces": {
				"north": {"uv": [0.125, 11.4375, 0.1875, 12.4375], "rotation": 270, "texture": "#0"},
				"east": {"uv": [0.0625, 11.5, 0.125, 11.4375], "rotation": 270, "texture": "#0"},
				"south": {"uv": [0.125, 12.4375, 0.1875, 11.4375], "rotation": 270, "texture": "#0"},
				"west": {"uv": [0.0625, 11.5, 0.125, 11.4375], "rotation": 270, "texture": "#0"},
				"up": {"uv": [0.125, 12.4375, 0.1875, 11.4375], "rotation": 270, "texture": "#0"},
				"down": {"uv": [0.125, 12.4375, 0.1875, 11.4375], "rotation": 270, "texture": "#0"}
			}
		},
		{
			"from": [-10, 7.75, 5.5],
			"to": [-2, 8.25, 6],
			"rotation": {"angle": 22.5, "axis": "y", "origin": [0, 8, 6.55]},
			"faces": {
				"north": {"uv": [0.125, 12.4375, 0.1875, 11.4375], "rotation": 270, "texture": "#0"},
				"east": {"uv": [0.0625, 11.4375, 0.125, 11.5], "rotation": 270, "texture": "#0"},
				"south": {"uv": [0.125, 11.4375, 0.1875, 12.4375], "rotation": 270, "texture": "#0"},
				"west": {"uv": [0.0625, 11.4375, 0.125, 11.5], "rotation": 270, "texture": "#0"},
				"up": {"uv": [0.125, 11.4375, 0.1875, 12.4375], "rotation": 270, "texture": "#0"},
				"down": {"uv": [0.125, 11.4375, 0.1875, 12.4375], "rotation": 270, "texture": "#0"}
			}
		},
		{
			"from": [6.5, 1, 28.5],
			"to": [9.5, 8.5, 31],
			"rotation": {"angle": 0, "axis": "y", "origin": [0, -3.5, 11.5]},
			"faces": {
				"north": {"uv": [7.125, 1.4375, 7.5, 2.375], "texture": "#0"},
				"east": {"uv": [6.75, 1.4375, 6.4375, 2.375], "texture": "#0"},
				"south": {"uv": [6.75, 1.4375, 7.125, 2.375], "texture": "#0"},
				"west": {"uv": [6.4375, 1.4375, 6.75, 2.375], "texture": "#0"},
				"up": {"uv": [6.3125, 2.4375, 6.6875, 2.75], "texture": "#0"},
				"down": {"uv": [6.3125, 2.75, 6.6875, 2.4375], "texture": "#0"}
			}
		},
		{
			"from": [-4.75, 6.25, 2.5],
			"to": [-3.25, 9.25, 4],
			"rotation": {"angle": 45, "axis": "y", "origin": [-3.5, 7.75, 3.75]},
			"faces": {
				"north": {"uv": [5.5, 4.8125, 5.875, 5], "rotation": 90, "texture": "#0"},
				"east": {"uv": [5.5, 4.8125, 5.875, 5], "rotation": 270, "texture": "#0"},
				"south": {"uv": [5.5, 4.8125, 5.875, 5], "rotation": 270, "texture": "#0"},
				"west": {"uv": [5.5, 4.8125, 5.875, 5], "rotation": 270, "texture": "#0"},
				"up": {"uv": [5.5, 4.625, 5.6875, 4.8125], "rotation": 270, "texture": "#0"},
				"down": {"uv": [5.5, 4.625, 5.6875, 4.8125], "rotation": 270, "texture": "#0"}
			}
		},
		{
			"from": [5, 5.5, 11.5],
			"to": [8, 7, 13],
			"rotation": {"angle": 45, "axis": "x", "origin": [5.5, 6.25, 12.25]},
			"faces": {
				"north": {"uv": [5.5, 4.8125, 5.875, 5], "texture": "#0"},
				"east": {"uv": [5.5, 4.625, 5.6875, 4.8125], "texture": "#0"},
				"south": {"uv": [5.5, 4.8125, 5.875, 5], "texture": "#0"},
				"west": {"uv": [5.5, 4.625, 5.6875, 4.8125], "texture": "#0"},
				"up": {"uv": [5.5, 4.8125, 5.875, 5], "texture": "#0"},
				"down": {"uv": [5.5, 4.8125, 5.875, 5], "texture": "#0"}
			}
		},
		{
			"from": [11.25, 6.25, -1],
			"to": [13.25, 9.25, 1],
			"rotation": {"angle": -45, "axis": "y", "origin": [12, 7.75, 0.25]},
			"faces": {
				"north": {"uv": [5.75, 4.4375, 6.125, 4.1875], "rotation": 90, "texture": "#0"},
				"east": {"uv": [5.75, 4.6875, 6.125, 4.4375], "rotation": 270, "texture": "#0"},
				"south": {"uv": [5.75, 4.4375, 6.125, 4.1875], "rotation": 270, "texture": "#0"},
				"west": {"uv": [5.75, 4.6875, 6.125, 4.4375], "rotation": 270, "texture": "#0"},
				"up": {"uv": [5.5, 4.625, 5.75, 4.375], "rotation": 270, "texture": "#0"},
				"down": {"uv": [5.5, 4.625, 5.75, 4.375], "rotation": 270, "texture": "#0"}
			}
		},
		{
			"from": [8.75, 6.45, 0.5],
			"to": [21.25, 6.45, 5.5],
			"rotation": {"angle": -22.5, "axis": "y", "origin": [19.81168, 7.75, 4.78682]},
			"faces": {
				"north": {"uv": [6.625, 0.1875, 5.625, 0.5], "rotation": 180, "texture": "#missing"},
				"east": {"uv": [5.4375, 3.6875, 5.75, 3.25], "rotation": 90, "texture": "#missing"},
				"south": {"uv": [7.6875, 0.1875, 6.6875, 0.5], "texture": "#missing"},
				"west": {"uv": [5.4375, 3.6875, 5.75, 3.25], "rotation": 90, "texture": "#missing"},
				"up": {"uv": [3.8125, 0, 5.375, 0.625], "texture": "#0"},
				"down": {"uv": [3.8125, 0.625, 5.375, 0], "texture": "#0"}
			}
		},
		{
			"from": [19.25, 6.25, 2.5],
			"to": [20.75, 9.25, 4],
			"rotation": {"angle": -45, "axis": "y", "origin": [19.5, 7.75, 3.75]},
			"faces": {
				"north": {"uv": [5.5, 5, 5.875, 4.8125], "rotation": 90, "texture": "#0"},
				"east": {"uv": [5.5, 5, 5.875, 4.8125], "rotation": 270, "texture": "#0"},
				"south": {"uv": [5.5, 5, 5.875, 4.8125], "rotation": 270, "texture": "#0"},
				"west": {"uv": [5.5, 5, 5.875, 4.8125], "rotation": 270, "texture": "#0"},
				"up": {"uv": [5.5, 4.8125, 5.6875, 4.625], "rotation": 270, "texture": "#0"},
				"down": {"uv": [5.5, 4.8125, 5.6875, 4.625], "rotation": 270, "texture": "#0"}
			}
		},
		{
			"from": [15.25, 6, 1.7],
			"to": [21.25, 9.5, 3.7],
			"rotation": {"angle": -45, "axis": "y", "origin": [16.25, -0.25, 11.5]},
			"faces": {
				"north": {"uv": [4.25, 5.1875, 4.6875, 5.9375], "rotation": 90, "texture": "#0"},
				"east": {"uv": [4.8125, 5.3125, 5.25, 5.0625], "rotation": 270, "texture": "#0"},
				"south": {"uv": [4.6875, 5.3125, 5.125, 6.0625], "rotation": 270, "texture": "#0"},
				"west": {"uv": [4.8125, 5.0625, 5.25, 5.3125], "rotation": 270, "texture": "#0"},
				"up": {"uv": [4.25, 5.1875, 4, 5.9375], "rotation": 270, "texture": "#0"},
				"down": {"uv": [4, 5.1875, 4.25, 5.9375], "rotation": 270, "texture": "#0"}
			}
		},
		{
			"from": [12.25, 6.5, 2.2],
			"to": [22.25, 9, 4.2],
			"rotation": {"angle": -45, "axis": "y", "origin": [16.25, -0.25, 11.5]},
			"faces": {
				"north": {"uv": [3.375, 5.1875, 3.6875, 6.4375], "rotation": 90, "texture": "#0"},
				"east": {"uv": [4.8125, 4.5625, 5.125, 4.8125], "rotation": 270, "texture": "#0"},
				"south": {"uv": [3.6875, 5.1875, 4, 6.4375], "rotation": 270, "texture": "#0"},
				"west": {"uv": [4.8125, 4.5625, 5.125, 4.8125], "rotation": 270, "texture": "#0"},
				"up": {"uv": [3.125, 5.1875, 3.375, 6.4375], "rotation": 270, "texture": "#0"},
				"down": {"uv": [3.125, 5.1875, 3.375, 6.4375], "rotation": 270, "texture": "#0"}
			}
		},
		{
			"from": [8.75, 9.05, 0.5],
			"to": [21.25, 9.05, 5.5],
			"rotation": {"angle": -22.5, "axis": "y", "origin": [19.81168, 7.75, 4.78682]},
			"faces": {
				"north": {"uv": [6.625, 0.5, 5.625, 0.1875], "rotation": 180, "texture": "#missing"},
				"east": {"uv": [5.75, 3.6875, 5.4375, 3.25], "rotation": 90, "texture": "#missing"},
				"south": {"uv": [7.6875, 0.5, 6.6875, 0.1875], "texture": "#missing"},
				"west": {"uv": [5.75, 3.6875, 5.4375, 3.25], "rotation": 90, "texture": "#missing"},
				"up": {"uv": [3.8125, 0, 5.375, 0.625], "texture": "#0"},
				"down": {"uv": [3.8125, 0.625, 5.375, 0], "texture": "#0"}
			}
		},
		{
			"from": [5.5, 3, -2.5],
			"to": [10.5, 7.5, 13.5],
			"rotation": {"angle": 0, "axis": "y", "origin": [8, 21.56168, 17.28682]},
			"faces": {
				"north": {"uv": [4.5625, 7.75, 5.1875, 8.3125], "rotation": 180, "texture": "#0"},
				"east": {"uv": [2.5625, 8.3125, 4.5625, 7.75], "rotation": 180, "texture": "#0"},
				"south": {"uv": [4.5625, 7.75, 5.1875, 8.3125], "rotation": 180, "texture": "#0"},
				"west": {"uv": [4.5625, 8.3125, 2.5625, 7.75], "rotation": 180, "texture": "#0"},
				"up": {"uv": [2.5625, 8.3125, 4.5625, 8.9375], "rotation": 270, "texture": "#0"},
				"down": {"uv": [0.0625, 10.3125, 2.0625, 10.9375], "rotation": 270, "texture": "#0"}
			}
		},
		{
			"from": [6.3, 3, 13.5],
			"to": [9.7, 4.5, 17.5],
			"rotation": {"angle": -22.5, "axis": "x", "origin": [8, 3, 13.5]},
			"faces": {
				"north": {"uv": [0.875, 10.125, 1.3125, 10.3125], "rotation": 180, "texture": "#0"},
				"east": {"uv": [1.375, 10.125, 0.875, 9.9375], "rotation": 180, "texture": "#0"},
				"south": {"uv": [0.875, 10.125, 1.3125, 10.3125], "rotation": 180, "texture": "#0"},
				"west": {"uv": [1.375, 10.125, 0.875, 9.9375], "rotation": 180, "texture": "#0"},
				"up": {"uv": [1.75, 9.5, 2.25, 9.9375], "rotation": 270, "texture": "#0"},
				"down": {"uv": [1.75, 9.5, 2.25, 9.9375], "rotation": 270, "texture": "#0"}
			}
		},
		{
			"from": [5, 7, -3.5],
			"to": [11, 10.5, 4.5],
			"rotation": {"angle": 0, "axis": "y", "origin": [8, 21.56168, 18.28682]},
			"faces": {
				"north": {"uv": [4.3125, 8.9375, 3.5625, 9.375], "rotation": 180, "texture": "#0"},
				"east": {"uv": [2.5625, 9.375, 3.5625, 8.9375], "rotation": 180, "texture": "#0"},
				"south": {"uv": [4.3125, 8.9375, 3.5625, 9.375], "rotation": 180, "texture": "#0"},
				"west": {"uv": [2.5625, 9.375, 3.5625, 8.9375], "rotation": 180, "texture": "#0"},
				"up": {"uv": [2.5625, 10.125, 3.5625, 9.375], "rotation": 270, "texture": "#0"},
				"down": {"uv": [2.5625, 10.125, 3.5625, 9.375], "rotation": 270, "texture": "#0"}
			}
		},
		{
			"from": [6, 10.5, -4.05],
			"to": [10, 12, 5.05],
			"rotation": {"angle": 0, "axis": "y", "origin": [8, 21.56168, 18.28682]},
			"faces": {
				"north": {"uv": [4.0625, 9.875, 3.5625, 10.0625], "rotation": 180, "texture": "#0"},
				"east": {"uv": [3.1875, 10.3125, 4.3125, 10.125], "rotation": 180, "texture": "#0"},
				"south": {"uv": [4.0625, 9.875, 3.5625, 10.0625], "rotation": 180, "texture": "#0"},
				"west": {"uv": [3.1875, 10.3125, 4.3125, 10.125], "rotation": 180, "texture": "#0"},
				"up": {"uv": [3.5625, 9.875, 4.6875, 9.375], "rotation": 270, "texture": "#0"},
				"down": {"uv": [3.5625, 9.875, 4.6875, 9.375], "rotation": 270, "texture": "#0"}
			}
		},
		{
			"from": [6, 10, -4],
			"to": [7.5, 12, 5],
			"rotation": {"angle": -45, "axis": "z", "origin": [6, 12, 0.25]},
			"faces": {
				"north": {"uv": [2.5, 9.5, 2.25, 9.6875], "rotation": 90, "texture": "#0"},
				"east": {"uv": [2.0625, 10.5625, 3.1875, 10.3125], "rotation": 180, "texture": "#0"},
				"south": {"uv": [2.5, 9.5, 2.25, 9.6875], "rotation": 90, "texture": "#0"},
				"west": {"uv": [2.0625, 10.5625, 3.1875, 10.3125], "rotation": 180, "texture": "#0"},
				"up": {"uv": [2.0625, 10.3125, 3.1875, 10.125], "rotation": 90, "texture": "#0"},
				"down": {"uv": [2.0625, 10.3125, 3.1875, 10.125], "rotation": 90, "texture": "#0"}
			}
		},
		{
			"from": [8.5, 10, -4],
			"to": [10, 12, 5],
			"rotation": {"angle": 45, "axis": "z", "origin": [10, 12, 0.25]},
			"faces": {
				"north": {"uv": [2.5, 9.6875, 2.25, 9.5], "rotation": 90, "texture": "#0"},
				"east": {"uv": [3.1875, 10.5625, 2.0625, 10.3125], "rotation": 180, "texture": "#0"},
				"south": {"uv": [2.5, 9.6875, 2.25, 9.5], "rotation": 90, "texture": "#0"},
				"west": {"uv": [3.1875, 10.5625, 2.0625, 10.3125], "rotation": 180, "texture": "#0"},
				"up": {"uv": [2.0625, 10.125, 3.1875, 10.3125], "rotation": 90, "texture": "#0"},
				"down": {"uv": [2.0625, 10.125, 3.1875, 10.3125], "rotation": 90, "texture": "#0"}
			}
		},
		{
			"from": [6.25, 4.5, 13.5],
			"to": [9.75, 8.5, 20.5],
			"rotation": {"angle": 0, "axis": "y", "origin": [8, 21.56168, 17.28682]},
			"faces": {
				"north": {"uv": [1.75, 9.125, 2.1875, 9.5], "rotation": 180, "texture": "#0"},
				"east": {"uv": [0.0625, 11.4375, 0.9375, 10.9375], "rotation": 180, "texture": "#0"},
				"south": {"uv": [0.9375, 10.9375, 1.375, 11.4375], "rotation": 180, "texture": "#0"},
				"west": {"uv": [0.9375, 11.4375, 0.0625, 10.9375], "rotation": 180, "texture": "#0"},
				"up": {"uv": [0.875, 9.5, 1.75, 9.9375], "rotation": 270, "texture": "#0"},
				"down": {"uv": [5.125, 5.6875, 6, 6.125], "rotation": 270, "texture": "#0"}
			}
		},
		{
			"from": [8, -2.5, 13.5],
			"to": [8, 4.5, 16.5],
			"rotation": {"angle": 0, "axis": "y", "origin": [8, 21.56168, 17.28682]},
			"faces": {
				"north": {"uv": [1.75, 9.125, 2.1875, 9.5], "rotation": 180, "texture": "#0"},
				"east": {"uv": [7.8125, 0.875, 8.1875, 0], "rotation": 180, "texture": "#0"},
				"south": {"uv": [0.9375, 10.9375, 1.375, 11.4375], "rotation": 180, "texture": "#0"},
				"west": {"uv": [8.1875, 0.875, 7.8125, 0], "rotation": 180, "texture": "#0"},
				"up": {"uv": [0.875, 9.5, 1.75, 9.9375], "rotation": 270, "texture": "#0"},
				"down": {"uv": [5.125, 5.6875, 6, 6.125], "rotation": 270, "texture": "#0"}
			}
		},
		{
			"from": [7, -3, 4],
			"to": [9, -3, 13],
			"rotation": {"angle": 0, "axis": "y", "origin": [0, 0, 1]},
			"faces": {
				"north": {"uv": [0, 0, 0.25, 0], "texture": "#missing"},
				"east": {"uv": [0, 0, 1.125, 0], "texture": "#missing"},
				"south": {"uv": [0, 0, 0.25, 0], "texture": "#missing"},
				"west": {"uv": [0, 0, 1.125, 0], "texture": "#missing"},
				"up": {"uv": [7.5625, 0, 7.8125, 1.125], "texture": "#0"},
				"down": {"uv": [7.5625, 0, 7.8125, 1.125], "texture": "#0"}
			}
		},
		{
			"from": [9, -3, 4],
			"to": [9, 3, 13],
			"rotation": {"angle": 0, "axis": "y", "origin": [0, 0, 1]},
			"faces": {
				"north": {"uv": [0, 0, 0, 0.75], "texture": "#missing"},
				"east": {"uv": [6.1875, 0, 7.3125, 0.75], "texture": "#0"},
				"south": {"uv": [0, 0, 0, 0.75], "texture": "#missing"},
				"west": {"uv": [6.1875, 0, 7.3125, 0.75], "texture": "#0"},
				"up": {"uv": [0, 0, 0, 1.125], "texture": "#missing"},
				"down": {"uv": [0, 0, 0, 1.125], "texture": "#missing"}
			}
		},
		{
			"from": [7, -3, 4],
			"to": [7, 3, 13],
			"rotation": {"angle": 0, "axis": "y", "origin": [16, 0, 1]},
			"faces": {
				"north": {"uv": [0, 0, 0, 0.75], "texture": "#missing"},
				"east": {"uv": [7.3125, 0, 6.1875, 0.75], "texture": "#0"},
				"south": {"uv": [0, 0, 0, 0.75], "texture": "#missing"},
				"west": {"uv": [7.3125, 0, 6.1875, 0.75], "texture": "#0"},
				"up": {"uv": [0, 0, 0, 1.125], "texture": "#missing"},
				"down": {"uv": [0, 0, 0, 1.125], "texture": "#missing"}
			}
		},
		{
			"from": [8, 1, 4],
			"to": [8, 3, 13],
			"rotation": {"angle": 22.5, "axis": "z", "origin": [8, 2, 8.5]},
			"faces": {
				"north": {"uv": [0, 0, 0, 0.25], "texture": "#missing"},
				"east": {"uv": [5, 0.6875, 3.875, 0.9375], "texture": "#0"},
				"south": {"uv": [0, 0, 0, 0.25], "texture": "#missing"},
				"west": {"uv": [3.875, 0.6875, 5, 0.9375], "texture": "#0"},
				"up": {"uv": [0, 0, 0, 1.125], "texture": "#missing"},
				"down": {"uv": [0, 0, 0, 1.125], "texture": "#missing"}
			}
		},
		{
			"from": [8, 1, 4],
			"to": [8, 3, 13],
			"rotation": {"angle": -22.5, "axis": "z", "origin": [8, 2, 8.5]},
			"faces": {
				"north": {"uv": [0, 0, 0, 0.25], "texture": "#missing"},
				"east": {"uv": [5, 0.6875, 3.875, 0.9375], "texture": "#0"},
				"south": {"uv": [0, 0, 0, 0.25], "texture": "#missing"},
				"west": {"uv": [3.875, 0.6875, 5, 0.9375], "texture": "#0"},
				"up": {"uv": [0, 0, 0, 1.125], "texture": "#missing"},
				"down": {"uv": [0, 0, 0, 1.125], "texture": "#missing"}
			}
		},
		{
			"from": [8, -1, 4],
			"to": [8, 1, 13],
			"rotation": {"angle": 22.5, "axis": "z", "origin": [8, 0, 8.5]},
			"faces": {
				"north": {"uv": [0, 0, 0, 0.25], "texture": "#missing"},
				"east": {"uv": [5, 0.6875, 3.875, 0.9375], "texture": "#0"},
				"south": {"uv": [0, 0, 0, 0.25], "texture": "#missing"},
				"west": {"uv": [3.875, 0.6875, 5, 0.9375], "texture": "#0"},
				"up": {"uv": [0, 0, 0, 1.125], "texture": "#missing"},
				"down": {"uv": [0, 0, 0, 1.125], "texture": "#missing"}
			}
		},
		{
			"from": [8, -1, 4],
			"to": [8, 1, 13],
			"rotation": {"angle": -22.5, "axis": "z", "origin": [8, 0, 8.5]},
			"faces": {
				"north": {"uv": [0, 0, 0, 0.25], "texture": "#missing"},
				"east": {"uv": [5, 0.6875, 3.875, 0.9375], "texture": "#0"},
				"south": {"uv": [0, 0, 0, 0.25], "texture": "#missing"},
				"west": {"uv": [3.875, 0.6875, 5, 0.9375], "texture": "#0"},
				"up": {"uv": [0, 0, 0, 1.125], "texture": "#missing"},
				"down": {"uv": [0, 0, 0, 1.125], "texture": "#missing"}
			}
		},
		{
			"from": [7, -3, 13],
			"to": [9, 3, 13],
			"rotation": {"angle": 0, "axis": "y", "origin": [0, 0, 1]},
			"faces": {
				"north": {"uv": [7.3125, 0, 7.5625, 0.75], "texture": "#0"},
				"east": {"uv": [0, 0, 0, 0.75], "texture": "#missing"},
				"south": {"uv": [7.3125, 0, 7.5625, 0.75], "texture": "#0"},
				"west": {"uv": [0, 0, 0, 0.75], "texture": "#missing"},
				"up": {"uv": [0, 0, 0.25, 0], "texture": "#missing"},
				"down": {"uv": [0, 0, 0.25, 0], "texture": "#missing"}
			}
		},
		{
			"from": [7, -3, 4],
			"to": [9, 3, 4],
			"rotation": {"angle": 0, "axis": "y", "origin": [0, 0, 1]},
			"faces": {
				"north": {"uv": [7.3125, 0, 7.5625, 0.75], "texture": "#0"},
				"east": {"uv": [0, 0, 0, 0.75], "texture": "#missing"},
				"south": {"uv": [7.3125, 0, 7.5625, 0.75], "texture": "#0"},
				"west": {"uv": [0, 0, 0, 0.75], "texture": "#missing"},
				"up": {"uv": [0, 0, 0.25, 0], "texture": "#missing"},
				"down": {"uv": [0, 0, 0.25, 0], "texture": "#missing"}
			}
		},
		{
			"from": [6.5, 4, -6],
			"to": [9.5, 10, -2],
			"rotation": {"angle": 0, "axis": "y", "origin": [0, 0, 1]},
			"faces": {
				"north": {"uv": [5.5625, 6.125, 5.9375, 6.875], "texture": "#0"},
				"east": {"uv": [5.5625, 6.125, 5.0625, 6.875], "texture": "#0"},
				"south": {"uv": [5.5625, 6.125, 5.9375, 6.875], "texture": "#0"},
				"west": {"uv": [5.0625, 6.125, 5.5625, 6.875], "texture": "#0"},
				"up": {"uv": [5.0625, 6.875, 5.4375, 7.375], "texture": "#0"},
				"down": {"uv": [5.0625, 6.875, 5.4375, 7.375], "texture": "#0"}
			}
		},
		{
			"from": [7, -2, -0.5],
			"to": [9, 3, 1.5],
			"rotation": {"angle": -45, "axis": "y", "origin": [8, 0.5, 0.5]},
			"faces": {
				"north": {"uv": [6.875, 4.625, 7.125, 5.25], "texture": "#0"},
				"east": {"uv": [7.125, 4.625, 6.875, 5.25], "texture": "#0"},
				"south": {"uv": [6.875, 4.625, 7.125, 5.25], "texture": "#0"},
				"west": {"uv": [7.125, 4.625, 6.875, 5.25], "texture": "#0"},
				"up": {"uv": [6.875, 5.25, 7.125, 5.5], "rotation": 270, "texture": "#0"},
				"down": {"uv": [6.875, 5.25, 7.125, 5.5], "rotation": 270, "texture": "#0"}
			}
		},
		{
			"from": [5, 11, 4],
			"to": [6, 17, 5.5],
			"rotation": {"angle": 22.5, "axis": "x", "origin": [4.5, 12, 3.5]},
			"faces": {
				"north": {"uv": [5.75, 6.875, 5.625, 7.625], "texture": "#0"},
				"east": {"uv": [5.4375, 6.875, 5.625, 7.625], "texture": "#0"},
				"south": {"uv": [5.625, 6.875, 5.75, 7.625], "texture": "#0"},
				"west": {"uv": [5.4375, 6.875, 5.625, 7.625], "texture": "#0"},
				"up": {"uv": [5.75, 6.875, 5.875, 7.0625], "texture": "#0"},
				"down": {"uv": [5.75, 6.875, 5.875, 7.0625], "texture": "#0"}
			}
		},
		{
			"from": [10, 11, 4],
			"to": [11, 17, 5.5],
			"rotation": {"angle": 22.5, "axis": "x", "origin": [11.5, 12, 3.5]},
			"faces": {
				"north": {"uv": [5.625, 6.875, 5.75, 7.625], "texture": "#0"},
				"east": {"uv": [5.625, 6.875, 5.4375, 7.625], "texture": "#0"},
				"south": {"uv": [5.75, 6.875, 5.625, 7.625], "texture": "#0"},
				"west": {"uv": [5.4375, 6.875, 5.625, 7.625], "texture": "#0"},
				"up": {"uv": [5.875, 6.875, 5.75, 7.0625], "texture": "#0"},
				"down": {"uv": [5.875, 6.875, 5.75, 7.0625], "texture": "#0"}
			}
		},
		{
			"from": [6, 16, 4],
			"to": [10, 17, 5.5],
			"rotation": {"angle": 22.5, "axis": "x", "origin": [11.5, 12, 3.5]},
			"faces": {
				"north": {"uv": [5.1875, 7.9375, 5.6875, 8.0625], "texture": "#0"},
				"east": {"uv": [5.25, 7.125, 5.4375, 7.25], "texture": "#0"},
				"south": {"uv": [5.1875, 7.9375, 5.6875, 8.0625], "texture": "#0"},
				"west": {"uv": [5.25, 7.125, 5.4375, 7.25], "texture": "#0"},
				"up": {"uv": [5.1875, 7.75, 5.6875, 7.9375], "texture": "#0"},
				"down": {"uv": [5.1875, 7.75, 5.6875, 7.9375], "texture": "#0"}
			}
		},
		{
			"from": [6.25, 12, 4.75],
			"to": [9.75, 16, 4.75],
			"rotation": {"angle": 22.5, "axis": "x", "origin": [11.5, 12, 3.5]},
			"faces": {
				"north": {"uv": [5.125, 0.875, 5.5625, 1.375], "texture": "#0"},
				"east": {"uv": [5.25, 7.125, 5.4375, 7.25], "texture": "#0"},
				"south": {"uv": [5.125, 0.875, 5.5625, 1.375], "texture": "#0"},
				"west": {"uv": [5.25, 7.125, 5.4375, 7.25], "texture": "#0"},
				"up": {"uv": [5.1875, 7.75, 5.6875, 7.9375], "texture": "#0"},
				"down": {"uv": [5.1875, 7.75, 5.6875, 7.9375], "texture": "#0"}
			}
		},
		{
			"from": [-12.35, 7, 4.3],
			"to": [-8.45, 8.5, 6.3],
			"rotation": {"angle": 22.5, "axis": "y", "origin": [1.75, -0.25, 11.5]},
			"faces": {
				"north": {"uv": [6.125, 4.6875, 6.3125, 4.1875], "rotation": 90, "texture": "#0"},
				"east": {"uv": [5.3125, 5.125, 5.5, 4.875], "rotation": 90, "texture": "#0"},
				"south": {"uv": [5.3125, 4.875, 5.5, 4.375], "rotation": 270, "texture": "#0"},
				"west": {"uv": [5.3125, 5.125, 5.5, 4.875], "rotation": 90, "texture": "#0"},
				"up": {"uv": [5.3125, 5.0625, 4.8125, 4.8125], "rotation": 180, "texture": "#0"},
				"down": {"uv": [5.3125, 4.8125, 4.8125, 5.0625], "rotation": 180, "texture": "#0"}
			}
		},
		{
			"from": [24.45, 7, 4.3],
			"to": [28.35, 8.5, 6.3],
			"rotation": {"angle": -22.5, "axis": "y", "origin": [14.25, -0.25, 11.5]},
			"faces": {
				"north": {"uv": [6.125, 4.1875, 6.3125, 4.6875], "rotation": 90, "texture": "#0"},
				"east": {"uv": [5.3125, 4.875, 5.5, 5.125], "rotation": 90, "texture": "#0"},
				"south": {"uv": [5.3125, 4.375, 5.5, 4.875], "rotation": 270, "texture": "#0"},
				"west": {"uv": [5.3125, 4.875, 5.5, 5.125], "rotation": 90, "texture": "#0"},
				"up": {"uv": [4.8125, 5.0625, 5.3125, 4.8125], "rotation": 180, "texture": "#0"},
				"down": {"uv": [4.8125, 4.8125, 5.3125, 5.0625], "rotation": 180, "texture": "#0"}
			}
		}
	],
	"gui_light": "front",
	"display": {
		"thirdperson_righthand": {
			"translation": [0, 5.25, -1.25],
			"scale": [0.6, 0.6, 0.6]
		},
		"thirdperson_lefthand": {
			"translation": [0, 5.25, -1.25],
			"scale": [0.6, 0.6, 0.6]
		},
		"firstperson_righthand": {
			"rotation": [12.18, -0.03, 22.5],
			"translation": [5.25, 10.25, 1.25],
			"scale": [0.6, 0.6, 0.6]
		},
		"firstperson_lefthand": {
			"rotation": [12.18, 12, 22.5],
			"translation": [-5.25, 7.75, 3],
			"scale": [0.6, 0.6, 0.6]
		},
		"ground": {
			"translation": [0, 1.25, 0],
			"scale": [0.45, 0.45, 0.45]
		},
		"gui": {
			"rotation": [37, 138, 0],
			"translation": [-0.75, -0.25, 0],
			"scale": [0.5, 0.5, 0.5]
		},
		"head": {
			"translation": [0, 10, -4.75],
			"scale": [0.6, 0.6, 0.6]
		},
		"fixed": {
			"rotation": [-90, 0, 0],
			"translation": [0, -1.5, -13.5],
			"scale": [1.2, 1.2, 1.2]
		}
	}
}