{
	"credit": "Made with Blockbench",
	"texture_size": [128, 128],
	"textures": {
		"0": "item/cyberpunkset/cyberpunk_texture",
		"2": "item/cyberpunkset/cyberpunk_animation_01",
		"3": "item/cyberpunkset/cyberpunk_animation_02",
		"particle": "item/cyberpunkset/cyberpunk_texture"
	},
	"elements": [
		{
			"from": [7.5, 5, 4.1],
			"to": [8.5, 17, 9.6],
			"rotation": {"angle": 0, "axis": "y", "origin": [8, 11.27221, 8.42613]},
			"faces": {
				"north": {"uv": [2.8125, 1.5, 2.9375, 0], "texture": "#0"},
				"east": {"uv": [2.6875, 1.5, 2, 0], "texture": "#0"},
				"south": {"uv": [2.6875, 1.5, 2.8125, 0], "texture": "#0"},
				"west": {"uv": [2, 1.5, 2.6875, 0], "texture": "#0"},
				"up": {"uv": [1.8125, 2.3125, 1.9375, 1.625], "texture": "#0"},
				"down": {"uv": [1.8125, 2.3125, 1.9375, 1.625], "texture": "#0"}
			}
		},
		{
			"from": [7.75, 17, 4.1],
			"to": [8.25, 22, 8.2],
			"rotation": {"angle": 45, "axis": "x", "origin": [8, 17, 4.1]},
			"faces": {
				"north": {"uv": [2.4375, 2.25, 2.5, 1.625], "texture": "#0"},
				"east": {"uv": [2.4375, 2.25, 1.9375, 1.625], "texture": "#0"},
				"south": {"uv": [2.4375, 2.25, 2.5, 1.625], "texture": "#0"},
				"west": {"uv": [1.9375, 2.25, 2.4375, 1.625], "texture": "#0"},
				"up": {"uv": [2.5, 2.125, 2.5625, 1.625], "texture": "#0"},
				"down": {"uv": [2.5, 2.125, 2.5625, 1.625], "texture": "#0"}
			}
		},
		{
			"from": [7.45, 1.16853, 2],
			"to": [8.55, 7.16853, 8],
			"rotation": {"angle": -22.5, "axis": "x", "origin": [8, 11.27221, 8.42613]},
			"faces": {
				"north": {"uv": [2.6875, 2.25, 2.8125, 1.5], "texture": "#0"},
				"east": {"uv": [1.1875, 3, 0.4375, 2.25], "texture": "#0"},
				"south": {"uv": [1.1875, 3, 1.3125, 2.25], "texture": "#0"},
				"west": {"uv": [0.4375, 3, 1.1875, 2.25], "texture": "#0"},
				"up": {"uv": [1.3125, 3, 1.4375, 2.25], "texture": "#0"},
				"down": {"uv": [1.3125, 3, 1.4375, 2.25], "texture": "#0"}
			}
		},
		{
			"from": [6.75, -2, 1],
			"to": [9.25, 1.5, 12],
			"rotation": {"angle": -22.5, "axis": "x", "origin": [8, 0.75, 7.5]},
			"faces": {
				"north": {"uv": [0.4375, 3.25, 0, 3.5625], "rotation": 90, "texture": "#0"},
				"east": {"uv": [0, 1.875, 0.4375, 3.25], "rotation": 90, "texture": "#0"},
				"south": {"uv": [0.4375, 3.25, 0, 3.5625], "rotation": 90, "texture": "#0"},
				"west": {"uv": [0, 3.25, 0.4375, 1.875], "rotation": 90, "texture": "#0"},
				"up": {"uv": [0.4375, 1.625, 1.8125, 1.9375], "rotation": 90, "texture": "#0"},
				"down": {"uv": [0.4375, 1.9375, 1.8125, 2.25], "rotation": 90, "texture": "#0"}
			}
		},
		{
			"from": [7, 5, 5],
			"to": [9, 8.5, 14],
			"rotation": {"angle": 22.5, "axis": "x", "origin": [8, 7.75, 8.5]},
			"faces": {
				"north": {"uv": [0.4375, 3.3125, 0.875, 3.5], "rotation": 90, "texture": "#0"},
				"east": {"uv": [0, 1.125, 0.4375, 0], "rotation": 90, "texture": "#0"},
				"south": {"uv": [1.0625, 0.375, 1.5, 0.5625], "rotation": 90, "texture": "#0"},
				"west": {"uv": [0, 0, 0.4375, 1.125], "rotation": 90, "texture": "#0"},
				"up": {"uv": [0.4375, 0, 1.5625, 0.1875], "rotation": 90, "texture": "#0"},
				"down": {"uv": [0.4375, 0, 1.5625, 0.1875], "rotation": 90, "texture": "#0"}
			}
		},
		{
			"from": [8, 4.5, 8],
			"to": [8, 16, 21],
			"rotation": {"angle": 22.5, "axis": "x", "origin": [8, 7.75, 8.5]},
			"faces": {
				"north": {"uv": [0, 0, 0, 11.5], "texture": "#3"},
				"east": {"uv": [13, 0, 0, 11.5], "texture": "#3"},
				"south": {"uv": [0, 0, 0, 11.5], "texture": "#3"},
				"west": {"uv": [0, 0, 13, 11.5], "texture": "#3"},
				"up": {"uv": [0, 13, 0, 0], "texture": "#3"},
				"down": {"uv": [0, 0, 0, 13], "texture": "#3"}
			}
		},
		{
			"from": [6.75, -3.5, 6.75],
			"to": [9.25, -1, 9.25],
			"rotation": {"angle": -45, "axis": "y", "origin": [8, -1.25, 8.05]},
			"faces": {
				"north": {"uv": [0.75, 0.75, 1.0625, 1.0625], "texture": "#0"},
				"east": {"uv": [0.75, 0.75, 1.0625, 1.0625], "texture": "#0"},
				"south": {"uv": [0.75, 0.75, 1.0625, 1.0625], "texture": "#0"},
				"west": {"uv": [0.75, 0.75, 1.0625, 1.0625], "texture": "#0"},
				"up": {"uv": [1.0625, 0.75, 1.375, 1.0625], "texture": "#0"},
				"down": {"uv": [1.0625, 0.75, 1.375, 1.0625], "texture": "#0"}
			}
		},
		{
			"from": [7.25, -13.5, 7.25],
			"to": [8.75, -11, 8.75],
			"rotation": {"angle": -45, "axis": "y", "origin": [8, -1.25, 8.05]},
			"faces": {
				"north": {"uv": [1.4375, 2.25, 1.625, 2.5625], "texture": "#0"},
				"east": {"uv": [1.4375, 2.25, 1.625, 2.5625], "texture": "#0"},
				"south": {"uv": [1.4375, 2.25, 1.625, 2.5625], "texture": "#0"},
				"west": {"uv": [1.4375, 2.25, 1.625, 2.5625], "texture": "#0"},
				"up": {"uv": [1.4375, 2.5625, 1.625, 2.75], "texture": "#0"},
				"down": {"uv": [1.4375, 2.5625, 1.625, 2.75], "texture": "#0"}
			}
		},
		{
			"from": [5.25, -11.5, 5.25],
			"to": [10.75, -11.5, 10.75],
			"rotation": {"angle": -45, "axis": "y", "origin": [8, -1.25, 8.05]},
			"faces": {
				"north": {"uv": [1.4375, 2.25, 1.625, 2.5625], "texture": "#0"},
				"east": {"uv": [1.4375, 2.25, 1.625, 2.5625], "texture": "#0"},
				"south": {"uv": [1.4375, 2.25, 2.125, 2.25], "texture": "#0"},
				"west": {"uv": [1.4375, 2.25, 1.625, 2.5625], "texture": "#0"},
				"up": {"uv": [3, 0.5625, 3.6875, 1.25], "texture": "#0"},
				"down": {"uv": [3, 1.25, 3.6875, 0.5625], "texture": "#0"}
			}
		},
		{
			"from": [5.25, -11.3, 5.25],
			"to": [10.75, -11.3, 10.75],
			"rotation": {"angle": -45, "axis": "y", "origin": [8, -1.25, 8.05]},
			"faces": {
				"north": {"uv": [1.4375, 2.25, 1.625, 2.5625], "texture": "#0"},
				"east": {"uv": [1.4375, 2.25, 1.625, 2.5625], "texture": "#0"},
				"south": {"uv": [1.4375, 2.25, 2.125, 2.25], "texture": "#0"},
				"west": {"uv": [1.4375, 2.25, 1.625, 2.5625], "texture": "#0"},
				"up": {"uv": [3, 0.5625, 3.6875, 1.25], "texture": "#0"},
				"down": {"uv": [3, 1.25, 3.6875, 0.5625], "texture": "#0"}
			}
		},
		{
			"from": [6, -1.4, 4.75],
			"to": [10, 3.1, 9.25],
			"rotation": {"angle": -45, "axis": "x", "origin": [8, 1.85, 8]},
			"faces": {
				"north": {"uv": [1.5, 1.0625, 2, 1.625], "texture": "#0"},
				"east": {"uv": [0.4375, 1.0625, 1, 1.625], "rotation": 90, "texture": "#0"},
				"south": {"uv": [1.5, 1.0625, 2, 1.625], "texture": "#0"},
				"west": {"uv": [0.4375, 1.0625, 1, 1.625], "rotation": 90, "texture": "#0"},
				"up": {"uv": [1.4375, 2.75, 1.9375, 3.3125], "rotation": 180, "texture": "#0"},
				"down": {"uv": [1, 1.0625, 1.5, 1.625], "rotation": 180, "texture": "#0"}
			}
		},
		{
			"from": [7, -11, 7],
			"to": [9, -3, 9],
			"rotation": {"angle": -45, "axis": "y", "origin": [8, -1.25, 8.05]},
			"faces": {
				"north": {"uv": [1.875, 0, 1.625, 1], "texture": "#0"},
				"east": {"uv": [1.625, 0, 1.875, 1], "texture": "#0"},
				"south": {"uv": [1.875, 0, 1.625, 1], "texture": "#0"},
				"west": {"uv": [1.625, 0, 1.875, 1], "texture": "#0"},
				"up": {"uv": [1.625, 0, 1.875, 0.25], "texture": "#0"},
				"down": {"uv": [1.625, 0, 1.875, 0.25], "texture": "#0"}
			}
		},
		{
			"from": [8, -1, 1],
			"to": [8, 32, 8.5],
			"rotation": {"angle": 0, "axis": "y", "origin": [0, 2, 0]},
			"faces": {
				"north": {"uv": [15.0625, 0, 16, 4.125], "texture": "#0"},
				"east": {"uv": [16, 0, 15.0625, 4.125], "texture": "#0"},
				"south": {"uv": [0, 0, 0, 256], "texture": "#missing"},
				"west": {"uv": [15.0625, 0, 16, 4.125], "texture": "#0"},
				"up": {"uv": [0, 0, 0, 120], "texture": "#missing"},
				"down": {"uv": [0, 0, 0, 120], "texture": "#missing"}
			}
		},
		{
			"from": [7.1, 10, 5],
			"to": [8.9, 12.5, 12],
			"rotation": {"angle": 22.5, "axis": "x", "origin": [8, 12.75, 8.5]},
			"faces": {
				"north": {"uv": [1.0625, 0.5625, 0.75, 0.375], "rotation": 90, "texture": "#0"},
				"east": {"uv": [0.4375, 1.0625, 0.75, 0.1875], "rotation": 90, "texture": "#0"},
				"south": {"uv": [1.9375, 2.75, 1.625, 2.5625], "rotation": 90, "texture": "#0"},
				"west": {"uv": [0.4375, 0.1875, 0.75, 1.0625], "rotation": 90, "texture": "#0"},
				"up": {"uv": [1.625, 0.1875, 0.75, 0.375], "rotation": 90, "texture": "#0"},
				"down": {"uv": [1.625, 0.1875, 0.75, 0.375], "rotation": 90, "texture": "#0"}
			}
		},
		{
			"from": [7.25, 14, 5],
			"to": [8.75, 15.5, 11],
			"rotation": {"angle": 22.5, "axis": "x", "origin": [8, 16.75, 8.5]},
			"faces": {
				"north": {"uv": [0.1875, 1.125, 0.375, 1.3125], "rotation": 90, "texture": "#0"},
				"east": {"uv": [0, 1.875, 0.1875, 1.125], "rotation": 90, "texture": "#0"},
				"south": {"uv": [1.375, 0.875, 1.5625, 1.0625], "rotation": 90, "texture": "#0"},
				"west": {"uv": [0, 1.125, 0.1875, 1.875], "rotation": 90, "texture": "#0"},
				"up": {"uv": [1.5, 0.5625, 0.75, 0.75], "rotation": 90, "texture": "#0"},
				"down": {"uv": [0.75, 0.5625, 1.5, 0.75], "rotation": 90, "texture": "#0"}
			}
		},
		{
			"from": [5.9, -1.1, 6.4],
			"to": [5.9, 1.6, 9.1],
			"rotation": {"angle": 45, "axis": "x", "origin": [5.4, 0, 8]},
			"faces": {
				"north": {"uv": [0, 0, 0, 5], "texture": "#2"},
				"east": {"uv": [5, 0, 0, 5], "texture": "#2"},
				"south": {"uv": [0, 0, 0, 5], "texture": "#2"},
				"west": {"uv": [0, 0, 5, 5], "texture": "#2"},
				"up": {"uv": [0, 5, 0, 0], "texture": "#2"},
				"down": {"uv": [0, 0, 0, 5], "texture": "#2"}
			}
		},
		{
			"from": [10.1, -1.1, 6.4],
			"to": [10.1, 1.6, 9.1],
			"rotation": {"angle": 45, "axis": "x", "origin": [10.6, 0, 8]},
			"faces": {
				"north": {"uv": [0, 0, 0, 5], "texture": "#2"},
				"east": {"uv": [5, 0, 0, 5], "texture": "#2"},
				"south": {"uv": [0, 0, 0, 5], "texture": "#2"},
				"west": {"uv": [0, 0, 5, 5], "texture": "#2"},
				"up": {"uv": [0, 5, 0, 0], "texture": "#2"},
				"down": {"uv": [0, 0, 0, 5], "texture": "#2"}
			}
		},
		{
			"from": [6.5, 21.5, 6.5],
			"to": [9.5, 21.5, 10.5],
			"rotation": {"angle": -22.5, "axis": "x", "origin": [8, 19.5, 8]},
			"faces": {
				"north": {"uv": [0, 0, 0.375, 0], "texture": "#0"},
				"east": {"uv": [0, 0, 0.5, 0], "texture": "#0"},
				"south": {"uv": [0, 0, 0.375, 0], "texture": "#0"},
				"west": {"uv": [0, 0, 0.5, 0], "texture": "#0"},
				"up": {"uv": [3.0625, 0, 3.4375, 0.5], "texture": "#0"},
				"down": {"uv": [3.0625, 0.5, 3.4375, 0], "texture": "#0"}
			}
		},
		{
			"from": [6.5, 23, 6.5],
			"to": [9.5, 23, 10.5],
			"rotation": {"angle": -22.5, "axis": "x", "origin": [8, 21, 8]},
			"faces": {
				"north": {"uv": [0, 0, 0.375, 0], "texture": "#0"},
				"east": {"uv": [0, 0, 0.5, 0], "texture": "#0"},
				"south": {"uv": [0, 0, 0.375, 0], "texture": "#0"},
				"west": {"uv": [0, 0, 0.5, 0], "texture": "#0"},
				"up": {"uv": [3.0625, 0, 3.4375, 0.5], "texture": "#0"},
				"down": {"uv": [3.0625, 0.5, 3.4375, 0], "texture": "#0"}
			}
		}
	],
	"gui_light": "front",
	"display": {
		"thirdperson_righthand": {
			"translation": [0, 6.75, 1],
			"scale": [0.6, 0.6, 0.6]
		},
		"thirdperson_lefthand": {
			"translation": [0, 6.75, 1],
			"scale": [0.6, 0.6, 0.6]
		},
		"firstperson_righthand": {
			"rotation": [5.43, 9.36, 6.36],
			"translation": [6.75, 2, -5.5],
			"scale": [0.65234, 0.65234, 0.65234]
		},
		"firstperson_lefthand": {
			"rotation": [5.43, 9.36, 6.36],
			"translation": [6.75, 2, -5.5],
			"scale": [0.65234, 0.65234, 0.65234]
		},
		"ground": {
			"rotation": [0, 0, 90],
			"translation": [-4.75, 0.25, 0],
			"scale": [0.5, 0.5, 0.5]
		},
		"gui": {
			"rotation": [90, 135, -90],
			"translation": [0.5, -0.25, -1.25],
			"scale": [0.5, 0.5, 0.5]
		},
		"head": {
			"rotation": [90, -168, 90],
			"translation": [-0.5, 11.75, 0],
			"scale": [0.56, 0.56, 0.56]
		},
		"fixed": {
			"rotation": [0, -90, 0],
			"translation": [-1.25, -1.5, -1.5],
			"scale": [1.09, 1.09, 1.09]
		}
	}
}