{
	"credit": "Made with Blockbench",
	"texture_size": [128, 128],
	"textures": {
		"0": "item/cyberpunkset/cyberpunk_texture",
		"2": "item/cyberpunkset/cyberpunk_animation_01",
		"3": "item/cyberpunkset/cyberpunk_animation_02",
		"particle": "item/cyberpunkset/cyberpunk_texture"
	},
	"elements": [
		{
			"from": [8.50733, -7.9, -0.00418],
			"to": [8.50733, -2.9, 6.99582],
			"rotation": {"angle": 22.5, "axis": "y", "origin": [7.00733, 5.6, 4.49582]},
			"faces": {
				"north": {"uv": [2.8125, 15.5, 2.8125, 14.875], "texture": "#0"},
				"east": {"uv": [3.8125, 12.0625, 4.6875, 11.4375], "texture": "#0"},
				"south": {"uv": [2.8125, 15.5, 2.8125, 14.875], "texture": "#0"},
				"west": {"uv": [4.6875, 12.0625, 3.8125, 11.4375], "texture": "#0"},
				"up": {"uv": [2.9375, 15.75, 2.9375, 14.875], "texture": "#0"},
				"down": {"uv": [2.9375, 14.875, 2.9375, 15.75], "texture": "#0"}
			}
		},
		{
			"from": [7.00733, -2.9, 6.49582],
			"to": [8.00733, 15.1, 8.49582],
			"rotation": {"angle": 22.5, "axis": "y", "origin": [7.50733, 4.6, 4.49582]},
			"faces": {
				"north": {"uv": [5.8125, 10.625, 5.9375, 8.375], "texture": "#0"},
				"east": {"uv": [5.5625, 10.625, 5.8125, 8.375], "texture": "#0"},
				"south": {"uv": [5.8125, 10.625, 5.9375, 8.375], "texture": "#0"},
				"west": {"uv": [5.5625, 10.625, 5.8125, 8.375], "texture": "#0"},
				"up": {"uv": [5.4375, 9.1875, 5.5625, 9.4375], "texture": "#0"},
				"down": {"uv": [5.4375, 9.1875, 5.5625, 9.4375], "texture": "#0"}
			}
		},
		{
			"from": [7.00733, -2.9, 7.50418],
			"to": [8.00733, 15.1, 9.50418],
			"rotation": {"angle": -22.5, "axis": "y", "origin": [7.50733, 4.6, 11.50418]},
			"faces": {
				"north": {"uv": [5.9375, 10.625, 5.8125, 8.375], "texture": "#0"},
				"east": {"uv": [5.8125, 10.625, 5.5625, 8.375], "texture": "#0"},
				"south": {"uv": [5.9375, 10.625, 5.8125, 8.375], "texture": "#0"},
				"west": {"uv": [5.8125, 10.625, 5.5625, 8.375], "texture": "#0"},
				"up": {"uv": [5.4375, 9.4375, 5.5625, 9.1875], "texture": "#0"},
				"down": {"uv": [5.4375, 9.4375, 5.5625, 9.1875], "texture": "#0"}
			}
		},
		{
			"from": [6.50733, -2.9, -0.00418],
			"to": [8.50733, 14.1, 6.99582],
			"rotation": {"angle": 22.5, "axis": "y", "origin": [7.00733, 4.6, 4.49582]},
			"faces": {
				"north": {"uv": [0.875, 16, 1.125, 13.875], "texture": "#0"},
				"east": {"uv": [0, 16, 0.875, 13.875], "texture": "#0"},
				"south": {"uv": [2.375, 16, 2.625, 13.875], "texture": "#0"},
				"west": {"uv": [0.875, 16, 0, 13.875], "texture": "#0"},
				"up": {"uv": [1.125, 14.75, 1.375, 13.875], "texture": "#0"},
				"down": {"uv": [1.125, 15.625, 1.375, 14.75], "texture": "#0"}
			}
		},
		{
			"from": [7.5, 13.55, -5],
			"to": [7.5, 26.55, 7.5],
			"rotation": {"angle": 22.5, "axis": "y", "origin": [7.5, 23.05, 5.5]},
			"faces": {
				"north": {"uv": [0, 0, 0, 13], "texture": "#3"},
				"east": {"uv": [13, 0, 0, 11.5], "rotation": 90, "texture": "#3"},
				"south": {"uv": [0, 13, 0, 0], "rotation": 180, "texture": "#3"},
				"west": {"uv": [0, 0, 13, 11.5], "rotation": 270, "texture": "#3"},
				"up": {"uv": [0, 11.5, 0, 0], "texture": "#3"},
				"down": {"uv": [0, 11.5, 0, 0], "rotation": 180, "texture": "#3"}
			}
		},
		{
			"from": [7.5, 13.55, 8.5],
			"to": [7.5, 26.55, 21],
			"rotation": {"angle": -22.5, "axis": "y", "origin": [7.5, 23.05, 10.5]},
			"faces": {
				"north": {"uv": [0, 13, 0, 0], "rotation": 180, "texture": "#3"},
				"east": {"uv": [13, 11.5, 0, 0], "rotation": 90, "texture": "#3"},
				"south": {"uv": [0, 0, 0, 13], "texture": "#3"},
				"west": {"uv": [0, 11.5, 13, 0], "rotation": 270, "texture": "#3"},
				"up": {"uv": [0, 0, 0, 11.5], "texture": "#3"},
				"down": {"uv": [0, 0, 0, 11.5], "rotation": 180, "texture": "#3"}
			}
		},
		{
			"from": [10.4, 10.57468, 6.96173],
			"to": [11.9, 17.57468, 9.46173],
			"rotation": {"angle": 22.5, "axis": "y", "origin": [0.5, 1.7182, 15.24353]},
			"faces": {
				"north": {"uv": [0.75, 0.1875, 1.625, 0.375], "rotation": 90, "texture": "#0"},
				"east": {"uv": [0.4375, 1.0625, 0.75, 0.1875], "rotation": 180, "texture": "#0"},
				"south": {"uv": [0.75, 0.1875, 1.625, 0.375], "rotation": 270, "texture": "#0"},
				"west": {"uv": [0.4375, 0.1875, 0.75, 1.0625], "texture": "#0"},
				"up": {"uv": [1.9375, 2.5625, 1.625, 2.75], "rotation": 90, "texture": "#0"},
				"down": {"uv": [1.0625, 0.375, 0.75, 0.5625], "rotation": 270, "texture": "#0"}
			}
		},
		{
			"from": [10.4, 10.57468, 6.53827],
			"to": [11.9, 17.57468, 9.03827],
			"rotation": {"angle": -22.5, "axis": "y", "origin": [0.5, 1.7182, 0.75647]},
			"faces": {
				"north": {"uv": [0.75, 0.375, 1.625, 0.1875], "rotation": 270, "texture": "#0"},
				"east": {"uv": [0.75, 1.0625, 0.4375, 0.1875], "rotation": 180, "texture": "#0"},
				"south": {"uv": [0.75, 0.375, 1.625, 0.1875], "rotation": 90, "texture": "#0"},
				"west": {"uv": [0.75, 0.1875, 0.4375, 1.0625], "texture": "#0"},
				"up": {"uv": [1.625, 2.5625, 1.9375, 2.75], "rotation": 90, "texture": "#0"},
				"down": {"uv": [0.75, 0.375, 1.0625, 0.5625], "rotation": 270, "texture": "#0"}
			}
		},
		{
			"from": [2.05, 5, -0.52587],
			"to": [5.55, 14, 1.47413],
			"rotation": {"angle": -22.5, "axis": "y", "origin": [5.5, 15.37587, 2.37413]},
			"faces": {
				"north": {"uv": [0, 1.125, 0.4375, 0], "rotation": 180, "texture": "#0"},
				"east": {"uv": [1.5625, 0, 0.4375, 0.1875], "rotation": 270, "texture": "#0"},
				"south": {"uv": [0, 0, 0.4375, 1.125], "texture": "#0"},
				"west": {"uv": [1.5625, 0, 0.4375, 0.1875], "rotation": 90, "texture": "#0"},
				"up": {"uv": [1.0625, 0.5625, 1.5, 0.375], "texture": "#0"},
				"down": {"uv": [0.4375, 3.5, 0.875, 3.3125], "texture": "#0"}
			}
		},
		{
			"from": [2.05, 5, 14.52587],
			"to": [5.55, 14, 16.52587],
			"rotation": {"angle": 22.5, "axis": "y", "origin": [5.5, 15.37587, 13.62587]},
			"faces": {
				"north": {"uv": [0.4375, 0, 0, 1.125], "texture": "#0"},
				"east": {"uv": [1.5625, 0.1875, 0.4375, 0], "rotation": 270, "texture": "#0"},
				"south": {"uv": [0.4375, 1.125, 0, 0], "rotation": 180, "texture": "#0"},
				"west": {"uv": [1.5625, 0.1875, 0.4375, 0], "rotation": 90, "texture": "#0"},
				"up": {"uv": [1.0625, 0.375, 1.5, 0.5625], "texture": "#0"},
				"down": {"uv": [0.4375, 3.3125, 0.875, 3.5], "texture": "#0"}
			}
		},
		{
			"from": [6.50733, -2.9, 9.00418],
			"to": [8.50733, 14.1, 16.00418],
			"rotation": {"angle": -22.5, "axis": "y", "origin": [7.00733, 4.6, 11.50418]},
			"faces": {
				"north": {"uv": [2.625, 16, 2.375, 13.875], "texture": "#0"},
				"east": {"uv": [0.875, 16, 0, 13.875], "texture": "#0"},
				"south": {"uv": [1.125, 16, 0.875, 13.875], "texture": "#0"},
				"west": {"uv": [0, 16, 0.875, 13.875], "texture": "#0"},
				"up": {"uv": [1.125, 13.875, 1.375, 14.75], "texture": "#0"},
				"down": {"uv": [1.125, 14.75, 1.375, 15.625], "texture": "#0"}
			}
		},
		{
			"from": [6.50733, 14.1, 2.99582],
			"to": [8.50733, 17.1, 6.99582],
			"rotation": {"angle": 22.5, "axis": "y", "origin": [7.00733, 4.6, 4.49582]},
			"faces": {
				"north": {"uv": [1.875, 14.25, 2.125, 13.875], "texture": "#0"},
				"east": {"uv": [1.875, 14.25, 1.375, 13.875], "texture": "#0"},
				"south": {"uv": [1.875, 14.25, 2.125, 13.875], "texture": "#0"},
				"west": {"uv": [1.375, 14.25, 1.875, 13.875], "texture": "#0"},
				"up": {"uv": [2.125, 14.25, 2.375, 13.75], "texture": "#0"},
				"down": {"uv": [2.125, 14.25, 2.375, 13.75], "texture": "#0"}
			}
		},
		{
			"from": [6.50733, 14.1, 9.00418],
			"to": [8.50733, 17.1, 13.00418],
			"rotation": {"angle": -22.5, "axis": "y", "origin": [7.00733, 4.6, 11.50418]},
			"faces": {
				"north": {"uv": [2.125, 14.25, 1.875, 13.875], "texture": "#0"},
				"east": {"uv": [1.375, 14.25, 1.875, 13.875], "texture": "#0"},
				"south": {"uv": [2.125, 14.25, 1.875, 13.875], "texture": "#0"},
				"west": {"uv": [1.875, 14.25, 1.375, 13.875], "texture": "#0"},
				"up": {"uv": [2.125, 13.75, 2.375, 14.25], "texture": "#0"},
				"down": {"uv": [2.125, 13.75, 2.375, 14.25], "texture": "#0"}
			}
		},
		{
			"from": [8.50733, -7.9, 9.00418],
			"to": [8.50733, -2.9, 16.00418],
			"rotation": {"angle": -22.5, "axis": "y", "origin": [7.00733, 5.6, 11.50418]},
			"faces": {
				"north": {"uv": [2.8125, 15.5, 2.8125, 14.875], "texture": "#0"},
				"east": {"uv": [4.6875, 12.0625, 3.8125, 11.4375], "texture": "#0"},
				"south": {"uv": [2.8125, 15.5, 2.8125, 14.875], "texture": "#0"},
				"west": {"uv": [3.8125, 12.0625, 4.6875, 11.4375], "texture": "#0"},
				"up": {"uv": [2.9375, 14.875, 2.9375, 15.75], "texture": "#0"},
				"down": {"uv": [2.9375, 15.75, 2.9375, 14.875], "texture": "#0"}
			}
		},
		{
			"from": [5.9, 12.9, 6.4],
			"to": [5.9, 15.6, 9.1],
			"rotation": {"angle": 45, "axis": "x", "origin": [5.4, 14, 8]},
			"faces": {
				"north": {"uv": [0, 0, 0, 5], "texture": "#2"},
				"east": {"uv": [5, 0, 0, 5], "texture": "#2"},
				"south": {"uv": [0, 0, 0, 5], "texture": "#2"},
				"west": {"uv": [0, 0, 5, 5], "texture": "#2"},
				"up": {"uv": [0, 5, 0, 0], "texture": "#2"},
				"down": {"uv": [0, 0, 0, 5], "texture": "#2"}
			}
		},
		{
			"from": [6, 12.6, 4.75],
			"to": [10, 17.1, 9.25],
			"rotation": {"angle": -45, "axis": "x", "origin": [8, 15.85, 8]},
			"faces": {
				"north": {"uv": [1.5, 1.0625, 2, 1.625], "texture": "#0"},
				"east": {"uv": [0.4375, 1.625, 1, 1.0625], "rotation": 90, "texture": "#0"},
				"south": {"uv": [1.4375, 2.75, 1.9375, 3.3125], "rotation": 180, "texture": "#0"},
				"west": {"uv": [0.4375, 1.0625, 1, 1.625], "rotation": 90, "texture": "#0"},
				"up": {"uv": [1.4375, 2.75, 1.9375, 3.3125], "rotation": 180, "texture": "#0"},
				"down": {"uv": [1.5, 1.0625, 2, 1.625], "texture": "#0"}
			}
		},
		{
			"from": [10.1, 12.9, 6.4],
			"to": [10.1, 15.6, 9.1],
			"rotation": {"angle": 45, "axis": "x", "origin": [10.6, 14, 8]},
			"faces": {
				"north": {"uv": [0, 0, 0, 5], "texture": "#2"},
				"east": {"uv": [5, 0, 0, 5], "texture": "#2"},
				"south": {"uv": [0, 0, 0, 5], "texture": "#2"},
				"west": {"uv": [0, 0, 5, 5], "texture": "#2"},
				"up": {"uv": [0, 5, 0, 0], "texture": "#2"},
				"down": {"uv": [0, 0, 0, 5], "texture": "#2"}
			}
		},
		{
			"from": [0.75, 11, 6.75],
			"to": [3.25, 13.5, 9.25],
			"rotation": {"angle": -45, "axis": "y", "origin": [2, 13.25, 8.05]},
			"faces": {
				"north": {"uv": [0.75, 0.75, 1.0625, 1.0625], "texture": "#0"},
				"east": {"uv": [0.75, 0.75, 1.0625, 1.0625], "texture": "#0"},
				"south": {"uv": [0.75, 0.75, 1.0625, 1.0625], "texture": "#0"},
				"west": {"uv": [0.75, 0.75, 1.0625, 1.0625], "texture": "#0"},
				"up": {"uv": [1.0625, 0.75, 1.375, 1.0625], "texture": "#0"},
				"down": {"uv": [1.0625, 0.75, 1.375, 1.0625], "texture": "#0"}
			}
		},
		{
			"from": [1, 3.5, 7],
			"to": [3, 11.5, 9],
			"rotation": {"angle": -45, "axis": "y", "origin": [2, 13.25, 8.05]},
			"faces": {
				"north": {"uv": [1.875, 0, 1.625, 1], "texture": "#0"},
				"east": {"uv": [1.625, 0, 1.875, 1], "texture": "#0"},
				"south": {"uv": [1.875, 0, 1.625, 1], "texture": "#0"},
				"west": {"uv": [1.625, 0, 1.875, 1], "texture": "#0"},
				"up": {"uv": [1.625, 0, 1.875, 0.25], "texture": "#0"},
				"down": {"uv": [1.625, 0, 1.875, 0.25], "texture": "#0"}
			}
		},
		{
			"from": [2.5, 11, 7],
			"to": [8.5, 13, 9],
			"rotation": {"angle": -45, "axis": "x", "origin": [1.8, 12.05, 8.05]},
			"faces": {
				"north": {"uv": [1.875, 0, 1.625, 0.75], "rotation": 90, "texture": "#0"},
				"east": {"uv": [1.625, 0, 1.875, 0.25], "rotation": 270, "texture": "#0"},
				"south": {"uv": [1.875, 0, 1.625, 0.75], "rotation": 270, "texture": "#0"},
				"west": {"uv": [1.625, 0, 1.875, 0.25], "rotation": 270, "texture": "#0"},
				"up": {"uv": [1.625, 0, 1.875, 0.75], "rotation": 270, "texture": "#0"},
				"down": {"uv": [1.625, 0, 1.875, 0.75], "rotation": 270, "texture": "#0"}
			}
		},
		{
			"from": [-0.75, 3, 5.25],
			"to": [4.75, 3, 10.75],
			"rotation": {"angle": -45, "axis": "y", "origin": [2, 13.25, 8.05]},
			"faces": {
				"north": {"uv": [1.4375, 2.25, 1.625, 2.5625], "texture": "#0"},
				"east": {"uv": [1.4375, 2.25, 1.625, 2.5625], "texture": "#0"},
				"south": {"uv": [1.4375, 2.25, 2.125, 2.25], "texture": "#0"},
				"west": {"uv": [1.4375, 2.25, 1.625, 2.5625], "texture": "#0"},
				"up": {"uv": [3, 0.5625, 3.6875, 1.25], "texture": "#0"},
				"down": {"uv": [3, 1.25, 3.6875, 0.5625], "texture": "#0"}
			}
		},
		{
			"from": [-0.75, 3.2, 5.25],
			"to": [4.75, 3.2, 10.75],
			"rotation": {"angle": -45, "axis": "y", "origin": [2, 13.25, 8.05]},
			"faces": {
				"north": {"uv": [1.4375, 2.25, 1.625, 2.5625], "texture": "#0"},
				"east": {"uv": [1.4375, 2.25, 1.625, 2.5625], "texture": "#0"},
				"south": {"uv": [1.4375, 2.25, 2.125, 2.25], "texture": "#0"},
				"west": {"uv": [1.4375, 2.25, 1.625, 2.5625], "texture": "#0"},
				"up": {"uv": [3, 0.5625, 3.6875, 1.25], "texture": "#0"},
				"down": {"uv": [3, 1.25, 3.6875, 0.5625], "texture": "#0"}
			}
		},
		{
			"from": [10.2, 11.45, 5.25],
			"to": [10.2, 16.95, 10.75],
			"rotation": {"angle": -45, "axis": "x", "origin": [13, 14.2, 8]},
			"faces": {
				"north": {"uv": [1.4375, 2.25, 1.625, 2.5625], "rotation": 270, "texture": "#0"},
				"east": {"uv": [3, 0.5625, 3.6875, 1.25], "rotation": 180, "texture": "#0"},
				"south": {"uv": [1.4375, 2.25, 1.625, 2.5625], "rotation": 90, "texture": "#0"},
				"west": {"uv": [3, 1.25, 3.6875, 0.5625], "texture": "#0"},
				"up": {"uv": [1.4375, 2.25, 2.125, 2.25], "rotation": 90, "texture": "#0"},
				"down": {"uv": [1.4375, 2.25, 1.625, 2.5625], "rotation": 90, "texture": "#0"}
			}
		},
		{
			"from": [1.25, 1, 7.25],
			"to": [2.75, 3.5, 8.75],
			"rotation": {"angle": -45, "axis": "y", "origin": [2, 13.25, 8.05]},
			"faces": {
				"north": {"uv": [1.4375, 2.25, 1.625, 2.5625], "texture": "#0"},
				"east": {"uv": [1.4375, 2.25, 1.625, 2.5625], "texture": "#0"},
				"south": {"uv": [1.4375, 2.25, 1.625, 2.5625], "texture": "#0"},
				"west": {"uv": [1.4375, 2.25, 1.625, 2.5625], "texture": "#0"},
				"up": {"uv": [1.4375, 2.5625, 1.625, 2.75], "texture": "#0"},
				"down": {"uv": [1.4375, 2.5625, 1.625, 2.75], "texture": "#0"}
			}
		}
	],
	"gui_light": "front",
	"display": {
		"thirdperson_righthand": {
			"translation": [4, -1.5, 1.25],
			"scale": [0.7, 0.7, 0.7]
		},
		"thirdperson_lefthand": {
			"rotation": [0, 180, 0],
			"translation": [4, -1.75, 1.25],
			"scale": [0.7, 0.7, 0.7]
		},
		"firstperson_righthand": {
			"rotation": [10, 72, 0],
			"translation": [-0.25, 2, 0.75],
			"scale": [0.6, 0.6, 0.6]
		},
		"firstperson_lefthand": {
			"rotation": [10, -90, 0],
			"translation": [-0.5, 2, 0.75],
			"scale": [0.6, 0.6, 0.6]
		},
		"ground": {
			"rotation": [0, 0, 69],
			"translation": [0, 3.25, 0],
			"scale": [0.6, 0.6, 0.6]
		},
		"gui": {
			"rotation": [7, -123, 12],
			"translation": [-0.5, 0.25, -1.5],
			"scale": [0.5, 0.5, 0.5]
		},
		"head": {
			"rotation": [90, 55, -90],
			"translation": [2.25, 15.5, 1.75],
			"scale": [0.6, 0.6, 0.6]
		},
		"fixed": {
			"rotation": [0, 90, 0],
			"translation": [0, 4.25, -6.25],
			"scale": [1.6, 1.6, 1.6]
		}
	}
}