{
	"credit": "Made with Blockbench",
	"texture_size": [64, 64],
	"textures": {
		"1": "item/cosmetics/backpacks/dino",
		"particle": "item/cosmetics/backpacks/dino"
	},
	"elements": [
		{
			"from": [3, -4.77724, 2.97904],
			"to": [13, 9.22276, 9.97904],
			"rotation": {"angle": -45, "axis": "x", "origin": [8, 1.35126, 6.25418]},
			"faces": {
				"north": {"uv": [6, 3.5, 3.5, 7], "rotation": 180, "texture": "#1"},
				"east": {"uv": [0, 0, 3.5, 1.75], "rotation": 270, "texture": "#1", "tintindex": 0},
				"south": {"uv": [6, 3.5, 3.5, 0], "texture": "#1", "tintindex": 0},
				"west": {"uv": [0, 2.5, 3.5, 4.25], "rotation": 90, "texture": "#1", "tintindex": 0},
				"up": {"uv": [0, 5, 2.5, 6.5], "rotation": 180, "texture": "#1", "tintindex": 0},
				"down": {"uv": [6, 0, 8.5, 1.25], "texture": "#1", "tintindex": 0}
			}
		},
		{
			"from": [3, -4.77724, -0.02096],
			"to": [13, 9.22276, 2.97904],
			"rotation": {"angle": -45, "axis": "x", "origin": [8, 1.35126, 6.25418]},
			"faces": {
				"north": {"uv": [6, 3.5, 3.5, 7], "rotation": 180, "texture": "#1"},
				"east": {"uv": [0, 1.75, 3.5, 2.5], "rotation": 270, "texture": "#1"},
				"south": {"uv": [6, 3.5, 3.5, 0], "texture": "#1"},
				"west": {"uv": [0, 4.25, 3.5, 5], "rotation": 90, "texture": "#1"},
				"up": {"uv": [0, 6.5, 2.5, 7.5], "rotation": 180, "texture": "#1"},
				"down": {"uv": [6, 1.25, 8.5, 2.5], "texture": "#1"}
			}
		},
		{
			"from": [6, 7.27737, 3.83126],
			"to": [10, 13.27737, 7.83126],
			"rotation": {"angle": -22.5, "axis": "x", "origin": [8, 1.35126, 6.25418]},
			"faces": {
				"north": {"uv": [10.5, 7, 9.5, 8.5], "rotation": 180, "texture": "#1"},
				"east": {"uv": [8, 2.5, 9.5, 3.5], "rotation": 270, "texture": "#1", "tintindex": 0},
				"south": {"uv": [10.5, 7, 9.5, 5.5], "texture": "#1", "tintindex": 0},
				"west": {"uv": [8, 4, 9.5, 5], "rotation": 90, "texture": "#1", "tintindex": 0},
				"up": {"uv": [3, 9, 4, 10], "rotation": 180, "texture": "#1", "tintindex": 0},
				"down": {"uv": [9.5, 4, 10.5, 5], "texture": "#1", "tintindex": 0}
			}
		},
		{
			"from": [6, 7.27737, 1.83126],
			"to": [10, 13.27737, 3.83126],
			"rotation": {"angle": -22.5, "axis": "x", "origin": [8, 1.35126, 6.25418]},
			"faces": {
				"north": {"uv": [10.5, 7, 9.5, 8.5], "rotation": 180, "texture": "#1"},
				"east": {"uv": [8, 3.5, 9.5, 4], "rotation": 270, "texture": "#1"},
				"south": {"uv": [10.5, 7, 9.5, 5.5], "texture": "#1"},
				"west": {"uv": [8, 5, 9.5, 5.5], "rotation": 90, "texture": "#1"},
				"up": {"uv": [3, 9.75, 4, 10.5], "rotation": 180, "texture": "#1"},
				"down": {"uv": [9.5, 5, 10.5, 5.5], "texture": "#1"}
			}
		},
		{
			"from": [5, 15.22276, 7.27514],
			"to": [11, 21.22276, 12.27514],
			"rotation": {"angle": -45, "axis": "x", "origin": [8, 1.35126, 6.25418]},
			"faces": {
				"north": {"uv": [5.5, 8.5, 4, 10], "rotation": 180, "texture": "#1", "tintindex": 0},
				"east": {"uv": [1.5, 9, 3, 10.25], "rotation": 270, "texture": "#1", "tintindex": 0},
				"south": {"uv": [10, 1.5, 8.5, 0], "texture": "#1", "tintindex": 0},
				"west": {"uv": [8, 9, 9.5, 10.25], "rotation": 90, "texture": "#1", "tintindex": 0},
				"up": {"uv": [0, 9, 1.5, 10.25], "rotation": 180, "texture": "#1", "tintindex": 0},
				"down": {"uv": [6.5, 9, 8, 10.25], "texture": "#1", "tintindex": 0}
			}
		},
		{
			"from": [6, 15.22276, 7.25014],
			"to": [10, 20.22276, 7.25014],
			"rotation": {"angle": -45, "axis": "x", "origin": [8, 1.35126, 6.25418]},
			"faces": {
				"north": {"uv": [5.25, 8.5, 4.25, 9.75], "rotation": 180, "texture": "#1"},
				"east": {"uv": [1.5, 9, 3, 10.25], "rotation": 270, "texture": "#1"},
				"south": {"uv": [5.25, 8.5, 4.25, 9.75], "rotation": 180, "texture": "#1"},
				"west": {"uv": [8, 9, 9.5, 10.25], "rotation": 90, "texture": "#1"},
				"up": {"uv": [0, 9, 1.5, 10.25], "rotation": 180, "texture": "#1"},
				"down": {"uv": [6.5, 9, 8, 10.25], "texture": "#1", "tintindex": 0}
			}
		},
		{
			"from": [5.5, 16.22276, 5.27514],
			"to": [10.5, 21.22276, 7.27514],
			"rotation": {"angle": -45, "axis": "x", "origin": [8, 1.35126, 6.25418]},
			"faces": {
				"north": {"uv": [10.75, 2.75, 9.5, 4], "rotation": 180, "texture": "#1"},
				"east": {"uv": [10.5, 7.25, 11.75, 7.75], "rotation": 270, "texture": "#1"},
				"south": {"uv": [10.75, 2.75, 9.5, 1.5], "texture": "#1"},
				"west": {"uv": [9.5, 10.5, 10.75, 11], "rotation": 90, "texture": "#1"},
				"up": {"uv": [10.5, 6.75, 11.75, 7.25], "rotation": 180, "texture": "#1"},
				"down": {"uv": [10.5, 7.75, 11.75, 8.25], "texture": "#1", "tintindex": 0}
			}
		},
		{
			"from": [6, 5.57617, -11.52039],
			"to": [10, 6.57617, -6.52039],
			"rotation": {"angle": 22.5, "axis": "x", "origin": [8, 1.35126, 6.25418]},
			"faces": {
				"north": {"uv": [6.5, 8.75, 7.5, 9], "texture": "#1"},
				"east": {"uv": [10, 1.25, 11.25, 1.5], "texture": "#1"},
				"south": {"uv": [10.75, 3.75, 11.75, 4], "texture": "#1"},
				"west": {"uv": [10.5, 6.5, 11.75, 6.75], "texture": "#1"},
				"up": {"uv": [5, 11.25, 4, 10], "texture": "#1"},
				"down": {"uv": [1, 10.25, 0, 11.5], "texture": "#1"}
			}
		},
		{
			"from": [6, 6.57617, -11.52039],
			"to": [10, 7.57617, -6.52039],
			"rotation": {"angle": 22.5, "axis": "x", "origin": [8, 1.35126, 6.25418]},
			"faces": {
				"north": {"uv": [6.5, 8.5, 7.5, 8.75], "texture": "#1", "tintindex": 0},
				"east": {"uv": [10, 1, 11.25, 1.25], "texture": "#1", "tintindex": 0},
				"south": {"uv": [10.75, 3.5, 11.75, 3.75], "texture": "#1", "tintindex": 0},
				"west": {"uv": [10.5, 6.25, 11.75, 6.5], "texture": "#1", "tintindex": 0},
				"up": {"uv": [5, 11.25, 4, 10], "texture": "#1"},
				"down": {"uv": [1, 10.25, 0, 11.5], "texture": "#1", "tintindex": 0}
			}
		},
		{
			"from": [4, 11.76604, 7.27514],
			"to": [12, 17.76604, 13.27514],
			"rotation": {"angle": -45, "axis": "x", "origin": [8, 1.35126, 6.25418]},
			"faces": {
				"north": {"uv": [2, 7.5, 0, 9], "rotation": 180, "texture": "#1"},
				"east": {"uv": [6, 6.5, 7.5, 8], "rotation": 270, "texture": "#1", "tintindex": 0},
				"south": {"uv": [6, 8.5, 4, 7], "texture": "#1", "tintindex": 0},
				"west": {"uv": [2.5, 7, 4, 8.5], "rotation": 90, "texture": "#1", "tintindex": 0},
				"up": {"uv": [6, 2.5, 8, 4], "rotation": 180, "texture": "#1", "tintindex": 0},
				"down": {"uv": [6, 4.5, 8, 6], "texture": "#1", "tintindex": 0}
			}
		},
		{
			"from": [4, 11.76604, 5.27514],
			"to": [12, 17.76604, 7.27514],
			"rotation": {"angle": -45, "axis": "x", "origin": [8, 1.35126, 6.25418]},
			"faces": {
				"north": {"uv": [2, 7.5, 0, 9], "rotation": 180, "texture": "#1"},
				"east": {"uv": [6, 8, 7.5, 8.5], "rotation": 270, "texture": "#1"},
				"south": {"uv": [6, 8.5, 4, 7], "texture": "#1"},
				"west": {"uv": [2.5, 8.5, 4, 9], "rotation": 90, "texture": "#1"},
				"up": {"uv": [6, 4, 8, 4.5], "rotation": 180, "texture": "#1"},
				"down": {"uv": [6, 6, 8, 6.5], "texture": "#1"}
			}
		},
		{
			"from": [12.025, 13.76604, 9.27514],
			"to": [12.025, 15.76604, 12.27514],
			"rotation": {"angle": -45, "axis": "x", "origin": [8, 1.35126, 6.25418]},
			"faces": {
				"north": {"uv": [2, 7.5, 0, 9], "rotation": 180, "texture": "#1"},
				"east": {"uv": [4.25, 12, 4.75, 12.75], "rotation": 270, "texture": "#1"},
				"south": {"uv": [6, 8.5, 4, 7], "texture": "#1"},
				"west": {"uv": [4.25, 12.75, 4.75, 12], "rotation": 270, "texture": "#1"},
				"up": {"uv": [6, 2.5, 8, 4.5], "rotation": 180, "texture": "#1"},
				"down": {"uv": [6, 4.5, 8, 6.5], "texture": "#1", "tintindex": 0}
			}
		},
		{
			"from": [3.975, 13.76604, 9.27514],
			"to": [3.975, 15.76604, 12.27514],
			"rotation": {"angle": -45, "axis": "x", "origin": [8, 1.35126, 6.25418]},
			"faces": {
				"north": {"uv": [0, 7.5, 2, 9], "rotation": 180, "texture": "#1"},
				"east": {"uv": [4.25, 12, 4.75, 12.75], "rotation": 270, "texture": "#1"},
				"south": {"uv": [4, 8.5, 6, 7], "texture": "#1"},
				"west": {"uv": [4.25, 12.75, 4.75, 12], "rotation": 270, "texture": "#1"},
				"up": {"uv": [8, 2.5, 6, 4.5], "rotation": 180, "texture": "#1"},
				"down": {"uv": [8, 4.5, 6, 6.5], "texture": "#1", "tintindex": 0}
			}
		},
		{
			"from": [12.25, 11.04752, -5.83533],
			"to": [12.25, 13.04752, -1.83533],
			"rotation": {"angle": 22.5, "axis": "x", "origin": [8, 1.35126, 6.25418]},
			"faces": {
				"north": {"uv": [0, 0, 0, 0.5], "texture": "#1"},
				"east": {"uv": [10.75, 10.5, 11.75, 11], "texture": "#1", "tintindex": 0},
				"south": {"uv": [0, 0, 0, 0.5], "texture": "#1"},
				"west": {"uv": [11, 5, 12, 5.5], "texture": "#1", "tintindex": 0},
				"up": {"uv": [0, 1, 0, 0], "texture": "#1"},
				"down": {"uv": [0, 0, 0, 1], "texture": "#1", "tintindex": 0}
			}
		},
		{
			"from": [13, -2.67764, -2.66692],
			"to": [15, -0.67764, 0.33308],
			"rotation": {"angle": 22.5, "axis": "x", "origin": [8, 1.35126, 6.25418]},
			"faces": {
				"north": {"uv": [11.25, 2.5, 11.75, 3], "texture": "#1", "tintindex": 0},
				"east": {"uv": [11, 9.25, 11.75, 9.75], "texture": "#1", "tintindex": 0},
				"south": {"uv": [11.25, 3, 11.75, 3.5], "texture": "#1"},
				"west": {"uv": [9.5, 11, 10.25, 11.5], "texture": "#1", "tintindex": 0},
				"up": {"uv": [11.5, 10.5, 11, 9.75], "texture": "#1", "tintindex": 0},
				"down": {"uv": [10.75, 11, 10.25, 11.75], "texture": "#1", "tintindex": 0}
			}
		},
		{
			"from": [13, -4.67764, -2.66692],
			"to": [15, -2.67764, -1.66692],
			"rotation": {"angle": 22.5, "axis": "x", "origin": [8, 1.35126, 6.25418]},
			"faces": {
				"north": {"uv": [11.25, 1.5, 11.75, 2], "texture": "#1"},
				"east": {"uv": [3.75, 10.5, 4, 11], "texture": "#1"},
				"south": {"uv": [11.25, 2, 11.75, 2.5], "texture": "#1"},
				"west": {"uv": [3.75, 11, 4, 11.5], "texture": "#1"},
				"up": {"uv": [9, 2.5, 8.5, 2.25], "texture": "#1"},
				"down": {"uv": [9.5, 2.25, 9, 2.5], "texture": "#1", "tintindex": 0}
			}
		},
		{
			"from": [13, -2.67764, 0.33308],
			"to": [15, 2.32236, 2.33308],
			"rotation": {"angle": 22.5, "axis": "x", "origin": [8, 1.35126, 6.25418]},
			"faces": {
				"north": {"uv": [9, 10.25, 9.5, 11.5], "texture": "#1", "tintindex": 0},
				"east": {"uv": [10.5, 5, 11, 6.25], "texture": "#1", "tintindex": 0},
				"south": {"uv": [5.5, 10.5, 6, 11.75], "texture": "#1", "tintindex": 0},
				"west": {"uv": [6, 10.5, 6.5, 11.75], "texture": "#1", "tintindex": 0},
				"up": {"uv": [11.25, 11.5, 10.75, 11], "texture": "#1", "tintindex": 0},
				"down": {"uv": [11.75, 1, 11.25, 1.5], "texture": "#1", "tintindex": 0}
			}
		},
		{
			"from": [7, -4.15744, 24.43656],
			"to": [9, -1.15744, 28.43656],
			"rotation": {"angle": 22.5, "axis": "x", "origin": [8, 1.35126, 6.25418]},
			"faces": {
				"north": {"uv": [11, 5.5, 11.5, 6.25], "texture": "#1"},
				"east": {"uv": [8.5, 1.5, 9.5, 2.25], "texture": "#1", "tintindex": 0},
				"south": {"uv": [8.5, 11, 9, 11.75], "texture": "#1", "tintindex": 0},
				"west": {"uv": [8, 10.25, 9, 11], "texture": "#1", "tintindex": 0},
				"up": {"uv": [11.25, 2.5, 10.75, 1.5], "texture": "#1", "tintindex": 0},
				"down": {"uv": [11.25, 2.5, 10.75, 3.5], "texture": "#1", "tintindex": 0}
			}
		},
		{
			"from": [7, -3.15744, 18.43656],
			"to": [9, -1.15744, 24.43656],
			"rotation": {"angle": 22.5, "axis": "x", "origin": [8, 1.35126, 6.25418]},
			"faces": {
				"north": {"uv": [8, 11, 8.5, 11.5], "texture": "#1", "tintindex": 0},
				"east": {"uv": [8, 5.5, 9.5, 6], "texture": "#1", "tintindex": 0},
				"south": {"uv": [11, 8.25, 11.5, 8.75], "texture": "#1", "tintindex": 0},
				"west": {"uv": [9.5, 8.5, 11, 9], "texture": "#1", "tintindex": 0},
				"up": {"uv": [2.5, 9, 2, 7.5], "texture": "#1", "tintindex": 0},
				"down": {"uv": [5.5, 10, 5, 11.5], "texture": "#1"}
			}
		},
		{
			"from": [7, -5.15744, 18.43656],
			"to": [9, -3.15744, 24.43656],
			"rotation": {"angle": 22.5, "axis": "x", "origin": [8, 1.35126, 6.25418]},
			"faces": {
				"north": {"uv": [8, 11.5, 8.5, 12], "texture": "#1"},
				"east": {"uv": [8, 6, 9.5, 6.5], "texture": "#1"},
				"south": {"uv": [11, 8.75, 11.5, 9.25], "texture": "#1"},
				"west": {"uv": [9.5, 9, 11, 9.5], "texture": "#1"},
				"up": {"uv": [2.5, 9, 2, 7.5], "texture": "#1"},
				"down": {"uv": [5.5, 10, 5, 11.5], "texture": "#1"}
			}
		},
		{
			"from": [6, -12.77724, 5.97904],
			"to": [10, -4.77724, 8.97904],
			"rotation": {"angle": -45, "axis": "x", "origin": [8, 1.35126, 6.25418]},
			"faces": {
				"north": {"uv": [6.5, 8.5, 5.5, 10.5], "rotation": 180, "texture": "#1"},
				"east": {"uv": [7.5, 6.5, 9.5, 7.25], "rotation": 270, "texture": "#1", "tintindex": 0},
				"south": {"uv": [3.5, 7, 2.5, 5], "texture": "#1", "tintindex": 0},
				"west": {"uv": [7.5, 7.75, 9.5, 8.5], "rotation": 90, "texture": "#1", "tintindex": 0},
				"up": {"uv": [1, 10.25, 2, 11], "rotation": 180, "texture": "#1", "tintindex": 0},
				"down": {"uv": [2, 10.25, 3, 11], "texture": "#1", "tintindex": 0}
			}
		},
		{
			"from": [6, -12.77724, 3.97904],
			"to": [10, -4.77724, 5.97904],
			"rotation": {"angle": -45, "axis": "x", "origin": [8, 1.35126, 6.25418]},
			"faces": {
				"north": {"uv": [6.5, 8.5, 5.5, 10.5], "rotation": 180, "texture": "#1"},
				"east": {"uv": [7.5, 7.25, 9.5, 7.75], "rotation": 270, "texture": "#1"},
				"south": {"uv": [3.5, 7, 2.5, 5], "texture": "#1"},
				"west": {"uv": [7.5, 8.5, 9.5, 9], "rotation": 90, "texture": "#1"},
				"up": {"uv": [1, 11, 2, 11.5], "rotation": 180, "texture": "#1"},
				"down": {"uv": [2, 11, 3, 11.5], "texture": "#1"}
			}
		},
		{
			"from": [3.75, 11.04752, -5.83533],
			"to": [3.75, 13.04752, -1.83533],
			"rotation": {"angle": 22.5, "axis": "x", "origin": [8, 1.35126, 6.25418]},
			"faces": {
				"north": {"uv": [0, 0, 0, 0.5], "texture": "#1"},
				"east": {"uv": [12, 5, 11, 5.5], "texture": "#1", "tintindex": 0},
				"south": {"uv": [0, 0, 0, 0.5], "texture": "#1"},
				"west": {"uv": [11.75, 10.5, 10.75, 11], "texture": "#1", "tintindex": 0},
				"up": {"uv": [0, 1, 0, 0], "texture": "#1"},
				"down": {"uv": [0, 0, 0, 1], "texture": "#1", "tintindex": 0}
			}
		},
		{
			"from": [1, -2.67764, 0.33308],
			"to": [3, 2.32236, 2.33308],
			"rotation": {"angle": 22.5, "axis": "x", "origin": [8, 1.35126, 6.25418]},
			"faces": {
				"north": {"uv": [9.5, 10.25, 9, 11.5], "texture": "#1", "tintindex": 0},
				"east": {"uv": [6.5, 10.5, 6, 11.75], "texture": "#1", "tintindex": 0},
				"south": {"uv": [6, 10.5, 5.5, 11.75], "texture": "#1", "tintindex": 0},
				"west": {"uv": [11, 5, 10.5, 6.25], "texture": "#1", "tintindex": 0},
				"up": {"uv": [10.75, 11.5, 11.25, 11], "texture": "#1", "tintindex": 0},
				"down": {"uv": [11.25, 1, 11.75, 1.5], "texture": "#1", "tintindex": 0}
			}
		},
		{
			"from": [1, -2.67764, -2.66692],
			"to": [3, -0.67764, 0.33308],
			"rotation": {"angle": 22.5, "axis": "x", "origin": [8, 1.35126, 6.25418]},
			"faces": {
				"north": {"uv": [11.75, 2.5, 11.25, 3], "texture": "#1", "tintindex": 0},
				"east": {"uv": [10.25, 11, 9.5, 11.5], "texture": "#1", "tintindex": 0},
				"south": {"uv": [11.75, 3, 11.25, 3.5], "texture": "#1"},
				"west": {"uv": [11.75, 9.25, 11, 9.75], "texture": "#1", "tintindex": 0},
				"up": {"uv": [11, 10.5, 11.5, 9.75], "texture": "#1", "tintindex": 0},
				"down": {"uv": [10.25, 11, 10.75, 11.75], "texture": "#1", "tintindex": 0}
			}
		},
		{
			"from": [1, -4.67764, -2.66692],
			"to": [3, -2.67764, -1.66692],
			"rotation": {"angle": 22.5, "axis": "x", "origin": [8, 1.35126, 6.25418]},
			"faces": {
				"north": {"uv": [11.75, 1.5, 11.25, 2], "texture": "#1"},
				"east": {"uv": [4, 11, 3.75, 11.5], "texture": "#1"},
				"south": {"uv": [11.75, 2, 11.25, 2.5], "texture": "#1"},
				"west": {"uv": [4, 10.5, 3.75, 11], "texture": "#1"},
				"up": {"uv": [8.5, 2.5, 9, 2.25], "texture": "#1"},
				"down": {"uv": [9, 2.25, 9.5, 2.5], "texture": "#1", "tintindex": 0}
			}
		},
		{
			"from": [1.96613, -0.5, 0.80239],
			"to": [4.96613, 3.5, 6.80239],
			"rotation": {"angle": 0, "axis": "x", "origin": [3.46613, -6.5, 5.80239]},
			"faces": {
				"north": {"uv": [3.75, 10.5, 3, 11.5], "texture": "#1"},
				"east": {"uv": [11.5, 0, 10, 1], "texture": "#1"},
				"south": {"uv": [11.25, 4, 10.5, 5], "texture": "#1"},
				"west": {"uv": [11, 9.5, 9.5, 10.5], "texture": "#1"},
				"up": {"uv": [6.5, 11.75, 7.25, 10.25], "texture": "#1"},
				"down": {"uv": [7.25, 10.25, 8, 11.75], "texture": "#1"}
			}
		},
		{
			"from": [11.03387, -0.5, 0.80239],
			"to": [14.03387, 3.5, 6.80239],
			"rotation": {"angle": 0, "axis": "x", "origin": [12.53387, -6.5, 5.80239]},
			"faces": {
				"north": {"uv": [3, 10.5, 3.75, 11.5], "texture": "#1"},
				"east": {"uv": [9.5, 9.5, 11, 10.5], "texture": "#1"},
				"south": {"uv": [10.5, 4, 11.25, 5], "texture": "#1"},
				"west": {"uv": [10, 0, 11.5, 1], "texture": "#1"},
				"up": {"uv": [7.25, 11.75, 6.5, 10.25], "texture": "#1"},
				"down": {"uv": [8, 10.25, 7.25, 11.75], "texture": "#1"}
			}
		},
		{
			"from": [1.96613, -0.5, 6.80239],
			"to": [4.96613, 3.5, 10.80239],
			"rotation": {"angle": 0, "axis": "x", "origin": [3.46613, -6.5, 5.80239]},
			"faces": {
				"north": {"uv": [3.75, 10.5, 3, 11.5], "texture": "#1"},
				"east": {"uv": [11.5, 0, 10.5, 1], "texture": "#1"},
				"south": {"uv": [11.25, 4, 10.5, 5], "texture": "#1"},
				"west": {"uv": [10.5, 9.5, 9.5, 10.5], "texture": "#1"},
				"up": {"uv": [6.5, 11.25, 7.25, 10.25], "texture": "#1"},
				"down": {"uv": [7.25, 10.25, 8, 11.25], "texture": "#1"}
			}
		},
		{
			"from": [11.03387, -0.5, 6.80239],
			"to": [14.03387, 3.5, 10.80239],
			"rotation": {"angle": 0, "axis": "x", "origin": [12.53387, -6.5, 5.80239]},
			"faces": {
				"north": {"uv": [3, 10.5, 3.75, 11.5], "texture": "#1"},
				"east": {"uv": [9.5, 9.5, 10.5, 10.5], "texture": "#1"},
				"south": {"uv": [10.5, 4, 11.25, 5], "texture": "#1"},
				"west": {"uv": [10.5, 0, 11.5, 1], "texture": "#1"},
				"up": {"uv": [7.25, 11.25, 6.5, 10.25], "texture": "#1"},
				"down": {"uv": [8, 10.25, 7.25, 11.25], "texture": "#1"}
			}
		}
	],
	"gui_light": "front",
	"display": {
		"thirdperson_righthand": {
			"rotation": [75, 45, 0],
			"translation": [0, 1.25, 2.25],
			"scale": [0.5, 0.5, 0.5]
		},
		"thirdperson_lefthand": {
			"rotation": [75, 45, 0],
			"translation": [0, 1.25, 2.25],
			"scale": [0.5, 0.5, 0.5]
		},
		"firstperson_righthand": {
			"rotation": [0, 30.75, 0],
			"translation": [5.75, 0.5, 0],
			"scale": [0.5, 0.5, 0.5]
		},
		"firstperson_lefthand": {
			"rotation": [0, 30.75, 0],
			"translation": [5.75, 0.5, 0],
			"scale": [0.5, 0.5, 0.5]
		},
		"ground": {
			"translation": [0, 2, 0],
			"scale": [0.5, 0.5, 0.5]
		},
		"gui": {
			"rotation": [47, -135, 30],
			"translation": [0.75, 2, 0],
			"scale": [0.45, 0.45, 0.45]
		},
		"head": {
			"rotation": [-35, 0, 0],
			"translation": [0, -80, -9.25],
			"scale": [1.61, 1.61, 1.61]
		}
	},
	"groups": [
		{
			"name": "group",
			"origin": [8, 13.35126, 4.25418],
			"color": 0,
			"boneType": "",
			"children": [
				{
					"name": "group",
					"origin": [8, 13.35126, 5.25418],
					"color": 0,
					"boneType": "",
					"children": [0, 1, 2, 3, 4, 5, 6, 7, 8, 9, 10, 11, 12, 13, 14, 15, 16, 17, 18, 19, 20, 21, 22, 23, 24, 25]
				},
				{
					"name": "group",
					"origin": [12.53387, -2.5, 5.80239],
					"color": 0,
					"boneType": "",
					"children": [26, 27, 28, 29]
				}
			]
		}
	]
}