{
	"credit": "Made with Blockbench",
	"textures": {
		"0": "item/demon_crate/boots",
		"particle": "item/demon_crate/boots"
	},
	"elements": [
		{
			"name": "boots_0",
			"from": [4.5, 2, 7.75],
			"to": [7.5, 10, 8.25],
			"rotation": {"angle": 0, "axis": "y", "origin": [0, 0, 7.75]},
			"faces": {
				"north": {"uv": [7.5, 6, 4.5, 14], "texture": "#0"},
				"east": {"uv": [7, 6, 7.5, 14], "texture": "#0"},
				"south": {"uv": [4.5, 6, 7.5, 14], "texture": "#0"},
				"west": {"uv": [4.5, 6, 5, 14], "texture": "#0"},
				"up": {"uv": [4.5, 6, 7.5, 6.5], "texture": "#0"},
				"down": {"uv": [4.5, 13.5, 7.5, 14], "texture": "#0"}
			}
		},
		{
			"name": "boots_1",
			"from": [8.5, 2, 7.75],
			"to": [11.5, 10, 8.25],
			"rotation": {"angle": 0, "axis": "y", "origin": [0, 0, 7.75]},
			"faces": {
				"north": {"uv": [11.5, 6, 8.5, 14], "texture": "#0"},
				"east": {"uv": [11, 6, 11.5, 14], "texture": "#0"},
				"south": {"uv": [8.5, 6, 11.5, 14], "texture": "#0"},
				"west": {"uv": [8.5, 6, 9, 14], "texture": "#0"},
				"up": {"uv": [8.5, 6, 11.5, 6.5], "texture": "#0"},
				"down": {"uv": [8.5, 13.5, 11.5, 14], "texture": "#0"}
			}
		},
		{
			"name": "boots_2",
			"from": [4, 1.5, 7.75],
			"to": [4.5, 9.5, 8.25],
			"rotation": {"angle": 0, "axis": "y", "origin": [0, 0, 7.75]},
			"faces": {
				"north": {"uv": [4.5, 6.5, 4, 14.5], "texture": "#0"},
				"east": {"uv": [4, 6.5, 4.5, 14.5], "texture": "#0"},
				"south": {"uv": [4, 6.5, 4.5, 14.5], "texture": "#0"},
				"west": {"uv": [4, 6.5, 4.5, 14.5], "texture": "#0"},
				"up": {"uv": [4, 6.5, 4.5, 7], "texture": "#0"},
				"down": {"uv": [4, 14, 4.5, 14.5], "texture": "#0"}
			}
		},
		{
			"name": "boots_3",
			"from": [7.5, 2.5, 7.75],
			"to": [8.5, 9.5, 8.25],
			"rotation": {"angle": 0, "axis": "y", "origin": [0, 0, 7.75]},
			"faces": {
				"north": {"uv": [8.5, 6.5, 7.5, 13.5], "texture": "#0"},
				"east": {"uv": [8, 6.5, 8.5, 13.5], "texture": "#0"},
				"south": {"uv": [7.5, 6.5, 8.5, 13.5], "texture": "#0"},
				"west": {"uv": [7.5, 6.5, 8, 13.5], "texture": "#0"},
				"up": {"uv": [7.5, 6.5, 8.5, 7], "texture": "#0"},
				"down": {"uv": [7.5, 13, 8.5, 13.5], "texture": "#0"}
			}
		},
		{
			"name": "boots_4",
			"from": [11.5, 1.5, 7.75],
			"to": [12, 9.5, 8.25],
			"rotation": {"angle": 0, "axis": "y", "origin": [0, 0, 7.75]},
			"faces": {
				"north": {"uv": [12, 6.5, 11.5, 14.5], "texture": "#0"},
				"east": {"uv": [11.5, 6.5, 12, 14.5], "texture": "#0"},
				"south": {"uv": [11.5, 6.5, 12, 14.5], "texture": "#0"},
				"west": {"uv": [11.5, 6.5, 12, 14.5], "texture": "#0"},
				"up": {"uv": [11.5, 6.5, 12, 7], "texture": "#0"},
				"down": {"uv": [11.5, 14, 12, 14.5], "texture": "#0"}
			}
		},
		{
			"name": "boots_5",
			"from": [2, 7.5, 7.75],
			"to": [4, 8, 8.25],
			"rotation": {"angle": 0, "axis": "y", "origin": [0, 0, 7.75]},
			"faces": {
				"north": {"uv": [4, 8, 2, 8.5], "texture": "#0"},
				"east": {"uv": [3.5, 8, 4, 8.5], "texture": "#0"},
				"south": {"uv": [2, 8, 4, 8.5], "texture": "#0"},
				"west": {"uv": [2, 8, 2.5, 8.5], "texture": "#0"},
				"up": {"uv": [2, 8, 4, 8.5], "texture": "#0"},
				"down": {"uv": [2, 8, 4, 8.5], "texture": "#0"}
			}
		},
		{
			"name": "boots_6",
			"from": [12, 6.5, 7.75],
			"to": [13, 8, 8.25],
			"rotation": {"angle": 0, "axis": "y", "origin": [0, 0, 7.75]},
			"faces": {
				"north": {"uv": [13, 8, 12, 9.5], "texture": "#0"},
				"east": {"uv": [12.5, 8, 13, 9.5], "texture": "#0"},
				"south": {"uv": [12, 8, 13, 9.5], "texture": "#0"},
				"west": {"uv": [12, 8, 12.5, 9.5], "texture": "#0"},
				"up": {"uv": [12, 8, 13, 8.5], "texture": "#0"},
				"down": {"uv": [12, 9, 13, 9.5], "texture": "#0"}
			}
		},
		{
			"name": "boots_7",
			"from": [13, 7.5, 7.75],
			"to": [14, 8, 8.25],
			"rotation": {"angle": 0, "axis": "y", "origin": [0, 0, 7.75]},
			"faces": {
				"north": {"uv": [14, 8, 13, 8.5], "texture": "#0"},
				"east": {"uv": [13.5, 8, 14, 8.5], "texture": "#0"},
				"south": {"uv": [13, 8, 14, 8.5], "texture": "#0"},
				"west": {"uv": [13, 8, 13.5, 8.5], "texture": "#0"},
				"up": {"uv": [13, 8, 14, 8.5], "texture": "#0"},
				"down": {"uv": [13, 8, 14, 8.5], "texture": "#0"}
			}
		},
		{
			"name": "boots_8",
			"from": [3, 6.5, 7.75],
			"to": [4, 7.5, 8.25],
			"rotation": {"angle": 0, "axis": "y", "origin": [0, 0, 7.75]},
			"faces": {
				"north": {"uv": [4, 8.5, 3, 9.5], "texture": "#0"},
				"east": {"uv": [3.5, 8.5, 4, 9.5], "texture": "#0"},
				"south": {"uv": [3, 8.5, 4, 9.5], "texture": "#0"},
				"west": {"uv": [3, 8.5, 3.5, 9.5], "texture": "#0"},
				"up": {"uv": [3, 8.5, 4, 9], "texture": "#0"},
				"down": {"uv": [3, 9, 4, 9.5], "texture": "#0"}
			}
		},
		{
			"name": "boots_9",
			"from": [3.5, 1.5, 7.75],
			"to": [4, 6.5, 8.25],
			"rotation": {"angle": 0, "axis": "y", "origin": [0, 0, 7.75]},
			"faces": {
				"north": {"uv": [4, 9.5, 3.5, 14.5], "texture": "#0"},
				"east": {"uv": [3.5, 9.5, 4, 14.5], "texture": "#0"},
				"south": {"uv": [3.5, 9.5, 4, 14.5], "texture": "#0"},
				"west": {"uv": [3.5, 9.5, 4, 14.5], "texture": "#0"},
				"up": {"uv": [3.5, 9.5, 4, 10], "texture": "#0"},
				"down": {"uv": [3.5, 14, 4, 14.5], "texture": "#0"}
			}
		},
		{
			"name": "boots_10",
			"from": [12, 1.5, 7.75],
			"to": [12.5, 6.5, 8.25],
			"rotation": {"angle": 0, "axis": "y", "origin": [0, 0, 7.75]},
			"faces": {
				"north": {"uv": [12.5, 9.5, 12, 14.5], "texture": "#0"},
				"east": {"uv": [12, 9.5, 12.5, 14.5], "texture": "#0"},
				"south": {"uv": [12, 9.5, 12.5, 14.5], "texture": "#0"},
				"west": {"uv": [12, 9.5, 12.5, 14.5], "texture": "#0"},
				"up": {"uv": [12, 9.5, 12.5, 10], "texture": "#0"},
				"down": {"uv": [12, 14, 12.5, 14.5], "texture": "#0"}
			}
		},
		{
			"name": "boots_11",
			"from": [3, 1.5, 7.75],
			"to": [3.5, 5.5, 8.25],
			"rotation": {"angle": 0, "axis": "y", "origin": [0, 0, 7.75]},
			"faces": {
				"north": {"uv": [3.5, 10.5, 3, 14.5], "texture": "#0"},
				"east": {"uv": [3, 10.5, 3.5, 14.5], "texture": "#0"},
				"south": {"uv": [3, 10.5, 3.5, 14.5], "texture": "#0"},
				"west": {"uv": [3, 10.5, 3.5, 14.5], "texture": "#0"},
				"up": {"uv": [3, 10.5, 3.5, 11], "texture": "#0"},
				"down": {"uv": [3, 14, 3.5, 14.5], "texture": "#0"}
			}
		},
		{
			"name": "boots_12",
			"from": [12.5, 1.5, 7.75],
			"to": [13, 5.5, 8.25],
			"rotation": {"angle": 0, "axis": "y", "origin": [0, 0, 7.75]},
			"faces": {
				"north": {"uv": [13, 10.5, 12.5, 14.5], "texture": "#0"},
				"east": {"uv": [12.5, 10.5, 13, 14.5], "texture": "#0"},
				"south": {"uv": [12.5, 10.5, 13, 14.5], "texture": "#0"},
				"west": {"uv": [12.5, 10.5, 13, 14.5], "texture": "#0"},
				"up": {"uv": [12.5, 10.5, 13, 11], "texture": "#0"},
				"down": {"uv": [12.5, 14, 13, 14.5], "texture": "#0"}
			}
		},
		{
			"name": "boots_13",
			"from": [2.5, 1.5, 7.75],
			"to": [3, 5, 8.25],
			"rotation": {"angle": 0, "axis": "y", "origin": [0, 0, 7.75]},
			"faces": {
				"north": {"uv": [3, 11, 2.5, 14.5], "texture": "#0"},
				"east": {"uv": [2.5, 11, 3, 14.5], "texture": "#0"},
				"south": {"uv": [2.5, 11, 3, 14.5], "texture": "#0"},
				"west": {"uv": [2.5, 11, 3, 14.5], "texture": "#0"},
				"up": {"uv": [2.5, 11, 3, 11.5], "texture": "#0"},
				"down": {"uv": [2.5, 14, 3, 14.5], "texture": "#0"}
			}
		},
		{
			"name": "boots_14",
			"from": [13, 1.5, 7.75],
			"to": [13.5, 5, 8.25],
			"rotation": {"angle": 0, "axis": "y", "origin": [0, 0, 7.75]},
			"faces": {
				"north": {"uv": [13.5, 11, 13, 14.5], "texture": "#0"},
				"east": {"uv": [13, 11, 13.5, 14.5], "texture": "#0"},
				"south": {"uv": [13, 11, 13.5, 14.5], "texture": "#0"},
				"west": {"uv": [13, 11, 13.5, 14.5], "texture": "#0"},
				"up": {"uv": [13, 11, 13.5, 11.5], "texture": "#0"},
				"down": {"uv": [13, 14, 13.5, 14.5], "texture": "#0"}
			}
		},
		{
			"name": "boots_15",
			"from": [2, 1.5, 7.75],
			"to": [2.5, 4.5, 8.25],
			"rotation": {"angle": 0, "axis": "y", "origin": [0, 0, 7.75]},
			"faces": {
				"north": {"uv": [2.5, 11.5, 2, 14.5], "texture": "#0"},
				"east": {"uv": [2, 11.5, 2.5, 14.5], "texture": "#0"},
				"south": {"uv": [2, 11.5, 2.5, 14.5], "texture": "#0"},
				"west": {"uv": [2, 11.5, 2.5, 14.5], "texture": "#0"},
				"up": {"uv": [2, 11.5, 2.5, 12], "texture": "#0"},
				"down": {"uv": [2, 14, 2.5, 14.5], "texture": "#0"}
			}
		},
		{
			"name": "boots_16",
			"from": [13.5, 1.5, 7.75],
			"to": [14, 4.5, 8.25],
			"rotation": {"angle": 0, "axis": "y", "origin": [0, 0, 7.75]},
			"faces": {
				"north": {"uv": [14, 11.5, 13.5, 14.5], "texture": "#0"},
				"east": {"uv": [13.5, 11.5, 14, 14.5], "texture": "#0"},
				"south": {"uv": [13.5, 11.5, 14, 14.5], "texture": "#0"},
				"west": {"uv": [13.5, 11.5, 14, 14.5], "texture": "#0"},
				"up": {"uv": [13.5, 11.5, 14, 12], "texture": "#0"},
				"down": {"uv": [13.5, 14, 14, 14.5], "texture": "#0"}
			}
		},
		{
			"name": "boots_17",
			"from": [1.5, 1.5, 7.75],
			"to": [2, 3.5, 8.25],
			"rotation": {"angle": 0, "axis": "y", "origin": [0, 0, 7.75]},
			"faces": {
				"north": {"uv": [2, 12.5, 1.5, 14.5], "texture": "#0"},
				"east": {"uv": [1.5, 12.5, 2, 14.5], "texture": "#0"},
				"south": {"uv": [1.5, 12.5, 2, 14.5], "texture": "#0"},
				"west": {"uv": [1.5, 12.5, 2, 14.5], "texture": "#0"},
				"up": {"uv": [1.5, 12.5, 2, 13], "texture": "#0"},
				"down": {"uv": [1.5, 14, 2, 14.5], "texture": "#0"}
			}
		},
		{
			"name": "boots_18",
			"from": [14, 1.5, 7.75],
			"to": [14.5, 3.5, 8.25],
			"rotation": {"angle": 0, "axis": "y", "origin": [0, 0, 7.75]},
			"faces": {
				"north": {"uv": [14.5, 12.5, 14, 14.5], "texture": "#0"},
				"east": {"uv": [14, 12.5, 14.5, 14.5], "texture": "#0"},
				"south": {"uv": [14, 12.5, 14.5, 14.5], "texture": "#0"},
				"west": {"uv": [14, 12.5, 14.5, 14.5], "texture": "#0"},
				"up": {"uv": [14, 12.5, 14.5, 13], "texture": "#0"},
				"down": {"uv": [14, 14, 14.5, 14.5], "texture": "#0"}
			}
		},
		{
			"name": "boots_19",
			"from": [4.5, 1.5, 7.75],
			"to": [7, 2, 8.25],
			"rotation": {"angle": 0, "axis": "y", "origin": [0, 0, 7.75]},
			"faces": {
				"north": {"uv": [7, 14, 4.5, 14.5], "texture": "#0"},
				"east": {"uv": [6.5, 14, 7, 14.5], "texture": "#0"},
				"south": {"uv": [4.5, 14, 7, 14.5], "texture": "#0"},
				"west": {"uv": [4.5, 14, 5, 14.5], "texture": "#0"},
				"up": {"uv": [4.5, 14, 7, 14.5], "texture": "#0"},
				"down": {"uv": [4.5, 14, 7, 14.5], "texture": "#0"}
			}
		},
		{
			"name": "boots_20",
			"from": [9, 1.5, 7.75],
			"to": [11.5, 2, 8.25],
			"rotation": {"angle": 0, "axis": "y", "origin": [0, 0, 7.75]},
			"faces": {
				"north": {"uv": [11.5, 14, 9, 14.5], "texture": "#0"},
				"east": {"uv": [11, 14, 11.5, 14.5], "texture": "#0"},
				"south": {"uv": [9, 14, 11.5, 14.5], "texture": "#0"},
				"west": {"uv": [9, 14, 9.5, 14.5], "texture": "#0"},
				"up": {"uv": [9, 14, 11.5, 14.5], "texture": "#0"},
				"down": {"uv": [9, 14, 11.5, 14.5], "texture": "#0"}
			}
		}
	],
	"gui_light": "front",
	"display": {
		"thirdperson_righthand": {
			"scale": [0.5, 0.5, 0.5]
		},
		"thirdperson_lefthand": {
			"scale": [0.5, 0.5, 0.5]
		}
	},
	"groups": [
		{
			"name": "boots",
			"origin": [8, 8, 8],
			"color": 0,
			"children": [0, 1, 2, 3, 4, 5, 6, 7, 8, 9, 10, 11, 12, 13, 14, 15, 16, 17, 18, 19, 20]
		}
	]
}