{
	"credit": "Made with Blockbench",
	"texture_size": [128, 128],
	"textures": {
		"0": "item/furniture/lamppost",
		"particle": "item/furniture/lamppost"
	},
	"elements": [
		{
			"from": [6, -16, 6],
			"to": [10, 32, 10],
			"rotation": {"angle": 0, "axis": "y", "origin": [25, 0, 0]},
			"faces": {
				"north": {"uv": [2.75, 0, 3.25, 6], "texture": "#0"},
				"east": {"uv": [2.75, 0, 3.25, 6], "texture": "#0"},
				"south": {"uv": [2.75, 0, 3.25, 6], "texture": "#0"},
				"west": {"uv": [2.75, 0, 3.25, 6], "texture": "#0"},
				"up": {"uv": [7.75, 9.375, 7.25, 8.875], "texture": "#0"},
				"down": {"uv": [8.25, 8.875, 7.75, 9.375], "texture": "#0"}
			}
		},
		{
			"from": [5, 26, 5],
			"to": [11, 30, 11],
			"rotation": {"angle": 0, "axis": "y", "origin": [25, 0, 0]},
			"faces": {
				"north": {"uv": [5.75, 8.5, 6.5, 9], "texture": "#0"},
				"east": {"uv": [8.5, 6.25, 9.25, 6.75], "texture": "#0"},
				"south": {"uv": [6.5, 8.5, 7.25, 9], "texture": "#0"},
				"west": {"uv": [8.5, 6.75, 9.25, 7.25], "texture": "#0"},
				"up": {"uv": [8.75, 0.75, 8, 0], "texture": "#0"},
				"down": {"uv": [8.75, 0.75, 8, 1.5], "texture": "#0"}
			}
		},
		{
			"from": [5, 22, 5],
			"to": [11, 25, 11],
			"rotation": {"angle": 0, "axis": "y", "origin": [25, 0, 0]},
			"faces": {
				"north": {"uv": [8.5, 7.75, 9.25, 8.125], "texture": "#0"},
				"east": {"uv": [0.75, 8.75, 1.5, 9.125], "texture": "#0"},
				"south": {"uv": [8.75, 1, 9.5, 1.375], "texture": "#0"},
				"west": {"uv": [8.75, 1.375, 9.5, 1.75], "texture": "#0"},
				"up": {"uv": [8.75, 2.25, 8, 1.5], "texture": "#0"},
				"down": {"uv": [8.75, 2.25, 8, 3], "texture": "#0"}
			}
		}
	],
	"gui_light": "front",
	"display": {
		"gui": {
			"rotation": [30, 45, 0],
			"scale": [0.6, 0.6, 0.6]
		},
		"head": {
			"translation": [0, -5, 0],
			"scale": [1.6, 1.6, 1.6]
		}
	},
	"groups": [
		{
			"name": "group",
			"origin": [8, 8, 8],
			"color": 0,
			"boneType": "",
			"children": [
				{
					"name": "group",
					"origin": [25, 0, 0],
					"color": 0,
					"boneType": "",
					"children": [0, 1, 2]
				}
			]
		}
	]
}