{
	"credit": "by w11shes",
	"texture_size": [32, 32],
	"textures": {
		"0": "item/monstertower/crate/battle_axe",
		"1": "item/monstertower/crate/particle",
		"particle": "item/monstertower/crate/battle_axe"
	},
	"elements": [
		{
			"from": [6, -4.22376, 16.32376],
			"to": [10, -0.22376, 20.32376],
			"rotation": {"angle": 45, "axis": "x", "origin": [8, 8.1, 8]},
			"faces": {
				"north": {"uv": [11.5, 9, 13.5, 11], "texture": "#0"},
				"east": {"uv": [11.5, 5, 13.5, 7], "texture": "#0"},
				"south": {"uv": [11.5, 7, 13.5, 9], "texture": "#0"},
				"west": {"uv": [13.5, 5, 11.5, 7], "texture": "#0"},
				"up": {"uv": [13.5, 13, 11.5, 11], "rotation": 90, "texture": "#0"},
				"down": {"uv": [11, 12, 9, 14], "rotation": 270, "texture": "#0"}
			}
		},
		{
			"from": [7.95, -14.8, 3.5],
			"to": [8, -6.8, 10.5],
			"rotation": {"angle": 0, "axis": "y", "origin": [8, 8.1, 8]},
			"faces": {
				"east": {"uv": [10.5, 0, 14, 4], "texture": "#0"},
				"west": {"uv": [14, 0, 10.5, 4], "texture": "#0"}
			}
		},
		{
			"from": [7.5, -11.8, 5.5],
			"to": [8.5, -6.8, 10.5],
			"rotation": {"angle": 0, "axis": "y", "origin": [8, 8.1, 8]},
			"faces": {
				"north": {"uv": [12.5, 0, 13, 2.5], "texture": "#0"},
				"east": {"uv": [10.5, 0, 13, 2.5], "texture": "#0"},
				"south": {"uv": [10.5, 0, 11, 2.5], "texture": "#0"},
				"west": {"uv": [13, 0, 10.5, 2.5], "texture": "#0"},
				"down": {"uv": [13, 2, 10.5, 2.5], "rotation": 270, "texture": "#0"}
			}
		},
		{
			"from": [7, -5.3, 7],
			"to": [9, 6.7, 9],
			"rotation": {"angle": -45, "axis": "y", "origin": [8, 8.1, 8]},
			"faces": {
				"north": {"uv": [2.5, 10, 3.5, 16], "texture": "#0"},
				"east": {"uv": [3.5, 10, 2.5, 16], "texture": "#0"},
				"south": {"uv": [2.5, 10, 3.5, 16], "texture": "#0"},
				"west": {"uv": [3.5, 10, 2.5, 16], "texture": "#0"}
			}
		},
		{
			"from": [6.5, 6.7, 6.5],
			"to": [9.5, 12.7, 9.5],
			"rotation": {"angle": 0, "axis": "y", "origin": [8, 8.1, 8]},
			"faces": {
				"north": {"uv": [7.5, 10, 9, 13], "texture": "#0"},
				"east": {"uv": [7.5, 10, 9, 13], "texture": "#0"},
				"south": {"uv": [7.5, 10, 9, 13], "texture": "#0"},
				"west": {"uv": [7.5, 10, 9, 13], "texture": "#0"},
				"down": {"uv": [12.5, 13, 11, 14.5], "rotation": 270, "texture": "#0"}
			}
		},
		{
			"from": [6.5, 21.5, 6.5],
			"to": [9.5, 24.5, 9.5],
			"rotation": {"angle": 0, "axis": "y", "origin": [8, 8.1, 8]},
			"faces": {
				"north": {"uv": [5.5, 12.5, 7, 14], "texture": "#0"},
				"east": {"uv": [5.5, 12.5, 7, 14], "texture": "#0"},
				"south": {"uv": [5.5, 12.5, 7, 14], "texture": "#0"},
				"west": {"uv": [5.5, 12.5, 7, 14], "texture": "#0"},
				"up": {"uv": [8.5, 14.5, 7, 13], "rotation": 90, "texture": "#0"}
			}
		},
		{
			"from": [7.95, 22.5, 4.5],
			"to": [8, 31.5, 11.5],
			"rotation": {"angle": 0, "axis": "y", "origin": [8, 8.1, 8]},
			"faces": {
				"east": {"uv": [7, 0.5, 10.5, 5], "texture": "#0"},
				"west": {"uv": [10.5, 0.5, 7, 5], "texture": "#0"}
			}
		},
		{
			"from": [5.48, 10.15061, 2.41386],
			"to": [10.52, 13.68614, 5.94939],
			"rotation": {"angle": 45, "axis": "x", "origin": [8, 8.1, 8]},
			"faces": {
				"east": {"uv": [14, 0, 16, 2], "texture": "#0"},
				"south": {"uv": [3.5, 12.5, 5.5, 10], "rotation": 90, "texture": "#0"},
				"west": {"uv": [16, 0, 14, 2], "texture": "#0"},
				"down": {"uv": [3.5, 10, 5.5, 12.5], "rotation": 270, "texture": "#0"}
			}
		},
		{
			"from": [6.48, 10.15061, 2.41386],
			"to": [9.52, 13.68614, 5.94939],
			"rotation": {"angle": 45, "axis": "x", "origin": [8, 8.1, 8]},
			"faces": {
				"east": {"uv": [13.5, 10.5, 15.5, 12.5], "texture": "#0"},
				"west": {"uv": [15.5, 10.5, 13.5, 12.5], "texture": "#0"}
			}
		},
		{
			"from": [10.52, 13.68614, 5.94939],
			"to": [5.48, 10.15064, 2.41389],
			"rotation": {"angle": 45, "axis": "x", "origin": [8, 8.1, 8]},
			"faces": {
				"north": {"uv": [5.5, 12.5, 3.5, 10], "rotation": 90, "texture": "#0"},
				"east": {"uv": [16, 2, 14, 0], "texture": "#0"},
				"west": {"uv": [14, 2, 16, 0], "texture": "#0"},
				"up": {"uv": [5.5, 10, 3.5, 12.5], "rotation": 90, "texture": "#0"}
			}
		},
		{
			"from": [5.5, 13.5, 5.5],
			"to": [10.5, 20.5, 10.5],
			"rotation": {"angle": 0, "axis": "y", "origin": [8, 8.1, 8]},
			"faces": {
				"north": {"uv": [9, 8.5, 11.5, 12], "texture": "#0"},
				"east": {"uv": [9, 5, 11.5, 8.5], "texture": "#0"},
				"south": {"uv": [9, 8.5, 11.5, 12], "texture": "#0"},
				"west": {"uv": [9, 5, 11.5, 8.5], "texture": "#0"}
			}
		},
		{
			"from": [6.5, 13.5, 5.5],
			"to": [9.5, 20.5, 10.5],
			"rotation": {"angle": 0, "axis": "y", "origin": [8, 8.1, 8]},
			"faces": {
				"east": {"uv": [13.5, 5, 16, 8.5], "texture": "#0"},
				"west": {"uv": [13.5, 5, 16, 8.5], "texture": "#0"}
			}
		},
		{
			"from": [10.5, 20.5, 10.5],
			"to": [5.5, 13.5, 5.5],
			"rotation": {"angle": 0, "axis": "y", "origin": [8, 8.1, 8]},
			"faces": {
				"north": {"uv": [9, 12, 11.5, 8.5], "texture": "#0"},
				"east": {"uv": [9, 8.5, 11.5, 5], "texture": "#0"},
				"south": {"uv": [9, 12, 11.5, 8.5], "texture": "#0"},
				"west": {"uv": [9, 8.5, 11.5, 5], "texture": "#0"}
			}
		},
		{
			"from": [5.48, 15.10036, 15.00036],
			"to": [10.52, 18.63589, 18.53589],
			"rotation": {"angle": -45, "axis": "x", "origin": [8, 8.1, 8]},
			"faces": {
				"east": {"uv": [3.5, 12.5, 5.5, 14.5], "texture": "#0"},
				"south": {"uv": [5.5, 12.5, 7.5, 10], "rotation": 90, "texture": "#0"},
				"west": {"uv": [5.5, 12.5, 3.5, 14.5], "texture": "#0"},
				"up": {"uv": [7.5, 12.5, 5.5, 10], "rotation": 90, "texture": "#0"}
			}
		},
		{
			"from": [6.48, 15.10036, 15.00036],
			"to": [9.52, 18.63589, 18.53589],
			"rotation": {"angle": -45, "axis": "x", "origin": [8, 8.1, 8]},
			"faces": {
				"east": {"uv": [13.5, 8.5, 15.5, 10.5], "texture": "#0"},
				"west": {"uv": [15.5, 8.5, 13.5, 10.5], "texture": "#0"}
			}
		},
		{
			"from": [10.52, 18.63586, 18.53589],
			"to": [5.48, 15.10036, 15.00039],
			"rotation": {"angle": -45, "axis": "x", "origin": [8, 8.1, 8]},
			"faces": {
				"north": {"uv": [7.5, 12.5, 5.5, 10], "rotation": 90, "texture": "#0"},
				"east": {"uv": [5.5, 14.5, 3.5, 12.5], "texture": "#0"},
				"west": {"uv": [3.5, 14.5, 5.5, 12.5], "texture": "#0"},
				"down": {"uv": [5.5, 12.5, 7.5, 10], "rotation": 270, "texture": "#0"}
			}
		},
		{
			"from": [7.95, 8.5, 10.5],
			"to": [8, 28.5, 24.5],
			"rotation": {"angle": 0, "axis": "y", "origin": [8, 8.1, 8]},
			"faces": {
				"east": {"uv": [0, 0, 7, 10], "texture": "#0"},
				"west": {"uv": [7, 0, 0, 10], "texture": "#0"}
			}
		},
		{
			"from": [7.95, 8.5, -8.5],
			"to": [8, 28.5, 5.5],
			"rotation": {"angle": 0, "axis": "y", "origin": [8, 8.1, 8]},
			"faces": {
				"east": {"uv": [7, 0, 0, 10], "texture": "#0"},
				"west": {"uv": [0, 0, 7, 10], "texture": "#0"}
			}
		},
		{
			"from": [7.5, 15.5, 10.5],
			"to": [8.5, 19.5, 14.5],
			"rotation": {"angle": 0, "axis": "y", "origin": [8, 8.1, 8]},
			"faces": {
				"east": {"uv": [5, 4.5, 7, 6.5], "texture": "#0"},
				"west": {"uv": [7, 4.5, 5, 6.5], "texture": "#0"},
				"up": {"uv": [7, 4.5, 5, 5], "rotation": 90, "texture": "#0"},
				"down": {"uv": [7, 6, 5, 6.5], "rotation": 270, "texture": "#0"}
			}
		},
		{
			"from": [7.5, 13.5, 14.5],
			"to": [8.5, 23.5, 19.5],
			"rotation": {"angle": 0, "axis": "y", "origin": [8, 8.1, 8]},
			"faces": {
				"north": {"uv": [4.5, 2.5, 5, 7.5], "texture": "#0"},
				"east": {"uv": [2.5, 2.5, 5, 7.5], "texture": "#0"},
				"south": {"uv": [2.5, 2.5, 3, 7.5], "texture": "#0"},
				"west": {"uv": [5, 2.5, 2.5, 7.5], "texture": "#0"},
				"up": {"uv": [5, 2.5, 2.5, 3], "rotation": 90, "texture": "#0"},
				"down": {"uv": [5, 7, 2.5, 7.5], "rotation": 270, "texture": "#0"}
			}
		},
		{
			"from": [7.5, 15.5, 1.5],
			"to": [8.5, 19.5, 5.5],
			"rotation": {"angle": 0, "axis": "y", "origin": [8, 8.1, 8]},
			"faces": {
				"east": {"uv": [7, 4.5, 5, 6.5], "texture": "#0"},
				"west": {"uv": [5, 4.5, 7, 6.5], "texture": "#0"},
				"up": {"uv": [5, 4.5, 7, 5], "rotation": 90, "texture": "#0"},
				"down": {"uv": [5, 6, 7, 6.5], "rotation": 270, "texture": "#0"}
			}
		},
		{
			"from": [7.5, 13.5, -3.5],
			"to": [8.5, 23.5, 1.5],
			"rotation": {"angle": 0, "axis": "y", "origin": [8, 8.1, 8]},
			"faces": {
				"north": {"uv": [3, 2.5, 2.5, 7.5], "texture": "#0"},
				"east": {"uv": [5, 2.5, 2.5, 7.5], "texture": "#0"},
				"south": {"uv": [5, 2.5, 4.5, 7.5], "texture": "#0"},
				"west": {"uv": [2.5, 2.5, 5, 7.5], "texture": "#0"},
				"up": {"uv": [2.5, 2.5, 5, 3], "rotation": 90, "texture": "#0"},
				"down": {"uv": [2.5, 7, 5, 7.5], "rotation": 270, "texture": "#0"}
			}
		},
		{
			"from": [11.95, 12.95, 5.55],
			"to": [12.55, 13.55, 6.15],
			"shade": false,
			"rotation": {"angle": 0, "axis": "y", "origin": [8, 8.1, 8]},
			"faces": {
				"north": {"uv": [0, 14, 2, 16], "texture": "#1"},
				"east": {"uv": [0, 14, 2, 16], "texture": "#1"},
				"south": {"uv": [0, 14, 2, 16], "texture": "#1"},
				"west": {"uv": [0, 14, 2, 16], "texture": "#1"},
				"up": {"uv": [0, 14, 2, 16], "rotation": 90, "texture": "#1"},
				"down": {"uv": [0, 14, 2, 16], "rotation": 270, "texture": "#1"}
			}
		},
		{
			"from": [12.8, 13.8, 6.4],
			"to": [11.7, 12.7, 5.3],
			"shade": false,
			"rotation": {"angle": 0, "axis": "y", "origin": [8, 8.1, 8]},
			"faces": {
				"north": {"uv": [2, 14, 4, 16], "texture": "#1"},
				"east": {"uv": [2, 14, 4, 16], "texture": "#1"},
				"south": {"uv": [2, 14, 4, 16], "texture": "#1"},
				"west": {"uv": [2, 14, 4, 16], "texture": "#1"},
				"up": {"uv": [2, 14, 4, 16], "rotation": 90, "texture": "#1"},
				"down": {"uv": [2, 14, 4, 16], "rotation": 270, "texture": "#1"}
			}
		},
		{
			"from": [11.9, 13.94576, 7.45627],
			"to": [12.6, 14.64576, 8.15627],
			"shade": false,
			"rotation": {"angle": -22.5, "axis": "x", "origin": [8, 8.1, 8]},
			"faces": {
				"north": {"uv": [0, 12, 2, 14], "texture": "#1"},
				"east": {"uv": [0, 12, 2, 14], "texture": "#1"},
				"south": {"uv": [0, 12, 2, 14], "texture": "#1"},
				"west": {"uv": [0, 12, 2, 14], "texture": "#1"},
				"up": {"uv": [0, 12, 2, 14], "rotation": 90, "texture": "#1"},
				"down": {"uv": [0, 12, 2, 14], "rotation": 270, "texture": "#1"}
			}
		},
		{
			"from": [12.9, 14.94576, 8.45627],
			"to": [11.6, 13.64576, 7.15627],
			"shade": false,
			"rotation": {"angle": -22.5, "axis": "x", "origin": [8, 8.1, 8]},
			"faces": {
				"north": {"uv": [2, 12, 4, 14], "texture": "#1"},
				"east": {"uv": [2, 12, 4, 14], "texture": "#1"},
				"south": {"uv": [2, 12, 4, 14], "texture": "#1"},
				"west": {"uv": [2, 12, 4, 14], "texture": "#1"},
				"up": {"uv": [2, 12, 4, 14], "rotation": 90, "texture": "#1"},
				"down": {"uv": [2, 12, 4, 14], "rotation": 270, "texture": "#1"}
			}
		},
		{
			"from": [11.75, 14.24681, 9.97488],
			"to": [12.75, 15.24681, 10.97488],
			"shade": false,
			"rotation": {"angle": -45, "axis": "x", "origin": [8, 8.1, 8]},
			"faces": {
				"north": {"uv": [0, 10, 2, 12], "texture": "#1"},
				"east": {"uv": [0, 10, 2, 12], "texture": "#1"},
				"south": {"uv": [0, 10, 2, 12], "texture": "#1"},
				"west": {"uv": [0, 10, 2, 12], "texture": "#1"},
				"up": {"uv": [0, 10, 2, 12], "rotation": 90, "texture": "#1"},
				"down": {"uv": [0, 10, 2, 12], "rotation": 270, "texture": "#1"}
			}
		},
		{
			"from": [13, 15.49681, 11.22488],
			"to": [11.5, 13.99681, 9.72488],
			"shade": false,
			"rotation": {"angle": -45, "axis": "x", "origin": [8, 8.1, 8]},
			"faces": {
				"north": {"uv": [2, 10, 4, 12], "texture": "#1"},
				"east": {"uv": [2, 10, 4, 12], "texture": "#1"},
				"south": {"uv": [2, 10, 4, 12], "texture": "#1"},
				"west": {"uv": [2, 10, 4, 12], "texture": "#1"},
				"up": {"uv": [2, 10, 4, 12], "rotation": 90, "texture": "#1"},
				"down": {"uv": [2, 10, 4, 12], "rotation": 270, "texture": "#1"}
			}
		},
		{
			"from": [11.75, 13.30643, 2.5927],
			"to": [12.75, 14.30643, 3.5927],
			"shade": false,
			"rotation": {"angle": 22.5, "axis": "x", "origin": [8, 8.1, 8]},
			"faces": {
				"north": {"uv": [0, 8, 2, 10], "rotation": 270, "texture": "#1"},
				"east": {"uv": [0, 8, 2, 10], "rotation": 90, "texture": "#1"},
				"south": {"uv": [0, 8, 2, 10], "rotation": 270, "texture": "#1"},
				"west": {"uv": [0, 8, 2, 10], "rotation": 270, "texture": "#1"},
				"up": {"uv": [0, 8, 2, 10], "texture": "#1"},
				"down": {"uv": [0, 8, 2, 10], "rotation": 180, "texture": "#1"}
			}
		},
		{
			"from": [13, 14.55643, 3.8427],
			"to": [11.5, 13.05643, 2.3427],
			"shade": false,
			"rotation": {"angle": 22.5, "axis": "x", "origin": [8, 8.1, 8]},
			"faces": {
				"north": {"uv": [2, 8, 4, 10], "rotation": 270, "texture": "#1"},
				"east": {"uv": [2, 8, 4, 10], "rotation": 90, "texture": "#1"},
				"south": {"uv": [2, 8, 4, 10], "rotation": 270, "texture": "#1"},
				"west": {"uv": [2, 8, 4, 10], "rotation": 270, "texture": "#1"},
				"up": {"uv": [2, 8, 4, 10], "texture": "#1"},
				"down": {"uv": [2, 8, 4, 10], "rotation": 180, "texture": "#1"}
			}
		},
		{
			"from": [11.75, 15.35, 5.65],
			"to": [12.75, 16.35, 6.65],
			"shade": false,
			"rotation": {"angle": 0, "axis": "y", "origin": [8, 8.1, 8]},
			"faces": {
				"north": {"uv": [0, 6, 2, 8], "texture": "#1"},
				"east": {"uv": [0, 6, 2, 8], "texture": "#1"},
				"south": {"uv": [0, 6, 2, 8], "texture": "#1"},
				"west": {"uv": [0, 6, 2, 8], "texture": "#1"},
				"up": {"uv": [0, 6, 2, 8], "rotation": 90, "texture": "#1"},
				"down": {"uv": [0, 6, 2, 8], "rotation": 270, "texture": "#1"}
			}
		},
		{
			"from": [13, 16.6, 6.9],
			"to": [11.5, 15.1, 5.4],
			"shade": false,
			"rotation": {"angle": 0, "axis": "y", "origin": [8, 8.1, 8]},
			"faces": {
				"north": {"uv": [2, 6, 4, 8], "texture": "#1"},
				"east": {"uv": [2, 6, 4, 8], "texture": "#1"},
				"south": {"uv": [2, 6, 4, 8], "texture": "#1"},
				"west": {"uv": [2, 6, 4, 8], "texture": "#1"},
				"up": {"uv": [2, 6, 4, 8], "rotation": 90, "texture": "#1"},
				"down": {"uv": [2, 6, 4, 8], "rotation": 270, "texture": "#1"}
			}
		},
		{
			"from": [11.9, 14.86467, 2.48411],
			"to": [12.6, 15.56467, 3.18411],
			"shade": false,
			"rotation": {"angle": 22.5, "axis": "x", "origin": [8, 8.1, 8]},
			"faces": {
				"north": {"uv": [0, 4, 2, 6], "texture": "#1"},
				"east": {"uv": [0, 4, 2, 6], "texture": "#1"},
				"south": {"uv": [0, 4, 2, 6], "texture": "#1"},
				"west": {"uv": [0, 4, 2, 6], "texture": "#1"},
				"up": {"uv": [0, 4, 2, 6], "rotation": 90, "texture": "#1"},
				"down": {"uv": [0, 4, 2, 6], "rotation": 270, "texture": "#1"}
			}
		},
		{
			"from": [12.9, 15.86467, 3.48411],
			"to": [11.6, 14.56467, 2.18411],
			"shade": false,
			"rotation": {"angle": 22.5, "axis": "x", "origin": [8, 8.1, 8]},
			"faces": {
				"north": {"uv": [2, 4, 4, 6], "texture": "#1"},
				"east": {"uv": [2, 4, 4, 6], "texture": "#1"},
				"south": {"uv": [2, 4, 4, 6], "texture": "#1"},
				"west": {"uv": [2, 4, 4, 6], "texture": "#1"},
				"up": {"uv": [2, 4, 4, 6], "rotation": 90, "texture": "#1"},
				"down": {"uv": [2, 4, 4, 6], "rotation": 270, "texture": "#1"}
			}
		},
		{
			"from": [11.95, 16.95, 5.4],
			"to": [12.55, 17.55, 6],
			"shade": false,
			"rotation": {"angle": 0, "axis": "y", "origin": [8, 8.1, 8]},
			"faces": {
				"north": {"uv": [0, 2, 2, 4], "texture": "#1"},
				"east": {"uv": [0, 2, 2, 4], "texture": "#1"},
				"south": {"uv": [0, 2, 2, 4], "texture": "#1"},
				"west": {"uv": [0, 2, 2, 4], "texture": "#1"},
				"up": {"uv": [0, 2, 2, 4], "rotation": 90, "texture": "#1"},
				"down": {"uv": [0, 2, 2, 4], "rotation": 270, "texture": "#1"}
			}
		},
		{
			"from": [12.8, 17.8, 6.25],
			"to": [11.7, 16.7, 5.15],
			"shade": false,
			"rotation": {"angle": 0, "axis": "y", "origin": [8, 8.1, 8]},
			"faces": {
				"north": {"uv": [2, 2, 4, 4], "texture": "#1"},
				"east": {"uv": [2, 2, 4, 4], "texture": "#1"},
				"south": {"uv": [2, 2, 4, 4], "texture": "#1"},
				"west": {"uv": [2, 2, 4, 4], "texture": "#1"},
				"up": {"uv": [2, 2, 4, 4], "rotation": 90, "texture": "#1"},
				"down": {"uv": [2, 2, 4, 4], "rotation": 270, "texture": "#1"}
			}
		},
		{
			"from": [11.95, 15.95, 9.85],
			"to": [12.55, 16.55, 10.45],
			"shade": false,
			"rotation": {"angle": 0, "axis": "y", "origin": [8, 8.1, 8]},
			"faces": {
				"north": {"uv": [6, 14, 4, 16], "texture": "#1"},
				"east": {"uv": [6, 14, 4, 16], "texture": "#1"},
				"south": {"uv": [6, 14, 4, 16], "texture": "#1"},
				"west": {"uv": [6, 14, 4, 16], "texture": "#1"},
				"up": {"uv": [6, 14, 4, 16], "rotation": 90, "texture": "#1"},
				"down": {"uv": [6, 14, 4, 16], "rotation": 270, "texture": "#1"}
			}
		},
		{
			"from": [12.8, 16.8, 10.7],
			"to": [11.7, 15.7, 9.6],
			"shade": false,
			"rotation": {"angle": 0, "axis": "y", "origin": [8, 8.1, 8]},
			"faces": {
				"north": {"uv": [8, 14, 6, 16], "texture": "#1"},
				"east": {"uv": [8, 14, 6, 16], "texture": "#1"},
				"south": {"uv": [8, 14, 6, 16], "texture": "#1"},
				"west": {"uv": [8, 14, 6, 16], "texture": "#1"},
				"up": {"uv": [8, 14, 6, 16], "rotation": 90, "texture": "#1"},
				"down": {"uv": [8, 14, 6, 16], "rotation": 270, "texture": "#1"}
			}
		},
		{
			"from": [11.9, 16.7174, 6.69568],
			"to": [12.6, 17.4174, 7.39568],
			"shade": false,
			"rotation": {"angle": 22.5, "axis": "x", "origin": [8, 8.1, 8]},
			"faces": {
				"north": {"uv": [6, 12, 4, 14], "texture": "#1"},
				"east": {"uv": [6, 12, 4, 14], "texture": "#1"},
				"south": {"uv": [6, 12, 4, 14], "texture": "#1"},
				"west": {"uv": [6, 12, 4, 14], "texture": "#1"},
				"up": {"uv": [6, 12, 4, 14], "rotation": 90, "texture": "#1"},
				"down": {"uv": [6, 12, 4, 14], "rotation": 270, "texture": "#1"}
			}
		},
		{
			"from": [12.9, 17.7174, 7.69568],
			"to": [11.6, 16.4174, 6.39568],
			"shade": false,
			"rotation": {"angle": 22.5, "axis": "x", "origin": [8, 8.1, 8]},
			"faces": {
				"north": {"uv": [8, 12, 6, 14], "texture": "#1"},
				"east": {"uv": [8, 12, 6, 14], "texture": "#1"},
				"south": {"uv": [8, 12, 6, 14], "texture": "#1"},
				"west": {"uv": [8, 12, 6, 14], "texture": "#1"},
				"up": {"uv": [8, 12, 6, 14], "rotation": 90, "texture": "#1"},
				"down": {"uv": [8, 12, 6, 14], "rotation": 270, "texture": "#1"}
			}
		},
		{
			"from": [11.75, 16.36812, 2.90381],
			"to": [12.75, 17.36812, 3.90381],
			"shade": false,
			"rotation": {"angle": 45, "axis": "x", "origin": [8, 8.1, 8]},
			"faces": {
				"north": {"uv": [6, 10, 4, 12], "texture": "#1"},
				"east": {"uv": [6, 10, 4, 12], "texture": "#1"},
				"south": {"uv": [6, 10, 4, 12], "texture": "#1"},
				"west": {"uv": [6, 10, 4, 12], "texture": "#1"},
				"up": {"uv": [6, 10, 4, 12], "rotation": 90, "texture": "#1"},
				"down": {"uv": [6, 10, 4, 12], "rotation": 270, "texture": "#1"}
			}
		},
		{
			"from": [13, 17.61812, 4.15381],
			"to": [11.5, 16.11812, 2.65381],
			"shade": false,
			"rotation": {"angle": 45, "axis": "x", "origin": [8, 8.1, 8]},
			"faces": {
				"north": {"uv": [8, 10, 6, 12], "texture": "#1"},
				"east": {"uv": [8, 10, 6, 12], "texture": "#1"},
				"south": {"uv": [8, 10, 6, 12], "texture": "#1"},
				"west": {"uv": [8, 10, 6, 12], "texture": "#1"},
				"up": {"uv": [8, 10, 6, 12], "rotation": 90, "texture": "#1"},
				"down": {"uv": [8, 10, 6, 12], "rotation": 270, "texture": "#1"}
			}
		},
		{
			"from": [11.75, 16.07807, 13.55535],
			"to": [12.75, 17.07807, 14.55535],
			"shade": false,
			"rotation": {"angle": -22.5, "axis": "x", "origin": [8, 8.1, 8]},
			"faces": {
				"north": {"uv": [4, 10, 6, 8], "rotation": 270, "texture": "#1"},
				"east": {"uv": [4, 10, 6, 8], "rotation": 90, "texture": "#1"},
				"south": {"uv": [4, 10, 6, 8], "rotation": 270, "texture": "#1"},
				"west": {"uv": [4, 10, 6, 8], "rotation": 270, "texture": "#1"},
				"up": {"uv": [4, 10, 6, 8], "texture": "#1"},
				"down": {"uv": [4, 10, 6, 8], "rotation": 180, "texture": "#1"}
			}
		},
		{
			"from": [13, 17.32807, 14.80535],
			"to": [11.5, 15.82807, 13.30535],
			"shade": false,
			"rotation": {"angle": -22.5, "axis": "x", "origin": [8, 8.1, 8]},
			"faces": {
				"north": {"uv": [6, 10, 8, 8], "rotation": 270, "texture": "#1"},
				"east": {"uv": [6, 10, 8, 8], "rotation": 90, "texture": "#1"},
				"south": {"uv": [6, 10, 8, 8], "rotation": 270, "texture": "#1"},
				"west": {"uv": [6, 10, 8, 8], "rotation": 270, "texture": "#1"},
				"up": {"uv": [6, 10, 8, 8], "texture": "#1"},
				"down": {"uv": [6, 10, 8, 8], "rotation": 180, "texture": "#1"}
			}
		},
		{
			"from": [11.75, 18.35, 9.35],
			"to": [12.75, 19.35, 10.35],
			"shade": false,
			"rotation": {"angle": 0, "axis": "y", "origin": [8, 8.1, 8]},
			"faces": {
				"north": {"uv": [6, 6, 4, 8], "texture": "#1"},
				"east": {"uv": [6, 6, 4, 8], "texture": "#1"},
				"south": {"uv": [6, 6, 4, 8], "texture": "#1"},
				"west": {"uv": [6, 6, 4, 8], "texture": "#1"},
				"up": {"uv": [6, 6, 4, 8], "rotation": 90, "texture": "#1"},
				"down": {"uv": [6, 6, 4, 8], "rotation": 270, "texture": "#1"}
			}
		},
		{
			"from": [13, 19.6, 10.6],
			"to": [11.5, 18.1, 9.1],
			"shade": false,
			"rotation": {"angle": 0, "axis": "y", "origin": [8, 8.1, 8]},
			"faces": {
				"north": {"uv": [8, 6, 6, 8], "texture": "#1"},
				"east": {"uv": [8, 6, 6, 8], "texture": "#1"},
				"south": {"uv": [8, 6, 6, 8], "texture": "#1"},
				"west": {"uv": [8, 6, 6, 8], "texture": "#1"},
				"up": {"uv": [8, 6, 6, 8], "rotation": 90, "texture": "#1"},
				"down": {"uv": [8, 6, 6, 8], "rotation": 270, "texture": "#1"}
			}
		},
		{
			"from": [11.9, 17.63631, 13.96394],
			"to": [12.6, 18.33631, 14.66394],
			"shade": false,
			"rotation": {"angle": -22.5, "axis": "x", "origin": [8, 8.1, 8]},
			"faces": {
				"north": {"uv": [6, 4, 4, 6], "texture": "#1"},
				"east": {"uv": [6, 4, 4, 6], "texture": "#1"},
				"south": {"uv": [6, 4, 4, 6], "texture": "#1"},
				"west": {"uv": [6, 4, 4, 6], "texture": "#1"},
				"up": {"uv": [6, 4, 4, 6], "rotation": 90, "texture": "#1"},
				"down": {"uv": [6, 4, 4, 6], "rotation": 270, "texture": "#1"}
			}
		},
		{
			"from": [12.9, 18.63631, 14.96394],
			"to": [11.6, 17.33631, 13.66394],
			"shade": false,
			"rotation": {"angle": -22.5, "axis": "x", "origin": [8, 8.1, 8]},
			"faces": {
				"north": {"uv": [8, 4, 6, 6], "texture": "#1"},
				"east": {"uv": [8, 4, 6, 6], "texture": "#1"},
				"south": {"uv": [8, 4, 6, 6], "texture": "#1"},
				"west": {"uv": [8, 4, 6, 6], "texture": "#1"},
				"up": {"uv": [8, 4, 6, 6], "rotation": 90, "texture": "#1"},
				"down": {"uv": [8, 4, 6, 6], "rotation": 270, "texture": "#1"}
			}
		},
		{
			"from": [11.95, 19.95, 10],
			"to": [12.55, 20.55, 10.6],
			"shade": false,
			"rotation": {"angle": 0, "axis": "y", "origin": [8, 8.1, 8]},
			"faces": {
				"north": {"uv": [6, 2, 4, 4], "texture": "#1"},
				"east": {"uv": [6, 2, 4, 4], "texture": "#1"},
				"south": {"uv": [6, 2, 4, 4], "texture": "#1"},
				"west": {"uv": [6, 2, 4, 4], "texture": "#1"},
				"up": {"uv": [6, 2, 4, 4], "rotation": 90, "texture": "#1"},
				"down": {"uv": [6, 2, 4, 4], "rotation": 270, "texture": "#1"}
			}
		},
		{
			"from": [12.8, 20.8, 10.85],
			"to": [11.7, 19.7, 9.75],
			"shade": false,
			"rotation": {"angle": 0, "axis": "y", "origin": [8, 8.1, 8]},
			"faces": {
				"north": {"uv": [8, 2, 6, 4], "texture": "#1"},
				"east": {"uv": [8, 2, 6, 4], "texture": "#1"},
				"south": {"uv": [8, 2, 6, 4], "texture": "#1"},
				"west": {"uv": [8, 2, 6, 4], "texture": "#1"},
				"up": {"uv": [8, 2, 6, 4], "rotation": 90, "texture": "#1"},
				"down": {"uv": [8, 2, 6, 4], "rotation": 270, "texture": "#1"}
			}
		},
		{
			"from": [11.95, 19.95, 6.85],
			"to": [12.55, 20.55, 7.45],
			"shade": false,
			"rotation": {"angle": 0, "axis": "y", "origin": [8, 8.1, 8]},
			"faces": {
				"north": {"uv": [14, 14, 12, 16], "texture": "#1"},
				"east": {"uv": [14, 14, 12, 16], "texture": "#1"},
				"south": {"uv": [14, 14, 12, 16], "texture": "#1"},
				"west": {"uv": [14, 14, 12, 16], "texture": "#1"},
				"up": {"uv": [14, 14, 12, 16], "rotation": 90, "texture": "#1"},
				"down": {"uv": [14, 14, 12, 16], "rotation": 270, "texture": "#1"}
			}
		},
		{
			"from": [12.8, 20.8, 7.7],
			"to": [11.7, 19.7, 6.6],
			"shade": false,
			"rotation": {"angle": 0, "axis": "y", "origin": [8, 8.1, 8]},
			"faces": {
				"north": {"uv": [16, 14, 14, 16], "texture": "#1"},
				"east": {"uv": [16, 14, 14, 16], "texture": "#1"},
				"south": {"uv": [16, 14, 14, 16], "texture": "#1"},
				"west": {"uv": [16, 14, 14, 16], "texture": "#1"},
				"up": {"uv": [16, 14, 14, 16], "rotation": 90, "texture": "#1"},
				"down": {"uv": [16, 14, 14, 16], "rotation": 270, "texture": "#1"}
			}
		},
		{
			"from": [11.9, 19.26487, 2.39331],
			"to": [12.6, 19.96487, 3.09331],
			"shade": false,
			"rotation": {"angle": 22.5, "axis": "x", "origin": [8, 8.1, 8]},
			"faces": {
				"north": {"uv": [14, 12, 12, 14], "texture": "#1"},
				"east": {"uv": [14, 12, 12, 14], "texture": "#1"},
				"south": {"uv": [14, 12, 12, 14], "texture": "#1"},
				"west": {"uv": [14, 12, 12, 14], "texture": "#1"},
				"up": {"uv": [14, 12, 12, 14], "rotation": 90, "texture": "#1"},
				"down": {"uv": [14, 12, 12, 14], "rotation": 270, "texture": "#1"}
			}
		},
		{
			"from": [12.9, 20.26487, 3.39331],
			"to": [11.6, 18.96487, 2.09331],
			"shade": false,
			"rotation": {"angle": 22.5, "axis": "x", "origin": [8, 8.1, 8]},
			"faces": {
				"north": {"uv": [16, 12, 14, 14], "texture": "#1"},
				"east": {"uv": [16, 12, 14, 14], "texture": "#1"},
				"south": {"uv": [16, 12, 14, 14], "texture": "#1"},
				"west": {"uv": [16, 12, 14, 14], "texture": "#1"},
				"up": {"uv": [16, 12, 14, 14], "rotation": 90, "texture": "#1"},
				"down": {"uv": [16, 12, 14, 14], "rotation": 270, "texture": "#1"}
			}
		},
		{
			"from": [11.75, 17.07523, -2.04594],
			"to": [12.75, 18.07523, -1.04594],
			"shade": false,
			"rotation": {"angle": 45, "axis": "x", "origin": [8, 8.1, 8]},
			"faces": {
				"north": {"uv": [14, 10, 12, 12], "texture": "#1"},
				"east": {"uv": [14, 10, 12, 12], "texture": "#1"},
				"south": {"uv": [14, 10, 12, 12], "texture": "#1"},
				"west": {"uv": [14, 10, 12, 12], "texture": "#1"},
				"up": {"uv": [14, 10, 12, 12], "rotation": 90, "texture": "#1"},
				"down": {"uv": [14, 10, 12, 12], "rotation": 270, "texture": "#1"}
			}
		},
		{
			"from": [13, 18.32523, -0.79594],
			"to": [11.5, 16.82523, -2.29594],
			"shade": false,
			"rotation": {"angle": 45, "axis": "x", "origin": [8, 8.1, 8]},
			"faces": {
				"north": {"uv": [16, 10, 14, 12], "texture": "#1"},
				"east": {"uv": [16, 10, 14, 12], "texture": "#1"},
				"south": {"uv": [16, 10, 14, 12], "texture": "#1"},
				"west": {"uv": [16, 10, 14, 12], "texture": "#1"},
				"up": {"uv": [16, 10, 14, 12], "rotation": 90, "texture": "#1"},
				"down": {"uv": [16, 10, 14, 12], "rotation": 270, "texture": "#1"}
			}
		},
		{
			"from": [11.75, 20.92164, 12.31445],
			"to": [12.75, 21.92164, 13.31445],
			"shade": false,
			"rotation": {"angle": -22.5, "axis": "x", "origin": [8, 8.1, 8]},
			"faces": {
				"north": {"uv": [12, 10, 14, 8], "rotation": 270, "texture": "#1"},
				"east": {"uv": [12, 10, 14, 8], "rotation": 90, "texture": "#1"},
				"south": {"uv": [12, 10, 14, 8], "rotation": 270, "texture": "#1"},
				"west": {"uv": [12, 10, 14, 8], "rotation": 270, "texture": "#1"},
				"up": {"uv": [12, 10, 14, 8], "texture": "#1"},
				"down": {"uv": [12, 10, 14, 8], "rotation": 180, "texture": "#1"}
			}
		},
		{
			"from": [13, 22.17164, 13.56445],
			"to": [11.5, 20.67164, 12.06445],
			"shade": false,
			"rotation": {"angle": -22.5, "axis": "x", "origin": [8, 8.1, 8]},
			"faces": {
				"north": {"uv": [14, 10, 16, 8], "rotation": 270, "texture": "#1"},
				"east": {"uv": [14, 10, 16, 8], "rotation": 90, "texture": "#1"},
				"south": {"uv": [14, 10, 16, 8], "rotation": 270, "texture": "#1"},
				"west": {"uv": [14, 10, 16, 8], "rotation": 270, "texture": "#1"},
				"up": {"uv": [14, 10, 16, 8], "texture": "#1"},
				"down": {"uv": [14, 10, 16, 8], "rotation": 180, "texture": "#1"}
			}
		},
		{
			"from": [11.75, 22.35, 6.35],
			"to": [12.75, 23.35, 7.35],
			"shade": false,
			"rotation": {"angle": 0, "axis": "y", "origin": [8, 8.1, 8]},
			"faces": {
				"north": {"uv": [14, 6, 12, 8], "texture": "#1"},
				"east": {"uv": [14, 6, 12, 8], "texture": "#1"},
				"south": {"uv": [14, 6, 12, 8], "texture": "#1"},
				"west": {"uv": [14, 6, 12, 8], "texture": "#1"},
				"up": {"uv": [14, 6, 12, 8], "rotation": 90, "texture": "#1"},
				"down": {"uv": [14, 6, 12, 8], "rotation": 270, "texture": "#1"}
			}
		},
		{
			"from": [13, 23.6, 7.6],
			"to": [11.5, 22.1, 6.1],
			"shade": false,
			"rotation": {"angle": 0, "axis": "y", "origin": [8, 8.1, 8]},
			"faces": {
				"north": {"uv": [16, 6, 14, 8], "texture": "#1"},
				"east": {"uv": [16, 6, 14, 8], "texture": "#1"},
				"south": {"uv": [16, 6, 14, 8], "texture": "#1"},
				"west": {"uv": [16, 6, 14, 8], "texture": "#1"},
				"up": {"uv": [16, 6, 14, 8], "rotation": 90, "texture": "#1"},
				"down": {"uv": [16, 6, 14, 8], "rotation": 270, "texture": "#1"}
			}
		},
		{
			"from": [11.9, 22.47988, 12.72304],
			"to": [12.6, 23.17988, 13.42304],
			"shade": false,
			"rotation": {"angle": -22.5, "axis": "x", "origin": [8, 8.1, 8]},
			"faces": {
				"north": {"uv": [14, 4, 12, 6], "texture": "#1"},
				"east": {"uv": [14, 4, 12, 6], "texture": "#1"},
				"south": {"uv": [14, 4, 12, 6], "texture": "#1"},
				"west": {"uv": [14, 4, 12, 6], "texture": "#1"},
				"up": {"uv": [14, 4, 12, 6], "rotation": 90, "texture": "#1"},
				"down": {"uv": [14, 4, 12, 6], "rotation": 270, "texture": "#1"}
			}
		},
		{
			"from": [12.9, 23.47988, 13.72304],
			"to": [11.6, 22.17988, 12.42304],
			"shade": false,
			"rotation": {"angle": -22.5, "axis": "x", "origin": [8, 8.1, 8]},
			"faces": {
				"north": {"uv": [16, 4, 14, 6], "texture": "#1"},
				"east": {"uv": [16, 4, 14, 6], "texture": "#1"},
				"south": {"uv": [16, 4, 14, 6], "texture": "#1"},
				"west": {"uv": [16, 4, 14, 6], "texture": "#1"},
				"up": {"uv": [16, 4, 14, 6], "rotation": 90, "texture": "#1"},
				"down": {"uv": [16, 4, 14, 6], "rotation": 270, "texture": "#1"}
			}
		},
		{
			"from": [11.95, 23.95, 7],
			"to": [12.55, 24.55, 7.6],
			"shade": false,
			"rotation": {"angle": 0, "axis": "y", "origin": [8, 8.1, 8]},
			"faces": {
				"north": {"uv": [14, 2, 12, 4], "texture": "#1"},
				"east": {"uv": [14, 2, 12, 4], "texture": "#1"},
				"south": {"uv": [14, 2, 12, 4], "texture": "#1"},
				"west": {"uv": [14, 2, 12, 4], "texture": "#1"},
				"up": {"uv": [14, 2, 12, 4], "rotation": 90, "texture": "#1"},
				"down": {"uv": [14, 2, 12, 4], "rotation": 270, "texture": "#1"}
			}
		},
		{
			"from": [12.8, 24.8, 7.85],
			"to": [11.7, 23.7, 6.75],
			"shade": false,
			"rotation": {"angle": 0, "axis": "y", "origin": [8, 8.1, 8]},
			"faces": {
				"north": {"uv": [16, 2, 14, 4], "texture": "#1"},
				"east": {"uv": [16, 2, 14, 4], "texture": "#1"},
				"south": {"uv": [16, 2, 14, 4], "texture": "#1"},
				"west": {"uv": [16, 2, 14, 4], "texture": "#1"},
				"up": {"uv": [16, 2, 14, 4], "rotation": 90, "texture": "#1"},
				"down": {"uv": [16, 2, 14, 4], "rotation": 270, "texture": "#1"}
			}
		},
		{
			"from": [3.45, 15.95, 9.85],
			"to": [4.05, 16.55, 10.45],
			"shade": false,
			"rotation": {"angle": 0, "axis": "y", "origin": [8, 8.1, 8]},
			"faces": {
				"north": {"uv": [14, 14, 12, 16], "texture": "#1"},
				"east": {"uv": [14, 14, 12, 16], "texture": "#1"},
				"south": {"uv": [14, 14, 12, 16], "texture": "#1"},
				"west": {"uv": [14, 14, 12, 16], "texture": "#1"},
				"up": {"uv": [14, 14, 12, 16], "rotation": 90, "texture": "#1"},
				"down": {"uv": [14, 14, 12, 16], "rotation": 270, "texture": "#1"}
			}
		},
		{
			"from": [4.3, 16.8, 10.7],
			"to": [3.2, 15.7, 9.6],
			"shade": false,
			"rotation": {"angle": 0, "axis": "y", "origin": [8, 8.1, 8]},
			"faces": {
				"north": {"uv": [16, 14, 14, 16], "texture": "#1"},
				"east": {"uv": [16, 14, 14, 16], "texture": "#1"},
				"south": {"uv": [16, 14, 14, 16], "texture": "#1"},
				"west": {"uv": [16, 14, 14, 16], "texture": "#1"},
				"up": {"uv": [16, 14, 14, 16], "rotation": 90, "texture": "#1"},
				"down": {"uv": [16, 14, 14, 16], "rotation": 270, "texture": "#1"}
			}
		},
		{
			"from": [3.4, 16.7174, 6.69568],
			"to": [4.1, 17.4174, 7.39568],
			"shade": false,
			"rotation": {"angle": 22.5, "axis": "x", "origin": [8, 8.1, 8]},
			"faces": {
				"north": {"uv": [14, 12, 12, 14], "texture": "#1"},
				"east": {"uv": [14, 12, 12, 14], "texture": "#1"},
				"south": {"uv": [14, 12, 12, 14], "texture": "#1"},
				"west": {"uv": [14, 12, 12, 14], "texture": "#1"},
				"up": {"uv": [14, 12, 12, 14], "rotation": 90, "texture": "#1"},
				"down": {"uv": [14, 12, 12, 14], "rotation": 270, "texture": "#1"}
			}
		},
		{
			"from": [4.4, 17.7174, 7.69568],
			"to": [3.1, 16.4174, 6.39568],
			"shade": false,
			"rotation": {"angle": 22.5, "axis": "x", "origin": [8, 8.1, 8]},
			"faces": {
				"north": {"uv": [16, 12, 14, 14], "texture": "#1"},
				"east": {"uv": [16, 12, 14, 14], "texture": "#1"},
				"south": {"uv": [16, 12, 14, 14], "texture": "#1"},
				"west": {"uv": [16, 12, 14, 14], "texture": "#1"},
				"up": {"uv": [16, 12, 14, 14], "rotation": 90, "texture": "#1"},
				"down": {"uv": [16, 12, 14, 14], "rotation": 270, "texture": "#1"}
			}
		},
		{
			"from": [3.25, 16.36812, 2.90381],
			"to": [4.25, 17.36812, 3.90381],
			"shade": false,
			"rotation": {"angle": 45, "axis": "x", "origin": [8, 8.1, 8]},
			"faces": {
				"north": {"uv": [14, 10, 12, 12], "texture": "#1"},
				"east": {"uv": [14, 10, 12, 12], "texture": "#1"},
				"south": {"uv": [14, 10, 12, 12], "texture": "#1"},
				"west": {"uv": [14, 10, 12, 12], "texture": "#1"},
				"up": {"uv": [14, 10, 12, 12], "rotation": 90, "texture": "#1"},
				"down": {"uv": [14, 10, 12, 12], "rotation": 270, "texture": "#1"}
			}
		},
		{
			"from": [4.5, 17.61812, 4.15381],
			"to": [3, 16.11812, 2.65381],
			"shade": false,
			"rotation": {"angle": 45, "axis": "x", "origin": [8, 8.1, 8]},
			"faces": {
				"north": {"uv": [16, 10, 14, 12], "texture": "#1"},
				"east": {"uv": [16, 10, 14, 12], "texture": "#1"},
				"south": {"uv": [16, 10, 14, 12], "texture": "#1"},
				"west": {"uv": [16, 10, 14, 12], "texture": "#1"},
				"up": {"uv": [16, 10, 14, 12], "rotation": 90, "texture": "#1"},
				"down": {"uv": [16, 10, 14, 12], "rotation": 270, "texture": "#1"}
			}
		},
		{
			"from": [3.25, 16.07807, 13.55535],
			"to": [4.25, 17.07807, 14.55535],
			"shade": false,
			"rotation": {"angle": -22.5, "axis": "x", "origin": [8, 8.1, 8]},
			"faces": {
				"north": {"uv": [12, 10, 14, 8], "rotation": 270, "texture": "#1"},
				"east": {"uv": [12, 10, 14, 8], "rotation": 90, "texture": "#1"},
				"south": {"uv": [12, 10, 14, 8], "rotation": 270, "texture": "#1"},
				"west": {"uv": [12, 10, 14, 8], "rotation": 270, "texture": "#1"},
				"up": {"uv": [12, 10, 14, 8], "texture": "#1"},
				"down": {"uv": [12, 10, 14, 8], "rotation": 180, "texture": "#1"}
			}
		},
		{
			"from": [4.5, 17.32807, 14.80535],
			"to": [3, 15.82807, 13.30535],
			"shade": false,
			"rotation": {"angle": -22.5, "axis": "x", "origin": [8, 8.1, 8]},
			"faces": {
				"north": {"uv": [14, 10, 16, 8], "rotation": 270, "texture": "#1"},
				"east": {"uv": [14, 10, 16, 8], "rotation": 90, "texture": "#1"},
				"south": {"uv": [14, 10, 16, 8], "rotation": 270, "texture": "#1"},
				"west": {"uv": [14, 10, 16, 8], "rotation": 270, "texture": "#1"},
				"up": {"uv": [14, 10, 16, 8], "texture": "#1"},
				"down": {"uv": [14, 10, 16, 8], "rotation": 180, "texture": "#1"}
			}
		},
		{
			"from": [3.25, 18.35, 9.35],
			"to": [4.25, 19.35, 10.35],
			"shade": false,
			"rotation": {"angle": 0, "axis": "y", "origin": [8, 8.1, 8]},
			"faces": {
				"north": {"uv": [14, 6, 12, 8], "texture": "#1"},
				"east": {"uv": [14, 6, 12, 8], "texture": "#1"},
				"south": {"uv": [14, 6, 12, 8], "texture": "#1"},
				"west": {"uv": [14, 6, 12, 8], "texture": "#1"},
				"up": {"uv": [14, 6, 12, 8], "rotation": 90, "texture": "#1"},
				"down": {"uv": [14, 6, 12, 8], "rotation": 270, "texture": "#1"}
			}
		},
		{
			"from": [4.5, 19.6, 10.6],
			"to": [3, 18.1, 9.1],
			"shade": false,
			"rotation": {"angle": 0, "axis": "y", "origin": [8, 8.1, 8]},
			"faces": {
				"north": {"uv": [16, 6, 14, 8], "texture": "#1"},
				"east": {"uv": [16, 6, 14, 8], "texture": "#1"},
				"south": {"uv": [16, 6, 14, 8], "texture": "#1"},
				"west": {"uv": [16, 6, 14, 8], "texture": "#1"},
				"up": {"uv": [16, 6, 14, 8], "rotation": 90, "texture": "#1"},
				"down": {"uv": [16, 6, 14, 8], "rotation": 270, "texture": "#1"}
			}
		},
		{
			"from": [3.4, 17.63631, 13.96394],
			"to": [4.1, 18.33631, 14.66394],
			"shade": false,
			"rotation": {"angle": -22.5, "axis": "x", "origin": [8, 8.1, 8]},
			"faces": {
				"north": {"uv": [14, 4, 12, 6], "texture": "#1"},
				"east": {"uv": [14, 4, 12, 6], "texture": "#1"},
				"south": {"uv": [14, 4, 12, 6], "texture": "#1"},
				"west": {"uv": [14, 4, 12, 6], "texture": "#1"},
				"up": {"uv": [14, 4, 12, 6], "rotation": 90, "texture": "#1"},
				"down": {"uv": [14, 4, 12, 6], "rotation": 270, "texture": "#1"}
			}
		},
		{
			"from": [4.4, 18.63631, 14.96394],
			"to": [3.1, 17.33631, 13.66394],
			"shade": false,
			"rotation": {"angle": -22.5, "axis": "x", "origin": [8, 8.1, 8]},
			"faces": {
				"north": {"uv": [16, 4, 14, 6], "texture": "#1"},
				"east": {"uv": [16, 4, 14, 6], "texture": "#1"},
				"south": {"uv": [16, 4, 14, 6], "texture": "#1"},
				"west": {"uv": [16, 4, 14, 6], "texture": "#1"},
				"up": {"uv": [16, 4, 14, 6], "rotation": 90, "texture": "#1"},
				"down": {"uv": [16, 4, 14, 6], "rotation": 270, "texture": "#1"}
			}
		},
		{
			"from": [3.45, 19.95, 10],
			"to": [4.05, 20.55, 10.6],
			"shade": false,
			"rotation": {"angle": 0, "axis": "y", "origin": [8, 8.1, 8]},
			"faces": {
				"north": {"uv": [14, 2, 12, 4], "texture": "#1"},
				"east": {"uv": [14, 2, 12, 4], "texture": "#1"},
				"south": {"uv": [14, 2, 12, 4], "texture": "#1"},
				"west": {"uv": [14, 2, 12, 4], "texture": "#1"},
				"up": {"uv": [14, 2, 12, 4], "rotation": 90, "texture": "#1"},
				"down": {"uv": [14, 2, 12, 4], "rotation": 270, "texture": "#1"}
			}
		},
		{
			"from": [4.3, 20.8, 10.85],
			"to": [3.2, 19.7, 9.75],
			"shade": false,
			"rotation": {"angle": 0, "axis": "y", "origin": [8, 8.1, 8]},
			"faces": {
				"north": {"uv": [16, 2, 14, 4], "texture": "#1"},
				"east": {"uv": [16, 2, 14, 4], "texture": "#1"},
				"south": {"uv": [16, 2, 14, 4], "texture": "#1"},
				"west": {"uv": [16, 2, 14, 4], "texture": "#1"},
				"up": {"uv": [16, 2, 14, 4], "rotation": 90, "texture": "#1"},
				"down": {"uv": [16, 2, 14, 4], "rotation": 270, "texture": "#1"}
			}
		},
		{
			"from": [3.45, 12.95, 5.55],
			"to": [4.05, 13.55, 6.15],
			"shade": false,
			"rotation": {"angle": 0, "axis": "y", "origin": [8, 8.1, 8]},
			"faces": {
				"north": {"uv": [8, 14, 10, 16], "texture": "#1"},
				"east": {"uv": [8, 14, 10, 16], "texture": "#1"},
				"south": {"uv": [8, 14, 10, 16], "texture": "#1"},
				"west": {"uv": [8, 14, 10, 16], "texture": "#1"},
				"up": {"uv": [8, 14, 10, 16], "rotation": 90, "texture": "#1"},
				"down": {"uv": [8, 14, 10, 16], "rotation": 270, "texture": "#1"}
			}
		},
		{
			"from": [4.3, 13.8, 6.4],
			"to": [3.2, 12.7, 5.3],
			"shade": false,
			"rotation": {"angle": 0, "axis": "y", "origin": [8, 8.1, 8]},
			"faces": {
				"north": {"uv": [10, 14, 12, 16], "texture": "#1"},
				"east": {"uv": [10, 14, 12, 16], "texture": "#1"},
				"south": {"uv": [10, 14, 12, 16], "texture": "#1"},
				"west": {"uv": [10, 14, 12, 16], "texture": "#1"},
				"up": {"uv": [10, 14, 12, 16], "rotation": 90, "texture": "#1"},
				"down": {"uv": [10, 14, 12, 16], "rotation": 270, "texture": "#1"}
			}
		},
		{
			"from": [3.4, 13.94576, 7.45627],
			"to": [4.1, 14.64576, 8.15627],
			"shade": false,
			"rotation": {"angle": -22.5, "axis": "x", "origin": [8, 8.1, 8]},
			"faces": {
				"north": {"uv": [8, 12, 10, 14], "texture": "#1"},
				"east": {"uv": [8, 12, 10, 14], "texture": "#1"},
				"south": {"uv": [8, 12, 10, 14], "texture": "#1"},
				"west": {"uv": [8, 12, 10, 14], "texture": "#1"},
				"up": {"uv": [8, 12, 10, 14], "rotation": 90, "texture": "#1"},
				"down": {"uv": [8, 12, 10, 14], "rotation": 270, "texture": "#1"}
			}
		},
		{
			"from": [4.4, 14.94576, 8.45627],
			"to": [3.1, 13.64576, 7.15627],
			"shade": false,
			"rotation": {"angle": -22.5, "axis": "x", "origin": [8, 8.1, 8]},
			"faces": {
				"north": {"uv": [10, 12, 12, 14], "texture": "#1"},
				"east": {"uv": [10, 12, 12, 14], "texture": "#1"},
				"south": {"uv": [10, 12, 12, 14], "texture": "#1"},
				"west": {"uv": [10, 12, 12, 14], "texture": "#1"},
				"up": {"uv": [10, 12, 12, 14], "rotation": 90, "texture": "#1"},
				"down": {"uv": [10, 12, 12, 14], "rotation": 270, "texture": "#1"}
			}
		},
		{
			"from": [3.25, 14.24681, 9.97488],
			"to": [4.25, 15.24681, 10.97488],
			"shade": false,
			"rotation": {"angle": -45, "axis": "x", "origin": [8, 8.1, 8]},
			"faces": {
				"north": {"uv": [8, 10, 10, 12], "texture": "#1"},
				"east": {"uv": [8, 10, 10, 12], "texture": "#1"},
				"south": {"uv": [8, 10, 10, 12], "texture": "#1"},
				"west": {"uv": [8, 10, 10, 12], "texture": "#1"},
				"up": {"uv": [8, 10, 10, 12], "rotation": 90, "texture": "#1"},
				"down": {"uv": [8, 10, 10, 12], "rotation": 270, "texture": "#1"}
			}
		},
		{
			"from": [4.5, 15.49681, 11.22488],
			"to": [3, 13.99681, 9.72488],
			"shade": false,
			"rotation": {"angle": -45, "axis": "x", "origin": [8, 8.1, 8]},
			"faces": {
				"north": {"uv": [10, 10, 12, 12], "texture": "#1"},
				"east": {"uv": [10, 10, 12, 12], "texture": "#1"},
				"south": {"uv": [10, 10, 12, 12], "texture": "#1"},
				"west": {"uv": [10, 10, 12, 12], "texture": "#1"},
				"up": {"uv": [10, 10, 12, 12], "rotation": 90, "texture": "#1"},
				"down": {"uv": [10, 10, 12, 12], "rotation": 270, "texture": "#1"}
			}
		},
		{
			"from": [3.25, 13.30643, 2.5927],
			"to": [4.25, 14.30643, 3.5927],
			"shade": false,
			"rotation": {"angle": 22.5, "axis": "x", "origin": [8, 8.1, 8]},
			"faces": {
				"north": {"uv": [8, 8, 10, 10], "rotation": 270, "texture": "#1"},
				"east": {"uv": [8, 8, 10, 10], "rotation": 90, "texture": "#1"},
				"south": {"uv": [8, 8, 10, 10], "rotation": 270, "texture": "#1"},
				"west": {"uv": [8, 8, 10, 10], "rotation": 270, "texture": "#1"},
				"up": {"uv": [8, 8, 10, 10], "texture": "#1"},
				"down": {"uv": [8, 8, 10, 10], "rotation": 180, "texture": "#1"}
			}
		},
		{
			"from": [4.5, 14.55643, 3.8427],
			"to": [3, 13.05643, 2.3427],
			"shade": false,
			"rotation": {"angle": 22.5, "axis": "x", "origin": [8, 8.1, 8]},
			"faces": {
				"north": {"uv": [10, 8, 12, 10], "rotation": 270, "texture": "#1"},
				"east": {"uv": [10, 8, 12, 10], "rotation": 90, "texture": "#1"},
				"south": {"uv": [10, 8, 12, 10], "rotation": 270, "texture": "#1"},
				"west": {"uv": [10, 8, 12, 10], "rotation": 270, "texture": "#1"},
				"up": {"uv": [10, 8, 12, 10], "texture": "#1"},
				"down": {"uv": [10, 8, 12, 10], "rotation": 180, "texture": "#1"}
			}
		},
		{
			"from": [3.25, 15.35, 5.65],
			"to": [4.25, 16.35, 6.65],
			"shade": false,
			"rotation": {"angle": 0, "axis": "y", "origin": [8, 8.1, 8]},
			"faces": {
				"north": {"uv": [8, 6, 10, 8], "texture": "#1"},
				"east": {"uv": [8, 6, 10, 8], "texture": "#1"},
				"south": {"uv": [8, 6, 10, 8], "texture": "#1"},
				"west": {"uv": [8, 6, 10, 8], "texture": "#1"},
				"up": {"uv": [8, 6, 10, 8], "rotation": 90, "texture": "#1"},
				"down": {"uv": [8, 6, 10, 8], "rotation": 270, "texture": "#1"}
			}
		},
		{
			"from": [4.5, 16.6, 6.9],
			"to": [3, 15.1, 5.4],
			"shade": false,
			"rotation": {"angle": 0, "axis": "y", "origin": [8, 8.1, 8]},
			"faces": {
				"north": {"uv": [10, 6, 12, 8], "texture": "#1"},
				"east": {"uv": [10, 6, 12, 8], "texture": "#1"},
				"south": {"uv": [10, 6, 12, 8], "texture": "#1"},
				"west": {"uv": [10, 6, 12, 8], "texture": "#1"},
				"up": {"uv": [10, 6, 12, 8], "rotation": 90, "texture": "#1"},
				"down": {"uv": [10, 6, 12, 8], "rotation": 270, "texture": "#1"}
			}
		},
		{
			"from": [3.4, 14.86467, 2.48411],
			"to": [4.1, 15.56467, 3.18411],
			"shade": false,
			"rotation": {"angle": 22.5, "axis": "x", "origin": [8, 8.1, 8]},
			"faces": {
				"north": {"uv": [8, 4, 10, 6], "texture": "#1"},
				"east": {"uv": [8, 4, 10, 6], "texture": "#1"},
				"south": {"uv": [8, 4, 10, 6], "texture": "#1"},
				"west": {"uv": [8, 4, 10, 6], "texture": "#1"},
				"up": {"uv": [8, 4, 10, 6], "rotation": 90, "texture": "#1"},
				"down": {"uv": [8, 4, 10, 6], "rotation": 270, "texture": "#1"}
			}
		},
		{
			"from": [4.4, 15.86467, 3.48411],
			"to": [3.1, 14.56467, 2.18411],
			"shade": false,
			"rotation": {"angle": 22.5, "axis": "x", "origin": [8, 8.1, 8]},
			"faces": {
				"north": {"uv": [10, 4, 12, 6], "texture": "#1"},
				"east": {"uv": [10, 4, 12, 6], "texture": "#1"},
				"south": {"uv": [10, 4, 12, 6], "texture": "#1"},
				"west": {"uv": [10, 4, 12, 6], "texture": "#1"},
				"up": {"uv": [10, 4, 12, 6], "rotation": 90, "texture": "#1"},
				"down": {"uv": [10, 4, 12, 6], "rotation": 270, "texture": "#1"}
			}
		},
		{
			"from": [3.45, 16.95, 5.4],
			"to": [4.05, 17.55, 6],
			"shade": false,
			"rotation": {"angle": 0, "axis": "y", "origin": [8, 8.1, 8]},
			"faces": {
				"north": {"uv": [8, 2, 10, 4], "texture": "#1"},
				"east": {"uv": [8, 2, 10, 4], "texture": "#1"},
				"south": {"uv": [8, 2, 10, 4], "texture": "#1"},
				"west": {"uv": [8, 2, 10, 4], "texture": "#1"},
				"up": {"uv": [8, 2, 10, 4], "rotation": 90, "texture": "#1"},
				"down": {"uv": [8, 2, 10, 4], "rotation": 270, "texture": "#1"}
			}
		},
		{
			"from": [4.3, 17.8, 6.25],
			"to": [3.2, 16.7, 5.15],
			"shade": false,
			"rotation": {"angle": 0, "axis": "y", "origin": [8, 8.1, 8]},
			"faces": {
				"north": {"uv": [10, 2, 12, 4], "texture": "#1"},
				"east": {"uv": [10, 2, 12, 4], "texture": "#1"},
				"south": {"uv": [10, 2, 12, 4], "texture": "#1"},
				"west": {"uv": [10, 2, 12, 4], "texture": "#1"},
				"up": {"uv": [10, 2, 12, 4], "rotation": 90, "texture": "#1"},
				"down": {"uv": [10, 2, 12, 4], "rotation": 270, "texture": "#1"}
			}
		},
		{
			"from": [3.45, 19.95, 7.85],
			"to": [4.05, 20.55, 8.45],
			"shade": false,
			"rotation": {"angle": 0, "axis": "y", "origin": [8, 8.1, 8]},
			"faces": {
				"north": {"uv": [6, 14, 4, 16], "texture": "#1"},
				"east": {"uv": [6, 14, 4, 16], "texture": "#1"},
				"south": {"uv": [6, 14, 4, 16], "texture": "#1"},
				"west": {"uv": [6, 14, 4, 16], "texture": "#1"},
				"up": {"uv": [6, 14, 4, 16], "rotation": 90, "texture": "#1"},
				"down": {"uv": [6, 14, 4, 16], "rotation": 270, "texture": "#1"}
			}
		},
		{
			"from": [4.3, 20.8, 8.7],
			"to": [3.2, 19.7, 7.6],
			"shade": false,
			"rotation": {"angle": 0, "axis": "y", "origin": [8, 8.1, 8]},
			"faces": {
				"north": {"uv": [8, 14, 6, 16], "texture": "#1"},
				"east": {"uv": [8, 14, 6, 16], "texture": "#1"},
				"south": {"uv": [8, 14, 6, 16], "texture": "#1"},
				"west": {"uv": [8, 14, 6, 16], "texture": "#1"},
				"up": {"uv": [8, 14, 6, 16], "rotation": 90, "texture": "#1"},
				"down": {"uv": [8, 14, 6, 16], "rotation": 270, "texture": "#1"}
			}
		},
		{
			"from": [3.4, 19.64755, 3.31719],
			"to": [4.1, 20.34755, 4.01719],
			"shade": false,
			"rotation": {"angle": 22.5, "axis": "x", "origin": [8, 8.1, 8]},
			"faces": {
				"north": {"uv": [6, 12, 4, 14], "texture": "#1"},
				"east": {"uv": [6, 12, 4, 14], "texture": "#1"},
				"south": {"uv": [6, 12, 4, 14], "texture": "#1"},
				"west": {"uv": [6, 12, 4, 14], "texture": "#1"},
				"up": {"uv": [6, 12, 4, 14], "rotation": 90, "texture": "#1"},
				"down": {"uv": [6, 12, 4, 14], "rotation": 270, "texture": "#1"}
			}
		},
		{
			"from": [4.4, 20.64755, 4.31719],
			"to": [3.1, 19.34755, 3.01719],
			"shade": false,
			"rotation": {"angle": 22.5, "axis": "x", "origin": [8, 8.1, 8]},
			"faces": {
				"north": {"uv": [8, 12, 6, 14], "texture": "#1"},
				"east": {"uv": [8, 12, 6, 14], "texture": "#1"},
				"south": {"uv": [8, 12, 6, 14], "texture": "#1"},
				"west": {"uv": [8, 12, 6, 14], "texture": "#1"},
				"up": {"uv": [8, 12, 6, 14], "rotation": 90, "texture": "#1"},
				"down": {"uv": [8, 12, 6, 14], "rotation": 270, "texture": "#1"}
			}
		},
		{
			"from": [3.25, 17.78234, -1.33883],
			"to": [4.25, 18.78234, -0.33883],
			"shade": false,
			"rotation": {"angle": 45, "axis": "x", "origin": [8, 8.1, 8]},
			"faces": {
				"north": {"uv": [6, 10, 4, 12], "texture": "#1"},
				"east": {"uv": [6, 10, 4, 12], "texture": "#1"},
				"south": {"uv": [6, 10, 4, 12], "texture": "#1"},
				"west": {"uv": [6, 10, 4, 12], "texture": "#1"},
				"up": {"uv": [6, 10, 4, 12], "rotation": 90, "texture": "#1"},
				"down": {"uv": [6, 10, 4, 12], "rotation": 270, "texture": "#1"}
			}
		},
		{
			"from": [4.5, 19.03234, -0.08883],
			"to": [3, 17.53234, -1.58883],
			"shade": false,
			"rotation": {"angle": 45, "axis": "x", "origin": [8, 8.1, 8]},
			"faces": {
				"north": {"uv": [8, 10, 6, 12], "texture": "#1"},
				"east": {"uv": [8, 10, 6, 12], "texture": "#1"},
				"south": {"uv": [8, 10, 6, 12], "texture": "#1"},
				"west": {"uv": [8, 10, 6, 12], "texture": "#1"},
				"up": {"uv": [8, 10, 6, 12], "rotation": 90, "texture": "#1"},
				"down": {"uv": [8, 10, 6, 12], "rotation": 270, "texture": "#1"}
			}
		},
		{
			"from": [3.25, 20.53896, 13.23833],
			"to": [4.25, 21.53896, 14.23833],
			"shade": false,
			"rotation": {"angle": -22.5, "axis": "x", "origin": [8, 8.1, 8]},
			"faces": {
				"north": {"uv": [4, 10, 6, 8], "rotation": 270, "texture": "#1"},
				"east": {"uv": [4, 10, 6, 8], "rotation": 90, "texture": "#1"},
				"south": {"uv": [4, 10, 6, 8], "rotation": 270, "texture": "#1"},
				"west": {"uv": [4, 10, 6, 8], "rotation": 270, "texture": "#1"},
				"up": {"uv": [4, 10, 6, 8], "texture": "#1"},
				"down": {"uv": [4, 10, 6, 8], "rotation": 180, "texture": "#1"}
			}
		},
		{
			"from": [4.5, 21.78896, 14.48833],
			"to": [3, 20.28896, 12.98833],
			"shade": false,
			"rotation": {"angle": -22.5, "axis": "x", "origin": [8, 8.1, 8]},
			"faces": {
				"north": {"uv": [6, 10, 8, 8], "rotation": 270, "texture": "#1"},
				"east": {"uv": [6, 10, 8, 8], "rotation": 90, "texture": "#1"},
				"south": {"uv": [6, 10, 8, 8], "rotation": 270, "texture": "#1"},
				"west": {"uv": [6, 10, 8, 8], "rotation": 270, "texture": "#1"},
				"up": {"uv": [6, 10, 8, 8], "texture": "#1"},
				"down": {"uv": [6, 10, 8, 8], "rotation": 180, "texture": "#1"}
			}
		},
		{
			"from": [3.25, 22.35, 7.35],
			"to": [4.25, 23.35, 8.35],
			"shade": false,
			"rotation": {"angle": 0, "axis": "y", "origin": [8, 8.1, 8]},
			"faces": {
				"north": {"uv": [6, 6, 4, 8], "texture": "#1"},
				"east": {"uv": [6, 6, 4, 8], "texture": "#1"},
				"south": {"uv": [6, 6, 4, 8], "texture": "#1"},
				"west": {"uv": [6, 6, 4, 8], "texture": "#1"},
				"up": {"uv": [6, 6, 4, 8], "rotation": 90, "texture": "#1"},
				"down": {"uv": [6, 6, 4, 8], "rotation": 270, "texture": "#1"}
			}
		},
		{
			"from": [4.5, 23.6, 8.6],
			"to": [3, 22.1, 7.1],
			"shade": false,
			"rotation": {"angle": 0, "axis": "y", "origin": [8, 8.1, 8]},
			"faces": {
				"north": {"uv": [8, 6, 6, 8], "texture": "#1"},
				"east": {"uv": [8, 6, 6, 8], "texture": "#1"},
				"south": {"uv": [8, 6, 6, 8], "texture": "#1"},
				"west": {"uv": [8, 6, 6, 8], "texture": "#1"},
				"up": {"uv": [8, 6, 6, 8], "rotation": 90, "texture": "#1"},
				"down": {"uv": [8, 6, 6, 8], "rotation": 270, "texture": "#1"}
			}
		},
		{
			"from": [3.4, 22.0972, 13.64692],
			"to": [4.1, 22.7972, 14.34692],
			"shade": false,
			"rotation": {"angle": -22.5, "axis": "x", "origin": [8, 8.1, 8]},
			"faces": {
				"north": {"uv": [6, 4, 4, 6], "texture": "#1"},
				"east": {"uv": [6, 4, 4, 6], "texture": "#1"},
				"south": {"uv": [6, 4, 4, 6], "texture": "#1"},
				"west": {"uv": [6, 4, 4, 6], "texture": "#1"},
				"up": {"uv": [6, 4, 4, 6], "rotation": 90, "texture": "#1"},
				"down": {"uv": [6, 4, 4, 6], "rotation": 270, "texture": "#1"}
			}
		},
		{
			"from": [4.4, 23.0972, 14.64692],
			"to": [3.1, 21.7972, 13.34692],
			"shade": false,
			"rotation": {"angle": -22.5, "axis": "x", "origin": [8, 8.1, 8]},
			"faces": {
				"north": {"uv": [8, 4, 6, 6], "texture": "#1"},
				"east": {"uv": [8, 4, 6, 6], "texture": "#1"},
				"south": {"uv": [8, 4, 6, 6], "texture": "#1"},
				"west": {"uv": [8, 4, 6, 6], "texture": "#1"},
				"up": {"uv": [8, 4, 6, 6], "rotation": 90, "texture": "#1"},
				"down": {"uv": [8, 4, 6, 6], "rotation": 270, "texture": "#1"}
			}
		},
		{
			"from": [3.45, 23.95, 8],
			"to": [4.05, 24.55, 8.6],
			"shade": false,
			"rotation": {"angle": 0, "axis": "y", "origin": [8, 8.1, 8]},
			"faces": {
				"north": {"uv": [6, 2, 4, 4], "texture": "#1"},
				"east": {"uv": [6, 2, 4, 4], "texture": "#1"},
				"south": {"uv": [6, 2, 4, 4], "texture": "#1"},
				"west": {"uv": [6, 2, 4, 4], "texture": "#1"},
				"up": {"uv": [6, 2, 4, 4], "rotation": 90, "texture": "#1"},
				"down": {"uv": [6, 2, 4, 4], "rotation": 270, "texture": "#1"}
			}
		},
		{
			"from": [4.3, 24.8, 8.85],
			"to": [3.2, 23.7, 7.75],
			"shade": false,
			"rotation": {"angle": 0, "axis": "y", "origin": [8, 8.1, 8]},
			"faces": {
				"north": {"uv": [8, 2, 6, 4], "texture": "#1"},
				"east": {"uv": [8, 2, 6, 4], "texture": "#1"},
				"south": {"uv": [8, 2, 6, 4], "texture": "#1"},
				"west": {"uv": [8, 2, 6, 4], "texture": "#1"},
				"up": {"uv": [8, 2, 6, 4], "rotation": 90, "texture": "#1"},
				"down": {"uv": [8, 2, 6, 4], "rotation": 270, "texture": "#1"}
			}
		}
	],
	"gui_light": "front",
	"display": {
		"thirdperson_righthand": {
			"translation": [-0.25, 2.5, 1],
			"scale": [0.6, 0.6, 0.6]
		},
		"thirdperson_lefthand": {
			"translation": [-0.25, 2.5, 1],
			"scale": [0.6, 0.6, 0.6]
		},
		"firstperson_righthand": {
			"rotation": [0, 22, 0],
			"translation": [5, 0.5, -6.25],
			"scale": [0.54883, 0.54883, 0.54883]
		},
		"firstperson_lefthand": {
			"rotation": [0, 22, 0],
			"translation": [5, 0.5, -6.25],
			"scale": [0.54883, 0.54883, 0.54883]
		},
		"ground": {
			"rotation": [94, 85, 0],
			"translation": [0, 0.25, -0.75],
			"scale": [0.5, 0.5, 0.5]
		},
		"gui": {
			"rotation": [-90, 45, 88],
			"translation": [0.25, -0.25, 0],
			"scale": [0.48, 0.48, 0.48]
		},
		"head": {
			"rotation": [90, -171, 90],
			"translation": [-2.25, 9.25, 0.25],
			"scale": [0.7, 0.7, 0.7]
		},
		"fixed": {
			"rotation": [0, 90, 0],
			"translation": [0, 0.25, -1.25],
			"scale": [1.2, 1.2, 1.2]
		}
	},
	"groups": [
		0,
		1,
		2,
		3,
		4,
		5,
		6,
		7,
		8,
		9,
		10,
		11,
		12,
		13,
		14,
		15,
		16,
		17,
		18,
		19,
		20,
		21,
		{
			"name": "particles",
			"origin": [8, 8, 8],
			"color": 0,
			"children": [
				{
					"name": "particles1",
					"origin": [0, 0, 0],
					"color": 0,
					"children": [
						{
							"name": "particle1",
							"origin": [0, 0, 0],
							"color": 0,
							"children": [22, 23]
						},
						{
							"name": "particle2",
							"origin": [0, 0, 0],
							"color": 0,
							"children": [24, 25]
						},
						{
							"name": "particle3",
							"origin": [0, 0, 0],
							"color": 0,
							"children": [26, 27]
						},
						{
							"name": "particle4",
							"origin": [0, 0, 0],
							"color": 0,
							"children": [28, 29]
						},
						{
							"name": "particle5",
							"origin": [0, 0, 0],
							"color": 0,
							"children": [30, 31]
						},
						{
							"name": "particle6",
							"origin": [0, 0, 0],
							"color": 0,
							"children": [32, 33]
						},
						{
							"name": "particle7",
							"origin": [0, 0, 0],
							"color": 0,
							"children": [34, 35]
						}
					]
				},
				{
					"name": "particles2",
					"origin": [0, 0, 0],
					"color": 0,
					"children": [
						{
							"name": "particle1",
							"origin": [0, 0, 0],
							"color": 0,
							"children": [36, 37]
						},
						{
							"name": "particle2",
							"origin": [0, 0, 0],
							"color": 0,
							"children": [38, 39]
						},
						{
							"name": "particle3",
							"origin": [0, 0, 0],
							"color": 0,
							"children": [40, 41]
						},
						{
							"name": "particle4",
							"origin": [0, 0, 0],
							"color": 0,
							"children": [42, 43]
						},
						{
							"name": "particle5",
							"origin": [0, 0, 0],
							"color": 0,
							"children": [44, 45]
						},
						{
							"name": "particle6",
							"origin": [0, 0, 0],
							"color": 0,
							"children": [46, 47]
						},
						{
							"name": "particle7",
							"origin": [0, 0, 0],
							"color": 0,
							"children": [48, 49]
						}
					]
				},
				{
					"name": "particles3",
					"origin": [0, 0, 0],
					"color": 0,
					"children": [
						{
							"name": "particle1",
							"origin": [0, 0, 0],
							"color": 0,
							"children": [50, 51]
						},
						{
							"name": "particle2",
							"origin": [0, 0, 0],
							"color": 0,
							"children": [52, 53]
						},
						{
							"name": "particle3",
							"origin": [0, 0, 0],
							"color": 0,
							"children": [54, 55]
						},
						{
							"name": "particle4",
							"origin": [0, 0, 0],
							"color": 0,
							"children": [56, 57]
						},
						{
							"name": "particle5",
							"origin": [0, 0, 0],
							"color": 0,
							"children": [58, 59]
						},
						{
							"name": "particle6",
							"origin": [0, 0, 0],
							"color": 0,
							"children": [60, 61]
						},
						{
							"name": "particle7",
							"origin": [0, 0, 0],
							"color": 0,
							"children": [62, 63]
						}
					]
				},
				{
					"name": "particles4",
					"origin": [0, 0, 0],
					"color": 0,
					"children": [
						{
							"name": "particle1",
							"origin": [0, 0, 0],
							"color": 0,
							"children": [64, 65]
						},
						{
							"name": "particle2",
							"origin": [0, 0, 0],
							"color": 0,
							"children": [66, 67]
						},
						{
							"name": "particle3",
							"origin": [0, 0, 0],
							"color": 0,
							"children": [68, 69]
						},
						{
							"name": "particle4",
							"origin": [0, 0, 0],
							"color": 0,
							"children": [70, 71]
						},
						{
							"name": "particle5",
							"origin": [0, 0, 0],
							"color": 0,
							"children": [72, 73]
						},
						{
							"name": "particle6",
							"origin": [0, 0, 0],
							"color": 0,
							"children": [74, 75]
						},
						{
							"name": "particle7",
							"origin": [0, 0, 0],
							"color": 0,
							"children": [76, 77]
						}
					]
				},
				{
					"name": "particles5",
					"origin": [0, 0, 0],
					"color": 0,
					"children": [
						{
							"name": "particle1",
							"origin": [0, 0, 0],
							"color": 0,
							"children": [78, 79]
						},
						{
							"name": "particle2",
							"origin": [0, 0, 0],
							"color": 0,
							"children": [80, 81]
						},
						{
							"name": "particle3",
							"origin": [0, 0, 0],
							"color": 0,
							"children": [82, 83]
						},
						{
							"name": "particle4",
							"origin": [0, 0, 0],
							"color": 0,
							"children": [84, 85]
						},
						{
							"name": "particle5",
							"origin": [0, 0, 0],
							"color": 0,
							"children": [86, 87]
						},
						{
							"name": "particle6",
							"origin": [0, 0, 0],
							"color": 0,
							"children": [88, 89]
						},
						{
							"name": "particle7",
							"origin": [0, 0, 0],
							"color": 0,
							"children": [90, 91]
						}
					]
				},
				{
					"name": "particles6",
					"origin": [0, 0, 0],
					"color": 0,
					"children": [
						{
							"name": "particle1",
							"origin": [0, 0, 0],
							"color": 0,
							"children": [92, 93]
						},
						{
							"name": "particle2",
							"origin": [0, 0, 0],
							"color": 0,
							"children": [94, 95]
						},
						{
							"name": "particle3",
							"origin": [0, 0, 0],
							"color": 0,
							"children": [96, 97]
						},
						{
							"name": "particle4",
							"origin": [0, 0, 0],
							"color": 0,
							"children": [98, 99]
						},
						{
							"name": "particle5",
							"origin": [0, 0, 0],
							"color": 0,
							"children": [100, 101]
						},
						{
							"name": "particle6",
							"origin": [0, 0, 0],
							"color": 0,
							"children": [102, 103]
						},
						{
							"name": "particle7",
							"origin": [0, 0, 0],
							"color": 0,
							"children": [104, 105]
						}
					]
				}
			]
		}
	]
}