{
	"credit": "by w11shes",
	"texture_size": [8, 8],
	"textures": {
		"0": "item/monstertower/crate/fishing_rod",
		"1": "item/monstertower/crate/particle",
		"particle": "item/monstertower/crate/fishing_rod"
	},
	"elements": [
		{
			"from": [6.9909, 11, 7.00377],
			"to": [8.9909, 24, 9.00377],
			"rotation": {"angle": 45, "axis": "y", "origin": [7.99467, 7.95, 8]},
			"faces": {
				"north": {"uv": [4, 4.75, 3.5, 8], "texture": "#0"},
				"east": {"uv": [3.5, 4.75, 4, 8], "texture": "#0"},
				"south": {"uv": [4, 4.75, 3.5, 8], "texture": "#0"},
				"west": {"uv": [3.5, 4.75, 4, 8], "texture": "#0"}
			}
		},
		{
			"from": [6.9909, -8, 7.00377],
			"to": [8.9909, 0, 9.00377],
			"rotation": {"angle": 45, "axis": "y", "origin": [7.99467, 7.95, 8]},
			"faces": {
				"north": {"uv": [3, 6.25, 3.5, 8.25], "texture": "#0"},
				"east": {"uv": [3, 6.25, 3.5, 8.25], "texture": "#0"},
				"south": {"uv": [3.5, 6.25, 3, 8.25], "texture": "#0"},
				"west": {"uv": [3.5, 6.25, 3, 8.25], "texture": "#0"}
			}
		},
		{
			"from": [6.49467, 24, 6.50533],
			"to": [9.49467, 27, 9.50533],
			"rotation": {"angle": 0, "axis": "y", "origin": [7.99467, 7.95, 8]},
			"faces": {
				"north": {"uv": [1, 6.75, 1.75, 7.5], "texture": "#0"},
				"east": {"uv": [1.75, 7.25, 2.5, 8], "texture": "#0"},
				"south": {"uv": [0, 7.75, 0.75, 8.5], "texture": "#0"},
				"west": {"uv": [2.5, 7.25, 1.75, 8], "texture": "#0"},
				"up": {"uv": [7.75, 7.5, 7, 6.75], "rotation": 90, "texture": "#0"},
				"down": {"uv": [8, 0.75, 7.25, 1.5], "rotation": 270, "texture": "#0"}
			}
		},
		{
			"from": [7.94467, 27, 4.50533],
			"to": [7.99467, 32, 9.50533],
			"rotation": {"angle": 0, "axis": "y", "origin": [7.99467, 7.95, 8]},
			"faces": {
				"east": {"uv": [5.25, 0.75, 6.5, 2], "texture": "#0"},
				"west": {"uv": [6.5, 0.75, 5.25, 2], "texture": "#0"}
			}
		},
		{
			"from": [7.49467, 27, 6.50533],
			"to": [8.49467, 30, 9.50533],
			"rotation": {"angle": 0, "axis": "y", "origin": [7.99467, 7.95, 8]},
			"faces": {
				"north": {"uv": [5.75, 1.25, 6, 2], "texture": "#0"},
				"east": {"uv": [5.25, 1.25, 6, 2], "texture": "#0"},
				"south": {"uv": [5.25, 1.25, 5.5, 2], "texture": "#0"},
				"west": {"uv": [6, 1.25, 5.25, 2], "texture": "#0"},
				"up": {"uv": [6, 1.25, 5.25, 1.5], "rotation": 90, "texture": "#0"}
			}
		},
		{
			"from": [6.49467, 5, 6.50533],
			"to": [9.49467, 11, 9.50533],
			"rotation": {"angle": 0, "axis": "y", "origin": [7.99467, 7.95, 8]},
			"faces": {
				"north": {"uv": [6.5, 0.75, 7.25, 2.25], "texture": "#0"},
				"east": {"uv": [8, 0.75, 8.75, 2.25], "texture": "#0"},
				"south": {"uv": [8.75, 0.75, 9.5, 2.25], "texture": "#0"},
				"west": {"uv": [8.75, 0.75, 8, 2.25], "texture": "#0"},
				"up": {"uv": [8, 6, 7.25, 5.25], "rotation": 90, "texture": "#0"}
			}
		},
		{
			"from": [7.94467, 6, 1.50533],
			"to": [7.99467, 27, 6.50533],
			"rotation": {"angle": 0, "axis": "y", "origin": [7.99467, 7.95, 8]},
			"faces": {
				"east": {"uv": [4, 0, 5.25, 5.25], "texture": "#0"},
				"west": {"uv": [5.25, 0, 4, 5.25], "texture": "#0"}
			}
		},
		{
			"from": [4.66958, 25.5, 8.32509],
			"to": [7.66958, 25.55, 11.32509],
			"rotation": {"angle": 45, "axis": "y", "origin": [7.99467, 7.95, 8]},
			"faces": {
				"up": {"uv": [8, 2.25, 7.25, 1.5], "rotation": 90, "texture": "#0"},
				"down": {"uv": [8, 1.5, 7.25, 2.25], "rotation": 270, "texture": "#0"}
			}
		},
		{
			"from": [4.66958, 17.5, 8.32509],
			"to": [7.66958, 17.55, 11.32509],
			"rotation": {"angle": 45, "axis": "y", "origin": [7.99467, 7.95, 8]},
			"faces": {
				"up": {"uv": [8, 2.25, 7.25, 1.5], "rotation": 90, "texture": "#0"},
				"down": {"uv": [8, 1.5, 7.25, 2.25], "rotation": 270, "texture": "#0"}
			}
		},
		{
			"from": [4.66958, 9.5, 8.32509],
			"to": [7.66958, 9.55, 11.32509],
			"rotation": {"angle": 45, "axis": "y", "origin": [7.99467, 7.95, 8]},
			"faces": {
				"up": {"uv": [8, 2.25, 7.25, 1.5], "rotation": 90, "texture": "#0"},
				"down": {"uv": [8, 1.5, 7.25, 2.25], "rotation": 270, "texture": "#0"}
			}
		},
		{
			"from": [6.49467, 16, 6.50533],
			"to": [9.49467, 19, 9.50533],
			"rotation": {"angle": 0, "axis": "y", "origin": [7.99467, 7.95, 8]},
			"faces": {
				"north": {"uv": [1, 6.75, 1.75, 7.5], "texture": "#0"},
				"east": {"uv": [1.75, 7.25, 2.5, 8], "texture": "#0"},
				"south": {"uv": [0, 7.75, 0.75, 8.5], "texture": "#0"},
				"west": {"uv": [2.5, 7.25, 1.75, 8], "texture": "#0"},
				"up": {"uv": [7.75, 7.5, 7, 6.75], "rotation": 90, "texture": "#0"},
				"down": {"uv": [8, 0.75, 7.25, 1.5], "rotation": 270, "texture": "#0"}
			}
		},
		{
			"from": [5.49467, 0, 5.50533],
			"to": [10.49467, 5, 10.50533],
			"rotation": {"angle": 0, "axis": "y", "origin": [7.99467, 7.95, 8]},
			"faces": {
				"east": {"uv": [5.25, 2, 6.5, 3.25], "texture": "#0"},
				"west": {"uv": [6.5, 2, 5.25, 3.25], "texture": "#0"},
				"up": {"uv": [6.5, 4.5, 5.25, 3.25], "rotation": 90, "texture": "#0"},
				"down": {"uv": [5.25, 5.25, 4, 6.5], "rotation": 270, "texture": "#0"}
			}
		},
		{
			"from": [6.49467, 0, 5.50533],
			"to": [9.49467, 5, 10.50533],
			"rotation": {"angle": 0, "axis": "y", "origin": [7.99467, 7.95, 8]},
			"faces": {
				"east": {"uv": [9.5, 0, 10.75, 1.25], "texture": "#0"},
				"west": {"uv": [9.5, 0, 10.75, 1.25], "texture": "#0"}
			}
		},
		{
			"from": [10.49467, 5, 10.50533],
			"to": [5.49467, 0, 5.50533],
			"rotation": {"angle": 0, "axis": "y", "origin": [7.99467, 7.95, 8]},
			"faces": {
				"east": {"uv": [6.5, 3.25, 5.25, 2], "texture": "#0"},
				"west": {"uv": [5.25, 3.25, 6.5, 2], "texture": "#0"},
				"up": {"uv": [4, 5.25, 5.25, 6.5], "rotation": 90, "texture": "#0"},
				"down": {"uv": [5.25, 4.5, 6.5, 3.25], "rotation": 270, "texture": "#0"}
			}
		},
		{
			"from": [4.09094, -5.43927, 4.50533],
			"to": [4.14094, 1.56073, 11.50533],
			"rotation": {"angle": 45, "axis": "z", "origin": [7.99467, 7.95, 8]},
			"faces": {
				"east": {"uv": [8.25, 2.25, 10, 4], "texture": "#0"},
				"west": {"uv": [8.25, 2.25, 10, 4], "texture": "#0"}
			}
		},
		{
			"from": [11.8484, -5.43927, 4.50533],
			"to": [11.8984, 1.56073, 11.50533],
			"rotation": {"angle": -45, "axis": "z", "origin": [7.99467, 7.95, 8]},
			"faces": {
				"east": {"uv": [8.25, 2.25, 10, 4], "texture": "#0"},
				"west": {"uv": [8.25, 2.25, 10, 4], "texture": "#0"}
			}
		},
		{
			"from": [5.47467, 0.5645, 8.32197],
			"to": [10.51467, 4.10003, 11.8575],
			"rotation": {"angle": 45, "axis": "x", "origin": [7.99467, 7.95, 8]},
			"faces": {
				"north": {"uv": [5.25, 4.5, 6.5, 5.5], "texture": "#0"},
				"east": {"uv": [6.5, 2.25, 7.5, 3.25], "texture": "#0"},
				"west": {"uv": [7.5, 2.25, 6.5, 3.25], "texture": "#0"},
				"down": {"uv": [6.25, 5.5, 5.25, 6.75], "rotation": 270, "texture": "#0"}
			}
		},
		{
			"from": [6.47467, 0.5645, 8.32197],
			"to": [9.51467, 4.10003, 11.8575],
			"rotation": {"angle": 45, "axis": "x", "origin": [7.99467, 7.95, 8]},
			"faces": {
				"east": {"uv": [9.5, 1.25, 10.5, 2.25], "texture": "#0"},
				"west": {"uv": [10.5, 1.25, 9.5, 2.25], "texture": "#0"}
			}
		},
		{
			"from": [10.51467, 4.1, 11.85746],
			"to": [5.47467, 0.5645, 8.32196],
			"rotation": {"angle": 45, "axis": "x", "origin": [7.99467, 7.95, 8]},
			"faces": {
				"east": {"uv": [7.5, 3.25, 6.5, 2.25], "texture": "#0"},
				"south": {"uv": [5.25, 5.5, 6.5, 4.5], "texture": "#0"},
				"west": {"uv": [6.5, 3.25, 7.5, 2.25], "texture": "#0"},
				"up": {"uv": [5.25, 5.5, 6.25, 6.75], "rotation": 90, "texture": "#0"}
			}
		},
		{
			"from": [5.48467, 0.55696, 4.15004],
			"to": [10.52467, 4.09249, 7.68557],
			"rotation": {"angle": -45, "axis": "x", "origin": [7.99467, 7.95, 8]},
			"faces": {
				"east": {"uv": [6.5, 3.25, 7.5, 4.25], "texture": "#0"},
				"south": {"uv": [1.75, 6.25, 3, 7.25], "texture": "#0"},
				"west": {"uv": [7.5, 3.25, 6.5, 4.25], "texture": "#0"},
				"down": {"uv": [7.25, 5.5, 6.25, 6.75], "rotation": 270, "texture": "#0"}
			}
		},
		{
			"from": [6.48467, 0.55696, 4.15004],
			"to": [9.52467, 4.09249, 7.68557],
			"rotation": {"angle": -45, "axis": "x", "origin": [7.99467, 7.95, 8]},
			"faces": {
				"east": {"uv": [10.5, 1.25, 11.5, 2.25], "texture": "#0"},
				"west": {"uv": [11.5, 1.25, 10.5, 2.25], "texture": "#0"}
			}
		},
		{
			"from": [10.52467, 4.0925, 7.68557],
			"to": [5.48467, 0.557, 4.15007],
			"rotation": {"angle": -45, "axis": "x", "origin": [7.99467, 7.95, 8]},
			"faces": {
				"north": {"uv": [1.75, 7.25, 3, 6.25], "texture": "#0"},
				"east": {"uv": [7.5, 4.25, 6.5, 3.25], "texture": "#0"},
				"west": {"uv": [6.5, 4.25, 7.5, 3.25], "texture": "#0"},
				"up": {"uv": [6.25, 5.5, 7.25, 6.75], "rotation": 90, "texture": "#0"}
			}
		},
		{
			"from": [7.94467, 0.55697, 7.68557],
			"to": [7.99467, 19.55697, 23.68557],
			"rotation": {"angle": -45, "axis": "x", "origin": [7.99467, 7.95, 8]},
			"faces": {
				"east": {"uv": [0, 0, 4, 4.75], "texture": "#0"},
				"west": {"uv": [4, 0, 0, 4.75], "texture": "#0"}
			}
		},
		{
			"from": [5.99467, -6.24382, 18.20136],
			"to": [9.99467, -2.24382, 22.20136],
			"rotation": {"angle": 45, "axis": "x", "origin": [7.99467, 7.95, 8]},
			"faces": {
				"north": {"uv": [0, 6.75, 1, 7.75], "texture": "#0"},
				"east": {"uv": [4, 6.5, 5, 7.5], "texture": "#0"},
				"south": {"uv": [6.5, 4.25, 7.5, 5.25], "texture": "#0"},
				"west": {"uv": [5, 6.5, 4, 7.5], "texture": "#0"},
				"up": {"uv": [6, 7.75, 5, 6.75], "rotation": 90, "texture": "#0"},
				"down": {"uv": [7, 6.75, 6, 7.75], "rotation": 270, "texture": "#0"}
			}
		},
		{
			"from": [7.94467, -16, 3.50533],
			"to": [7.99467, -8, 10.50533],
			"rotation": {"angle": 0, "axis": "y", "origin": [7.99467, 7.95, 8]},
			"faces": {
				"east": {"uv": [0, 4.75, 1.75, 6.75], "texture": "#0"},
				"west": {"uv": [1.75, 4.75, 0, 6.75], "texture": "#0"}
			}
		},
		{
			"from": [7.99467, -14.6, 5.50533],
			"to": [8.99467, -9.6, 10.50533],
			"rotation": {"angle": 0, "axis": "y", "origin": [7.99467, 7.95, 8]},
			"faces": {
				"north": {"uv": [1, 4.75, 1.25, 6], "texture": "#0"},
				"east": {"uv": [0, 4.75, 1.25, 6], "texture": "#0"},
				"south": {"uv": [0, 4.75, 0.25, 6], "texture": "#0"},
				"west": {"uv": [1.25, 4.75, 0, 6], "texture": "#0"},
				"down": {"uv": [1.25, 5.75, 0, 6], "rotation": 270, "texture": "#0"}
			}
		},
		{
			"from": [11.94467, -0.45, 9.45533],
			"to": [12.54467, 0.15, 10.05533],
			"shade": false,
			"rotation": {"angle": 0, "axis": "y", "origin": [7.99467, 7.95, 8]},
			"faces": {
				"north": {"uv": [0, 14, 2, 16], "rotation": 270, "texture": "#1"},
				"east": {"uv": [0, 14, 2, 16], "rotation": 90, "texture": "#1"},
				"south": {"uv": [0, 14, 2, 16], "rotation": 270, "texture": "#1"},
				"west": {"uv": [0, 14, 2, 16], "rotation": 270, "texture": "#1"},
				"up": {"uv": [0, 14, 2, 16], "texture": "#1"},
				"down": {"uv": [0, 14, 2, 16], "rotation": 180, "texture": "#1"}
			}
		},
		{
			"from": [12.79467, 0.4, 10.30533],
			"to": [11.69467, -0.7, 9.20533],
			"shade": false,
			"rotation": {"angle": 0, "axis": "y", "origin": [7.99467, 7.95, 8]},
			"faces": {
				"north": {"uv": [2, 14, 4, 16], "rotation": 270, "texture": "#1"},
				"east": {"uv": [2, 14, 4, 16], "rotation": 90, "texture": "#1"},
				"south": {"uv": [2, 14, 4, 16], "rotation": 270, "texture": "#1"},
				"west": {"uv": [2, 14, 4, 16], "rotation": 270, "texture": "#1"},
				"up": {"uv": [2, 14, 4, 16], "texture": "#1"},
				"down": {"uv": [2, 14, 4, 16], "rotation": 180, "texture": "#1"}
			}
		},
		{
			"from": [11.89467, -0.73337, 5.55697],
			"to": [12.59467, -0.03337, 6.25697],
			"shade": false,
			"rotation": {"angle": -22.5, "axis": "x", "origin": [7.99467, 7.95, 8]},
			"faces": {
				"north": {"uv": [0, 12, 2, 14], "rotation": 270, "texture": "#1"},
				"east": {"uv": [0, 12, 2, 14], "rotation": 90, "texture": "#1"},
				"south": {"uv": [0, 12, 2, 14], "rotation": 270, "texture": "#1"},
				"west": {"uv": [0, 12, 2, 14], "rotation": 270, "texture": "#1"},
				"up": {"uv": [0, 12, 2, 14], "texture": "#1"},
				"down": {"uv": [0, 12, 2, 14], "rotation": 180, "texture": "#1"}
			}
		},
		{
			"from": [12.89467, 0.26663, 6.55697],
			"to": [11.59467, -1.03337, 5.25697],
			"shade": false,
			"rotation": {"angle": -22.5, "axis": "x", "origin": [7.99467, 7.95, 8]},
			"faces": {
				"north": {"uv": [2, 12, 4, 14], "rotation": 270, "texture": "#1"},
				"east": {"uv": [2, 12, 4, 14], "rotation": 90, "texture": "#1"},
				"south": {"uv": [2, 12, 4, 14], "rotation": 270, "texture": "#1"},
				"west": {"uv": [2, 12, 4, 14], "rotation": 270, "texture": "#1"},
				"up": {"uv": [2, 12, 4, 14], "texture": "#1"},
				"down": {"uv": [2, 12, 4, 14], "rotation": 180, "texture": "#1"}
			}
		},
		{
			"from": [11.74467, 0.83479, 1.52872],
			"to": [12.74467, 1.83479, 2.52872],
			"shade": false,
			"rotation": {"angle": -45, "axis": "x", "origin": [7.99467, 7.95, 8]},
			"faces": {
				"north": {"uv": [0, 10, 2, 12], "rotation": 270, "texture": "#1"},
				"east": {"uv": [0, 10, 2, 12], "rotation": 90, "texture": "#1"},
				"south": {"uv": [0, 10, 2, 12], "rotation": 270, "texture": "#1"},
				"west": {"uv": [0, 10, 2, 12], "rotation": 270, "texture": "#1"},
				"up": {"uv": [0, 10, 2, 12], "texture": "#1"},
				"down": {"uv": [0, 10, 2, 12], "rotation": 180, "texture": "#1"}
			}
		},
		{
			"from": [12.99467, 2.08479, 2.77872],
			"to": [11.49467, 0.58479, 1.27872],
			"shade": false,
			"rotation": {"angle": -45, "axis": "x", "origin": [7.99467, 7.95, 8]},
			"faces": {
				"north": {"uv": [2, 10, 4, 12], "rotation": 270, "texture": "#1"},
				"east": {"uv": [2, 10, 4, 12], "rotation": 90, "texture": "#1"},
				"south": {"uv": [2, 10, 4, 12], "rotation": 270, "texture": "#1"},
				"west": {"uv": [2, 10, 4, 12], "rotation": 270, "texture": "#1"},
				"up": {"uv": [2, 10, 4, 12], "texture": "#1"},
				"down": {"uv": [2, 10, 4, 12], "rotation": 180, "texture": "#1"}
			}
		},
		{
			"from": [11.74467, -0.31183, 10.45023],
			"to": [12.74467, 0.68817, 11.45023],
			"shade": false,
			"rotation": {"angle": 22.5, "axis": "x", "origin": [7.99467, 7.95, 8]},
			"faces": {
				"north": {"uv": [0, 8, 2, 10], "rotation": 180, "texture": "#1"},
				"east": {"uv": [0, 8, 2, 10], "rotation": 180, "texture": "#1"},
				"south": {"uv": [0, 8, 2, 10], "rotation": 180, "texture": "#1"},
				"west": {"uv": [0, 8, 2, 10], "rotation": 180, "texture": "#1"},
				"up": {"uv": [0, 8, 2, 10], "rotation": 270, "texture": "#1"},
				"down": {"uv": [0, 8, 2, 10], "rotation": 90, "texture": "#1"}
			}
		},
		{
			"from": [12.99467, 0.93817, 11.70023],
			"to": [11.49467, -0.56183, 10.20023],
			"shade": false,
			"rotation": {"angle": 22.5, "axis": "x", "origin": [7.99467, 7.95, 8]},
			"faces": {
				"north": {"uv": [2, 8, 4, 10], "rotation": 180, "texture": "#1"},
				"east": {"uv": [2, 8, 4, 10], "rotation": 180, "texture": "#1"},
				"south": {"uv": [2, 8, 4, 10], "rotation": 180, "texture": "#1"},
				"west": {"uv": [2, 8, 4, 10], "rotation": 180, "texture": "#1"},
				"up": {"uv": [2, 8, 4, 10], "rotation": 270, "texture": "#1"},
				"down": {"uv": [2, 8, 4, 10], "rotation": 90, "texture": "#1"}
			}
		},
		{
			"from": [11.74467, -0.35, 6.65533],
			"to": [12.74467, 0.65, 7.65533],
			"shade": false,
			"rotation": {"angle": 0, "axis": "y", "origin": [7.99467, 7.95, 8]},
			"faces": {
				"north": {"uv": [0, 6, 2, 8], "rotation": 270, "texture": "#1"},
				"east": {"uv": [0, 6, 2, 8], "rotation": 90, "texture": "#1"},
				"south": {"uv": [0, 6, 2, 8], "rotation": 270, "texture": "#1"},
				"west": {"uv": [0, 6, 2, 8], "rotation": 270, "texture": "#1"},
				"up": {"uv": [0, 6, 2, 8], "texture": "#1"},
				"down": {"uv": [0, 6, 2, 8], "rotation": 180, "texture": "#1"}
			}
		},
		{
			"from": [12.99467, 0.9, 7.90533],
			"to": [11.49467, -0.6, 6.40533],
			"shade": false,
			"rotation": {"angle": 0, "axis": "y", "origin": [7.99467, 7.95, 8]},
			"faces": {
				"north": {"uv": [2, 6, 4, 8], "rotation": 270, "texture": "#1"},
				"east": {"uv": [2, 6, 4, 8], "rotation": 90, "texture": "#1"},
				"south": {"uv": [2, 6, 4, 8], "rotation": 270, "texture": "#1"},
				"west": {"uv": [2, 6, 4, 8], "rotation": 270, "texture": "#1"},
				"up": {"uv": [2, 6, 4, 8], "texture": "#1"},
				"down": {"uv": [2, 6, 4, 8], "rotation": 180, "texture": "#1"}
			}
		},
		{
			"from": [11.89467, -0.42042, 9.19199],
			"to": [12.59467, 0.27958, 9.89199],
			"shade": false,
			"rotation": {"angle": 22.5, "axis": "x", "origin": [7.99467, 7.95, 8]},
			"faces": {
				"north": {"uv": [0, 4, 2, 6], "rotation": 270, "texture": "#1"},
				"east": {"uv": [0, 4, 2, 6], "rotation": 90, "texture": "#1"},
				"south": {"uv": [0, 4, 2, 6], "rotation": 270, "texture": "#1"},
				"west": {"uv": [0, 4, 2, 6], "rotation": 270, "texture": "#1"},
				"up": {"uv": [0, 4, 2, 6], "texture": "#1"},
				"down": {"uv": [0, 4, 2, 6], "rotation": 180, "texture": "#1"}
			}
		},
		{
			"from": [12.89467, 0.57958, 10.19199],
			"to": [11.59467, -0.72042, 8.89199],
			"shade": false,
			"rotation": {"angle": 22.5, "axis": "x", "origin": [7.99467, 7.95, 8]},
			"faces": {
				"north": {"uv": [2, 4, 4, 6], "rotation": 270, "texture": "#1"},
				"east": {"uv": [2, 4, 4, 6], "rotation": 90, "texture": "#1"},
				"south": {"uv": [2, 4, 4, 6], "rotation": 270, "texture": "#1"},
				"west": {"uv": [2, 4, 4, 6], "rotation": 270, "texture": "#1"},
				"up": {"uv": [2, 4, 4, 6], "texture": "#1"},
				"down": {"uv": [2, 4, 4, 6], "rotation": 180, "texture": "#1"}
			}
		},
		{
			"from": [11.94467, -0.6, 5.45533],
			"to": [12.54467, 0, 6.05533],
			"shade": false,
			"rotation": {"angle": 0, "axis": "y", "origin": [7.99467, 7.95, 8]},
			"faces": {
				"north": {"uv": [0, 2, 2, 4], "rotation": 270, "texture": "#1"},
				"east": {"uv": [0, 2, 2, 4], "rotation": 90, "texture": "#1"},
				"south": {"uv": [0, 2, 2, 4], "rotation": 270, "texture": "#1"},
				"west": {"uv": [0, 2, 2, 4], "rotation": 270, "texture": "#1"},
				"up": {"uv": [0, 2, 2, 4], "texture": "#1"},
				"down": {"uv": [0, 2, 2, 4], "rotation": 180, "texture": "#1"}
			}
		},
		{
			"from": [12.79467, 0.25, 6.30533],
			"to": [11.69467, -0.85, 5.20533],
			"shade": false,
			"rotation": {"angle": 0, "axis": "y", "origin": [7.99467, 7.95, 8]},
			"faces": {
				"north": {"uv": [2, 2, 4, 4], "rotation": 270, "texture": "#1"},
				"east": {"uv": [2, 2, 4, 4], "rotation": 90, "texture": "#1"},
				"south": {"uv": [2, 2, 4, 4], "rotation": 270, "texture": "#1"},
				"west": {"uv": [2, 2, 4, 4], "rotation": 270, "texture": "#1"},
				"up": {"uv": [2, 2, 4, 4], "texture": "#1"},
				"down": {"uv": [2, 2, 4, 4], "rotation": 180, "texture": "#1"}
			}
		},
		{
			"from": [11.94467, 3.85, 6.45533],
			"to": [12.54467, 4.45, 7.05533],
			"shade": false,
			"rotation": {"angle": 0, "axis": "y", "origin": [7.99467, 7.95, 8]},
			"faces": {
				"north": {"uv": [6, 14, 4, 16], "rotation": 270, "texture": "#1"},
				"east": {"uv": [6, 14, 4, 16], "rotation": 90, "texture": "#1"},
				"south": {"uv": [6, 14, 4, 16], "rotation": 270, "texture": "#1"},
				"west": {"uv": [6, 14, 4, 16], "rotation": 270, "texture": "#1"},
				"up": {"uv": [6, 14, 4, 16], "texture": "#1"},
				"down": {"uv": [6, 14, 4, 16], "rotation": 180, "texture": "#1"}
			}
		},
		{
			"from": [12.79467, 4.7, 7.30533],
			"to": [11.69467, 3.6, 6.20533],
			"shade": false,
			"rotation": {"angle": 0, "axis": "y", "origin": [7.99467, 7.95, 8]},
			"faces": {
				"north": {"uv": [8, 14, 6, 16], "rotation": 270, "texture": "#1"},
				"east": {"uv": [8, 14, 6, 16], "rotation": 90, "texture": "#1"},
				"south": {"uv": [8, 14, 6, 16], "rotation": 270, "texture": "#1"},
				"west": {"uv": [8, 14, 6, 16], "rotation": 270, "texture": "#1"},
				"up": {"uv": [8, 14, 6, 16], "texture": "#1"},
				"down": {"uv": [8, 14, 6, 16], "rotation": 180, "texture": "#1"}
			}
		},
		{
			"from": [11.89467, 3.79116, 7.33926],
			"to": [12.59467, 4.49116, 8.03926],
			"shade": false,
			"rotation": {"angle": 22.5, "axis": "x", "origin": [7.99467, 7.95, 8]},
			"faces": {
				"north": {"uv": [6, 12, 4, 14], "rotation": 270, "texture": "#1"},
				"east": {"uv": [6, 12, 4, 14], "rotation": 90, "texture": "#1"},
				"south": {"uv": [6, 12, 4, 14], "rotation": 270, "texture": "#1"},
				"west": {"uv": [6, 12, 4, 14], "rotation": 270, "texture": "#1"},
				"up": {"uv": [6, 12, 4, 14], "texture": "#1"},
				"down": {"uv": [6, 12, 4, 14], "rotation": 180, "texture": "#1"}
			}
		},
		{
			"from": [12.89467, 4.79116, 8.33926],
			"to": [11.59467, 3.49116, 7.03926],
			"shade": false,
			"rotation": {"angle": 22.5, "axis": "x", "origin": [7.99467, 7.95, 8]},
			"faces": {
				"north": {"uv": [8, 12, 6, 14], "rotation": 270, "texture": "#1"},
				"east": {"uv": [8, 12, 6, 14], "rotation": 90, "texture": "#1"},
				"south": {"uv": [8, 12, 6, 14], "rotation": 270, "texture": "#1"},
				"west": {"uv": [8, 12, 6, 14], "rotation": 270, "texture": "#1"},
				"up": {"uv": [8, 12, 6, 14], "texture": "#1"},
				"down": {"uv": [8, 12, 6, 14], "rotation": 180, "texture": "#1"}
			}
		},
		{
			"from": [11.74467, 3.52933, 7.82197],
			"to": [12.74467, 4.52933, 8.82197],
			"shade": false,
			"rotation": {"angle": 45, "axis": "x", "origin": [7.99467, 7.95, 8]},
			"faces": {
				"north": {"uv": [6, 10, 4, 12], "rotation": 270, "texture": "#1"},
				"east": {"uv": [6, 10, 4, 12], "rotation": 90, "texture": "#1"},
				"south": {"uv": [6, 10, 4, 12], "rotation": 270, "texture": "#1"},
				"west": {"uv": [6, 10, 4, 12], "rotation": 270, "texture": "#1"},
				"up": {"uv": [6, 10, 4, 12], "texture": "#1"},
				"down": {"uv": [6, 10, 4, 12], "rotation": 180, "texture": "#1"}
			}
		},
		{
			"from": [12.99467, 4.77933, 9.07197],
			"to": [11.49467, 3.27933, 7.57197],
			"shade": false,
			"rotation": {"angle": 45, "axis": "x", "origin": [7.99467, 7.95, 8]},
			"faces": {
				"north": {"uv": [8, 10, 6, 12], "rotation": 270, "texture": "#1"},
				"east": {"uv": [8, 10, 6, 12], "rotation": 90, "texture": "#1"},
				"south": {"uv": [8, 10, 6, 12], "rotation": 270, "texture": "#1"},
				"west": {"uv": [8, 10, 6, 12], "rotation": 270, "texture": "#1"},
				"up": {"uv": [8, 10, 6, 12], "texture": "#1"},
				"down": {"uv": [8, 10, 6, 12], "rotation": 180, "texture": "#1"}
			}
		},
		{
			"from": [11.74467, 5.36572, 3.12466],
			"to": [12.74467, 6.36572, 4.12466],
			"shade": false,
			"rotation": {"angle": -22.5, "axis": "x", "origin": [7.99467, 7.95, 8]},
			"faces": {
				"north": {"uv": [4, 10, 6, 8], "rotation": 180, "texture": "#1"},
				"east": {"uv": [4, 10, 6, 8], "rotation": 180, "texture": "#1"},
				"south": {"uv": [4, 10, 6, 8], "rotation": 180, "texture": "#1"},
				"west": {"uv": [4, 10, 6, 8], "rotation": 180, "texture": "#1"},
				"up": {"uv": [4, 10, 6, 8], "rotation": 270, "texture": "#1"},
				"down": {"uv": [4, 10, 6, 8], "rotation": 90, "texture": "#1"}
			}
		},
		{
			"from": [12.99467, 6.61572, 4.37466],
			"to": [11.49467, 5.11572, 2.87466],
			"shade": false,
			"rotation": {"angle": -22.5, "axis": "x", "origin": [7.99467, 7.95, 8]},
			"faces": {
				"north": {"uv": [6, 10, 8, 8], "rotation": 180, "texture": "#1"},
				"east": {"uv": [6, 10, 8, 8], "rotation": 180, "texture": "#1"},
				"south": {"uv": [6, 10, 8, 8], "rotation": 180, "texture": "#1"},
				"west": {"uv": [6, 10, 8, 8], "rotation": 180, "texture": "#1"},
				"up": {"uv": [6, 10, 8, 8], "rotation": 270, "texture": "#1"},
				"down": {"uv": [6, 10, 8, 8], "rotation": 90, "texture": "#1"}
			}
		},
		{
			"from": [11.74467, 3.35, 3.65533],
			"to": [12.74467, 4.35, 4.65533],
			"shade": false,
			"rotation": {"angle": 0, "axis": "y", "origin": [7.99467, 7.95, 8]},
			"faces": {
				"north": {"uv": [6, 6, 4, 8], "rotation": 270, "texture": "#1"},
				"east": {"uv": [6, 6, 4, 8], "rotation": 90, "texture": "#1"},
				"south": {"uv": [6, 6, 4, 8], "rotation": 270, "texture": "#1"},
				"west": {"uv": [6, 6, 4, 8], "rotation": 270, "texture": "#1"},
				"up": {"uv": [6, 6, 4, 8], "texture": "#1"},
				"down": {"uv": [6, 6, 4, 8], "rotation": 180, "texture": "#1"}
			}
		},
		{
			"from": [12.99467, 4.6, 4.90533],
			"to": [11.49467, 3.1, 3.40533],
			"shade": false,
			"rotation": {"angle": 0, "axis": "y", "origin": [7.99467, 7.95, 8]},
			"faces": {
				"north": {"uv": [8, 6, 6, 8], "rotation": 270, "texture": "#1"},
				"east": {"uv": [8, 6, 6, 8], "rotation": 90, "texture": "#1"},
				"south": {"uv": [8, 6, 6, 8], "rotation": 270, "texture": "#1"},
				"west": {"uv": [8, 6, 6, 8], "rotation": 270, "texture": "#1"},
				"up": {"uv": [8, 6, 6, 8], "texture": "#1"},
				"down": {"uv": [8, 6, 6, 8], "rotation": 180, "texture": "#1"}
			}
		},
		{
			"from": [11.89467, 5.77431, 1.86642],
			"to": [12.59467, 6.47431, 2.56642],
			"shade": false,
			"rotation": {"angle": -22.5, "axis": "x", "origin": [7.99467, 7.95, 8]},
			"faces": {
				"north": {"uv": [6, 4, 4, 6], "rotation": 270, "texture": "#1"},
				"east": {"uv": [6, 4, 4, 6], "rotation": 90, "texture": "#1"},
				"south": {"uv": [6, 4, 4, 6], "rotation": 270, "texture": "#1"},
				"west": {"uv": [6, 4, 4, 6], "rotation": 270, "texture": "#1"},
				"up": {"uv": [6, 4, 4, 6], "texture": "#1"},
				"down": {"uv": [6, 4, 4, 6], "rotation": 180, "texture": "#1"}
			}
		},
		{
			"from": [12.89467, 6.77431, 2.86642],
			"to": [11.59467, 5.47431, 1.56642],
			"shade": false,
			"rotation": {"angle": -22.5, "axis": "x", "origin": [7.99467, 7.95, 8]},
			"faces": {
				"north": {"uv": [8, 4, 6, 6], "rotation": 270, "texture": "#1"},
				"east": {"uv": [8, 4, 6, 6], "rotation": 90, "texture": "#1"},
				"south": {"uv": [8, 4, 6, 6], "rotation": 270, "texture": "#1"},
				"west": {"uv": [8, 4, 6, 6], "rotation": 270, "texture": "#1"},
				"up": {"uv": [8, 4, 6, 6], "texture": "#1"},
				"down": {"uv": [8, 4, 6, 6], "rotation": 180, "texture": "#1"}
			}
		},
		{
			"from": [11.94467, 4, 2.45533],
			"to": [12.54467, 4.6, 3.05533],
			"shade": false,
			"rotation": {"angle": 0, "axis": "y", "origin": [7.99467, 7.95, 8]},
			"faces": {
				"north": {"uv": [6, 2, 4, 4], "rotation": 270, "texture": "#1"},
				"east": {"uv": [6, 2, 4, 4], "rotation": 90, "texture": "#1"},
				"south": {"uv": [6, 2, 4, 4], "rotation": 270, "texture": "#1"},
				"west": {"uv": [6, 2, 4, 4], "rotation": 270, "texture": "#1"},
				"up": {"uv": [6, 2, 4, 4], "texture": "#1"},
				"down": {"uv": [6, 2, 4, 4], "rotation": 180, "texture": "#1"}
			}
		},
		{
			"from": [12.79467, 4.85, 3.30533],
			"to": [11.69467, 3.75, 2.20533],
			"shade": false,
			"rotation": {"angle": 0, "axis": "y", "origin": [7.99467, 7.95, 8]},
			"faces": {
				"north": {"uv": [8, 2, 6, 4], "rotation": 270, "texture": "#1"},
				"east": {"uv": [8, 2, 6, 4], "rotation": 90, "texture": "#1"},
				"south": {"uv": [8, 2, 6, 4], "rotation": 270, "texture": "#1"},
				"west": {"uv": [8, 2, 6, 4], "rotation": 270, "texture": "#1"},
				"up": {"uv": [8, 2, 6, 4], "texture": "#1"},
				"down": {"uv": [8, 2, 6, 4], "rotation": 180, "texture": "#1"}
			}
		},
		{
			"from": [3.44467, 3.85, 6.45533],
			"to": [4.04467, 4.45, 7.05533],
			"shade": false,
			"rotation": {"angle": 0, "axis": "y", "origin": [7.99467, 7.95, 8]},
			"faces": {
				"north": {"uv": [14, 14, 12, 16], "rotation": 270, "texture": "#1"},
				"east": {"uv": [14, 14, 12, 16], "rotation": 90, "texture": "#1"},
				"south": {"uv": [14, 14, 12, 16], "rotation": 270, "texture": "#1"},
				"west": {"uv": [14, 14, 12, 16], "rotation": 270, "texture": "#1"},
				"up": {"uv": [14, 14, 12, 16], "texture": "#1"},
				"down": {"uv": [14, 14, 12, 16], "rotation": 180, "texture": "#1"}
			}
		},
		{
			"from": [4.29467, 4.7, 7.30533],
			"to": [3.19467, 3.6, 6.20533],
			"shade": false,
			"rotation": {"angle": 0, "axis": "y", "origin": [7.99467, 7.95, 8]},
			"faces": {
				"north": {"uv": [16, 14, 14, 16], "rotation": 270, "texture": "#1"},
				"east": {"uv": [16, 14, 14, 16], "rotation": 90, "texture": "#1"},
				"south": {"uv": [16, 14, 14, 16], "rotation": 270, "texture": "#1"},
				"west": {"uv": [16, 14, 14, 16], "rotation": 270, "texture": "#1"},
				"up": {"uv": [16, 14, 14, 16], "texture": "#1"},
				"down": {"uv": [16, 14, 14, 16], "rotation": 180, "texture": "#1"}
			}
		},
		{
			"from": [3.39467, 3.79116, 7.33926],
			"to": [4.09467, 4.49116, 8.03926],
			"shade": false,
			"rotation": {"angle": 22.5, "axis": "x", "origin": [7.99467, 7.95, 8]},
			"faces": {
				"north": {"uv": [14, 12, 12, 14], "rotation": 270, "texture": "#1"},
				"east": {"uv": [14, 12, 12, 14], "rotation": 90, "texture": "#1"},
				"south": {"uv": [14, 12, 12, 14], "rotation": 270, "texture": "#1"},
				"west": {"uv": [14, 12, 12, 14], "rotation": 270, "texture": "#1"},
				"up": {"uv": [14, 12, 12, 14], "texture": "#1"},
				"down": {"uv": [14, 12, 12, 14], "rotation": 180, "texture": "#1"}
			}
		},
		{
			"from": [4.39467, 4.79116, 8.33926],
			"to": [3.09467, 3.49116, 7.03926],
			"shade": false,
			"rotation": {"angle": 22.5, "axis": "x", "origin": [7.99467, 7.95, 8]},
			"faces": {
				"north": {"uv": [16, 12, 14, 14], "rotation": 270, "texture": "#1"},
				"east": {"uv": [16, 12, 14, 14], "rotation": 90, "texture": "#1"},
				"south": {"uv": [16, 12, 14, 14], "rotation": 270, "texture": "#1"},
				"west": {"uv": [16, 12, 14, 14], "rotation": 270, "texture": "#1"},
				"up": {"uv": [16, 12, 14, 14], "texture": "#1"},
				"down": {"uv": [16, 12, 14, 14], "rotation": 180, "texture": "#1"}
			}
		},
		{
			"from": [3.24467, 3.52933, 7.82197],
			"to": [4.24467, 4.52933, 8.82197],
			"shade": false,
			"rotation": {"angle": 45, "axis": "x", "origin": [7.99467, 7.95, 8]},
			"faces": {
				"north": {"uv": [14, 10, 12, 12], "rotation": 270, "texture": "#1"},
				"east": {"uv": [14, 10, 12, 12], "rotation": 90, "texture": "#1"},
				"south": {"uv": [14, 10, 12, 12], "rotation": 270, "texture": "#1"},
				"west": {"uv": [14, 10, 12, 12], "rotation": 270, "texture": "#1"},
				"up": {"uv": [14, 10, 12, 12], "texture": "#1"},
				"down": {"uv": [14, 10, 12, 12], "rotation": 180, "texture": "#1"}
			}
		},
		{
			"from": [4.49467, 4.77933, 9.07197],
			"to": [2.99467, 3.27933, 7.57197],
			"shade": false,
			"rotation": {"angle": 45, "axis": "x", "origin": [7.99467, 7.95, 8]},
			"faces": {
				"north": {"uv": [16, 10, 14, 12], "rotation": 270, "texture": "#1"},
				"east": {"uv": [16, 10, 14, 12], "rotation": 90, "texture": "#1"},
				"south": {"uv": [16, 10, 14, 12], "rotation": 270, "texture": "#1"},
				"west": {"uv": [16, 10, 14, 12], "rotation": 270, "texture": "#1"},
				"up": {"uv": [16, 10, 14, 12], "texture": "#1"},
				"down": {"uv": [16, 10, 14, 12], "rotation": 180, "texture": "#1"}
			}
		},
		{
			"from": [3.24467, 5.36572, 3.12466],
			"to": [4.24467, 6.36572, 4.12466],
			"shade": false,
			"rotation": {"angle": -22.5, "axis": "x", "origin": [7.99467, 7.95, 8]},
			"faces": {
				"north": {"uv": [12, 10, 14, 8], "rotation": 180, "texture": "#1"},
				"east": {"uv": [12, 10, 14, 8], "rotation": 180, "texture": "#1"},
				"south": {"uv": [12, 10, 14, 8], "rotation": 180, "texture": "#1"},
				"west": {"uv": [12, 10, 14, 8], "rotation": 180, "texture": "#1"},
				"up": {"uv": [12, 10, 14, 8], "rotation": 270, "texture": "#1"},
				"down": {"uv": [12, 10, 14, 8], "rotation": 90, "texture": "#1"}
			}
		},
		{
			"from": [4.49467, 6.61572, 4.37466],
			"to": [2.99467, 5.11572, 2.87466],
			"shade": false,
			"rotation": {"angle": -22.5, "axis": "x", "origin": [7.99467, 7.95, 8]},
			"faces": {
				"north": {"uv": [14, 10, 16, 8], "rotation": 180, "texture": "#1"},
				"east": {"uv": [14, 10, 16, 8], "rotation": 180, "texture": "#1"},
				"south": {"uv": [14, 10, 16, 8], "rotation": 180, "texture": "#1"},
				"west": {"uv": [14, 10, 16, 8], "rotation": 180, "texture": "#1"},
				"up": {"uv": [14, 10, 16, 8], "rotation": 270, "texture": "#1"},
				"down": {"uv": [14, 10, 16, 8], "rotation": 90, "texture": "#1"}
			}
		},
		{
			"from": [3.24467, 3.35, 3.65533],
			"to": [4.24467, 4.35, 4.65533],
			"shade": false,
			"rotation": {"angle": 0, "axis": "y", "origin": [7.99467, 7.95, 8]},
			"faces": {
				"north": {"uv": [14, 6, 12, 8], "rotation": 270, "texture": "#1"},
				"east": {"uv": [14, 6, 12, 8], "rotation": 90, "texture": "#1"},
				"south": {"uv": [14, 6, 12, 8], "rotation": 270, "texture": "#1"},
				"west": {"uv": [14, 6, 12, 8], "rotation": 270, "texture": "#1"},
				"up": {"uv": [14, 6, 12, 8], "texture": "#1"},
				"down": {"uv": [14, 6, 12, 8], "rotation": 180, "texture": "#1"}
			}
		},
		{
			"from": [4.49467, 4.6, 4.90533],
			"to": [2.99467, 3.1, 3.40533],
			"shade": false,
			"rotation": {"angle": 0, "axis": "y", "origin": [7.99467, 7.95, 8]},
			"faces": {
				"north": {"uv": [16, 6, 14, 8], "rotation": 270, "texture": "#1"},
				"east": {"uv": [16, 6, 14, 8], "rotation": 90, "texture": "#1"},
				"south": {"uv": [16, 6, 14, 8], "rotation": 270, "texture": "#1"},
				"west": {"uv": [16, 6, 14, 8], "rotation": 270, "texture": "#1"},
				"up": {"uv": [16, 6, 14, 8], "texture": "#1"},
				"down": {"uv": [16, 6, 14, 8], "rotation": 180, "texture": "#1"}
			}
		},
		{
			"from": [3.39467, 5.77431, 1.86642],
			"to": [4.09467, 6.47431, 2.56642],
			"shade": false,
			"rotation": {"angle": -22.5, "axis": "x", "origin": [7.99467, 7.95, 8]},
			"faces": {
				"north": {"uv": [14, 4, 12, 6], "rotation": 270, "texture": "#1"},
				"east": {"uv": [14, 4, 12, 6], "rotation": 90, "texture": "#1"},
				"south": {"uv": [14, 4, 12, 6], "rotation": 270, "texture": "#1"},
				"west": {"uv": [14, 4, 12, 6], "rotation": 270, "texture": "#1"},
				"up": {"uv": [14, 4, 12, 6], "texture": "#1"},
				"down": {"uv": [14, 4, 12, 6], "rotation": 180, "texture": "#1"}
			}
		},
		{
			"from": [4.39467, 6.77431, 2.86642],
			"to": [3.09467, 5.47431, 1.56642],
			"shade": false,
			"rotation": {"angle": -22.5, "axis": "x", "origin": [7.99467, 7.95, 8]},
			"faces": {
				"north": {"uv": [16, 4, 14, 6], "rotation": 270, "texture": "#1"},
				"east": {"uv": [16, 4, 14, 6], "rotation": 90, "texture": "#1"},
				"south": {"uv": [16, 4, 14, 6], "rotation": 270, "texture": "#1"},
				"west": {"uv": [16, 4, 14, 6], "rotation": 270, "texture": "#1"},
				"up": {"uv": [16, 4, 14, 6], "texture": "#1"},
				"down": {"uv": [16, 4, 14, 6], "rotation": 180, "texture": "#1"}
			}
		},
		{
			"from": [3.44467, 4, 2.45533],
			"to": [4.04467, 4.6, 3.05533],
			"shade": false,
			"rotation": {"angle": 0, "axis": "y", "origin": [7.99467, 7.95, 8]},
			"faces": {
				"north": {"uv": [14, 2, 12, 4], "rotation": 270, "texture": "#1"},
				"east": {"uv": [14, 2, 12, 4], "rotation": 90, "texture": "#1"},
				"south": {"uv": [14, 2, 12, 4], "rotation": 270, "texture": "#1"},
				"west": {"uv": [14, 2, 12, 4], "rotation": 270, "texture": "#1"},
				"up": {"uv": [14, 2, 12, 4], "texture": "#1"},
				"down": {"uv": [14, 2, 12, 4], "rotation": 180, "texture": "#1"}
			}
		},
		{
			"from": [4.29467, 4.85, 3.30533],
			"to": [3.19467, 3.75, 2.20533],
			"shade": false,
			"rotation": {"angle": 0, "axis": "y", "origin": [7.99467, 7.95, 8]},
			"faces": {
				"north": {"uv": [16, 2, 14, 4], "rotation": 270, "texture": "#1"},
				"east": {"uv": [16, 2, 14, 4], "rotation": 90, "texture": "#1"},
				"south": {"uv": [16, 2, 14, 4], "rotation": 270, "texture": "#1"},
				"west": {"uv": [16, 2, 14, 4], "rotation": 270, "texture": "#1"},
				"up": {"uv": [16, 2, 14, 4], "texture": "#1"},
				"down": {"uv": [16, 2, 14, 4], "rotation": 180, "texture": "#1"}
			}
		},
		{
			"from": [3.44467, -0.45, 9.45533],
			"to": [4.04467, 0.15, 10.05533],
			"shade": false,
			"rotation": {"angle": 0, "axis": "y", "origin": [7.99467, 7.95, 8]},
			"faces": {
				"north": {"uv": [8, 14, 10, 16], "rotation": 270, "texture": "#1"},
				"east": {"uv": [8, 14, 10, 16], "rotation": 90, "texture": "#1"},
				"south": {"uv": [8, 14, 10, 16], "rotation": 270, "texture": "#1"},
				"west": {"uv": [8, 14, 10, 16], "rotation": 270, "texture": "#1"},
				"up": {"uv": [8, 14, 10, 16], "texture": "#1"},
				"down": {"uv": [8, 14, 10, 16], "rotation": 180, "texture": "#1"}
			}
		},
		{
			"from": [4.29467, 0.4, 10.30533],
			"to": [3.19467, -0.7, 9.20533],
			"shade": false,
			"rotation": {"angle": 0, "axis": "y", "origin": [7.99467, 7.95, 8]},
			"faces": {
				"north": {"uv": [10, 14, 12, 16], "rotation": 270, "texture": "#1"},
				"east": {"uv": [10, 14, 12, 16], "rotation": 90, "texture": "#1"},
				"south": {"uv": [10, 14, 12, 16], "rotation": 270, "texture": "#1"},
				"west": {"uv": [10, 14, 12, 16], "rotation": 270, "texture": "#1"},
				"up": {"uv": [10, 14, 12, 16], "texture": "#1"},
				"down": {"uv": [10, 14, 12, 16], "rotation": 180, "texture": "#1"}
			}
		},
		{
			"from": [3.39467, -0.73337, 5.55697],
			"to": [4.09467, -0.03337, 6.25697],
			"shade": false,
			"rotation": {"angle": -22.5, "axis": "x", "origin": [7.99467, 7.95, 8]},
			"faces": {
				"north": {"uv": [8, 12, 10, 14], "rotation": 270, "texture": "#1"},
				"east": {"uv": [8, 12, 10, 14], "rotation": 90, "texture": "#1"},
				"south": {"uv": [8, 12, 10, 14], "rotation": 270, "texture": "#1"},
				"west": {"uv": [8, 12, 10, 14], "rotation": 270, "texture": "#1"},
				"up": {"uv": [8, 12, 10, 14], "texture": "#1"},
				"down": {"uv": [8, 12, 10, 14], "rotation": 180, "texture": "#1"}
			}
		},
		{
			"from": [4.39467, 0.26663, 6.55697],
			"to": [3.09467, -1.03337, 5.25697],
			"shade": false,
			"rotation": {"angle": -22.5, "axis": "x", "origin": [7.99467, 7.95, 8]},
			"faces": {
				"north": {"uv": [10, 12, 12, 14], "rotation": 270, "texture": "#1"},
				"east": {"uv": [10, 12, 12, 14], "rotation": 90, "texture": "#1"},
				"south": {"uv": [10, 12, 12, 14], "rotation": 270, "texture": "#1"},
				"west": {"uv": [10, 12, 12, 14], "rotation": 270, "texture": "#1"},
				"up": {"uv": [10, 12, 12, 14], "texture": "#1"},
				"down": {"uv": [10, 12, 12, 14], "rotation": 180, "texture": "#1"}
			}
		},
		{
			"from": [3.24467, 0.83479, 1.52872],
			"to": [4.24467, 1.83479, 2.52872],
			"shade": false,
			"rotation": {"angle": -45, "axis": "x", "origin": [7.99467, 7.95, 8]},
			"faces": {
				"north": {"uv": [8, 10, 10, 12], "rotation": 270, "texture": "#1"},
				"east": {"uv": [8, 10, 10, 12], "rotation": 90, "texture": "#1"},
				"south": {"uv": [8, 10, 10, 12], "rotation": 270, "texture": "#1"},
				"west": {"uv": [8, 10, 10, 12], "rotation": 270, "texture": "#1"},
				"up": {"uv": [8, 10, 10, 12], "texture": "#1"},
				"down": {"uv": [8, 10, 10, 12], "rotation": 180, "texture": "#1"}
			}
		},
		{
			"from": [4.49467, 2.08479, 2.77872],
			"to": [2.99467, 0.58479, 1.27872],
			"shade": false,
			"rotation": {"angle": -45, "axis": "x", "origin": [7.99467, 7.95, 8]},
			"faces": {
				"north": {"uv": [10, 10, 12, 12], "rotation": 270, "texture": "#1"},
				"east": {"uv": [10, 10, 12, 12], "rotation": 90, "texture": "#1"},
				"south": {"uv": [10, 10, 12, 12], "rotation": 270, "texture": "#1"},
				"west": {"uv": [10, 10, 12, 12], "rotation": 270, "texture": "#1"},
				"up": {"uv": [10, 10, 12, 12], "texture": "#1"},
				"down": {"uv": [10, 10, 12, 12], "rotation": 180, "texture": "#1"}
			}
		},
		{
			"from": [3.24467, -0.31183, 10.45023],
			"to": [4.24467, 0.68817, 11.45023],
			"shade": false,
			"rotation": {"angle": 22.5, "axis": "x", "origin": [7.99467, 7.95, 8]},
			"faces": {
				"north": {"uv": [8, 8, 10, 10], "rotation": 180, "texture": "#1"},
				"east": {"uv": [8, 8, 10, 10], "rotation": 180, "texture": "#1"},
				"south": {"uv": [8, 8, 10, 10], "rotation": 180, "texture": "#1"},
				"west": {"uv": [8, 8, 10, 10], "rotation": 180, "texture": "#1"},
				"up": {"uv": [8, 8, 10, 10], "rotation": 270, "texture": "#1"},
				"down": {"uv": [8, 8, 10, 10], "rotation": 90, "texture": "#1"}
			}
		},
		{
			"from": [4.49467, 0.93817, 11.70023],
			"to": [2.99467, -0.56183, 10.20023],
			"shade": false,
			"rotation": {"angle": 22.5, "axis": "x", "origin": [7.99467, 7.95, 8]},
			"faces": {
				"north": {"uv": [10, 8, 12, 10], "rotation": 180, "texture": "#1"},
				"east": {"uv": [10, 8, 12, 10], "rotation": 180, "texture": "#1"},
				"south": {"uv": [10, 8, 12, 10], "rotation": 180, "texture": "#1"},
				"west": {"uv": [10, 8, 12, 10], "rotation": 180, "texture": "#1"},
				"up": {"uv": [10, 8, 12, 10], "rotation": 270, "texture": "#1"},
				"down": {"uv": [10, 8, 12, 10], "rotation": 90, "texture": "#1"}
			}
		},
		{
			"from": [3.24467, -0.35, 6.65533],
			"to": [4.24467, 0.65, 7.65533],
			"shade": false,
			"rotation": {"angle": 0, "axis": "y", "origin": [7.99467, 7.95, 8]},
			"faces": {
				"north": {"uv": [8, 6, 10, 8], "rotation": 270, "texture": "#1"},
				"east": {"uv": [8, 6, 10, 8], "rotation": 90, "texture": "#1"},
				"south": {"uv": [8, 6, 10, 8], "rotation": 270, "texture": "#1"},
				"west": {"uv": [8, 6, 10, 8], "rotation": 270, "texture": "#1"},
				"up": {"uv": [8, 6, 10, 8], "texture": "#1"},
				"down": {"uv": [8, 6, 10, 8], "rotation": 180, "texture": "#1"}
			}
		},
		{
			"from": [4.49467, 0.9, 7.90533],
			"to": [2.99467, -0.6, 6.40533],
			"shade": false,
			"rotation": {"angle": 0, "axis": "y", "origin": [7.99467, 7.95, 8]},
			"faces": {
				"north": {"uv": [10, 6, 12, 8], "rotation": 270, "texture": "#1"},
				"east": {"uv": [10, 6, 12, 8], "rotation": 90, "texture": "#1"},
				"south": {"uv": [10, 6, 12, 8], "rotation": 270, "texture": "#1"},
				"west": {"uv": [10, 6, 12, 8], "rotation": 270, "texture": "#1"},
				"up": {"uv": [10, 6, 12, 8], "texture": "#1"},
				"down": {"uv": [10, 6, 12, 8], "rotation": 180, "texture": "#1"}
			}
		},
		{
			"from": [3.39467, -0.42042, 9.19199],
			"to": [4.09467, 0.27958, 9.89199],
			"shade": false,
			"rotation": {"angle": 22.5, "axis": "x", "origin": [7.99467, 7.95, 8]},
			"faces": {
				"north": {"uv": [8, 4, 10, 6], "rotation": 270, "texture": "#1"},
				"east": {"uv": [8, 4, 10, 6], "rotation": 90, "texture": "#1"},
				"south": {"uv": [8, 4, 10, 6], "rotation": 270, "texture": "#1"},
				"west": {"uv": [8, 4, 10, 6], "rotation": 270, "texture": "#1"},
				"up": {"uv": [8, 4, 10, 6], "texture": "#1"},
				"down": {"uv": [8, 4, 10, 6], "rotation": 180, "texture": "#1"}
			}
		},
		{
			"from": [4.39467, 0.57958, 10.19199],
			"to": [3.09467, -0.72042, 8.89199],
			"shade": false,
			"rotation": {"angle": 22.5, "axis": "x", "origin": [7.99467, 7.95, 8]},
			"faces": {
				"north": {"uv": [10, 4, 12, 6], "rotation": 270, "texture": "#1"},
				"east": {"uv": [10, 4, 12, 6], "rotation": 90, "texture": "#1"},
				"south": {"uv": [10, 4, 12, 6], "rotation": 270, "texture": "#1"},
				"west": {"uv": [10, 4, 12, 6], "rotation": 270, "texture": "#1"},
				"up": {"uv": [10, 4, 12, 6], "texture": "#1"},
				"down": {"uv": [10, 4, 12, 6], "rotation": 180, "texture": "#1"}
			}
		},
		{
			"from": [3.44467, -0.6, 5.45533],
			"to": [4.04467, 0, 6.05533],
			"shade": false,
			"rotation": {"angle": 0, "axis": "y", "origin": [7.99467, 7.95, 8]},
			"faces": {
				"north": {"uv": [8, 2, 10, 4], "rotation": 270, "texture": "#1"},
				"east": {"uv": [8, 2, 10, 4], "rotation": 90, "texture": "#1"},
				"south": {"uv": [8, 2, 10, 4], "rotation": 270, "texture": "#1"},
				"west": {"uv": [8, 2, 10, 4], "rotation": 270, "texture": "#1"},
				"up": {"uv": [8, 2, 10, 4], "texture": "#1"},
				"down": {"uv": [8, 2, 10, 4], "rotation": 180, "texture": "#1"}
			}
		},
		{
			"from": [4.29467, 0.25, 6.30533],
			"to": [3.19467, -0.85, 5.20533],
			"shade": false,
			"rotation": {"angle": 0, "axis": "y", "origin": [7.99467, 7.95, 8]},
			"faces": {
				"north": {"uv": [10, 2, 12, 4], "rotation": 270, "texture": "#1"},
				"east": {"uv": [10, 2, 12, 4], "rotation": 90, "texture": "#1"},
				"south": {"uv": [10, 2, 12, 4], "rotation": 270, "texture": "#1"},
				"west": {"uv": [10, 2, 12, 4], "rotation": 270, "texture": "#1"},
				"up": {"uv": [10, 2, 12, 4], "texture": "#1"},
				"down": {"uv": [10, 2, 12, 4], "rotation": 180, "texture": "#1"}
			}
		}
	],
	"gui_light": "front",
	"display": {
		"thirdperson_righthand": {
			"translation": [0, 5, 1.75],
			"scale": [0.5, 0.5, 0.5]
		},
		"thirdperson_lefthand": {
			"translation": [0, 5, 1.75],
			"scale": [0.5, 0.5, 0.5]
		},
		"firstperson_righthand": {
			"rotation": [-53, 0, -8],
			"translation": [6, 2.5, -6],
			"scale": [0.6, 0.6, 0.6]
		},
		"firstperson_lefthand": {
			"rotation": [-53, 0, -8],
			"translation": [6, 2.5, -6],
			"scale": [0.6, 0.6, 0.6]
		},
		"ground": {
			"rotation": [0, 0, 88],
			"translation": [-2, 2.5, 0.25],
			"scale": [0.45, 0.45, 0.45]
		},
		"gui": {
			"rotation": [-90, 45, 90],
			"translation": [-0.5, 0.25, -1.5],
			"scale": [0.5, 0.5, 0.5]
		},
		"head": {
			"rotation": [90, -156, 90],
			"translation": [1, 10.5, 1.75],
			"scale": [0.6, 0.6, 0.6]
		},
		"fixed": {
			"rotation": [-90, -90, -90],
			"translation": [0, 5.5, 0.25],
			"scale": [1.2, 1.2, 1.2]
		}
	},
	"groups": [
		0,
		1,
		2,
		3,
		4,
		5,
		6,
		7,
		8,
		9,
		10,
		11,
		12,
		13,
		14,
		15,
		16,
		17,
		18,
		19,
		20,
		21,
		22,
		23,
		24,
		25,
		{
			"name": "particles",
			"origin": [8, 8, 8],
			"color": 0,
			"children": [
				{
					"name": "particles1",
					"origin": [0, 0, 0],
					"color": 0,
					"children": [
						{
							"name": "particle1",
							"origin": [0, 0, 0],
							"color": 0,
							"children": [26, 27]
						},
						{
							"name": "particle2",
							"origin": [0, 0, 0],
							"color": 0,
							"children": [28, 29]
						},
						{
							"name": "particle3",
							"origin": [0, 0, 0],
							"color": 0,
							"children": [30, 31]
						},
						{
							"name": "particle4",
							"origin": [0, 0, 0],
							"color": 0,
							"children": [32, 33]
						},
						{
							"name": "particle5",
							"origin": [0, 0, 0],
							"color": 0,
							"children": [34, 35]
						},
						{
							"name": "particle6",
							"origin": [0, 0, 0],
							"color": 0,
							"children": [36, 37]
						},
						{
							"name": "particle7",
							"origin": [0, 0, 0],
							"color": 0,
							"children": [38, 39]
						}
					]
				},
				{
					"name": "particles2",
					"origin": [0, 0, 0],
					"color": 0,
					"children": [
						{
							"name": "particle1",
							"origin": [0, 0, 0],
							"color": 0,
							"children": [40, 41]
						},
						{
							"name": "particle2",
							"origin": [0, 0, 0],
							"color": 0,
							"children": [42, 43]
						},
						{
							"name": "particle3",
							"origin": [0, 0, 0],
							"color": 0,
							"children": [44, 45]
						},
						{
							"name": "particle4",
							"origin": [0, 0, 0],
							"color": 0,
							"children": [46, 47]
						},
						{
							"name": "particle5",
							"origin": [0, 0, 0],
							"color": 0,
							"children": [48, 49]
						},
						{
							"name": "particle6",
							"origin": [0, 0, 0],
							"color": 0,
							"children": [50, 51]
						},
						{
							"name": "particle7",
							"origin": [0, 0, 0],
							"color": 0,
							"children": [52, 53]
						}
					]
				},
				{
					"name": "particles3",
					"origin": [0, 0, 0],
					"color": 0,
					"children": [
						{
							"name": "particle1",
							"origin": [0, 0, 0],
							"color": 0,
							"children": [54, 55]
						},
						{
							"name": "particle2",
							"origin": [0, 0, 0],
							"color": 0,
							"children": [56, 57]
						},
						{
							"name": "particle3",
							"origin": [0, 0, 0],
							"color": 0,
							"children": [58, 59]
						},
						{
							"name": "particle4",
							"origin": [0, 0, 0],
							"color": 0,
							"children": [60, 61]
						},
						{
							"name": "particle5",
							"origin": [0, 0, 0],
							"color": 0,
							"children": [62, 63]
						},
						{
							"name": "particle6",
							"origin": [0, 0, 0],
							"color": 0,
							"children": [64, 65]
						},
						{
							"name": "particle7",
							"origin": [0, 0, 0],
							"color": 0,
							"children": [66, 67]
						}
					]
				},
				{
					"name": "particles4",
					"origin": [0, 0, 0],
					"color": 0,
					"children": [
						{
							"name": "particle1",
							"origin": [0, 0, 0],
							"color": 0,
							"children": [68, 69]
						},
						{
							"name": "particle2",
							"origin": [0, 0, 0],
							"color": 0,
							"children": [70, 71]
						},
						{
							"name": "particle3",
							"origin": [0, 0, 0],
							"color": 0,
							"children": [72, 73]
						},
						{
							"name": "particle4",
							"origin": [0, 0, 0],
							"color": 0,
							"children": [74, 75]
						},
						{
							"name": "particle5",
							"origin": [0, 0, 0],
							"color": 0,
							"children": [76, 77]
						},
						{
							"name": "particle6",
							"origin": [0, 0, 0],
							"color": 0,
							"children": [78, 79]
						},
						{
							"name": "particle7",
							"origin": [0, 0, 0],
							"color": 0,
							"children": [80, 81]
						}
					]
				}
			]
		}
	]
}