{
	"credit": "by w11shes",
	"texture_size": [64, 64],
	"textures": {
		"0": "item/monstertower/crate/hammer",
		"1": "item/monstertower/crate/particle",
		"particle": "item/monstertower/crate/hammer"
	},
	"elements": [
		{
			"from": [6.75, 6.7, 6.75],
			"to": [9.75, 12.7, 9.75],
			"rotation": {"angle": 0, "axis": "y", "origin": [8.25, 8.1, 8]},
			"faces": {
				"north": {"uv": [1.5, 5, 2.25, 6.5], "texture": "#0"},
				"east": {"uv": [1.5, 5, 2.25, 6.5], "texture": "#0"},
				"south": {"uv": [1.5, 5, 2.25, 6.5], "texture": "#0"},
				"west": {"uv": [1.5, 5, 2.25, 6.5], "texture": "#0"},
				"down": {"uv": [9, 3, 8.25, 3.75], "rotation": 90, "texture": "#0"}
			}
		},
		{
			"from": [7.42678, -5.3, 7.17678],
			"to": [9.42678, 6.7, 9.17678],
			"rotation": {"angle": -45, "axis": "y", "origin": [8.25, 8.1, 8]},
			"faces": {
				"north": {"uv": [7.5, 5.25, 7, 8.25], "texture": "#0"},
				"east": {"uv": [7, 5.25, 7.5, 8.25], "texture": "#0"},
				"south": {"uv": [7.5, 5.25, 7, 8.25], "texture": "#0"},
				"west": {"uv": [7, 5.25, 7.5, 8.25], "texture": "#0"}
			}
		},
		{
			"from": [6.25, -4.40054, -4.14698],
			"to": [10.25, -0.40054, -0.14698],
			"rotation": {"angle": -45, "axis": "x", "origin": [8.25, 8.1, 8]},
			"faces": {
				"north": {"uv": [7.5, 4.5, 8.5, 5.5], "texture": "#0"},
				"east": {"uv": [8.25, 3.5, 7.25, 4.5], "texture": "#0"},
				"south": {"uv": [7.5, 5.5, 8.5, 6.5], "texture": "#0"},
				"west": {"uv": [7.25, 3.5, 8.25, 4.5], "texture": "#0"},
				"up": {"uv": [8.5, 7.5, 7.5, 6.5], "rotation": 270, "texture": "#0"},
				"down": {"uv": [8.5, 7.5, 7.5, 8.5], "rotation": 90, "texture": "#0"}
			}
		},
		{
			"from": [8.25, -14.8, 5.75],
			"to": [8.3, -6.8, 12.75],
			"rotation": {"angle": 0, "axis": "y", "origin": [8.25, 8.1, 8]},
			"faces": {
				"east": {"uv": [8.5, 4.5, 10.25, 6.5], "texture": "#0"},
				"west": {"uv": [10.25, 4.5, 8.5, 6.5], "texture": "#0"}
			}
		},
		{
			"from": [7.75, -11.8, 5.75],
			"to": [8.75, -6.8, 10.75],
			"rotation": {"angle": 0, "axis": "y", "origin": [8.25, 8.1, 8]},
			"faces": {
				"north": {"uv": [10.25, 4.5, 10, 5.75], "texture": "#0"},
				"east": {"uv": [9, 4.5, 10.25, 5.75], "texture": "#0"},
				"south": {"uv": [9.25, 4.5, 9, 5.75], "texture": "#0"},
				"west": {"uv": [10.25, 4.5, 9, 5.75], "texture": "#0"},
				"down": {"uv": [9, 5.5, 10.25, 5.75], "rotation": 90, "texture": "#0"}
			}
		},
		{
			"from": [4.73, 9.97384, 10.22739],
			"to": [11.77, 13.50937, 13.76292],
			"rotation": {"angle": -45, "axis": "x", "origin": [8.25, 8.1, 8]},
			"faces": {
				"north": {"uv": [6.5, 1.5, 8.25, 2.5], "texture": "#0"},
				"east": {"uv": [8.75, 0, 7.75, 1], "texture": "#0"},
				"west": {"uv": [7.75, 0, 8.75, 1], "texture": "#0"},
				"down": {"uv": [3.5, 6.75, 2.5, 8.5], "rotation": 90, "texture": "#0"}
			}
		},
		{
			"from": [5.73, 9.97384, 10.22739],
			"to": [10.77, 13.50937, 13.76292],
			"rotation": {"angle": -45, "axis": "x", "origin": [8.25, 8.1, 8]},
			"faces": {
				"east": {"uv": [10, 2.75, 9, 3.75], "texture": "#0"},
				"west": {"uv": [9, 2.75, 10, 3.75], "texture": "#0"}
			}
		},
		{
			"from": [11.77, 13.50934, 13.76289],
			"to": [4.73, 9.97384, 10.22739],
			"rotation": {"angle": -45, "axis": "x", "origin": [8.25, 8.1, 8]},
			"faces": {
				"east": {"uv": [7.75, 1, 8.75, 0], "texture": "#0"},
				"south": {"uv": [6.5, 2.5, 8.25, 1.5], "texture": "#0"},
				"west": {"uv": [8.75, 1, 7.75, 0], "texture": "#0"},
				"up": {"uv": [2.5, 6.75, 3.5, 8.5], "rotation": 270, "texture": "#0"}
			}
		},
		{
			"from": [4.75, 13.5, 5.75],
			"to": [11.75, 20.5, 10.75],
			"rotation": {"angle": 0, "axis": "y", "origin": [8.25, 8.1, 8]},
			"faces": {
				"north": {"uv": [4.25, 3.5, 6, 5.25], "texture": "#0"},
				"east": {"uv": [6, 3.5, 7.25, 5.25], "texture": "#0"},
				"south": {"uv": [2.25, 5, 4, 6.75], "texture": "#0"},
				"west": {"uv": [6, 3.5, 7.25, 5.25], "texture": "#0"}
			}
		},
		{
			"from": [5.75, 13.5, 5.75],
			"to": [10.75, 20.5, 10.75],
			"rotation": {"angle": 0, "axis": "y", "origin": [8.25, 8.1, 8]},
			"faces": {
				"east": {"uv": [9, 0, 10.25, 1.75], "texture": "#0"},
				"west": {"uv": [9, 0, 10.25, 1.75], "texture": "#0"}
			}
		},
		{
			"from": [11.75, 20.5, 10.75],
			"to": [4.75, 13.5, 5.75],
			"rotation": {"angle": 0, "axis": "y", "origin": [8.25, 8.1, 8]},
			"faces": {
				"north": {"uv": [2.25, 6.75, 4, 5], "texture": "#0"},
				"east": {"uv": [6, 5.25, 7.25, 3.5], "texture": "#0"},
				"south": {"uv": [4.25, 5.25, 6, 3.5], "texture": "#0"},
				"west": {"uv": [6, 5.25, 7.25, 3.5], "texture": "#0"}
			}
		},
		{
			"from": [5.75, 14.5, 10.75],
			"to": [10.75, 19.5, 13.75],
			"rotation": {"angle": 0, "axis": "y", "origin": [8.25, 8.1, 8]},
			"faces": {
				"east": {"uv": [5.25, 8, 4.5, 9.25], "texture": "#0"},
				"south": {"uv": [5.75, 6.75, 7, 8], "texture": "#0"},
				"west": {"uv": [4.5, 8, 5.25, 9.25], "texture": "#0"},
				"up": {"uv": [6, 9.25, 5.25, 8], "rotation": 270, "texture": "#0"},
				"down": {"uv": [6.75, 8, 6, 9.25], "rotation": 90, "texture": "#0"}
			}
		},
		{
			"from": [8.25, 14.5, 13.75],
			"to": [8.3, 24.5, 22.75],
			"rotation": {"angle": 0, "axis": "y", "origin": [8.25, 8.1, 8]},
			"faces": {
				"east": {"uv": [2.25, 2.5, 0, 5], "texture": "#0"},
				"west": {"uv": [0, 2.5, 2.25, 5], "texture": "#0"}
			}
		},
		{
			"from": [5.75, 14.5, 2.75],
			"to": [10.75, 19.5, 5.75],
			"rotation": {"angle": 0, "axis": "y", "origin": [8.25, 8.1, 8]},
			"faces": {
				"east": {"uv": [0.75, 8.25, 0, 9.5], "texture": "#0"},
				"west": {"uv": [0, 8.25, 0.75, 9.5], "texture": "#0"},
				"up": {"uv": [9, 2.25, 8.25, 1], "rotation": 270, "texture": "#0"},
				"down": {"uv": [3, 8.5, 2.25, 9.75], "rotation": 90, "texture": "#0"}
			}
		},
		{
			"from": [3.75, 13.5, -2.25],
			"to": [12.75, 20.5, 2.75],
			"rotation": {"angle": 0, "axis": "y", "origin": [8.25, 8.1, 8]},
			"faces": {
				"north": {"uv": [2.75, 0, 5, 1.75], "texture": "#0"},
				"east": {"uv": [1.25, 6.5, 0, 8.25], "texture": "#0"},
				"south": {"uv": [4.25, 1.75, 6.5, 3.5], "texture": "#0"},
				"west": {"uv": [0, 6.5, 1.25, 8.25], "texture": "#0"}
			}
		},
		{
			"from": [13.83614, 13.68614, -2.27],
			"to": [20.2001, 20.0501, 2.77],
			"rotation": {"angle": 45, "axis": "z", "origin": [8.25, 8.1, 8]},
			"faces": {
				"north": {"uv": [0, 5, 1.5, 6.5], "texture": "#0"},
				"east": {"uv": [7.75, 0, 6.5, 1.5], "texture": "#0"},
				"south": {"uv": [5, 0, 6.5, 1.5], "texture": "#0"},
				"up": {"uv": [7.75, 1.5, 6.5, 0], "rotation": 270, "texture": "#0"}
			}
		},
		{
			"from": [1.24964, 8.7364, -2.27],
			"to": [7.6136, 15.10036, 2.77],
			"rotation": {"angle": -45, "axis": "z", "origin": [8.25, 8.1, 8]},
			"faces": {
				"north": {"uv": [4, 5.25, 5.5, 6.75], "texture": "#0"},
				"east": {"uv": [2.5, 8.25, 1.25, 6.75], "texture": "#0"},
				"south": {"uv": [5.5, 5.25, 7, 6.75], "texture": "#0"},
				"down": {"uv": [2.5, 6.75, 1.25, 8.25], "rotation": 90, "texture": "#0"}
			}
		},
		{
			"from": [4.73, 15.27714, -2.35911],
			"to": [11.77, 18.81267, 1.17642],
			"rotation": {"angle": 45, "axis": "x", "origin": [8.25, 8.1, 8]},
			"faces": {
				"north": {"uv": [6.5, 2.5, 8.25, 3.5], "texture": "#0"},
				"east": {"uv": [2.25, 8.25, 1.25, 9.25], "texture": "#0"},
				"west": {"uv": [1.25, 8.25, 2.25, 9.25], "texture": "#0"},
				"up": {"uv": [4.5, 8.5, 3.5, 6.75], "rotation": 270, "texture": "#0"}
			}
		},
		{
			"from": [5.73, 15.27714, -2.35911],
			"to": [10.77, 18.81267, 1.17642],
			"rotation": {"angle": 45, "axis": "x", "origin": [8.25, 8.1, 8]},
			"faces": {
				"east": {"uv": [10, 1.75, 9, 2.75], "texture": "#0"},
				"west": {"uv": [9, 1.75, 10, 2.75], "texture": "#0"}
			}
		},
		{
			"from": [11.77, 18.81267, 1.17639],
			"to": [4.73, 15.27717, -2.35911],
			"rotation": {"angle": 45, "axis": "x", "origin": [8.25, 8.1, 8]},
			"faces": {
				"east": {"uv": [1.25, 9.25, 2.25, 8.25], "texture": "#0"},
				"south": {"uv": [6.5, 3.5, 8.25, 2.5], "texture": "#0"},
				"west": {"uv": [2.25, 9.25, 1.25, 8.25], "texture": "#0"},
				"down": {"uv": [3.5, 8.5, 4.5, 6.75], "rotation": 90, "texture": "#0"}
			}
		},
		{
			"from": [6.75, 21.5, 6.75],
			"to": [9.75, 24.5, 9.75],
			"rotation": {"angle": 0, "axis": "y", "origin": [8.25, 8.1, 8]},
			"faces": {
				"north": {"uv": [8.25, 3.75, 9, 4.5], "texture": "#0"},
				"east": {"uv": [8.25, 3.75, 9, 4.5], "texture": "#0"},
				"south": {"uv": [8.25, 3.75, 9, 4.5], "texture": "#0"},
				"west": {"uv": [8.25, 3.75, 9, 4.5], "texture": "#0"},
				"up": {"uv": [9, 3, 8.25, 2.25], "rotation": 270, "texture": "#0"}
			}
		},
		{
			"from": [8.25, 22.5, 2.75],
			"to": [8.3, 31.5, 13.75],
			"rotation": {"angle": 0, "axis": "y", "origin": [8.25, 8.1, 8]},
			"faces": {
				"east": {"uv": [2.75, 0, 0, 2.25], "texture": "#0"},
				"west": {"uv": [0, 0, 2.75, 2.25], "texture": "#0"}
			}
		},
		{
			"from": [8.14073, 12.5, 12.26902],
			"to": [8.19073, 23.5, 20.26902],
			"rotation": {"angle": -22.5, "axis": "y", "origin": [8.25, 8.1, 8]},
			"faces": {
				"east": {"uv": [4.25, 2.25, 2.25, 5], "texture": "#0"},
				"west": {"uv": [2.25, 2.25, 4.25, 5], "texture": "#0"}
			}
		},
		{
			"from": [8.30927, 12.5, 12.26902],
			"to": [8.35927, 23.5, 20.26902],
			"rotation": {"angle": 22.5, "axis": "y", "origin": [8.25, 8.1, 8]},
			"faces": {
				"east": {"uv": [4.25, 2.25, 2.25, 5], "texture": "#0"},
				"west": {"uv": [2.25, 2.25, 4.25, 5], "texture": "#0"}
			}
		},
		{
			"from": [7.75, 16.5, 13.75],
			"to": [8.75, 19.5, 17.75],
			"rotation": {"angle": 0, "axis": "y", "origin": [8.25, 8.1, 8]},
			"faces": {
				"east": {"uv": [1, 3.75, 0, 4.5], "texture": "#0"},
				"south": {"uv": [0.75, 3.75, 1, 4.5], "texture": "#0"},
				"west": {"uv": [0, 3.75, 1, 4.5], "texture": "#0"},
				"up": {"uv": [1, 3.75, 0, 4], "rotation": 270, "texture": "#0"},
				"down": {"uv": [0, 4.25, 1, 4.5], "rotation": 90, "texture": "#0"}
			}
		},
		{
			"from": [2.7, 12.95, 10.1],
			"to": [3.3, 13.55, 10.7],
			"shade": false,
			"rotation": {"angle": 0, "axis": "y", "origin": [8.25, 8.1, 8]},
			"faces": {
				"north": {"uv": [0, 14, 2, 16], "texture": "#1"},
				"east": {"uv": [0, 14, 2, 16], "texture": "#1"},
				"south": {"uv": [0, 14, 2, 16], "texture": "#1"},
				"west": {"uv": [0, 14, 2, 16], "texture": "#1"},
				"up": {"uv": [0, 14, 2, 16], "rotation": 270, "texture": "#1"},
				"down": {"uv": [0, 14, 2, 16], "rotation": 90, "texture": "#1"}
			}
		},
		{
			"from": [3.55, 13.8, 10.95],
			"to": [2.45, 12.7, 9.85],
			"shade": false,
			"rotation": {"angle": 0, "axis": "y", "origin": [8.25, 8.1, 8]},
			"faces": {
				"north": {"uv": [2, 14, 4, 16], "texture": "#1"},
				"east": {"uv": [2, 14, 4, 16], "texture": "#1"},
				"south": {"uv": [2, 14, 4, 16], "texture": "#1"},
				"west": {"uv": [2, 14, 4, 16], "texture": "#1"},
				"up": {"uv": [2, 14, 4, 16], "rotation": 270, "texture": "#1"},
				"down": {"uv": [2, 14, 4, 16], "rotation": 90, "texture": "#1"}
			}
		},
		{
			"from": [2.65, 14.04143, 8.0747],
			"to": [3.35, 14.74143, 8.7747],
			"shade": false,
			"rotation": {"angle": 22.5, "axis": "x", "origin": [8.25, 8.1, 8]},
			"faces": {
				"north": {"uv": [0, 12, 2, 14], "texture": "#1"},
				"east": {"uv": [0, 12, 2, 14], "texture": "#1"},
				"south": {"uv": [0, 12, 2, 14], "texture": "#1"},
				"west": {"uv": [0, 12, 2, 14], "texture": "#1"},
				"up": {"uv": [0, 12, 2, 14], "rotation": 270, "texture": "#1"},
				"down": {"uv": [0, 12, 2, 14], "rotation": 90, "texture": "#1"}
			}
		},
		{
			"from": [3.65, 15.04143, 9.0747],
			"to": [2.35, 13.74143, 7.7747],
			"shade": false,
			"rotation": {"angle": 22.5, "axis": "x", "origin": [8.25, 8.1, 8]},
			"faces": {
				"north": {"uv": [2, 12, 4, 14], "texture": "#1"},
				"east": {"uv": [2, 12, 4, 14], "texture": "#1"},
				"south": {"uv": [2, 12, 4, 14], "texture": "#1"},
				"west": {"uv": [2, 12, 4, 14], "texture": "#1"},
				"up": {"uv": [2, 12, 4, 14], "rotation": 270, "texture": "#1"},
				"down": {"uv": [2, 12, 4, 14], "rotation": 90, "texture": "#1"}
			}
		},
		{
			"from": [2.5, 14.42358, 5.2019],
			"to": [3.5, 15.42358, 6.2019],
			"shade": false,
			"rotation": {"angle": 45, "axis": "x", "origin": [8.25, 8.1, 8]},
			"faces": {
				"north": {"uv": [0, 10, 2, 12], "texture": "#1"},
				"east": {"uv": [0, 10, 2, 12], "texture": "#1"},
				"south": {"uv": [0, 10, 2, 12], "texture": "#1"},
				"west": {"uv": [0, 10, 2, 12], "texture": "#1"},
				"up": {"uv": [0, 10, 2, 12], "rotation": 270, "texture": "#1"},
				"down": {"uv": [0, 10, 2, 12], "rotation": 90, "texture": "#1"}
			}
		},
		{
			"from": [3.75, 15.67358, 6.4519],
			"to": [2.25, 14.17358, 4.9519],
			"shade": false,
			"rotation": {"angle": 45, "axis": "x", "origin": [8.25, 8.1, 8]},
			"faces": {
				"north": {"uv": [2, 10, 4, 12], "texture": "#1"},
				"east": {"uv": [2, 10, 4, 12], "texture": "#1"},
				"south": {"uv": [2, 10, 4, 12], "texture": "#1"},
				"west": {"uv": [2, 10, 4, 12], "texture": "#1"},
				"up": {"uv": [2, 10, 4, 12], "rotation": 270, "texture": "#1"},
				"down": {"uv": [2, 10, 4, 12], "rotation": 90, "texture": "#1"}
			}
		},
		{
			"from": [2.5, 13.21076, 12.63827],
			"to": [3.5, 14.21076, 13.63827],
			"shade": false,
			"rotation": {"angle": -22.5, "axis": "x", "origin": [8.25, 8.1, 8]},
			"faces": {
				"north": {"uv": [0, 8, 2, 10], "rotation": 270, "texture": "#1"},
				"east": {"uv": [0, 8, 2, 10], "rotation": 270, "texture": "#1"},
				"south": {"uv": [0, 8, 2, 10], "rotation": 270, "texture": "#1"},
				"west": {"uv": [0, 8, 2, 10], "rotation": 90, "texture": "#1"},
				"up": {"uv": [0, 8, 2, 10], "rotation": 180, "texture": "#1"},
				"down": {"uv": [0, 8, 2, 10], "texture": "#1"}
			}
		},
		{
			"from": [3.75, 14.46076, 13.88827],
			"to": [2.25, 12.96076, 12.38827],
			"shade": false,
			"rotation": {"angle": -22.5, "axis": "x", "origin": [8.25, 8.1, 8]},
			"faces": {
				"north": {"uv": [2, 8, 4, 10], "rotation": 270, "texture": "#1"},
				"east": {"uv": [2, 8, 4, 10], "rotation": 270, "texture": "#1"},
				"south": {"uv": [2, 8, 4, 10], "rotation": 270, "texture": "#1"},
				"west": {"uv": [2, 8, 4, 10], "rotation": 90, "texture": "#1"},
				"up": {"uv": [2, 8, 4, 10], "rotation": 180, "texture": "#1"},
				"down": {"uv": [2, 8, 4, 10], "texture": "#1"}
			}
		},
		{
			"from": [2.5, 15.35, 9.6],
			"to": [3.5, 16.35, 10.6],
			"shade": false,
			"rotation": {"angle": 0, "axis": "y", "origin": [8.25, 8.1, 8]},
			"faces": {
				"north": {"uv": [0, 6, 2, 8], "texture": "#1"},
				"east": {"uv": [0, 6, 2, 8], "texture": "#1"},
				"south": {"uv": [0, 6, 2, 8], "texture": "#1"},
				"west": {"uv": [0, 6, 2, 8], "texture": "#1"},
				"up": {"uv": [0, 6, 2, 8], "rotation": 270, "texture": "#1"},
				"down": {"uv": [0, 6, 2, 8], "rotation": 90, "texture": "#1"}
			}
		},
		{
			"from": [3.75, 16.6, 10.85],
			"to": [2.25, 15.1, 9.35],
			"shade": false,
			"rotation": {"angle": 0, "axis": "y", "origin": [8.25, 8.1, 8]},
			"faces": {
				"north": {"uv": [2, 6, 4, 8], "texture": "#1"},
				"east": {"uv": [2, 6, 4, 8], "texture": "#1"},
				"south": {"uv": [2, 6, 4, 8], "texture": "#1"},
				"west": {"uv": [2, 6, 4, 8], "texture": "#1"},
				"up": {"uv": [2, 6, 4, 8], "rotation": 270, "texture": "#1"},
				"down": {"uv": [2, 6, 4, 8], "rotation": 90, "texture": "#1"}
			}
		},
		{
			"from": [2.65, 14.769, 13.04686],
			"to": [3.35, 15.469, 13.74686],
			"shade": false,
			"rotation": {"angle": -22.5, "axis": "x", "origin": [8.25, 8.1, 8]},
			"faces": {
				"north": {"uv": [0, 4, 2, 6], "texture": "#1"},
				"east": {"uv": [0, 4, 2, 6], "texture": "#1"},
				"south": {"uv": [0, 4, 2, 6], "texture": "#1"},
				"west": {"uv": [0, 4, 2, 6], "texture": "#1"},
				"up": {"uv": [0, 4, 2, 6], "rotation": 270, "texture": "#1"},
				"down": {"uv": [0, 4, 2, 6], "rotation": 90, "texture": "#1"}
			}
		},
		{
			"from": [3.65, 15.769, 14.04686],
			"to": [2.35, 14.469, 12.74686],
			"shade": false,
			"rotation": {"angle": -22.5, "axis": "x", "origin": [8.25, 8.1, 8]},
			"faces": {
				"north": {"uv": [2, 4, 4, 6], "texture": "#1"},
				"east": {"uv": [2, 4, 4, 6], "texture": "#1"},
				"south": {"uv": [2, 4, 4, 6], "texture": "#1"},
				"west": {"uv": [2, 4, 4, 6], "texture": "#1"},
				"up": {"uv": [2, 4, 4, 6], "rotation": 270, "texture": "#1"},
				"down": {"uv": [2, 4, 4, 6], "rotation": 90, "texture": "#1"}
			}
		},
		{
			"from": [2.7, 16.95, 10.25],
			"to": [3.3, 17.55, 10.85],
			"shade": false,
			"rotation": {"angle": 0, "axis": "y", "origin": [8.25, 8.1, 8]},
			"faces": {
				"north": {"uv": [0, 2, 2, 4], "texture": "#1"},
				"east": {"uv": [0, 2, 2, 4], "texture": "#1"},
				"south": {"uv": [0, 2, 2, 4], "texture": "#1"},
				"west": {"uv": [0, 2, 2, 4], "texture": "#1"},
				"up": {"uv": [0, 2, 2, 4], "rotation": 270, "texture": "#1"},
				"down": {"uv": [0, 2, 2, 4], "rotation": 90, "texture": "#1"}
			}
		},
		{
			"from": [3.55, 17.8, 11.1],
			"to": [2.45, 16.7, 10],
			"shade": false,
			"rotation": {"angle": 0, "axis": "y", "origin": [8.25, 8.1, 8]},
			"faces": {
				"north": {"uv": [2, 2, 4, 4], "texture": "#1"},
				"east": {"uv": [2, 2, 4, 4], "texture": "#1"},
				"south": {"uv": [2, 2, 4, 4], "texture": "#1"},
				"west": {"uv": [2, 2, 4, 4], "texture": "#1"},
				"up": {"uv": [2, 2, 4, 4], "rotation": 270, "texture": "#1"},
				"down": {"uv": [2, 2, 4, 4], "rotation": 90, "texture": "#1"}
			}
		},
		{
			"from": [2.7, 15.95, 5.8],
			"to": [3.3, 16.55, 6.4],
			"shade": false,
			"rotation": {"angle": 0, "axis": "y", "origin": [8.25, 8.1, 8]},
			"faces": {
				"north": {"uv": [6, 14, 4, 16], "texture": "#1"},
				"east": {"uv": [6, 14, 4, 16], "texture": "#1"},
				"south": {"uv": [6, 14, 4, 16], "texture": "#1"},
				"west": {"uv": [6, 14, 4, 16], "texture": "#1"},
				"up": {"uv": [6, 14, 4, 16], "rotation": 270, "texture": "#1"},
				"down": {"uv": [6, 14, 4, 16], "rotation": 90, "texture": "#1"}
			}
		},
		{
			"from": [3.55, 16.8, 6.65],
			"to": [2.45, 15.7, 5.55],
			"shade": false,
			"rotation": {"angle": 0, "axis": "y", "origin": [8.25, 8.1, 8]},
			"faces": {
				"north": {"uv": [8, 14, 6, 16], "texture": "#1"},
				"east": {"uv": [8, 14, 6, 16], "texture": "#1"},
				"south": {"uv": [8, 14, 6, 16], "texture": "#1"},
				"west": {"uv": [8, 14, 6, 16], "texture": "#1"},
				"up": {"uv": [8, 14, 6, 16], "rotation": 270, "texture": "#1"},
				"down": {"uv": [8, 14, 6, 16], "rotation": 90, "texture": "#1"}
			}
		},
		{
			"from": [2.65, 16.62173, 8.83529],
			"to": [3.35, 17.32173, 9.53529],
			"shade": false,
			"rotation": {"angle": -22.5, "axis": "x", "origin": [8.25, 8.1, 8]},
			"faces": {
				"north": {"uv": [6, 12, 4, 14], "texture": "#1"},
				"east": {"uv": [6, 12, 4, 14], "texture": "#1"},
				"south": {"uv": [6, 12, 4, 14], "texture": "#1"},
				"west": {"uv": [6, 12, 4, 14], "texture": "#1"},
				"up": {"uv": [6, 12, 4, 14], "rotation": 270, "texture": "#1"},
				"down": {"uv": [6, 12, 4, 14], "rotation": 90, "texture": "#1"}
			}
		},
		{
			"from": [3.65, 17.62173, 9.83529],
			"to": [2.35, 16.32173, 8.53529],
			"shade": false,
			"rotation": {"angle": -22.5, "axis": "x", "origin": [8.25, 8.1, 8]},
			"faces": {
				"north": {"uv": [8, 12, 6, 14], "texture": "#1"},
				"east": {"uv": [8, 12, 6, 14], "texture": "#1"},
				"south": {"uv": [8, 12, 6, 14], "texture": "#1"},
				"west": {"uv": [8, 12, 6, 14], "texture": "#1"},
				"up": {"uv": [8, 12, 6, 14], "rotation": 270, "texture": "#1"},
				"down": {"uv": [8, 12, 6, 14], "rotation": 90, "texture": "#1"}
			}
		},
		{
			"from": [2.5, 16.19135, 12.27297],
			"to": [3.5, 17.19135, 13.27297],
			"shade": false,
			"rotation": {"angle": -45, "axis": "x", "origin": [8.25, 8.1, 8]},
			"faces": {
				"north": {"uv": [6, 10, 4, 12], "texture": "#1"},
				"east": {"uv": [6, 10, 4, 12], "texture": "#1"},
				"south": {"uv": [6, 10, 4, 12], "texture": "#1"},
				"west": {"uv": [6, 10, 4, 12], "texture": "#1"},
				"up": {"uv": [6, 10, 4, 12], "rotation": 270, "texture": "#1"},
				"down": {"uv": [6, 10, 4, 12], "rotation": 90, "texture": "#1"}
			}
		},
		{
			"from": [3.75, 17.44135, 13.52297],
			"to": [2.25, 15.94135, 12.02297],
			"shade": false,
			"rotation": {"angle": -45, "axis": "x", "origin": [8.25, 8.1, 8]},
			"faces": {
				"north": {"uv": [8, 10, 6, 12], "texture": "#1"},
				"east": {"uv": [8, 10, 6, 12], "texture": "#1"},
				"south": {"uv": [8, 10, 6, 12], "texture": "#1"},
				"west": {"uv": [8, 10, 6, 12], "texture": "#1"},
				"up": {"uv": [8, 10, 6, 12], "rotation": 270, "texture": "#1"},
				"down": {"uv": [8, 10, 6, 12], "rotation": 90, "texture": "#1"}
			}
		},
		{
			"from": [2.5, 16.17374, 1.67562],
			"to": [3.5, 17.17374, 2.67562],
			"shade": false,
			"rotation": {"angle": 22.5, "axis": "x", "origin": [8.25, 8.1, 8]},
			"faces": {
				"north": {"uv": [4, 10, 6, 8], "rotation": 270, "texture": "#1"},
				"east": {"uv": [4, 10, 6, 8], "rotation": 270, "texture": "#1"},
				"south": {"uv": [4, 10, 6, 8], "rotation": 270, "texture": "#1"},
				"west": {"uv": [4, 10, 6, 8], "rotation": 90, "texture": "#1"},
				"up": {"uv": [4, 10, 6, 8], "rotation": 180, "texture": "#1"},
				"down": {"uv": [4, 10, 6, 8], "texture": "#1"}
			}
		},
		{
			"from": [3.75, 17.42374, 2.92562],
			"to": [2.25, 15.92374, 1.42562],
			"shade": false,
			"rotation": {"angle": 22.5, "axis": "x", "origin": [8.25, 8.1, 8]},
			"faces": {
				"north": {"uv": [6, 10, 8, 8], "rotation": 270, "texture": "#1"},
				"east": {"uv": [6, 10, 8, 8], "rotation": 270, "texture": "#1"},
				"south": {"uv": [6, 10, 8, 8], "rotation": 270, "texture": "#1"},
				"west": {"uv": [6, 10, 8, 8], "rotation": 90, "texture": "#1"},
				"up": {"uv": [6, 10, 8, 8], "rotation": 180, "texture": "#1"},
				"down": {"uv": [6, 10, 8, 8], "texture": "#1"}
			}
		},
		{
			"from": [2.5, 18.35, 5.9],
			"to": [3.5, 19.35, 6.9],
			"shade": false,
			"rotation": {"angle": 0, "axis": "y", "origin": [8.25, 8.1, 8]},
			"faces": {
				"north": {"uv": [6, 6, 4, 8], "texture": "#1"},
				"east": {"uv": [6, 6, 4, 8], "texture": "#1"},
				"south": {"uv": [6, 6, 4, 8], "texture": "#1"},
				"west": {"uv": [6, 6, 4, 8], "texture": "#1"},
				"up": {"uv": [6, 6, 4, 8], "rotation": 270, "texture": "#1"},
				"down": {"uv": [6, 6, 4, 8], "rotation": 90, "texture": "#1"}
			}
		},
		{
			"from": [3.75, 19.6, 7.15],
			"to": [2.25, 18.1, 5.65],
			"shade": false,
			"rotation": {"angle": 0, "axis": "y", "origin": [8.25, 8.1, 8]},
			"faces": {
				"north": {"uv": [8, 6, 6, 8], "texture": "#1"},
				"east": {"uv": [8, 6, 6, 8], "texture": "#1"},
				"south": {"uv": [8, 6, 6, 8], "texture": "#1"},
				"west": {"uv": [8, 6, 6, 8], "texture": "#1"},
				"up": {"uv": [8, 6, 6, 8], "rotation": 270, "texture": "#1"},
				"down": {"uv": [8, 6, 6, 8], "rotation": 90, "texture": "#1"}
			}
		},
		{
			"from": [2.65, 17.73198, 1.56703],
			"to": [3.35, 18.43198, 2.26703],
			"shade": false,
			"rotation": {"angle": 22.5, "axis": "x", "origin": [8.25, 8.1, 8]},
			"faces": {
				"north": {"uv": [6, 4, 4, 6], "texture": "#1"},
				"east": {"uv": [6, 4, 4, 6], "texture": "#1"},
				"south": {"uv": [6, 4, 4, 6], "texture": "#1"},
				"west": {"uv": [6, 4, 4, 6], "texture": "#1"},
				"up": {"uv": [6, 4, 4, 6], "rotation": 270, "texture": "#1"},
				"down": {"uv": [6, 4, 4, 6], "rotation": 90, "texture": "#1"}
			}
		},
		{
			"from": [3.65, 18.73198, 2.56703],
			"to": [2.35, 17.43198, 1.26703],
			"shade": false,
			"rotation": {"angle": 22.5, "axis": "x", "origin": [8.25, 8.1, 8]},
			"faces": {
				"north": {"uv": [8, 4, 6, 6], "texture": "#1"},
				"east": {"uv": [8, 4, 6, 6], "texture": "#1"},
				"south": {"uv": [8, 4, 6, 6], "texture": "#1"},
				"west": {"uv": [8, 4, 6, 6], "texture": "#1"},
				"up": {"uv": [8, 4, 6, 6], "rotation": 270, "texture": "#1"},
				"down": {"uv": [8, 4, 6, 6], "rotation": 90, "texture": "#1"}
			}
		},
		{
			"from": [2.7, 19.95, 5.65],
			"to": [3.3, 20.55, 6.25],
			"shade": false,
			"rotation": {"angle": 0, "axis": "y", "origin": [8.25, 8.1, 8]},
			"faces": {
				"north": {"uv": [6, 2, 4, 4], "texture": "#1"},
				"east": {"uv": [6, 2, 4, 4], "texture": "#1"},
				"south": {"uv": [6, 2, 4, 4], "texture": "#1"},
				"west": {"uv": [6, 2, 4, 4], "texture": "#1"},
				"up": {"uv": [6, 2, 4, 4], "rotation": 270, "texture": "#1"},
				"down": {"uv": [6, 2, 4, 4], "rotation": 90, "texture": "#1"}
			}
		},
		{
			"from": [3.55, 20.8, 6.5],
			"to": [2.45, 19.7, 5.4],
			"shade": false,
			"rotation": {"angle": 0, "axis": "y", "origin": [8.25, 8.1, 8]},
			"faces": {
				"north": {"uv": [8, 2, 6, 4], "texture": "#1"},
				"east": {"uv": [8, 2, 6, 4], "texture": "#1"},
				"south": {"uv": [8, 2, 6, 4], "texture": "#1"},
				"west": {"uv": [8, 2, 6, 4], "texture": "#1"},
				"up": {"uv": [8, 2, 6, 4], "rotation": 270, "texture": "#1"},
				"down": {"uv": [8, 2, 6, 4], "rotation": 90, "texture": "#1"}
			}
		},
		{
			"from": [2.7, 19.95, 8.8],
			"to": [3.3, 20.55, 9.4],
			"shade": false,
			"rotation": {"angle": 0, "axis": "y", "origin": [8.25, 8.1, 8]},
			"faces": {
				"north": {"uv": [14, 14, 12, 16], "texture": "#1"},
				"east": {"uv": [14, 14, 12, 16], "texture": "#1"},
				"south": {"uv": [14, 14, 12, 16], "texture": "#1"},
				"west": {"uv": [14, 14, 12, 16], "texture": "#1"},
				"up": {"uv": [14, 14, 12, 16], "rotation": 270, "texture": "#1"},
				"down": {"uv": [14, 14, 12, 16], "rotation": 90, "texture": "#1"}
			}
		},
		{
			"from": [3.55, 20.8, 9.65],
			"to": [2.45, 19.7, 8.55],
			"shade": false,
			"rotation": {"angle": 0, "axis": "y", "origin": [8.25, 8.1, 8]},
			"faces": {
				"north": {"uv": [16, 14, 14, 16], "texture": "#1"},
				"east": {"uv": [16, 14, 14, 16], "texture": "#1"},
				"south": {"uv": [16, 14, 14, 16], "texture": "#1"},
				"west": {"uv": [16, 14, 14, 16], "texture": "#1"},
				"up": {"uv": [16, 14, 14, 16], "rotation": 270, "texture": "#1"},
				"down": {"uv": [16, 14, 14, 16], "rotation": 90, "texture": "#1"}
			}
		},
		{
			"from": [2.65, 19.16919, 13.13766],
			"to": [3.35, 19.86919, 13.83766],
			"shade": false,
			"rotation": {"angle": -22.5, "axis": "x", "origin": [8.25, 8.1, 8]},
			"faces": {
				"north": {"uv": [14, 12, 12, 14], "texture": "#1"},
				"east": {"uv": [14, 12, 12, 14], "texture": "#1"},
				"south": {"uv": [14, 12, 12, 14], "texture": "#1"},
				"west": {"uv": [14, 12, 12, 14], "texture": "#1"},
				"up": {"uv": [14, 12, 12, 14], "rotation": 270, "texture": "#1"},
				"down": {"uv": [14, 12, 12, 14], "rotation": 90, "texture": "#1"}
			}
		},
		{
			"from": [3.65, 20.16919, 14.13766],
			"to": [2.35, 18.86919, 12.83766],
			"shade": false,
			"rotation": {"angle": -22.5, "axis": "x", "origin": [8.25, 8.1, 8]},
			"faces": {
				"north": {"uv": [16, 12, 14, 14], "texture": "#1"},
				"east": {"uv": [16, 12, 14, 14], "texture": "#1"},
				"south": {"uv": [16, 12, 14, 14], "texture": "#1"},
				"west": {"uv": [16, 12, 14, 14], "texture": "#1"},
				"up": {"uv": [16, 12, 14, 14], "rotation": 270, "texture": "#1"},
				"down": {"uv": [16, 12, 14, 14], "rotation": 90, "texture": "#1"}
			}
		},
		{
			"from": [2.5, 16.89845, 17.22272],
			"to": [3.5, 17.89845, 18.22272],
			"shade": false,
			"rotation": {"angle": -45, "axis": "x", "origin": [8.25, 8.1, 8]},
			"faces": {
				"north": {"uv": [14, 10, 12, 12], "texture": "#1"},
				"east": {"uv": [14, 10, 12, 12], "texture": "#1"},
				"south": {"uv": [14, 10, 12, 12], "texture": "#1"},
				"west": {"uv": [14, 10, 12, 12], "texture": "#1"},
				"up": {"uv": [14, 10, 12, 12], "rotation": 270, "texture": "#1"},
				"down": {"uv": [14, 10, 12, 12], "rotation": 90, "texture": "#1"}
			}
		},
		{
			"from": [3.75, 18.14845, 18.47272],
			"to": [2.25, 16.64845, 16.97272],
			"shade": false,
			"rotation": {"angle": -45, "axis": "x", "origin": [8.25, 8.1, 8]},
			"faces": {
				"north": {"uv": [16, 10, 14, 12], "texture": "#1"},
				"east": {"uv": [16, 10, 14, 12], "texture": "#1"},
				"south": {"uv": [16, 10, 14, 12], "texture": "#1"},
				"west": {"uv": [16, 10, 14, 12], "texture": "#1"},
				"up": {"uv": [16, 10, 14, 12], "rotation": 270, "texture": "#1"},
				"down": {"uv": [16, 10, 14, 12], "rotation": 90, "texture": "#1"}
			}
		},
		{
			"from": [2.5, 21.01731, 2.91652],
			"to": [3.5, 22.01731, 3.91652],
			"shade": false,
			"rotation": {"angle": 22.5, "axis": "x", "origin": [8.25, 8.1, 8]},
			"faces": {
				"north": {"uv": [12, 10, 14, 8], "rotation": 270, "texture": "#1"},
				"east": {"uv": [12, 10, 14, 8], "rotation": 270, "texture": "#1"},
				"south": {"uv": [12, 10, 14, 8], "rotation": 270, "texture": "#1"},
				"west": {"uv": [12, 10, 14, 8], "rotation": 90, "texture": "#1"},
				"up": {"uv": [12, 10, 14, 8], "rotation": 180, "texture": "#1"},
				"down": {"uv": [12, 10, 14, 8], "texture": "#1"}
			}
		},
		{
			"from": [3.75, 22.26731, 4.16652],
			"to": [2.25, 20.76731, 2.66652],
			"shade": false,
			"rotation": {"angle": 22.5, "axis": "x", "origin": [8.25, 8.1, 8]},
			"faces": {
				"north": {"uv": [14, 10, 16, 8], "rotation": 270, "texture": "#1"},
				"east": {"uv": [14, 10, 16, 8], "rotation": 270, "texture": "#1"},
				"south": {"uv": [14, 10, 16, 8], "rotation": 270, "texture": "#1"},
				"west": {"uv": [14, 10, 16, 8], "rotation": 90, "texture": "#1"},
				"up": {"uv": [14, 10, 16, 8], "rotation": 180, "texture": "#1"},
				"down": {"uv": [14, 10, 16, 8], "texture": "#1"}
			}
		},
		{
			"from": [2.5, 22.35, 8.9],
			"to": [3.5, 23.35, 9.9],
			"shade": false,
			"rotation": {"angle": 0, "axis": "y", "origin": [8.25, 8.1, 8]},
			"faces": {
				"north": {"uv": [14, 6, 12, 8], "texture": "#1"},
				"east": {"uv": [14, 6, 12, 8], "texture": "#1"},
				"south": {"uv": [14, 6, 12, 8], "texture": "#1"},
				"west": {"uv": [14, 6, 12, 8], "texture": "#1"},
				"up": {"uv": [14, 6, 12, 8], "rotation": 270, "texture": "#1"},
				"down": {"uv": [14, 6, 12, 8], "rotation": 90, "texture": "#1"}
			}
		},
		{
			"from": [3.75, 23.6, 10.15],
			"to": [2.25, 22.1, 8.65],
			"shade": false,
			"rotation": {"angle": 0, "axis": "y", "origin": [8.25, 8.1, 8]},
			"faces": {
				"north": {"uv": [16, 6, 14, 8], "texture": "#1"},
				"east": {"uv": [16, 6, 14, 8], "texture": "#1"},
				"south": {"uv": [16, 6, 14, 8], "texture": "#1"},
				"west": {"uv": [16, 6, 14, 8], "texture": "#1"},
				"up": {"uv": [16, 6, 14, 8], "rotation": 270, "texture": "#1"},
				"down": {"uv": [16, 6, 14, 8], "rotation": 90, "texture": "#1"}
			}
		},
		{
			"from": [2.65, 22.57555, 2.80793],
			"to": [3.35, 23.27555, 3.50793],
			"shade": false,
			"rotation": {"angle": 22.5, "axis": "x", "origin": [8.25, 8.1, 8]},
			"faces": {
				"north": {"uv": [14, 4, 12, 6], "texture": "#1"},
				"east": {"uv": [14, 4, 12, 6], "texture": "#1"},
				"south": {"uv": [14, 4, 12, 6], "texture": "#1"},
				"west": {"uv": [14, 4, 12, 6], "texture": "#1"},
				"up": {"uv": [14, 4, 12, 6], "rotation": 270, "texture": "#1"},
				"down": {"uv": [14, 4, 12, 6], "rotation": 90, "texture": "#1"}
			}
		},
		{
			"from": [3.65, 23.57555, 3.80793],
			"to": [2.35, 22.27555, 2.50793],
			"shade": false,
			"rotation": {"angle": 22.5, "axis": "x", "origin": [8.25, 8.1, 8]},
			"faces": {
				"north": {"uv": [16, 4, 14, 6], "texture": "#1"},
				"east": {"uv": [16, 4, 14, 6], "texture": "#1"},
				"south": {"uv": [16, 4, 14, 6], "texture": "#1"},
				"west": {"uv": [16, 4, 14, 6], "texture": "#1"},
				"up": {"uv": [16, 4, 14, 6], "rotation": 270, "texture": "#1"},
				"down": {"uv": [16, 4, 14, 6], "rotation": 90, "texture": "#1"}
			}
		},
		{
			"from": [2.7, 23.95, 8.65],
			"to": [3.3, 24.55, 9.25],
			"shade": false,
			"rotation": {"angle": 0, "axis": "y", "origin": [8.25, 8.1, 8]},
			"faces": {
				"north": {"uv": [14, 2, 12, 4], "texture": "#1"},
				"east": {"uv": [14, 2, 12, 4], "texture": "#1"},
				"south": {"uv": [14, 2, 12, 4], "texture": "#1"},
				"west": {"uv": [14, 2, 12, 4], "texture": "#1"},
				"up": {"uv": [14, 2, 12, 4], "rotation": 270, "texture": "#1"},
				"down": {"uv": [14, 2, 12, 4], "rotation": 90, "texture": "#1"}
			}
		},
		{
			"from": [3.55, 24.8, 9.5],
			"to": [2.45, 23.7, 8.4],
			"shade": false,
			"rotation": {"angle": 0, "axis": "y", "origin": [8.25, 8.1, 8]},
			"faces": {
				"north": {"uv": [16, 2, 14, 4], "texture": "#1"},
				"east": {"uv": [16, 2, 14, 4], "texture": "#1"},
				"south": {"uv": [16, 2, 14, 4], "texture": "#1"},
				"west": {"uv": [16, 2, 14, 4], "texture": "#1"},
				"up": {"uv": [16, 2, 14, 4], "rotation": 270, "texture": "#1"},
				"down": {"uv": [16, 2, 14, 4], "rotation": 90, "texture": "#1"}
			}
		},
		{
			"from": [13.2, 15.95, 5.8],
			"to": [13.8, 16.55, 6.4],
			"shade": false,
			"rotation": {"angle": 0, "axis": "y", "origin": [8.25, 8.1, 8]},
			"faces": {
				"north": {"uv": [14, 14, 12, 16], "texture": "#1"},
				"east": {"uv": [14, 14, 12, 16], "texture": "#1"},
				"south": {"uv": [14, 14, 12, 16], "texture": "#1"},
				"west": {"uv": [14, 14, 12, 16], "texture": "#1"},
				"up": {"uv": [14, 14, 12, 16], "rotation": 270, "texture": "#1"},
				"down": {"uv": [14, 14, 12, 16], "rotation": 90, "texture": "#1"}
			}
		},
		{
			"from": [14.05, 16.8, 6.65],
			"to": [12.95, 15.7, 5.55],
			"shade": false,
			"rotation": {"angle": 0, "axis": "y", "origin": [8.25, 8.1, 8]},
			"faces": {
				"north": {"uv": [16, 14, 14, 16], "texture": "#1"},
				"east": {"uv": [16, 14, 14, 16], "texture": "#1"},
				"south": {"uv": [16, 14, 14, 16], "texture": "#1"},
				"west": {"uv": [16, 14, 14, 16], "texture": "#1"},
				"up": {"uv": [16, 14, 14, 16], "rotation": 270, "texture": "#1"},
				"down": {"uv": [16, 14, 14, 16], "rotation": 90, "texture": "#1"}
			}
		},
		{
			"from": [13.15, 16.62173, 8.83529],
			"to": [13.85, 17.32173, 9.53529],
			"shade": false,
			"rotation": {"angle": -22.5, "axis": "x", "origin": [8.25, 8.1, 8]},
			"faces": {
				"north": {"uv": [14, 12, 12, 14], "texture": "#1"},
				"east": {"uv": [14, 12, 12, 14], "texture": "#1"},
				"south": {"uv": [14, 12, 12, 14], "texture": "#1"},
				"west": {"uv": [14, 12, 12, 14], "texture": "#1"},
				"up": {"uv": [14, 12, 12, 14], "rotation": 270, "texture": "#1"},
				"down": {"uv": [14, 12, 12, 14], "rotation": 90, "texture": "#1"}
			}
		},
		{
			"from": [14.15, 17.62173, 9.83529],
			"to": [12.85, 16.32173, 8.53529],
			"shade": false,
			"rotation": {"angle": -22.5, "axis": "x", "origin": [8.25, 8.1, 8]},
			"faces": {
				"north": {"uv": [16, 12, 14, 14], "texture": "#1"},
				"east": {"uv": [16, 12, 14, 14], "texture": "#1"},
				"south": {"uv": [16, 12, 14, 14], "texture": "#1"},
				"west": {"uv": [16, 12, 14, 14], "texture": "#1"},
				"up": {"uv": [16, 12, 14, 14], "rotation": 270, "texture": "#1"},
				"down": {"uv": [16, 12, 14, 14], "rotation": 90, "texture": "#1"}
			}
		},
		{
			"from": [13, 16.19135, 12.27297],
			"to": [14, 17.19135, 13.27297],
			"shade": false,
			"rotation": {"angle": -45, "axis": "x", "origin": [8.25, 8.1, 8]},
			"faces": {
				"north": {"uv": [14, 10, 12, 12], "texture": "#1"},
				"east": {"uv": [14, 10, 12, 12], "texture": "#1"},
				"south": {"uv": [14, 10, 12, 12], "texture": "#1"},
				"west": {"uv": [14, 10, 12, 12], "texture": "#1"},
				"up": {"uv": [14, 10, 12, 12], "rotation": 270, "texture": "#1"},
				"down": {"uv": [14, 10, 12, 12], "rotation": 90, "texture": "#1"}
			}
		},
		{
			"from": [14.25, 17.44135, 13.52297],
			"to": [12.75, 15.94135, 12.02297],
			"shade": false,
			"rotation": {"angle": -45, "axis": "x", "origin": [8.25, 8.1, 8]},
			"faces": {
				"north": {"uv": [16, 10, 14, 12], "texture": "#1"},
				"east": {"uv": [16, 10, 14, 12], "texture": "#1"},
				"south": {"uv": [16, 10, 14, 12], "texture": "#1"},
				"west": {"uv": [16, 10, 14, 12], "texture": "#1"},
				"up": {"uv": [16, 10, 14, 12], "rotation": 270, "texture": "#1"},
				"down": {"uv": [16, 10, 14, 12], "rotation": 90, "texture": "#1"}
			}
		},
		{
			"from": [13, 16.17374, 1.67562],
			"to": [14, 17.17374, 2.67562],
			"shade": false,
			"rotation": {"angle": 22.5, "axis": "x", "origin": [8.25, 8.1, 8]},
			"faces": {
				"north": {"uv": [12, 10, 14, 8], "rotation": 270, "texture": "#1"},
				"east": {"uv": [12, 10, 14, 8], "rotation": 270, "texture": "#1"},
				"south": {"uv": [12, 10, 14, 8], "rotation": 270, "texture": "#1"},
				"west": {"uv": [12, 10, 14, 8], "rotation": 90, "texture": "#1"},
				"up": {"uv": [12, 10, 14, 8], "rotation": 180, "texture": "#1"},
				"down": {"uv": [12, 10, 14, 8], "texture": "#1"}
			}
		},
		{
			"from": [14.25, 17.42374, 2.92562],
			"to": [12.75, 15.92374, 1.42562],
			"shade": false,
			"rotation": {"angle": 22.5, "axis": "x", "origin": [8.25, 8.1, 8]},
			"faces": {
				"north": {"uv": [14, 10, 16, 8], "rotation": 270, "texture": "#1"},
				"east": {"uv": [14, 10, 16, 8], "rotation": 270, "texture": "#1"},
				"south": {"uv": [14, 10, 16, 8], "rotation": 270, "texture": "#1"},
				"west": {"uv": [14, 10, 16, 8], "rotation": 90, "texture": "#1"},
				"up": {"uv": [14, 10, 16, 8], "rotation": 180, "texture": "#1"},
				"down": {"uv": [14, 10, 16, 8], "texture": "#1"}
			}
		},
		{
			"from": [13, 18.35, 5.9],
			"to": [14, 19.35, 6.9],
			"shade": false,
			"rotation": {"angle": 0, "axis": "y", "origin": [8.25, 8.1, 8]},
			"faces": {
				"north": {"uv": [14, 6, 12, 8], "texture": "#1"},
				"east": {"uv": [14, 6, 12, 8], "texture": "#1"},
				"south": {"uv": [14, 6, 12, 8], "texture": "#1"},
				"west": {"uv": [14, 6, 12, 8], "texture": "#1"},
				"up": {"uv": [14, 6, 12, 8], "rotation": 270, "texture": "#1"},
				"down": {"uv": [14, 6, 12, 8], "rotation": 90, "texture": "#1"}
			}
		},
		{
			"from": [14.25, 19.6, 7.15],
			"to": [12.75, 18.1, 5.65],
			"shade": false,
			"rotation": {"angle": 0, "axis": "y", "origin": [8.25, 8.1, 8]},
			"faces": {
				"north": {"uv": [16, 6, 14, 8], "texture": "#1"},
				"east": {"uv": [16, 6, 14, 8], "texture": "#1"},
				"south": {"uv": [16, 6, 14, 8], "texture": "#1"},
				"west": {"uv": [16, 6, 14, 8], "texture": "#1"},
				"up": {"uv": [16, 6, 14, 8], "rotation": 270, "texture": "#1"},
				"down": {"uv": [16, 6, 14, 8], "rotation": 90, "texture": "#1"}
			}
		},
		{
			"from": [13.15, 17.73198, 1.56703],
			"to": [13.85, 18.43198, 2.26703],
			"shade": false,
			"rotation": {"angle": 22.5, "axis": "x", "origin": [8.25, 8.1, 8]},
			"faces": {
				"north": {"uv": [14, 4, 12, 6], "texture": "#1"},
				"east": {"uv": [14, 4, 12, 6], "texture": "#1"},
				"south": {"uv": [14, 4, 12, 6], "texture": "#1"},
				"west": {"uv": [14, 4, 12, 6], "texture": "#1"},
				"up": {"uv": [14, 4, 12, 6], "rotation": 270, "texture": "#1"},
				"down": {"uv": [14, 4, 12, 6], "rotation": 90, "texture": "#1"}
			}
		},
		{
			"from": [14.15, 18.73198, 2.56703],
			"to": [12.85, 17.43198, 1.26703],
			"shade": false,
			"rotation": {"angle": 22.5, "axis": "x", "origin": [8.25, 8.1, 8]},
			"faces": {
				"north": {"uv": [16, 4, 14, 6], "texture": "#1"},
				"east": {"uv": [16, 4, 14, 6], "texture": "#1"},
				"south": {"uv": [16, 4, 14, 6], "texture": "#1"},
				"west": {"uv": [16, 4, 14, 6], "texture": "#1"},
				"up": {"uv": [16, 4, 14, 6], "rotation": 270, "texture": "#1"},
				"down": {"uv": [16, 4, 14, 6], "rotation": 90, "texture": "#1"}
			}
		},
		{
			"from": [13.2, 19.95, 5.65],
			"to": [13.8, 20.55, 6.25],
			"shade": false,
			"rotation": {"angle": 0, "axis": "y", "origin": [8.25, 8.1, 8]},
			"faces": {
				"north": {"uv": [14, 2, 12, 4], "texture": "#1"},
				"east": {"uv": [14, 2, 12, 4], "texture": "#1"},
				"south": {"uv": [14, 2, 12, 4], "texture": "#1"},
				"west": {"uv": [14, 2, 12, 4], "texture": "#1"},
				"up": {"uv": [14, 2, 12, 4], "rotation": 270, "texture": "#1"},
				"down": {"uv": [14, 2, 12, 4], "rotation": 90, "texture": "#1"}
			}
		},
		{
			"from": [14.05, 20.8, 6.5],
			"to": [12.95, 19.7, 5.4],
			"shade": false,
			"rotation": {"angle": 0, "axis": "y", "origin": [8.25, 8.1, 8]},
			"faces": {
				"north": {"uv": [16, 2, 14, 4], "texture": "#1"},
				"east": {"uv": [16, 2, 14, 4], "texture": "#1"},
				"south": {"uv": [16, 2, 14, 4], "texture": "#1"},
				"west": {"uv": [16, 2, 14, 4], "texture": "#1"},
				"up": {"uv": [16, 2, 14, 4], "rotation": 270, "texture": "#1"},
				"down": {"uv": [16, 2, 14, 4], "rotation": 90, "texture": "#1"}
			}
		},
		{
			"from": [13.2, 12.95, 10.1],
			"to": [13.8, 13.55, 10.7],
			"shade": false,
			"rotation": {"angle": 0, "axis": "y", "origin": [8.25, 8.1, 8]},
			"faces": {
				"north": {"uv": [8, 14, 10, 16], "texture": "#1"},
				"east": {"uv": [8, 14, 10, 16], "texture": "#1"},
				"south": {"uv": [8, 14, 10, 16], "texture": "#1"},
				"west": {"uv": [8, 14, 10, 16], "texture": "#1"},
				"up": {"uv": [8, 14, 10, 16], "rotation": 270, "texture": "#1"},
				"down": {"uv": [8, 14, 10, 16], "rotation": 90, "texture": "#1"}
			}
		},
		{
			"from": [14.05, 13.8, 10.95],
			"to": [12.95, 12.7, 9.85],
			"shade": false,
			"rotation": {"angle": 0, "axis": "y", "origin": [8.25, 8.1, 8]},
			"faces": {
				"north": {"uv": [10, 14, 12, 16], "texture": "#1"},
				"east": {"uv": [10, 14, 12, 16], "texture": "#1"},
				"south": {"uv": [10, 14, 12, 16], "texture": "#1"},
				"west": {"uv": [10, 14, 12, 16], "texture": "#1"},
				"up": {"uv": [10, 14, 12, 16], "rotation": 270, "texture": "#1"},
				"down": {"uv": [10, 14, 12, 16], "rotation": 90, "texture": "#1"}
			}
		},
		{
			"from": [13.15, 14.04143, 8.0747],
			"to": [13.85, 14.74143, 8.7747],
			"shade": false,
			"rotation": {"angle": 22.5, "axis": "x", "origin": [8.25, 8.1, 8]},
			"faces": {
				"north": {"uv": [8, 12, 10, 14], "texture": "#1"},
				"east": {"uv": [8, 12, 10, 14], "texture": "#1"},
				"south": {"uv": [8, 12, 10, 14], "texture": "#1"},
				"west": {"uv": [8, 12, 10, 14], "texture": "#1"},
				"up": {"uv": [8, 12, 10, 14], "rotation": 270, "texture": "#1"},
				"down": {"uv": [8, 12, 10, 14], "rotation": 90, "texture": "#1"}
			}
		},
		{
			"from": [14.15, 15.04143, 9.0747],
			"to": [12.85, 13.74143, 7.7747],
			"shade": false,
			"rotation": {"angle": 22.5, "axis": "x", "origin": [8.25, 8.1, 8]},
			"faces": {
				"north": {"uv": [10, 12, 12, 14], "texture": "#1"},
				"east": {"uv": [10, 12, 12, 14], "texture": "#1"},
				"south": {"uv": [10, 12, 12, 14], "texture": "#1"},
				"west": {"uv": [10, 12, 12, 14], "texture": "#1"},
				"up": {"uv": [10, 12, 12, 14], "rotation": 270, "texture": "#1"},
				"down": {"uv": [10, 12, 12, 14], "rotation": 90, "texture": "#1"}
			}
		},
		{
			"from": [13, 14.42358, 5.2019],
			"to": [14, 15.42358, 6.2019],
			"shade": false,
			"rotation": {"angle": 45, "axis": "x", "origin": [8.25, 8.1, 8]},
			"faces": {
				"north": {"uv": [8, 10, 10, 12], "texture": "#1"},
				"east": {"uv": [8, 10, 10, 12], "texture": "#1"},
				"south": {"uv": [8, 10, 10, 12], "texture": "#1"},
				"west": {"uv": [8, 10, 10, 12], "texture": "#1"},
				"up": {"uv": [8, 10, 10, 12], "rotation": 270, "texture": "#1"},
				"down": {"uv": [8, 10, 10, 12], "rotation": 90, "texture": "#1"}
			}
		},
		{
			"from": [14.25, 15.67358, 6.4519],
			"to": [12.75, 14.17358, 4.9519],
			"shade": false,
			"rotation": {"angle": 45, "axis": "x", "origin": [8.25, 8.1, 8]},
			"faces": {
				"north": {"uv": [10, 10, 12, 12], "texture": "#1"},
				"east": {"uv": [10, 10, 12, 12], "texture": "#1"},
				"south": {"uv": [10, 10, 12, 12], "texture": "#1"},
				"west": {"uv": [10, 10, 12, 12], "texture": "#1"},
				"up": {"uv": [10, 10, 12, 12], "rotation": 270, "texture": "#1"},
				"down": {"uv": [10, 10, 12, 12], "rotation": 90, "texture": "#1"}
			}
		},
		{
			"from": [13, 13.21076, 12.63827],
			"to": [14, 14.21076, 13.63827],
			"shade": false,
			"rotation": {"angle": -22.5, "axis": "x", "origin": [8.25, 8.1, 8]},
			"faces": {
				"north": {"uv": [8, 8, 10, 10], "rotation": 270, "texture": "#1"},
				"east": {"uv": [8, 8, 10, 10], "rotation": 270, "texture": "#1"},
				"south": {"uv": [8, 8, 10, 10], "rotation": 270, "texture": "#1"},
				"west": {"uv": [8, 8, 10, 10], "rotation": 90, "texture": "#1"},
				"up": {"uv": [8, 8, 10, 10], "rotation": 180, "texture": "#1"},
				"down": {"uv": [8, 8, 10, 10], "texture": "#1"}
			}
		},
		{
			"from": [14.25, 14.46076, 13.88827],
			"to": [12.75, 12.96076, 12.38827],
			"shade": false,
			"rotation": {"angle": -22.5, "axis": "x", "origin": [8.25, 8.1, 8]},
			"faces": {
				"north": {"uv": [10, 8, 12, 10], "rotation": 270, "texture": "#1"},
				"east": {"uv": [10, 8, 12, 10], "rotation": 270, "texture": "#1"},
				"south": {"uv": [10, 8, 12, 10], "rotation": 270, "texture": "#1"},
				"west": {"uv": [10, 8, 12, 10], "rotation": 90, "texture": "#1"},
				"up": {"uv": [10, 8, 12, 10], "rotation": 180, "texture": "#1"},
				"down": {"uv": [10, 8, 12, 10], "texture": "#1"}
			}
		},
		{
			"from": [13, 15.35, 9.6],
			"to": [14, 16.35, 10.6],
			"shade": false,
			"rotation": {"angle": 0, "axis": "y", "origin": [8.25, 8.1, 8]},
			"faces": {
				"north": {"uv": [8, 6, 10, 8], "texture": "#1"},
				"east": {"uv": [8, 6, 10, 8], "texture": "#1"},
				"south": {"uv": [8, 6, 10, 8], "texture": "#1"},
				"west": {"uv": [8, 6, 10, 8], "texture": "#1"},
				"up": {"uv": [8, 6, 10, 8], "rotation": 270, "texture": "#1"},
				"down": {"uv": [8, 6, 10, 8], "rotation": 90, "texture": "#1"}
			}
		},
		{
			"from": [14.25, 16.6, 10.85],
			"to": [12.75, 15.1, 9.35],
			"shade": false,
			"rotation": {"angle": 0, "axis": "y", "origin": [8.25, 8.1, 8]},
			"faces": {
				"north": {"uv": [10, 6, 12, 8], "texture": "#1"},
				"east": {"uv": [10, 6, 12, 8], "texture": "#1"},
				"south": {"uv": [10, 6, 12, 8], "texture": "#1"},
				"west": {"uv": [10, 6, 12, 8], "texture": "#1"},
				"up": {"uv": [10, 6, 12, 8], "rotation": 270, "texture": "#1"},
				"down": {"uv": [10, 6, 12, 8], "rotation": 90, "texture": "#1"}
			}
		},
		{
			"from": [13.15, 14.769, 13.04686],
			"to": [13.85, 15.469, 13.74686],
			"shade": false,
			"rotation": {"angle": -22.5, "axis": "x", "origin": [8.25, 8.1, 8]},
			"faces": {
				"north": {"uv": [8, 4, 10, 6], "texture": "#1"},
				"east": {"uv": [8, 4, 10, 6], "texture": "#1"},
				"south": {"uv": [8, 4, 10, 6], "texture": "#1"},
				"west": {"uv": [8, 4, 10, 6], "texture": "#1"},
				"up": {"uv": [8, 4, 10, 6], "rotation": 270, "texture": "#1"},
				"down": {"uv": [8, 4, 10, 6], "rotation": 90, "texture": "#1"}
			}
		},
		{
			"from": [14.15, 15.769, 14.04686],
			"to": [12.85, 14.469, 12.74686],
			"shade": false,
			"rotation": {"angle": -22.5, "axis": "x", "origin": [8.25, 8.1, 8]},
			"faces": {
				"north": {"uv": [10, 4, 12, 6], "texture": "#1"},
				"east": {"uv": [10, 4, 12, 6], "texture": "#1"},
				"south": {"uv": [10, 4, 12, 6], "texture": "#1"},
				"west": {"uv": [10, 4, 12, 6], "texture": "#1"},
				"up": {"uv": [10, 4, 12, 6], "rotation": 270, "texture": "#1"},
				"down": {"uv": [10, 4, 12, 6], "rotation": 90, "texture": "#1"}
			}
		},
		{
			"from": [13.2, 16.95, 10.25],
			"to": [13.8, 17.55, 10.85],
			"shade": false,
			"rotation": {"angle": 0, "axis": "y", "origin": [8.25, 8.1, 8]},
			"faces": {
				"north": {"uv": [8, 2, 10, 4], "texture": "#1"},
				"east": {"uv": [8, 2, 10, 4], "texture": "#1"},
				"south": {"uv": [8, 2, 10, 4], "texture": "#1"},
				"west": {"uv": [8, 2, 10, 4], "texture": "#1"},
				"up": {"uv": [8, 2, 10, 4], "rotation": 270, "texture": "#1"},
				"down": {"uv": [8, 2, 10, 4], "rotation": 90, "texture": "#1"}
			}
		},
		{
			"from": [14.05, 17.8, 11.1],
			"to": [12.95, 16.7, 10],
			"shade": false,
			"rotation": {"angle": 0, "axis": "y", "origin": [8.25, 8.1, 8]},
			"faces": {
				"north": {"uv": [10, 2, 12, 4], "texture": "#1"},
				"east": {"uv": [10, 2, 12, 4], "texture": "#1"},
				"south": {"uv": [10, 2, 12, 4], "texture": "#1"},
				"west": {"uv": [10, 2, 12, 4], "texture": "#1"},
				"up": {"uv": [10, 2, 12, 4], "rotation": 270, "texture": "#1"},
				"down": {"uv": [10, 2, 12, 4], "rotation": 90, "texture": "#1"}
			}
		},
		{
			"from": [13.2, 19.95, 7.8],
			"to": [13.8, 20.55, 8.4],
			"shade": false,
			"rotation": {"angle": 0, "axis": "y", "origin": [8.25, 8.1, 8]},
			"faces": {
				"north": {"uv": [6, 14, 4, 16], "texture": "#1"},
				"east": {"uv": [6, 14, 4, 16], "texture": "#1"},
				"south": {"uv": [6, 14, 4, 16], "texture": "#1"},
				"west": {"uv": [6, 14, 4, 16], "texture": "#1"},
				"up": {"uv": [6, 14, 4, 16], "rotation": 270, "texture": "#1"},
				"down": {"uv": [6, 14, 4, 16], "rotation": 90, "texture": "#1"}
			}
		},
		{
			"from": [14.05, 20.8, 8.65],
			"to": [12.95, 19.7, 7.55],
			"shade": false,
			"rotation": {"angle": 0, "axis": "y", "origin": [8.25, 8.1, 8]},
			"faces": {
				"north": {"uv": [8, 14, 6, 16], "texture": "#1"},
				"east": {"uv": [8, 14, 6, 16], "texture": "#1"},
				"south": {"uv": [8, 14, 6, 16], "texture": "#1"},
				"west": {"uv": [8, 14, 6, 16], "texture": "#1"},
				"up": {"uv": [8, 14, 6, 16], "rotation": 270, "texture": "#1"},
				"down": {"uv": [8, 14, 6, 16], "rotation": 90, "texture": "#1"}
			}
		},
		{
			"from": [13.15, 19.55188, 12.21378],
			"to": [13.85, 20.25188, 12.91378],
			"shade": false,
			"rotation": {"angle": -22.5, "axis": "x", "origin": [8.25, 8.1, 8]},
			"faces": {
				"north": {"uv": [6, 12, 4, 14], "texture": "#1"},
				"east": {"uv": [6, 12, 4, 14], "texture": "#1"},
				"south": {"uv": [6, 12, 4, 14], "texture": "#1"},
				"west": {"uv": [6, 12, 4, 14], "texture": "#1"},
				"up": {"uv": [6, 12, 4, 14], "rotation": 270, "texture": "#1"},
				"down": {"uv": [6, 12, 4, 14], "rotation": 90, "texture": "#1"}
			}
		},
		{
			"from": [14.15, 20.55188, 13.21378],
			"to": [12.85, 19.25188, 11.91378],
			"shade": false,
			"rotation": {"angle": -22.5, "axis": "x", "origin": [8.25, 8.1, 8]},
			"faces": {
				"north": {"uv": [8, 12, 6, 14], "texture": "#1"},
				"east": {"uv": [8, 12, 6, 14], "texture": "#1"},
				"south": {"uv": [8, 12, 6, 14], "texture": "#1"},
				"west": {"uv": [8, 12, 6, 14], "texture": "#1"},
				"up": {"uv": [8, 12, 6, 14], "rotation": 270, "texture": "#1"},
				"down": {"uv": [8, 12, 6, 14], "rotation": 90, "texture": "#1"}
			}
		},
		{
			"from": [13, 17.60556, 16.51561],
			"to": [14, 18.60556, 17.51561],
			"shade": false,
			"rotation": {"angle": -45, "axis": "x", "origin": [8.25, 8.1, 8]},
			"faces": {
				"north": {"uv": [6, 10, 4, 12], "texture": "#1"},
				"east": {"uv": [6, 10, 4, 12], "texture": "#1"},
				"south": {"uv": [6, 10, 4, 12], "texture": "#1"},
				"west": {"uv": [6, 10, 4, 12], "texture": "#1"},
				"up": {"uv": [6, 10, 4, 12], "rotation": 270, "texture": "#1"},
				"down": {"uv": [6, 10, 4, 12], "rotation": 90, "texture": "#1"}
			}
		},
		{
			"from": [14.25, 18.85556, 17.76561],
			"to": [12.75, 17.35556, 16.26561],
			"shade": false,
			"rotation": {"angle": -45, "axis": "x", "origin": [8.25, 8.1, 8]},
			"faces": {
				"north": {"uv": [8, 10, 6, 12], "texture": "#1"},
				"east": {"uv": [8, 10, 6, 12], "texture": "#1"},
				"south": {"uv": [8, 10, 6, 12], "texture": "#1"},
				"west": {"uv": [8, 10, 6, 12], "texture": "#1"},
				"up": {"uv": [8, 10, 6, 12], "rotation": 270, "texture": "#1"},
				"down": {"uv": [8, 10, 6, 12], "rotation": 90, "texture": "#1"}
			}
		},
		{
			"from": [13, 20.63463, 1.99264],
			"to": [14, 21.63463, 2.99264],
			"shade": false,
			"rotation": {"angle": 22.5, "axis": "x", "origin": [8.25, 8.1, 8]},
			"faces": {
				"north": {"uv": [4, 10, 6, 8], "rotation": 270, "texture": "#1"},
				"east": {"uv": [4, 10, 6, 8], "rotation": 270, "texture": "#1"},
				"south": {"uv": [4, 10, 6, 8], "rotation": 270, "texture": "#1"},
				"west": {"uv": [4, 10, 6, 8], "rotation": 90, "texture": "#1"},
				"up": {"uv": [4, 10, 6, 8], "rotation": 180, "texture": "#1"},
				"down": {"uv": [4, 10, 6, 8], "texture": "#1"}
			}
		},
		{
			"from": [14.25, 21.88463, 3.24264],
			"to": [12.75, 20.38463, 1.74264],
			"shade": false,
			"rotation": {"angle": 22.5, "axis": "x", "origin": [8.25, 8.1, 8]},
			"faces": {
				"north": {"uv": [6, 10, 8, 8], "rotation": 270, "texture": "#1"},
				"east": {"uv": [6, 10, 8, 8], "rotation": 270, "texture": "#1"},
				"south": {"uv": [6, 10, 8, 8], "rotation": 270, "texture": "#1"},
				"west": {"uv": [6, 10, 8, 8], "rotation": 90, "texture": "#1"},
				"up": {"uv": [6, 10, 8, 8], "rotation": 180, "texture": "#1"},
				"down": {"uv": [6, 10, 8, 8], "texture": "#1"}
			}
		},
		{
			"from": [13, 22.35, 7.9],
			"to": [14, 23.35, 8.9],
			"shade": false,
			"rotation": {"angle": 0, "axis": "y", "origin": [8.25, 8.1, 8]},
			"faces": {
				"north": {"uv": [6, 6, 4, 8], "texture": "#1"},
				"east": {"uv": [6, 6, 4, 8], "texture": "#1"},
				"south": {"uv": [6, 6, 4, 8], "texture": "#1"},
				"west": {"uv": [6, 6, 4, 8], "texture": "#1"},
				"up": {"uv": [6, 6, 4, 8], "rotation": 270, "texture": "#1"},
				"down": {"uv": [6, 6, 4, 8], "rotation": 90, "texture": "#1"}
			}
		},
		{
			"from": [14.25, 23.6, 9.15],
			"to": [12.75, 22.1, 7.65],
			"shade": false,
			"rotation": {"angle": 0, "axis": "y", "origin": [8.25, 8.1, 8]},
			"faces": {
				"north": {"uv": [8, 6, 6, 8], "texture": "#1"},
				"east": {"uv": [8, 6, 6, 8], "texture": "#1"},
				"south": {"uv": [8, 6, 6, 8], "texture": "#1"},
				"west": {"uv": [8, 6, 6, 8], "texture": "#1"},
				"up": {"uv": [8, 6, 6, 8], "rotation": 270, "texture": "#1"},
				"down": {"uv": [8, 6, 6, 8], "rotation": 90, "texture": "#1"}
			}
		},
		{
			"from": [13.15, 22.19287, 1.88405],
			"to": [13.85, 22.89287, 2.58405],
			"shade": false,
			"rotation": {"angle": 22.5, "axis": "x", "origin": [8.25, 8.1, 8]},
			"faces": {
				"north": {"uv": [6, 4, 4, 6], "texture": "#1"},
				"east": {"uv": [6, 4, 4, 6], "texture": "#1"},
				"south": {"uv": [6, 4, 4, 6], "texture": "#1"},
				"west": {"uv": [6, 4, 4, 6], "texture": "#1"},
				"up": {"uv": [6, 4, 4, 6], "rotation": 270, "texture": "#1"},
				"down": {"uv": [6, 4, 4, 6], "rotation": 90, "texture": "#1"}
			}
		},
		{
			"from": [14.15, 23.19287, 2.88405],
			"to": [12.85, 21.89287, 1.58405],
			"shade": false,
			"rotation": {"angle": 22.5, "axis": "x", "origin": [8.25, 8.1, 8]},
			"faces": {
				"north": {"uv": [8, 4, 6, 6], "texture": "#1"},
				"east": {"uv": [8, 4, 6, 6], "texture": "#1"},
				"south": {"uv": [8, 4, 6, 6], "texture": "#1"},
				"west": {"uv": [8, 4, 6, 6], "texture": "#1"},
				"up": {"uv": [8, 4, 6, 6], "rotation": 270, "texture": "#1"},
				"down": {"uv": [8, 4, 6, 6], "rotation": 90, "texture": "#1"}
			}
		},
		{
			"from": [13.2, 23.95, 7.65],
			"to": [13.8, 24.55, 8.25],
			"shade": false,
			"rotation": {"angle": 0, "axis": "y", "origin": [8.25, 8.1, 8]},
			"faces": {
				"north": {"uv": [6, 2, 4, 4], "texture": "#1"},
				"east": {"uv": [6, 2, 4, 4], "texture": "#1"},
				"south": {"uv": [6, 2, 4, 4], "texture": "#1"},
				"west": {"uv": [6, 2, 4, 4], "texture": "#1"},
				"up": {"uv": [6, 2, 4, 4], "rotation": 270, "texture": "#1"},
				"down": {"uv": [6, 2, 4, 4], "rotation": 90, "texture": "#1"}
			}
		},
		{
			"from": [14.05, 24.8, 8.5],
			"to": [12.95, 23.7, 7.4],
			"shade": false,
			"rotation": {"angle": 0, "axis": "y", "origin": [8.25, 8.1, 8]},
			"faces": {
				"north": {"uv": [8, 2, 6, 4], "texture": "#1"},
				"east": {"uv": [8, 2, 6, 4], "texture": "#1"},
				"south": {"uv": [8, 2, 6, 4], "texture": "#1"},
				"west": {"uv": [8, 2, 6, 4], "texture": "#1"},
				"up": {"uv": [8, 2, 6, 4], "rotation": 270, "texture": "#1"},
				"down": {"uv": [8, 2, 6, 4], "rotation": 90, "texture": "#1"}
			}
		}
	],
	"gui_light": "front",
	"display": {
		"thirdperson_righthand": {
			"translation": [-0.25, 3.25, 1],
			"scale": [0.6, 0.6, 0.6]
		},
		"thirdperson_lefthand": {
			"translation": [-0.25, 3.25, 1],
			"scale": [0.6, 0.6, 0.6]
		},
		"firstperson_righthand": {
			"rotation": [-6, 22, 9],
			"translation": [4, 4, -3],
			"scale": [0.54883, 0.54883, 0.54883]
		},
		"firstperson_lefthand": {
			"rotation": [-6, 22, 9],
			"translation": [4, 4, -3],
			"scale": [0.54883, 0.54883, 0.54883]
		},
		"ground": {
			"rotation": [94, 85, 0],
			"translation": [0, 0.25, -0.75],
			"scale": [0.5, 0.5, 0.5]
		},
		"gui": {
			"rotation": [-90, 45, 88],
			"translation": [0, 0.25, 0],
			"scale": [0.48, 0.48, 0.48]
		},
		"head": {
			"rotation": [90, -171, 90],
			"translation": [-2.25, 9.25, 0.25],
			"scale": [0.7, 0.7, 0.7]
		},
		"fixed": {
			"rotation": [0, 90, 0],
			"translation": [0, 0.25, -1.25],
			"scale": [1.2, 1.2, 1.2]
		}
	},
	"groups": [
		0,
		1,
		2,
		3,
		4,
		5,
		6,
		7,
		8,
		9,
		10,
		11,
		12,
		13,
		14,
		15,
		16,
		17,
		18,
		19,
		20,
		21,
		22,
		23,
		24,
		{
			"name": "particles",
			"origin": [8, 8, 8],
			"color": 0,
			"children": [
				{
					"name": "particles1",
					"origin": [0, 0, 0],
					"color": 0,
					"children": [
						{
							"name": "particle1",
							"origin": [0, 0, 0],
							"color": 0,
							"children": [25, 26]
						},
						{
							"name": "particle2",
							"origin": [0, 0, 0],
							"color": 0,
							"children": [27, 28]
						},
						{
							"name": "particle3",
							"origin": [0, 0, 0],
							"color": 0,
							"children": [29, 30]
						},
						{
							"name": "particle4",
							"origin": [0, 0, 0],
							"color": 0,
							"children": [31, 32]
						},
						{
							"name": "particle5",
							"origin": [0, 0, 0],
							"color": 0,
							"children": [33, 34]
						},
						{
							"name": "particle6",
							"origin": [0, 0, 0],
							"color": 0,
							"children": [35, 36]
						},
						{
							"name": "particle7",
							"origin": [0, 0, 0],
							"color": 0,
							"children": [37, 38]
						}
					]
				},
				{
					"name": "particles2",
					"origin": [0, 0, 0],
					"color": 0,
					"children": [
						{
							"name": "particle1",
							"origin": [0, 0, 0],
							"color": 0,
							"children": [39, 40]
						},
						{
							"name": "particle2",
							"origin": [0, 0, 0],
							"color": 0,
							"children": [41, 42]
						},
						{
							"name": "particle3",
							"origin": [0, 0, 0],
							"color": 0,
							"children": [43, 44]
						},
						{
							"name": "particle4",
							"origin": [0, 0, 0],
							"color": 0,
							"children": [45, 46]
						},
						{
							"name": "particle5",
							"origin": [0, 0, 0],
							"color": 0,
							"children": [47, 48]
						},
						{
							"name": "particle6",
							"origin": [0, 0, 0],
							"color": 0,
							"children": [49, 50]
						},
						{
							"name": "particle7",
							"origin": [0, 0, 0],
							"color": 0,
							"children": [51, 52]
						}
					]
				},
				{
					"name": "particles3",
					"origin": [0, 0, 0],
					"color": 0,
					"children": [
						{
							"name": "particle1",
							"origin": [0, 0, 0],
							"color": 0,
							"children": [53, 54]
						},
						{
							"name": "particle2",
							"origin": [0, 0, 0],
							"color": 0,
							"children": [55, 56]
						},
						{
							"name": "particle3",
							"origin": [0, 0, 0],
							"color": 0,
							"children": [57, 58]
						},
						{
							"name": "particle4",
							"origin": [0, 0, 0],
							"color": 0,
							"children": [59, 60]
						},
						{
							"name": "particle5",
							"origin": [0, 0, 0],
							"color": 0,
							"children": [61, 62]
						},
						{
							"name": "particle6",
							"origin": [0, 0, 0],
							"color": 0,
							"children": [63, 64]
						},
						{
							"name": "particle7",
							"origin": [0, 0, 0],
							"color": 0,
							"children": [65, 66]
						}
					]
				},
				{
					"name": "particles4",
					"origin": [0, 0, 0],
					"color": 0,
					"children": [
						{
							"name": "particle1",
							"origin": [0, 0, 0],
							"color": 0,
							"children": [67, 68]
						},
						{
							"name": "particle2",
							"origin": [0, 0, 0],
							"color": 0,
							"children": [69, 70]
						},
						{
							"name": "particle3",
							"origin": [0, 0, 0],
							"color": 0,
							"children": [71, 72]
						},
						{
							"name": "particle4",
							"origin": [0, 0, 0],
							"color": 0,
							"children": [73, 74]
						},
						{
							"name": "particle5",
							"origin": [0, 0, 0],
							"color": 0,
							"children": [75, 76]
						},
						{
							"name": "particle6",
							"origin": [0, 0, 0],
							"color": 0,
							"children": [77, 78]
						},
						{
							"name": "particle7",
							"origin": [0, 0, 0],
							"color": 0,
							"children": [79, 80]
						}
					]
				},
				{
					"name": "particles5",
					"origin": [0, 0, 0],
					"color": 0,
					"children": [
						{
							"name": "particle1",
							"origin": [0, 0, 0],
							"color": 0,
							"children": [81, 82]
						},
						{
							"name": "particle2",
							"origin": [0, 0, 0],
							"color": 0,
							"children": [83, 84]
						},
						{
							"name": "particle3",
							"origin": [0, 0, 0],
							"color": 0,
							"children": [85, 86]
						},
						{
							"name": "particle4",
							"origin": [0, 0, 0],
							"color": 0,
							"children": [87, 88]
						},
						{
							"name": "particle5",
							"origin": [0, 0, 0],
							"color": 0,
							"children": [89, 90]
						},
						{
							"name": "particle6",
							"origin": [0, 0, 0],
							"color": 0,
							"children": [91, 92]
						},
						{
							"name": "particle7",
							"origin": [0, 0, 0],
							"color": 0,
							"children": [93, 94]
						}
					]
				},
				{
					"name": "particles6",
					"origin": [0, 0, 0],
					"color": 0,
					"children": [
						{
							"name": "particle1",
							"origin": [0, 0, 0],
							"color": 0,
							"children": [95, 96]
						},
						{
							"name": "particle2",
							"origin": [0, 0, 0],
							"color": 0,
							"children": [97, 98]
						},
						{
							"name": "particle3",
							"origin": [0, 0, 0],
							"color": 0,
							"children": [99, 100]
						},
						{
							"name": "particle4",
							"origin": [0, 0, 0],
							"color": 0,
							"children": [101, 102]
						},
						{
							"name": "particle5",
							"origin": [0, 0, 0],
							"color": 0,
							"children": [103, 104]
						},
						{
							"name": "particle6",
							"origin": [0, 0, 0],
							"color": 0,
							"children": [105, 106]
						},
						{
							"name": "particle7",
							"origin": [0, 0, 0],
							"color": 0,
							"children": [107, 108]
						}
					]
				}
			]
		}
	]
}