{
	"credit": "by w11shes",
	"texture_size": [8, 8],
	"textures": {
		"1": "item/monstertower/crate/particle",
		"2": "item/monstertower/crate/shovel",
		"particle": "item/monstertower/crate/shovel"
	},
	"elements": [
		{
			"from": [5.5, 15.7, 5.5],
			"to": [10.5, 20.7, 10.5],
			"rotation": {"angle": 0, "axis": "y", "origin": [8, 9.2, 8]},
			"faces": {
				"north": {"uv": [6, 5.5, 8.5, 8], "texture": "#2"},
				"east": {"uv": [9, 3, 11.5, 5.5], "texture": "#2"},
				"south": {"uv": [3.5, 5.5, 6, 8], "texture": "#2"},
				"west": {"uv": [9, 3, 11.5, 5.5], "texture": "#2"}
			}
		},
		{
			"from": [6.5, 15.7, 5.5],
			"to": [9.5, 20.7, 10.5],
			"rotation": {"angle": 0, "axis": "y", "origin": [8, 9.2, 8]},
			"faces": {
				"east": {"uv": [12, 0, 14.5, 2.5], "texture": "#2"},
				"west": {"uv": [12, 0, 14.5, 2.5], "texture": "#2"}
			}
		},
		{
			"from": [10.5, 20.7, 10.5],
			"to": [5.5, 15.7, 5.5],
			"rotation": {"angle": 0, "axis": "y", "origin": [8, 9.2, 8]},
			"faces": {
				"north": {"uv": [3.5, 8, 6, 5.5], "texture": "#2"},
				"east": {"uv": [12.5, 5.5, 15, 3], "texture": "#2"},
				"south": {"uv": [6, 8, 8.5, 5.5], "texture": "#2"},
				"west": {"uv": [12.5, 5.5, 15, 3], "texture": "#2"}
			}
		},
		{
			"from": [5.48, 12.02843, 1.63604],
			"to": [10.52, 15.56396, 5.17157],
			"rotation": {"angle": 45, "axis": "x", "origin": [8, 9.2, 8]},
			"faces": {
				"east": {"uv": [8.5, 5, 10.5, 7], "texture": "#2"},
				"south": {"uv": [4.5, 2.5, 7, 4.5], "texture": "#2"},
				"west": {"uv": [10.5, 5, 8.5, 7], "texture": "#2"},
				"down": {"uv": [6.5, 8, 4.5, 10.5], "rotation": 270, "texture": "#2"}
			}
		},
		{
			"from": [6.48, 12.02843, 1.63604],
			"to": [9.52, 15.56396, 5.17157],
			"rotation": {"angle": 45, "axis": "x", "origin": [8, 9.2, 8]},
			"faces": {
				"east": {"uv": [11.5, 4.5, 13.5, 6.5], "texture": "#2"},
				"west": {"uv": [13.5, 4.5, 11.5, 6.5], "texture": "#2"}
			}
		},
		{
			"from": [10.52, 15.56393, 5.17154],
			"to": [5.48, 12.02843, 1.63604],
			"rotation": {"angle": 45, "axis": "x", "origin": [8, 9.2, 8]},
			"faces": {
				"north": {"uv": [4.5, 4.5, 7, 2.5], "texture": "#2"},
				"east": {"uv": [10.5, 7, 8.5, 5], "texture": "#2"},
				"west": {"uv": [8.5, 7, 10.5, 5], "texture": "#2"},
				"up": {"uv": [4.5, 8, 6.5, 10.5], "rotation": 90, "texture": "#2"}
			}
		},
		{
			"from": [5.48, 15.56396, 14.36396],
			"to": [10.52, 19.09949, 17.89949],
			"rotation": {"angle": -45, "axis": "x", "origin": [8, 9.2, 8]},
			"faces": {
				"east": {"uv": [9, 7, 11, 9], "texture": "#2"},
				"south": {"uv": [6.5, 8, 9, 10], "texture": "#2"},
				"west": {"uv": [11, 7, 9, 9], "texture": "#2"},
				"up": {"uv": [6.5, 2.5, 4.5, 0], "rotation": 90, "texture": "#2"}
			}
		},
		{
			"from": [6.48, 15.56396, 14.36396],
			"to": [9.52, 19.09949, 17.89949],
			"rotation": {"angle": -45, "axis": "x", "origin": [8, 9.2, 8]},
			"faces": {
				"east": {"uv": [12, 2.5, 14, 4.5], "texture": "#2"},
				"west": {"uv": [14, 2.5, 12, 4.5], "texture": "#2"}
			}
		},
		{
			"from": [10.52, 19.09949, 17.89946],
			"to": [5.48, 15.56399, 14.36396],
			"rotation": {"angle": -45, "axis": "x", "origin": [8, 9.2, 8]},
			"faces": {
				"north": {"uv": [6.5, 10, 9, 8], "texture": "#2"},
				"east": {"uv": [11, 9, 9, 7], "texture": "#2"},
				"west": {"uv": [9, 9, 11, 7], "texture": "#2"},
				"down": {"uv": [8.5, 2.5, 10.5, 0], "rotation": 270, "texture": "#2"}
			}
		},
		{
			"from": [6.5, 9.7, 6.5],
			"to": [9.5, 14.7, 9.5],
			"rotation": {"angle": 0, "axis": "y", "origin": [8, 9.2, 8]},
			"faces": {
				"north": {"uv": [2, 9.5, 3.5, 12], "texture": "#2"},
				"east": {"uv": [2, 9.5, 3.5, 12], "texture": "#2"},
				"south": {"uv": [2, 9.5, 3.5, 12], "texture": "#2"},
				"west": {"uv": [2, 9.5, 3.5, 12], "texture": "#2"},
				"down": {"uv": [8.5, 4, 7, 5.5], "rotation": 270, "texture": "#2"}
			}
		},
		{
			"from": [7, -2.3, 7],
			"to": [9, 9.7, 9],
			"rotation": {"angle": -45, "axis": "y", "origin": [8, 9.2, 8]},
			"faces": {
				"north": {"uv": [3.5, 8, 4.5, 14], "texture": "#2"},
				"east": {"uv": [4.5, 8, 3.5, 14], "texture": "#2"},
				"south": {"uv": [3.5, 8, 4.5, 14], "texture": "#2"},
				"west": {"uv": [4.5, 8, 3.5, 14], "texture": "#2"}
			}
		},
		{
			"from": [6, -1.78026, 14.98026],
			"to": [10, 2.21974, 18.98026],
			"rotation": {"angle": 45, "axis": "x", "origin": [8, 9.2, 8]},
			"faces": {
				"north": {"uv": [6.5, 10, 8.5, 12], "texture": "#2"},
				"east": {"uv": [9, 9, 11, 11], "texture": "#2"},
				"south": {"uv": [0, 9.5, 2, 11.5], "texture": "#2"},
				"west": {"uv": [11, 9, 9, 11], "texture": "#2"},
				"up": {"uv": [8.5, 2, 6.5, 0], "rotation": 90, "texture": "#2"},
				"down": {"uv": [9, 2, 7, 4], "rotation": 270, "texture": "#2"}
			}
		},
		{
			"from": [7.95, -11.8, 3.5],
			"to": [8, -3.8, 10.5],
			"rotation": {"angle": 0, "axis": "y", "origin": [8, 9.2, 8]},
			"faces": {
				"east": {"uv": [0, 5.5, 3.5, 9.5], "texture": "#2"},
				"west": {"uv": [3.5, 5.5, 0, 9.5], "texture": "#2"}
			}
		},
		{
			"from": [7.95, 15.7, -0.5],
			"to": [8, 21.7, 5.5],
			"rotation": {"angle": 0, "axis": "y", "origin": [8, 9.2, 8]},
			"faces": {
				"east": {"uv": [9, 0, 12, 3], "texture": "#2"},
				"west": {"uv": [12, 0, 9, 3], "texture": "#2"}
			}
		},
		{
			"from": [7.5, -8.8, 5.5],
			"to": [8.5, -3.8, 10.5],
			"rotation": {"angle": 0, "axis": "y", "origin": [8, 9.2, 8]},
			"faces": {
				"north": {"uv": [2, 5.5, 2.5, 8], "texture": "#2"},
				"east": {"uv": [0, 5.5, 2.5, 8], "texture": "#2"},
				"south": {"uv": [0, 5.5, 0.5, 8], "texture": "#2"},
				"west": {"uv": [2.5, 5.5, 0, 8], "texture": "#2"},
				"down": {"uv": [2.5, 7.5, 0, 8], "rotation": 270, "texture": "#2"}
			}
		},
		{
			"from": [7.5, 15.7, 1.5],
			"to": [8.5, 19.7, 5.5],
			"rotation": {"angle": 0, "axis": "y", "origin": [8, 9.2, 8]},
			"faces": {
				"north": {"uv": [10.5, 1, 11, 3], "texture": "#2"},
				"east": {"uv": [9, 1, 11, 3], "texture": "#2"},
				"west": {"uv": [11, 1, 9, 3], "texture": "#2"},
				"up": {"uv": [11, 1, 9, 1.5], "rotation": 90, "texture": "#2"},
				"down": {"uv": [11, 2.5, 9, 3], "rotation": 270, "texture": "#2"}
			}
		},
		{
			"from": [7.5, 15.7, 10.5],
			"to": [8.5, 19.7, 14.5],
			"rotation": {"angle": 0, "axis": "y", "origin": [8, 9.2, 8]},
			"faces": {
				"east": {"uv": [11, 1, 9, 3], "texture": "#2"},
				"south": {"uv": [11, 1, 10.5, 3], "texture": "#2"},
				"west": {"uv": [9, 1, 11, 3], "texture": "#2"},
				"up": {"uv": [9, 1, 11, 1.5], "rotation": 90, "texture": "#2"},
				"down": {"uv": [9, 2.5, 11, 3], "rotation": 270, "texture": "#2"}
			}
		},
		{
			"from": [7.95, 15.7, 10.5],
			"to": [8, 21.7, 16.5],
			"rotation": {"angle": 0, "axis": "y", "origin": [8, 9.2, 8]},
			"faces": {
				"east": {"uv": [12, 0, 9, 3], "texture": "#2"},
				"west": {"uv": [9, 0, 12, 3], "texture": "#2"}
			}
		},
		{
			"from": [7.95, 20.7, 3.5],
			"to": [8, 31.7, 12.5],
			"rotation": {"angle": 0, "axis": "y", "origin": [8, 9.2, 8]},
			"faces": {
				"east": {"uv": [0, 0, 4.5, 5.5], "texture": "#2"},
				"west": {"uv": [4.5, 0, 0, 5.5], "texture": "#2"}
			}
		},
		{
			"from": [7.5, 20.7, 4.5],
			"to": [8.5, 27.7, 11.5],
			"rotation": {"angle": 0, "axis": "y", "origin": [8, 9.2, 8]},
			"faces": {
				"north": {"uv": [3.5, 2, 4, 5.5], "texture": "#2"},
				"east": {"uv": [0.5, 2, 4, 5.5], "texture": "#2"},
				"south": {"uv": [0.5, 2, 1, 5.5], "texture": "#2"},
				"west": {"uv": [4, 2, 0.5, 5.5], "texture": "#2"},
				"up": {"uv": [4, 2, 0.5, 2.5], "rotation": 90, "texture": "#2"},
				"down": {"uv": [0.5, 5, 4, 5.5], "rotation": 270, "texture": "#2"}
			}
		},
		{
			"from": [11.95, 14.95, 5.55],
			"to": [12.55, 15.55, 6.15],
			"shade": false,
			"rotation": {"angle": 0, "axis": "y", "origin": [8, 9.2, 8]},
			"faces": {
				"north": {"uv": [0, 14, 2, 16], "texture": "#1"},
				"east": {"uv": [0, 14, 2, 16], "texture": "#1"},
				"south": {"uv": [0, 14, 2, 16], "texture": "#1"},
				"west": {"uv": [0, 14, 2, 16], "texture": "#1"},
				"up": {"uv": [0, 14, 2, 16], "rotation": 90, "texture": "#1"},
				"down": {"uv": [0, 14, 2, 16], "rotation": 270, "texture": "#1"}
			}
		},
		{
			"from": [12.8, 15.8, 6.4],
			"to": [11.7, 14.7, 5.3],
			"shade": false,
			"rotation": {"angle": 0, "axis": "y", "origin": [8, 9.2, 8]},
			"faces": {
				"north": {"uv": [2, 14, 4, 16], "texture": "#1"},
				"east": {"uv": [2, 14, 4, 16], "texture": "#1"},
				"south": {"uv": [2, 14, 4, 16], "texture": "#1"},
				"west": {"uv": [2, 14, 4, 16], "texture": "#1"},
				"up": {"uv": [2, 14, 4, 16], "rotation": 90, "texture": "#1"},
				"down": {"uv": [2, 14, 4, 16], "rotation": 270, "texture": "#1"}
			}
		},
		{
			"from": [11.9, 15.87725, 7.80069],
			"to": [12.6, 16.57725, 8.50069],
			"shade": false,
			"rotation": {"angle": -22.5, "axis": "x", "origin": [8, 9.2, 8]},
			"faces": {
				"north": {"uv": [0, 12, 2, 14], "texture": "#1"},
				"east": {"uv": [0, 12, 2, 14], "texture": "#1"},
				"south": {"uv": [0, 12, 2, 14], "texture": "#1"},
				"west": {"uv": [0, 12, 2, 14], "texture": "#1"},
				"up": {"uv": [0, 12, 2, 14], "rotation": 90, "texture": "#1"},
				"down": {"uv": [0, 12, 2, 14], "rotation": 270, "texture": "#1"}
			}
		},
		{
			"from": [12.9, 16.87725, 8.80069],
			"to": [11.6, 15.57725, 7.50069],
			"shade": false,
			"rotation": {"angle": -22.5, "axis": "x", "origin": [8, 9.2, 8]},
			"faces": {
				"north": {"uv": [2, 12, 4, 14], "texture": "#1"},
				"east": {"uv": [2, 12, 4, 14], "texture": "#1"},
				"south": {"uv": [2, 12, 4, 14], "texture": "#1"},
				"west": {"uv": [2, 12, 4, 14], "texture": "#1"},
				"up": {"uv": [2, 12, 4, 14], "rotation": 90, "texture": "#1"},
				"down": {"uv": [2, 12, 4, 14], "rotation": 270, "texture": "#1"}
			}
		},
		{
			"from": [11.75, 15.9832, 10.61127],
			"to": [12.75, 16.9832, 11.61127],
			"shade": false,
			"rotation": {"angle": -45, "axis": "x", "origin": [8, 9.2, 8]},
			"faces": {
				"north": {"uv": [0, 10, 2, 12], "texture": "#1"},
				"east": {"uv": [0, 10, 2, 12], "texture": "#1"},
				"south": {"uv": [0, 10, 2, 12], "texture": "#1"},
				"west": {"uv": [0, 10, 2, 12], "texture": "#1"},
				"up": {"uv": [0, 10, 2, 12], "rotation": 90, "texture": "#1"},
				"down": {"uv": [0, 10, 2, 12], "rotation": 270, "texture": "#1"}
			}
		},
		{
			"from": [13, 17.2332, 11.86127],
			"to": [11.5, 15.7332, 10.36127],
			"shade": false,
			"rotation": {"angle": -45, "axis": "x", "origin": [8, 9.2, 8]},
			"faces": {
				"north": {"uv": [2, 10, 4, 12], "texture": "#1"},
				"east": {"uv": [2, 10, 4, 12], "texture": "#1"},
				"south": {"uv": [2, 10, 4, 12], "texture": "#1"},
				"west": {"uv": [2, 10, 4, 12], "texture": "#1"},
				"up": {"uv": [2, 10, 4, 12], "rotation": 90, "texture": "#1"},
				"down": {"uv": [2, 10, 4, 12], "rotation": 270, "texture": "#1"}
			}
		},
		{
			"from": [11.75, 15.23792, 2.24828],
			"to": [12.75, 16.23792, 3.24828],
			"shade": false,
			"rotation": {"angle": 22.5, "axis": "x", "origin": [8, 9.2, 8]},
			"faces": {
				"north": {"uv": [0, 8, 2, 10], "rotation": 270, "texture": "#1"},
				"east": {"uv": [0, 8, 2, 10], "rotation": 90, "texture": "#1"},
				"south": {"uv": [0, 8, 2, 10], "rotation": 270, "texture": "#1"},
				"west": {"uv": [0, 8, 2, 10], "rotation": 270, "texture": "#1"},
				"up": {"uv": [0, 8, 2, 10], "texture": "#1"},
				"down": {"uv": [0, 8, 2, 10], "rotation": 180, "texture": "#1"}
			}
		},
		{
			"from": [13, 16.48792, 3.49828],
			"to": [11.5, 14.98792, 1.99828],
			"shade": false,
			"rotation": {"angle": 22.5, "axis": "x", "origin": [8, 9.2, 8]},
			"faces": {
				"north": {"uv": [2, 8, 4, 10], "rotation": 270, "texture": "#1"},
				"east": {"uv": [2, 8, 4, 10], "rotation": 90, "texture": "#1"},
				"south": {"uv": [2, 8, 4, 10], "rotation": 270, "texture": "#1"},
				"west": {"uv": [2, 8, 4, 10], "rotation": 270, "texture": "#1"},
				"up": {"uv": [2, 8, 4, 10], "texture": "#1"},
				"down": {"uv": [2, 8, 4, 10], "rotation": 180, "texture": "#1"}
			}
		},
		{
			"from": [11.75, 17.35, 5.65],
			"to": [12.75, 18.35, 6.65],
			"shade": false,
			"rotation": {"angle": 0, "axis": "y", "origin": [8, 9.2, 8]},
			"faces": {
				"north": {"uv": [0, 6, 2, 8], "texture": "#1"},
				"east": {"uv": [0, 6, 2, 8], "texture": "#1"},
				"south": {"uv": [0, 6, 2, 8], "texture": "#1"},
				"west": {"uv": [0, 6, 2, 8], "texture": "#1"},
				"up": {"uv": [0, 6, 2, 8], "rotation": 90, "texture": "#1"},
				"down": {"uv": [0, 6, 2, 8], "rotation": 270, "texture": "#1"}
			}
		},
		{
			"from": [13, 18.6, 6.9],
			"to": [11.5, 17.1, 5.4],
			"shade": false,
			"rotation": {"angle": 0, "axis": "y", "origin": [8, 9.2, 8]},
			"faces": {
				"north": {"uv": [2, 6, 4, 8], "texture": "#1"},
				"east": {"uv": [2, 6, 4, 8], "texture": "#1"},
				"south": {"uv": [2, 6, 4, 8], "texture": "#1"},
				"west": {"uv": [2, 6, 4, 8], "texture": "#1"},
				"up": {"uv": [2, 6, 4, 8], "rotation": 90, "texture": "#1"},
				"down": {"uv": [2, 6, 4, 8], "rotation": 270, "texture": "#1"}
			}
		},
		{
			"from": [11.9, 16.79616, 2.13969],
			"to": [12.6, 17.49616, 2.83969],
			"shade": false,
			"rotation": {"angle": 22.5, "axis": "x", "origin": [8, 9.2, 8]},
			"faces": {
				"north": {"uv": [0, 4, 2, 6], "texture": "#1"},
				"east": {"uv": [0, 4, 2, 6], "texture": "#1"},
				"south": {"uv": [0, 4, 2, 6], "texture": "#1"},
				"west": {"uv": [0, 4, 2, 6], "texture": "#1"},
				"up": {"uv": [0, 4, 2, 6], "rotation": 90, "texture": "#1"},
				"down": {"uv": [0, 4, 2, 6], "rotation": 270, "texture": "#1"}
			}
		},
		{
			"from": [12.9, 17.79616, 3.13969],
			"to": [11.6, 16.49616, 1.83969],
			"shade": false,
			"rotation": {"angle": 22.5, "axis": "x", "origin": [8, 9.2, 8]},
			"faces": {
				"north": {"uv": [2, 4, 4, 6], "texture": "#1"},
				"east": {"uv": [2, 4, 4, 6], "texture": "#1"},
				"south": {"uv": [2, 4, 4, 6], "texture": "#1"},
				"west": {"uv": [2, 4, 4, 6], "texture": "#1"},
				"up": {"uv": [2, 4, 4, 6], "rotation": 90, "texture": "#1"},
				"down": {"uv": [2, 4, 4, 6], "rotation": 270, "texture": "#1"}
			}
		},
		{
			"from": [11.95, 18.95, 5.4],
			"to": [12.55, 19.55, 6],
			"shade": false,
			"rotation": {"angle": 0, "axis": "y", "origin": [8, 9.2, 8]},
			"faces": {
				"north": {"uv": [0, 2, 2, 4], "texture": "#1"},
				"east": {"uv": [0, 2, 2, 4], "texture": "#1"},
				"south": {"uv": [0, 2, 2, 4], "texture": "#1"},
				"west": {"uv": [0, 2, 2, 4], "texture": "#1"},
				"up": {"uv": [0, 2, 2, 4], "rotation": 90, "texture": "#1"},
				"down": {"uv": [0, 2, 2, 4], "rotation": 270, "texture": "#1"}
			}
		},
		{
			"from": [12.8, 19.8, 6.25],
			"to": [11.7, 18.7, 5.15],
			"shade": false,
			"rotation": {"angle": 0, "axis": "y", "origin": [8, 9.2, 8]},
			"faces": {
				"north": {"uv": [2, 2, 4, 4], "texture": "#1"},
				"east": {"uv": [2, 2, 4, 4], "texture": "#1"},
				"south": {"uv": [2, 2, 4, 4], "texture": "#1"},
				"west": {"uv": [2, 2, 4, 4], "texture": "#1"},
				"up": {"uv": [2, 2, 4, 4], "rotation": 90, "texture": "#1"},
				"down": {"uv": [2, 2, 4, 4], "rotation": 270, "texture": "#1"}
			}
		},
		{
			"from": [11.95, 17.95, 9.85],
			"to": [12.55, 18.55, 10.45],
			"shade": false,
			"rotation": {"angle": 0, "axis": "y", "origin": [8, 9.2, 8]},
			"faces": {
				"north": {"uv": [6, 14, 4, 16], "texture": "#1"},
				"east": {"uv": [6, 14, 4, 16], "texture": "#1"},
				"south": {"uv": [6, 14, 4, 16], "texture": "#1"},
				"west": {"uv": [6, 14, 4, 16], "texture": "#1"},
				"up": {"uv": [6, 14, 4, 16], "rotation": 90, "texture": "#1"},
				"down": {"uv": [6, 14, 4, 16], "rotation": 270, "texture": "#1"}
			}
		},
		{
			"from": [12.8, 18.8, 10.7],
			"to": [11.7, 17.7, 9.6],
			"shade": false,
			"rotation": {"angle": 0, "axis": "y", "origin": [8, 9.2, 8]},
			"faces": {
				"north": {"uv": [8, 14, 6, 16], "texture": "#1"},
				"east": {"uv": [8, 14, 6, 16], "texture": "#1"},
				"south": {"uv": [8, 14, 6, 16], "texture": "#1"},
				"west": {"uv": [8, 14, 6, 16], "texture": "#1"},
				"up": {"uv": [8, 14, 6, 16], "rotation": 90, "texture": "#1"},
				"down": {"uv": [8, 14, 6, 16], "rotation": 270, "texture": "#1"}
			}
		},
		{
			"from": [11.9, 18.64889, 6.35127],
			"to": [12.6, 19.34889, 7.05127],
			"shade": false,
			"rotation": {"angle": 22.5, "axis": "x", "origin": [8, 9.2, 8]},
			"faces": {
				"north": {"uv": [6, 12, 4, 14], "texture": "#1"},
				"east": {"uv": [6, 12, 4, 14], "texture": "#1"},
				"south": {"uv": [6, 12, 4, 14], "texture": "#1"},
				"west": {"uv": [6, 12, 4, 14], "texture": "#1"},
				"up": {"uv": [6, 12, 4, 14], "rotation": 90, "texture": "#1"},
				"down": {"uv": [6, 12, 4, 14], "rotation": 270, "texture": "#1"}
			}
		},
		{
			"from": [12.9, 19.64889, 7.35127],
			"to": [11.6, 18.34889, 6.05127],
			"shade": false,
			"rotation": {"angle": 22.5, "axis": "x", "origin": [8, 9.2, 8]},
			"faces": {
				"north": {"uv": [8, 12, 6, 14], "texture": "#1"},
				"east": {"uv": [8, 12, 6, 14], "texture": "#1"},
				"south": {"uv": [8, 12, 6, 14], "texture": "#1"},
				"west": {"uv": [8, 12, 6, 14], "texture": "#1"},
				"up": {"uv": [8, 12, 6, 14], "rotation": 90, "texture": "#1"},
				"down": {"uv": [8, 12, 6, 14], "rotation": 270, "texture": "#1"}
			}
		},
		{
			"from": [11.75, 18.10452, 2.26741],
			"to": [12.75, 19.10452, 3.26741],
			"shade": false,
			"rotation": {"angle": 45, "axis": "x", "origin": [8, 9.2, 8]},
			"faces": {
				"north": {"uv": [6, 10, 4, 12], "texture": "#1"},
				"east": {"uv": [6, 10, 4, 12], "texture": "#1"},
				"south": {"uv": [6, 10, 4, 12], "texture": "#1"},
				"west": {"uv": [6, 10, 4, 12], "texture": "#1"},
				"up": {"uv": [6, 10, 4, 12], "rotation": 90, "texture": "#1"},
				"down": {"uv": [6, 10, 4, 12], "rotation": 270, "texture": "#1"}
			}
		},
		{
			"from": [13, 19.35452, 3.51741],
			"to": [11.5, 17.85452, 2.01741],
			"shade": false,
			"rotation": {"angle": 45, "axis": "x", "origin": [8, 9.2, 8]},
			"faces": {
				"north": {"uv": [8, 10, 6, 12], "texture": "#1"},
				"east": {"uv": [8, 10, 6, 12], "texture": "#1"},
				"south": {"uv": [8, 10, 6, 12], "texture": "#1"},
				"west": {"uv": [8, 10, 6, 12], "texture": "#1"},
				"up": {"uv": [8, 10, 6, 12], "rotation": 90, "texture": "#1"},
				"down": {"uv": [8, 10, 6, 12], "rotation": 270, "texture": "#1"}
			}
		},
		{
			"from": [11.75, 18.00956, 13.89977],
			"to": [12.75, 19.00956, 14.89977],
			"shade": false,
			"rotation": {"angle": -22.5, "axis": "x", "origin": [8, 9.2, 8]},
			"faces": {
				"north": {"uv": [4, 10, 6, 8], "rotation": 270, "texture": "#1"},
				"east": {"uv": [4, 10, 6, 8], "rotation": 90, "texture": "#1"},
				"south": {"uv": [4, 10, 6, 8], "rotation": 270, "texture": "#1"},
				"west": {"uv": [4, 10, 6, 8], "rotation": 270, "texture": "#1"},
				"up": {"uv": [4, 10, 6, 8], "texture": "#1"},
				"down": {"uv": [4, 10, 6, 8], "rotation": 180, "texture": "#1"}
			}
		},
		{
			"from": [13, 19.25956, 15.14977],
			"to": [11.5, 17.75956, 13.64977],
			"shade": false,
			"rotation": {"angle": -22.5, "axis": "x", "origin": [8, 9.2, 8]},
			"faces": {
				"north": {"uv": [6, 10, 8, 8], "rotation": 270, "texture": "#1"},
				"east": {"uv": [6, 10, 8, 8], "rotation": 90, "texture": "#1"},
				"south": {"uv": [6, 10, 8, 8], "rotation": 270, "texture": "#1"},
				"west": {"uv": [6, 10, 8, 8], "rotation": 270, "texture": "#1"},
				"up": {"uv": [6, 10, 8, 8], "texture": "#1"},
				"down": {"uv": [6, 10, 8, 8], "rotation": 180, "texture": "#1"}
			}
		},
		{
			"from": [11.75, 20.35, 9.35],
			"to": [12.75, 21.35, 10.35],
			"shade": false,
			"rotation": {"angle": 0, "axis": "y", "origin": [8, 9.2, 8]},
			"faces": {
				"north": {"uv": [6, 6, 4, 8], "texture": "#1"},
				"east": {"uv": [6, 6, 4, 8], "texture": "#1"},
				"south": {"uv": [6, 6, 4, 8], "texture": "#1"},
				"west": {"uv": [6, 6, 4, 8], "texture": "#1"},
				"up": {"uv": [6, 6, 4, 8], "rotation": 90, "texture": "#1"},
				"down": {"uv": [6, 6, 4, 8], "rotation": 270, "texture": "#1"}
			}
		},
		{
			"from": [13, 21.6, 10.6],
			"to": [11.5, 20.1, 9.1],
			"shade": false,
			"rotation": {"angle": 0, "axis": "y", "origin": [8, 9.2, 8]},
			"faces": {
				"north": {"uv": [8, 6, 6, 8], "texture": "#1"},
				"east": {"uv": [8, 6, 6, 8], "texture": "#1"},
				"south": {"uv": [8, 6, 6, 8], "texture": "#1"},
				"west": {"uv": [8, 6, 6, 8], "texture": "#1"},
				"up": {"uv": [8, 6, 6, 8], "rotation": 90, "texture": "#1"},
				"down": {"uv": [8, 6, 6, 8], "rotation": 270, "texture": "#1"}
			}
		},
		{
			"from": [11.9, 19.5678, 14.30836],
			"to": [12.6, 20.2678, 15.00836],
			"shade": false,
			"rotation": {"angle": -22.5, "axis": "x", "origin": [8, 9.2, 8]},
			"faces": {
				"north": {"uv": [6, 4, 4, 6], "texture": "#1"},
				"east": {"uv": [6, 4, 4, 6], "texture": "#1"},
				"south": {"uv": [6, 4, 4, 6], "texture": "#1"},
				"west": {"uv": [6, 4, 4, 6], "texture": "#1"},
				"up": {"uv": [6, 4, 4, 6], "rotation": 90, "texture": "#1"},
				"down": {"uv": [6, 4, 4, 6], "rotation": 270, "texture": "#1"}
			}
		},
		{
			"from": [12.9, 20.5678, 15.30836],
			"to": [11.6, 19.2678, 14.00836],
			"shade": false,
			"rotation": {"angle": -22.5, "axis": "x", "origin": [8, 9.2, 8]},
			"faces": {
				"north": {"uv": [8, 4, 6, 6], "texture": "#1"},
				"east": {"uv": [8, 4, 6, 6], "texture": "#1"},
				"south": {"uv": [8, 4, 6, 6], "texture": "#1"},
				"west": {"uv": [8, 4, 6, 6], "texture": "#1"},
				"up": {"uv": [8, 4, 6, 6], "rotation": 90, "texture": "#1"},
				"down": {"uv": [8, 4, 6, 6], "rotation": 270, "texture": "#1"}
			}
		},
		{
			"from": [11.95, 21.95, 10],
			"to": [12.55, 22.55, 10.6],
			"shade": false,
			"rotation": {"angle": 0, "axis": "y", "origin": [8, 9.2, 8]},
			"faces": {
				"north": {"uv": [6, 2, 4, 4], "texture": "#1"},
				"east": {"uv": [6, 2, 4, 4], "texture": "#1"},
				"south": {"uv": [6, 2, 4, 4], "texture": "#1"},
				"west": {"uv": [6, 2, 4, 4], "texture": "#1"},
				"up": {"uv": [6, 2, 4, 4], "rotation": 90, "texture": "#1"},
				"down": {"uv": [6, 2, 4, 4], "rotation": 270, "texture": "#1"}
			}
		},
		{
			"from": [12.8, 22.8, 10.85],
			"to": [11.7, 21.7, 9.75],
			"shade": false,
			"rotation": {"angle": 0, "axis": "y", "origin": [8, 9.2, 8]},
			"faces": {
				"north": {"uv": [8, 2, 6, 4], "texture": "#1"},
				"east": {"uv": [8, 2, 6, 4], "texture": "#1"},
				"south": {"uv": [8, 2, 6, 4], "texture": "#1"},
				"west": {"uv": [8, 2, 6, 4], "texture": "#1"},
				"up": {"uv": [8, 2, 6, 4], "rotation": 90, "texture": "#1"},
				"down": {"uv": [8, 2, 6, 4], "rotation": 270, "texture": "#1"}
			}
		},
		{
			"from": [3.45, 17.95, 9.85],
			"to": [4.05, 18.55, 10.45],
			"shade": false,
			"rotation": {"angle": 0, "axis": "y", "origin": [8, 9.2, 8]},
			"faces": {
				"north": {"uv": [14, 14, 12, 16], "texture": "#1"},
				"east": {"uv": [14, 14, 12, 16], "texture": "#1"},
				"south": {"uv": [14, 14, 12, 16], "texture": "#1"},
				"west": {"uv": [14, 14, 12, 16], "texture": "#1"},
				"up": {"uv": [14, 14, 12, 16], "rotation": 90, "texture": "#1"},
				"down": {"uv": [14, 14, 12, 16], "rotation": 270, "texture": "#1"}
			}
		},
		{
			"from": [4.3, 18.8, 10.7],
			"to": [3.2, 17.7, 9.6],
			"shade": false,
			"rotation": {"angle": 0, "axis": "y", "origin": [8, 9.2, 8]},
			"faces": {
				"north": {"uv": [16, 14, 14, 16], "texture": "#1"},
				"east": {"uv": [16, 14, 14, 16], "texture": "#1"},
				"south": {"uv": [16, 14, 14, 16], "texture": "#1"},
				"west": {"uv": [16, 14, 14, 16], "texture": "#1"},
				"up": {"uv": [16, 14, 14, 16], "rotation": 90, "texture": "#1"},
				"down": {"uv": [16, 14, 14, 16], "rotation": 270, "texture": "#1"}
			}
		},
		{
			"from": [3.4, 18.64889, 6.35127],
			"to": [4.1, 19.34889, 7.05127],
			"shade": false,
			"rotation": {"angle": 22.5, "axis": "x", "origin": [8, 9.2, 8]},
			"faces": {
				"north": {"uv": [14, 12, 12, 14], "texture": "#1"},
				"east": {"uv": [14, 12, 12, 14], "texture": "#1"},
				"south": {"uv": [14, 12, 12, 14], "texture": "#1"},
				"west": {"uv": [14, 12, 12, 14], "texture": "#1"},
				"up": {"uv": [14, 12, 12, 14], "rotation": 90, "texture": "#1"},
				"down": {"uv": [14, 12, 12, 14], "rotation": 270, "texture": "#1"}
			}
		},
		{
			"from": [4.4, 19.64889, 7.35127],
			"to": [3.1, 18.34889, 6.05127],
			"shade": false,
			"rotation": {"angle": 22.5, "axis": "x", "origin": [8, 9.2, 8]},
			"faces": {
				"north": {"uv": [16, 12, 14, 14], "texture": "#1"},
				"east": {"uv": [16, 12, 14, 14], "texture": "#1"},
				"south": {"uv": [16, 12, 14, 14], "texture": "#1"},
				"west": {"uv": [16, 12, 14, 14], "texture": "#1"},
				"up": {"uv": [16, 12, 14, 14], "rotation": 90, "texture": "#1"},
				"down": {"uv": [16, 12, 14, 14], "rotation": 270, "texture": "#1"}
			}
		},
		{
			"from": [3.25, 18.10452, 2.26741],
			"to": [4.25, 19.10452, 3.26741],
			"shade": false,
			"rotation": {"angle": 45, "axis": "x", "origin": [8, 9.2, 8]},
			"faces": {
				"north": {"uv": [14, 10, 12, 12], "texture": "#1"},
				"east": {"uv": [14, 10, 12, 12], "texture": "#1"},
				"south": {"uv": [14, 10, 12, 12], "texture": "#1"},
				"west": {"uv": [14, 10, 12, 12], "texture": "#1"},
				"up": {"uv": [14, 10, 12, 12], "rotation": 90, "texture": "#1"},
				"down": {"uv": [14, 10, 12, 12], "rotation": 270, "texture": "#1"}
			}
		},
		{
			"from": [4.5, 19.35452, 3.51741],
			"to": [3, 17.85452, 2.01741],
			"shade": false,
			"rotation": {"angle": 45, "axis": "x", "origin": [8, 9.2, 8]},
			"faces": {
				"north": {"uv": [16, 10, 14, 12], "texture": "#1"},
				"east": {"uv": [16, 10, 14, 12], "texture": "#1"},
				"south": {"uv": [16, 10, 14, 12], "texture": "#1"},
				"west": {"uv": [16, 10, 14, 12], "texture": "#1"},
				"up": {"uv": [16, 10, 14, 12], "rotation": 90, "texture": "#1"},
				"down": {"uv": [16, 10, 14, 12], "rotation": 270, "texture": "#1"}
			}
		},
		{
			"from": [3.25, 18.00956, 13.89977],
			"to": [4.25, 19.00956, 14.89977],
			"shade": false,
			"rotation": {"angle": -22.5, "axis": "x", "origin": [8, 9.2, 8]},
			"faces": {
				"north": {"uv": [12, 10, 14, 8], "rotation": 270, "texture": "#1"},
				"east": {"uv": [12, 10, 14, 8], "rotation": 90, "texture": "#1"},
				"south": {"uv": [12, 10, 14, 8], "rotation": 270, "texture": "#1"},
				"west": {"uv": [12, 10, 14, 8], "rotation": 270, "texture": "#1"},
				"up": {"uv": [12, 10, 14, 8], "texture": "#1"},
				"down": {"uv": [12, 10, 14, 8], "rotation": 180, "texture": "#1"}
			}
		},
		{
			"from": [4.5, 19.25956, 15.14977],
			"to": [3, 17.75956, 13.64977],
			"shade": false,
			"rotation": {"angle": -22.5, "axis": "x", "origin": [8, 9.2, 8]},
			"faces": {
				"north": {"uv": [14, 10, 16, 8], "rotation": 270, "texture": "#1"},
				"east": {"uv": [14, 10, 16, 8], "rotation": 90, "texture": "#1"},
				"south": {"uv": [14, 10, 16, 8], "rotation": 270, "texture": "#1"},
				"west": {"uv": [14, 10, 16, 8], "rotation": 270, "texture": "#1"},
				"up": {"uv": [14, 10, 16, 8], "texture": "#1"},
				"down": {"uv": [14, 10, 16, 8], "rotation": 180, "texture": "#1"}
			}
		},
		{
			"from": [3.25, 20.35, 9.35],
			"to": [4.25, 21.35, 10.35],
			"shade": false,
			"rotation": {"angle": 0, "axis": "y", "origin": [8, 9.2, 8]},
			"faces": {
				"north": {"uv": [14, 6, 12, 8], "texture": "#1"},
				"east": {"uv": [14, 6, 12, 8], "texture": "#1"},
				"south": {"uv": [14, 6, 12, 8], "texture": "#1"},
				"west": {"uv": [14, 6, 12, 8], "texture": "#1"},
				"up": {"uv": [14, 6, 12, 8], "rotation": 90, "texture": "#1"},
				"down": {"uv": [14, 6, 12, 8], "rotation": 270, "texture": "#1"}
			}
		},
		{
			"from": [4.5, 21.6, 10.6],
			"to": [3, 20.1, 9.1],
			"shade": false,
			"rotation": {"angle": 0, "axis": "y", "origin": [8, 9.2, 8]},
			"faces": {
				"north": {"uv": [16, 6, 14, 8], "texture": "#1"},
				"east": {"uv": [16, 6, 14, 8], "texture": "#1"},
				"south": {"uv": [16, 6, 14, 8], "texture": "#1"},
				"west": {"uv": [16, 6, 14, 8], "texture": "#1"},
				"up": {"uv": [16, 6, 14, 8], "rotation": 90, "texture": "#1"},
				"down": {"uv": [16, 6, 14, 8], "rotation": 270, "texture": "#1"}
			}
		},
		{
			"from": [3.4, 19.5678, 14.30836],
			"to": [4.1, 20.2678, 15.00836],
			"shade": false,
			"rotation": {"angle": -22.5, "axis": "x", "origin": [8, 9.2, 8]},
			"faces": {
				"north": {"uv": [14, 4, 12, 6], "texture": "#1"},
				"east": {"uv": [14, 4, 12, 6], "texture": "#1"},
				"south": {"uv": [14, 4, 12, 6], "texture": "#1"},
				"west": {"uv": [14, 4, 12, 6], "texture": "#1"},
				"up": {"uv": [14, 4, 12, 6], "rotation": 90, "texture": "#1"},
				"down": {"uv": [14, 4, 12, 6], "rotation": 270, "texture": "#1"}
			}
		},
		{
			"from": [4.4, 20.5678, 15.30836],
			"to": [3.1, 19.2678, 14.00836],
			"shade": false,
			"rotation": {"angle": -22.5, "axis": "x", "origin": [8, 9.2, 8]},
			"faces": {
				"north": {"uv": [16, 4, 14, 6], "texture": "#1"},
				"east": {"uv": [16, 4, 14, 6], "texture": "#1"},
				"south": {"uv": [16, 4, 14, 6], "texture": "#1"},
				"west": {"uv": [16, 4, 14, 6], "texture": "#1"},
				"up": {"uv": [16, 4, 14, 6], "rotation": 90, "texture": "#1"},
				"down": {"uv": [16, 4, 14, 6], "rotation": 270, "texture": "#1"}
			}
		},
		{
			"from": [3.45, 21.95, 10],
			"to": [4.05, 22.55, 10.6],
			"shade": false,
			"rotation": {"angle": 0, "axis": "y", "origin": [8, 9.2, 8]},
			"faces": {
				"north": {"uv": [14, 2, 12, 4], "texture": "#1"},
				"east": {"uv": [14, 2, 12, 4], "texture": "#1"},
				"south": {"uv": [14, 2, 12, 4], "texture": "#1"},
				"west": {"uv": [14, 2, 12, 4], "texture": "#1"},
				"up": {"uv": [14, 2, 12, 4], "rotation": 90, "texture": "#1"},
				"down": {"uv": [14, 2, 12, 4], "rotation": 270, "texture": "#1"}
			}
		},
		{
			"from": [4.3, 22.8, 10.85],
			"to": [3.2, 21.7, 9.75],
			"shade": false,
			"rotation": {"angle": 0, "axis": "y", "origin": [8, 9.2, 8]},
			"faces": {
				"north": {"uv": [16, 2, 14, 4], "texture": "#1"},
				"east": {"uv": [16, 2, 14, 4], "texture": "#1"},
				"south": {"uv": [16, 2, 14, 4], "texture": "#1"},
				"west": {"uv": [16, 2, 14, 4], "texture": "#1"},
				"up": {"uv": [16, 2, 14, 4], "rotation": 90, "texture": "#1"},
				"down": {"uv": [16, 2, 14, 4], "rotation": 270, "texture": "#1"}
			}
		},
		{
			"from": [3.45, 14.95, 5.55],
			"to": [4.05, 15.55, 6.15],
			"shade": false,
			"rotation": {"angle": 0, "axis": "y", "origin": [8, 9.2, 8]},
			"faces": {
				"north": {"uv": [8, 14, 10, 16], "texture": "#1"},
				"east": {"uv": [8, 14, 10, 16], "texture": "#1"},
				"south": {"uv": [8, 14, 10, 16], "texture": "#1"},
				"west": {"uv": [8, 14, 10, 16], "texture": "#1"},
				"up": {"uv": [8, 14, 10, 16], "rotation": 90, "texture": "#1"},
				"down": {"uv": [8, 14, 10, 16], "rotation": 270, "texture": "#1"}
			}
		},
		{
			"from": [4.3, 15.8, 6.4],
			"to": [3.2, 14.7, 5.3],
			"shade": false,
			"rotation": {"angle": 0, "axis": "y", "origin": [8, 9.2, 8]},
			"faces": {
				"north": {"uv": [10, 14, 12, 16], "texture": "#1"},
				"east": {"uv": [10, 14, 12, 16], "texture": "#1"},
				"south": {"uv": [10, 14, 12, 16], "texture": "#1"},
				"west": {"uv": [10, 14, 12, 16], "texture": "#1"},
				"up": {"uv": [10, 14, 12, 16], "rotation": 90, "texture": "#1"},
				"down": {"uv": [10, 14, 12, 16], "rotation": 270, "texture": "#1"}
			}
		},
		{
			"from": [3.4, 15.87725, 7.80069],
			"to": [4.1, 16.57725, 8.50069],
			"shade": false,
			"rotation": {"angle": -22.5, "axis": "x", "origin": [8, 9.2, 8]},
			"faces": {
				"north": {"uv": [8, 12, 10, 14], "texture": "#1"},
				"east": {"uv": [8, 12, 10, 14], "texture": "#1"},
				"south": {"uv": [8, 12, 10, 14], "texture": "#1"},
				"west": {"uv": [8, 12, 10, 14], "texture": "#1"},
				"up": {"uv": [8, 12, 10, 14], "rotation": 90, "texture": "#1"},
				"down": {"uv": [8, 12, 10, 14], "rotation": 270, "texture": "#1"}
			}
		},
		{
			"from": [4.4, 16.87725, 8.80069],
			"to": [3.1, 15.57725, 7.50069],
			"shade": false,
			"rotation": {"angle": -22.5, "axis": "x", "origin": [8, 9.2, 8]},
			"faces": {
				"north": {"uv": [10, 12, 12, 14], "texture": "#1"},
				"east": {"uv": [10, 12, 12, 14], "texture": "#1"},
				"south": {"uv": [10, 12, 12, 14], "texture": "#1"},
				"west": {"uv": [10, 12, 12, 14], "texture": "#1"},
				"up": {"uv": [10, 12, 12, 14], "rotation": 90, "texture": "#1"},
				"down": {"uv": [10, 12, 12, 14], "rotation": 270, "texture": "#1"}
			}
		},
		{
			"from": [3.25, 15.9832, 10.61127],
			"to": [4.25, 16.9832, 11.61127],
			"shade": false,
			"rotation": {"angle": -45, "axis": "x", "origin": [8, 9.2, 8]},
			"faces": {
				"north": {"uv": [8, 10, 10, 12], "texture": "#1"},
				"east": {"uv": [8, 10, 10, 12], "texture": "#1"},
				"south": {"uv": [8, 10, 10, 12], "texture": "#1"},
				"west": {"uv": [8, 10, 10, 12], "texture": "#1"},
				"up": {"uv": [8, 10, 10, 12], "rotation": 90, "texture": "#1"},
				"down": {"uv": [8, 10, 10, 12], "rotation": 270, "texture": "#1"}
			}
		},
		{
			"from": [4.5, 17.2332, 11.86127],
			"to": [3, 15.7332, 10.36127],
			"shade": false,
			"rotation": {"angle": -45, "axis": "x", "origin": [8, 9.2, 8]},
			"faces": {
				"north": {"uv": [10, 10, 12, 12], "texture": "#1"},
				"east": {"uv": [10, 10, 12, 12], "texture": "#1"},
				"south": {"uv": [10, 10, 12, 12], "texture": "#1"},
				"west": {"uv": [10, 10, 12, 12], "texture": "#1"},
				"up": {"uv": [10, 10, 12, 12], "rotation": 90, "texture": "#1"},
				"down": {"uv": [10, 10, 12, 12], "rotation": 270, "texture": "#1"}
			}
		},
		{
			"from": [3.25, 15.23792, 2.24828],
			"to": [4.25, 16.23792, 3.24828],
			"shade": false,
			"rotation": {"angle": 22.5, "axis": "x", "origin": [8, 9.2, 8]},
			"faces": {
				"north": {"uv": [8, 8, 10, 10], "rotation": 270, "texture": "#1"},
				"east": {"uv": [8, 8, 10, 10], "rotation": 90, "texture": "#1"},
				"south": {"uv": [8, 8, 10, 10], "rotation": 270, "texture": "#1"},
				"west": {"uv": [8, 8, 10, 10], "rotation": 270, "texture": "#1"},
				"up": {"uv": [8, 8, 10, 10], "texture": "#1"},
				"down": {"uv": [8, 8, 10, 10], "rotation": 180, "texture": "#1"}
			}
		},
		{
			"from": [4.5, 16.48792, 3.49828],
			"to": [3, 14.98792, 1.99828],
			"shade": false,
			"rotation": {"angle": 22.5, "axis": "x", "origin": [8, 9.2, 8]},
			"faces": {
				"north": {"uv": [10, 8, 12, 10], "rotation": 270, "texture": "#1"},
				"east": {"uv": [10, 8, 12, 10], "rotation": 90, "texture": "#1"},
				"south": {"uv": [10, 8, 12, 10], "rotation": 270, "texture": "#1"},
				"west": {"uv": [10, 8, 12, 10], "rotation": 270, "texture": "#1"},
				"up": {"uv": [10, 8, 12, 10], "texture": "#1"},
				"down": {"uv": [10, 8, 12, 10], "rotation": 180, "texture": "#1"}
			}
		},
		{
			"from": [3.25, 17.35, 5.65],
			"to": [4.25, 18.35, 6.65],
			"shade": false,
			"rotation": {"angle": 0, "axis": "y", "origin": [8, 9.2, 8]},
			"faces": {
				"north": {"uv": [8, 6, 10, 8], "texture": "#1"},
				"east": {"uv": [8, 6, 10, 8], "texture": "#1"},
				"south": {"uv": [8, 6, 10, 8], "texture": "#1"},
				"west": {"uv": [8, 6, 10, 8], "texture": "#1"},
				"up": {"uv": [8, 6, 10, 8], "rotation": 90, "texture": "#1"},
				"down": {"uv": [8, 6, 10, 8], "rotation": 270, "texture": "#1"}
			}
		},
		{
			"from": [4.5, 18.6, 6.9],
			"to": [3, 17.1, 5.4],
			"shade": false,
			"rotation": {"angle": 0, "axis": "y", "origin": [8, 9.2, 8]},
			"faces": {
				"north": {"uv": [10, 6, 12, 8], "texture": "#1"},
				"east": {"uv": [10, 6, 12, 8], "texture": "#1"},
				"south": {"uv": [10, 6, 12, 8], "texture": "#1"},
				"west": {"uv": [10, 6, 12, 8], "texture": "#1"},
				"up": {"uv": [10, 6, 12, 8], "rotation": 90, "texture": "#1"},
				"down": {"uv": [10, 6, 12, 8], "rotation": 270, "texture": "#1"}
			}
		},
		{
			"from": [3.4, 16.79616, 2.13969],
			"to": [4.1, 17.49616, 2.83969],
			"shade": false,
			"rotation": {"angle": 22.5, "axis": "x", "origin": [8, 9.2, 8]},
			"faces": {
				"north": {"uv": [8, 4, 10, 6], "texture": "#1"},
				"east": {"uv": [8, 4, 10, 6], "texture": "#1"},
				"south": {"uv": [8, 4, 10, 6], "texture": "#1"},
				"west": {"uv": [8, 4, 10, 6], "texture": "#1"},
				"up": {"uv": [8, 4, 10, 6], "rotation": 90, "texture": "#1"},
				"down": {"uv": [8, 4, 10, 6], "rotation": 270, "texture": "#1"}
			}
		},
		{
			"from": [4.4, 17.79616, 3.13969],
			"to": [3.1, 16.49616, 1.83969],
			"shade": false,
			"rotation": {"angle": 22.5, "axis": "x", "origin": [8, 9.2, 8]},
			"faces": {
				"north": {"uv": [10, 4, 12, 6], "texture": "#1"},
				"east": {"uv": [10, 4, 12, 6], "texture": "#1"},
				"south": {"uv": [10, 4, 12, 6], "texture": "#1"},
				"west": {"uv": [10, 4, 12, 6], "texture": "#1"},
				"up": {"uv": [10, 4, 12, 6], "rotation": 90, "texture": "#1"},
				"down": {"uv": [10, 4, 12, 6], "rotation": 270, "texture": "#1"}
			}
		},
		{
			"from": [3.45, 18.95, 5.4],
			"to": [4.05, 19.55, 6],
			"shade": false,
			"rotation": {"angle": 0, "axis": "y", "origin": [8, 9.2, 8]},
			"faces": {
				"north": {"uv": [8, 2, 10, 4], "texture": "#1"},
				"east": {"uv": [8, 2, 10, 4], "texture": "#1"},
				"south": {"uv": [8, 2, 10, 4], "texture": "#1"},
				"west": {"uv": [8, 2, 10, 4], "texture": "#1"},
				"up": {"uv": [8, 2, 10, 4], "rotation": 90, "texture": "#1"},
				"down": {"uv": [8, 2, 10, 4], "rotation": 270, "texture": "#1"}
			}
		},
		{
			"from": [4.3, 19.8, 6.25],
			"to": [3.2, 18.7, 5.15],
			"shade": false,
			"rotation": {"angle": 0, "axis": "y", "origin": [8, 9.2, 8]},
			"faces": {
				"north": {"uv": [10, 2, 12, 4], "texture": "#1"},
				"east": {"uv": [10, 2, 12, 4], "texture": "#1"},
				"south": {"uv": [10, 2, 12, 4], "texture": "#1"},
				"west": {"uv": [10, 2, 12, 4], "texture": "#1"},
				"up": {"uv": [10, 2, 12, 4], "rotation": 90, "texture": "#1"},
				"down": {"uv": [10, 2, 12, 4], "rotation": 270, "texture": "#1"}
			}
		}
	],
	"gui_light": "front",
	"display": {
		"thirdperson_righthand": {
			"translation": [-0.25, 1, 1],
			"scale": [0.6, 0.6, 0.6]
		},
		"thirdperson_lefthand": {
			"translation": [-0.25, 1, 1],
			"scale": [0.6, 0.6, 0.6]
		},
		"firstperson_righthand": {
			"rotation": [0, 22, 0],
			"translation": [4.25, -1.5, -4.75],
			"scale": [0.54883, 0.54883, 0.54883]
		},
		"firstperson_lefthand": {
			"rotation": [0, 22, 0],
			"translation": [4.25, -1.5, -4.75],
			"scale": [0.54883, 0.54883, 0.54883]
		},
		"ground": {
			"rotation": [94, 85, 0],
			"translation": [0, 0.25, -0.75],
			"scale": [0.5, 0.5, 0.5]
		},
		"gui": {
			"rotation": [-90, 45, 88],
			"translation": [0.5, -0.5, 0],
			"scale": [0.48, 0.48, 0.48]
		},
		"head": {
			"rotation": [90, -171, 90],
			"translation": [-2.25, 9.25, 0.25],
			"scale": [0.7, 0.7, 0.7]
		},
		"fixed": {
			"rotation": [0, 90, 0],
			"translation": [0, 0.25, -1.25],
			"scale": [1.2, 1.2, 1.2]
		}
	},
	"groups": [
		0,
		1,
		2,
		3,
		4,
		5,
		6,
		7,
		8,
		9,
		10,
		11,
		12,
		13,
		14,
		15,
		16,
		17,
		18,
		19,
		{
			"name": "particles",
			"origin": [8, 8, 8],
			"color": 0,
			"children": [
				{
					"name": "particles1",
					"origin": [0, 0, 0],
					"color": 0,
					"children": [
						{
							"name": "particle1",
							"origin": [0, 0, 0],
							"color": 0,
							"children": [20, 21]
						},
						{
							"name": "particle2",
							"origin": [0, 0, 0],
							"color": 0,
							"children": [22, 23]
						},
						{
							"name": "particle3",
							"origin": [0, 0, 0],
							"color": 0,
							"children": [24, 25]
						},
						{
							"name": "particle4",
							"origin": [0, 0, 0],
							"color": 0,
							"children": [26, 27]
						},
						{
							"name": "particle5",
							"origin": [0, 0, 0],
							"color": 0,
							"children": [28, 29]
						},
						{
							"name": "particle6",
							"origin": [0, 0, 0],
							"color": 0,
							"children": [30, 31]
						},
						{
							"name": "particle7",
							"origin": [0, 0, 0],
							"color": 0,
							"children": [32, 33]
						}
					]
				},
				{
					"name": "particles2",
					"origin": [0, 0, 0],
					"color": 0,
					"children": [
						{
							"name": "particle1",
							"origin": [0, 0, 0],
							"color": 0,
							"children": [34, 35]
						},
						{
							"name": "particle2",
							"origin": [0, 0, 0],
							"color": 0,
							"children": [36, 37]
						},
						{
							"name": "particle3",
							"origin": [0, 0, 0],
							"color": 0,
							"children": [38, 39]
						},
						{
							"name": "particle4",
							"origin": [0, 0, 0],
							"color": 0,
							"children": [40, 41]
						},
						{
							"name": "particle5",
							"origin": [0, 0, 0],
							"color": 0,
							"children": [42, 43]
						},
						{
							"name": "particle6",
							"origin": [0, 0, 0],
							"color": 0,
							"children": [44, 45]
						},
						{
							"name": "particle7",
							"origin": [0, 0, 0],
							"color": 0,
							"children": [46, 47]
						}
					]
				},
				{
					"name": "particles3",
					"origin": [0, 0, 0],
					"color": 0,
					"children": [
						{
							"name": "particle1",
							"origin": [0, 0, 0],
							"color": 0,
							"children": [48, 49]
						},
						{
							"name": "particle2",
							"origin": [0, 0, 0],
							"color": 0,
							"children": [50, 51]
						},
						{
							"name": "particle3",
							"origin": [0, 0, 0],
							"color": 0,
							"children": [52, 53]
						},
						{
							"name": "particle4",
							"origin": [0, 0, 0],
							"color": 0,
							"children": [54, 55]
						},
						{
							"name": "particle5",
							"origin": [0, 0, 0],
							"color": 0,
							"children": [56, 57]
						},
						{
							"name": "particle6",
							"origin": [0, 0, 0],
							"color": 0,
							"children": [58, 59]
						},
						{
							"name": "particle7",
							"origin": [0, 0, 0],
							"color": 0,
							"children": [60, 61]
						}
					]
				},
				{
					"name": "particles4",
					"origin": [0, 0, 0],
					"color": 0,
					"children": [
						{
							"name": "particle1",
							"origin": [0, 0, 0],
							"color": 0,
							"children": [62, 63]
						},
						{
							"name": "particle2",
							"origin": [0, 0, 0],
							"color": 0,
							"children": [64, 65]
						},
						{
							"name": "particle3",
							"origin": [0, 0, 0],
							"color": 0,
							"children": [66, 67]
						},
						{
							"name": "particle4",
							"origin": [0, 0, 0],
							"color": 0,
							"children": [68, 69]
						},
						{
							"name": "particle5",
							"origin": [0, 0, 0],
							"color": 0,
							"children": [70, 71]
						},
						{
							"name": "particle6",
							"origin": [0, 0, 0],
							"color": 0,
							"children": [72, 73]
						},
						{
							"name": "particle7",
							"origin": [0, 0, 0],
							"color": 0,
							"children": [74, 75]
						}
					]
				}
			]
		}
	]
}