{
	"credit": "by w11shes",
	"texture_size": [32, 32],
	"textures": {
		"0": "item/monstertower/crate/sword",
		"1": "item/monstertower/crate/particle",
		"particle": "item/monstertower/crate/sword"
	},
	"elements": [
		{
			"from": [6, -5.32211, 13.67211],
			"to": [10, -1.32211, 17.67211],
			"rotation": {"angle": 45, "axis": "x", "origin": [8, 4.35, 8]},
			"faces": {
				"north": {"uv": [9.5, 10, 11.5, 12], "texture": "#0"},
				"east": {"uv": [9.5, 6, 11.5, 8], "texture": "#0"},
				"south": {"uv": [9.5, 8, 11.5, 10], "texture": "#0"},
				"west": {"uv": [11.5, 6, 9.5, 8], "texture": "#0"},
				"up": {"uv": [13, 4.5, 11, 2.5], "rotation": 90, "texture": "#0"},
				"down": {"uv": [7.5, 11, 5.5, 13], "rotation": 270, "texture": "#0"}
			}
		},
		{
			"from": [5.48, 2.6883, 6.12617],
			"to": [10.52, 6.22383, 9.6617],
			"rotation": {"angle": 45, "axis": "x", "origin": [8, 4.35, 8]},
			"faces": {
				"east": {"uv": [7.5, 11, 9.5, 13], "texture": "#0"},
				"south": {"uv": [7, 7, 9.5, 9], "texture": "#0"},
				"west": {"uv": [9.5, 11, 7.5, 13], "texture": "#0"},
				"down": {"uv": [11, 3.5, 9, 6], "rotation": 270, "texture": "#0"}
			}
		},
		{
			"from": [6.48, 2.6883, 6.12617],
			"to": [9.52, 6.22383, 9.6617],
			"rotation": {"angle": 45, "axis": "x", "origin": [8, 4.35, 8]},
			"faces": {
				"east": {"uv": [14, 3.5, 16, 5.5], "texture": "#0"},
				"west": {"uv": [16, 3.5, 14, 5.5], "texture": "#0"}
			}
		},
		{
			"from": [10.52, 6.2238, 9.66166],
			"to": [5.48, 2.6883, 6.12616],
			"rotation": {"angle": 45, "axis": "x", "origin": [8, 4.35, 8]},
			"faces": {
				"north": {"uv": [7, 9, 9.5, 7], "texture": "#0"},
				"east": {"uv": [9.5, 13, 7.5, 11], "texture": "#0"},
				"west": {"uv": [7.5, 13, 9.5, 11], "texture": "#0"},
				"up": {"uv": [9, 3.5, 11, 6], "rotation": 90, "texture": "#0"}
			}
		},
		{
			"from": [5.48, 7.63805, 11.28805],
			"to": [10.52, 11.17358, 14.82358],
			"rotation": {"angle": -45, "axis": "x", "origin": [8, 4.35, 8]},
			"faces": {
				"east": {"uv": [11.5, 0, 13.5, 2], "texture": "#0"},
				"south": {"uv": [7, 9, 9.5, 11], "texture": "#0"},
				"west": {"uv": [13.5, 0, 11.5, 2], "texture": "#0"},
				"up": {"uv": [11.5, 2.5, 9.5, 0], "rotation": 90, "texture": "#0"}
			}
		},
		{
			"from": [6.48, 7.63805, 11.28805],
			"to": [9.52, 11.17358, 14.82358],
			"rotation": {"angle": -45, "axis": "x", "origin": [8, 4.35, 8]},
			"faces": {
				"east": {"uv": [14, 5.5, 16, 7.5], "texture": "#0"},
				"west": {"uv": [16, 5.5, 14, 7.5], "texture": "#0"}
			}
		},
		{
			"from": [10.52, 11.17358, 14.82354],
			"to": [5.48, 7.63808, 11.28804],
			"rotation": {"angle": -45, "axis": "x", "origin": [8, 4.35, 8]},
			"faces": {
				"north": {"uv": [7, 11, 9.5, 9], "texture": "#0"},
				"east": {"uv": [13.5, 2, 11.5, 0], "texture": "#0"},
				"west": {"uv": [11.5, 2, 13.5, 0], "texture": "#0"},
				"down": {"uv": [9.5, 2.5, 11.5, 0], "rotation": 270, "texture": "#0"}
			}
		},
		{
			"from": [7, -5.3, 7],
			"to": [9, 3.7, 9],
			"rotation": {"angle": -45, "axis": "y", "origin": [8, 4.35, 8]},
			"faces": {
				"north": {"uv": [4.5, 9.5, 5.5, 14], "texture": "#0"},
				"east": {"uv": [5.5, 9.5, 4.5, 14], "texture": "#0"},
				"south": {"uv": [4.5, 9.5, 5.5, 14], "texture": "#0"},
				"west": {"uv": [5.5, 9.5, 4.5, 14], "texture": "#0"}
			}
		},
		{
			"from": [5.5, 4.5, 5.5],
			"to": [10.5, 11.5, 10.5],
			"rotation": {"angle": 0, "axis": "y", "origin": [8, 4.35, 8]},
			"faces": {
				"north": {"uv": [7, 0, 9.5, 3.5], "texture": "#0"},
				"east": {"uv": [4.5, 0, 7, 3.5], "texture": "#0"},
				"south": {"uv": [4.5, 3.5, 7, 7], "texture": "#0"},
				"west": {"uv": [4.5, 0, 7, 3.5], "texture": "#0"}
			}
		},
		{
			"from": [6.5, 4.5, 5.5],
			"to": [9.5, 11.5, 10.5],
			"rotation": {"angle": 0, "axis": "y", "origin": [8, 4.35, 8]},
			"faces": {
				"east": {"uv": [13.5, 0, 16, 3.5], "texture": "#0"},
				"west": {"uv": [13.5, 0, 16, 3.5], "texture": "#0"}
			}
		},
		{
			"from": [10.5, 11.5, 10.5],
			"to": [5.5, 4.5, 5.5],
			"rotation": {"angle": 0, "axis": "y", "origin": [8, 4.35, 8]},
			"faces": {
				"north": {"uv": [4.5, 7, 7, 3.5], "texture": "#0"},
				"east": {"uv": [4.5, 3.5, 7, 0], "texture": "#0"},
				"south": {"uv": [7, 3.5, 9.5, 0], "texture": "#0"},
				"west": {"uv": [4.5, 3.5, 7, 0], "texture": "#0"}
			}
		},
		{
			"from": [7.5, 7.5, 4.5],
			"to": [8.5, 25.5, 11.5],
			"rotation": {"angle": 0, "axis": "y", "origin": [8, 4.35, 8]},
			"faces": {
				"north": {"uv": [0.5, 3, 1, 12], "texture": "#0"},
				"east": {"uv": [4, 3, 0.5, 12], "texture": "#0"},
				"south": {"uv": [3.5, 3, 4, 12], "texture": "#0"},
				"west": {"uv": [0.5, 3, 4, 12], "texture": "#0"},
				"up": {"uv": [0.5, 3, 4, 3.5], "rotation": 90, "texture": "#0"}
			}
		},
		{
			"from": [7.95, 7.5, 3.5],
			"to": [8, 31.5, 12.5],
			"rotation": {"angle": 0, "axis": "y", "origin": [8, 4.35, 8]},
			"faces": {
				"east": {"uv": [4.5, 0, 0, 12], "texture": "#0"},
				"west": {"uv": [0, 0, 4.5, 12], "texture": "#0"}
			}
		},
		{
			"from": [6.5, 4.5, 1.5],
			"to": [9.5, 7.5, 5.5],
			"rotation": {"angle": 0, "axis": "y", "origin": [8, 4.35, 8]},
			"faces": {
				"north": {"uv": [5.5, 9.5, 7, 11], "texture": "#0"},
				"east": {"uv": [11, 4.5, 13, 6], "texture": "#0"},
				"west": {"uv": [13, 4.5, 11, 6], "texture": "#0"},
				"up": {"uv": [13.5, 7.5, 11.5, 6], "rotation": 90, "texture": "#0"},
				"down": {"uv": [13.5, 7.5, 11.5, 9], "rotation": 270, "texture": "#0"}
			}
		},
		{
			"from": [7.95, 6.97602, 0.05218],
			"to": [8, 13.97602, 4.05218],
			"rotation": {"angle": -22.5, "axis": "x", "origin": [8, 4.35, 8]},
			"faces": {
				"east": {"uv": [7, 3.5, 9, 7], "texture": "#0"},
				"west": {"uv": [9, 3.5, 7, 7], "texture": "#0"}
			}
		},
		{
			"from": [6.5, 4.5, 10.5],
			"to": [9.5, 7.5, 14.5],
			"rotation": {"angle": 0, "axis": "y", "origin": [8, 4.35, 8]},
			"faces": {
				"east": {"uv": [13, 4.5, 11, 6], "texture": "#0"},
				"south": {"uv": [7, 9.5, 5.5, 11], "texture": "#0"},
				"west": {"uv": [11, 4.5, 13, 6], "texture": "#0"},
				"up": {"uv": [11.5, 7.5, 13.5, 6], "rotation": 90, "texture": "#0"},
				"down": {"uv": [11.5, 7.5, 13.5, 9], "rotation": 270, "texture": "#0"}
			}
		},
		{
			"from": [7.95, 6.97602, 11.94782],
			"to": [8, 13.97602, 15.94782],
			"rotation": {"angle": 22.5, "axis": "x", "origin": [8, 4.35, 8]},
			"faces": {
				"east": {"uv": [9, 3.5, 7, 7], "texture": "#0"},
				"west": {"uv": [7, 3.5, 9, 7], "texture": "#0"}
			}
		},
		{
			"from": [7.95, -14.8, 3.5],
			"to": [8, -6.8, 10.5],
			"rotation": {"angle": 0, "axis": "y", "origin": [8, 4.35, 8]},
			"faces": {
				"east": {"uv": [11.5, 9, 15, 13], "texture": "#0"},
				"west": {"uv": [15, 9, 11.5, 13], "texture": "#0"}
			}
		},
		{
			"from": [7.5, -11.8, 5.5],
			"to": [8.5, -6.8, 10.5],
			"rotation": {"angle": 0, "axis": "y", "origin": [8, 4.35, 8]},
			"faces": {
				"north": {"uv": [13.5, 9, 14, 11.5], "texture": "#0"},
				"east": {"uv": [11.5, 9, 14, 11.5], "texture": "#0"},
				"south": {"uv": [11.5, 9, 12, 11.5], "texture": "#0"},
				"west": {"uv": [14, 9, 11.5, 11.5], "texture": "#0"},
				"down": {"uv": [14, 11, 11.5, 11.5], "rotation": 270, "texture": "#0"}
			}
		},
		{
			"from": [11.95, 3.95, 5.55],
			"to": [12.55, 4.55, 6.15],
			"shade": false,
			"rotation": {"angle": 0, "axis": "y", "origin": [8, 4.35, 8]},
			"faces": {
				"north": {"uv": [0, 14, 2, 16], "texture": "#1"},
				"east": {"uv": [0, 14, 2, 16], "texture": "#1"},
				"south": {"uv": [0, 14, 2, 16], "texture": "#1"},
				"west": {"uv": [0, 14, 2, 16], "texture": "#1"},
				"up": {"uv": [0, 14, 2, 16], "rotation": 90, "texture": "#1"},
				"down": {"uv": [0, 14, 2, 16], "rotation": 270, "texture": "#1"}
			}
		},
		{
			"from": [12.8, 4.8, 6.4],
			"to": [11.7, 3.7, 5.3],
			"shade": false,
			"rotation": {"angle": 0, "axis": "y", "origin": [8, 4.35, 8]},
			"faces": {
				"north": {"uv": [2, 14, 4, 16], "texture": "#1"},
				"east": {"uv": [2, 14, 4, 16], "texture": "#1"},
				"south": {"uv": [2, 14, 4, 16], "texture": "#1"},
				"west": {"uv": [2, 14, 4, 16], "texture": "#1"},
				"up": {"uv": [2, 14, 4, 16], "rotation": 90, "texture": "#1"},
				"down": {"uv": [2, 14, 4, 16], "rotation": 270, "texture": "#1"}
			}
		},
		{
			"from": [11.9, 5.3454, 5.44718],
			"to": [12.6, 6.0454, 6.14718],
			"shade": false,
			"rotation": {"angle": -22.5, "axis": "x", "origin": [8, 4.35, 8]},
			"faces": {
				"north": {"uv": [0, 12, 2, 14], "texture": "#1"},
				"east": {"uv": [0, 12, 2, 14], "texture": "#1"},
				"south": {"uv": [0, 12, 2, 14], "texture": "#1"},
				"west": {"uv": [0, 12, 2, 14], "texture": "#1"},
				"up": {"uv": [0, 12, 2, 14], "rotation": 90, "texture": "#1"},
				"down": {"uv": [0, 12, 2, 14], "rotation": 270, "texture": "#1"}
			}
		},
		{
			"from": [12.9, 6.3454, 6.44718],
			"to": [11.6, 5.0454, 5.14718],
			"shade": false,
			"rotation": {"angle": -22.5, "axis": "x", "origin": [8, 4.35, 8]},
			"faces": {
				"north": {"uv": [2, 12, 4, 14], "texture": "#1"},
				"east": {"uv": [2, 12, 4, 14], "texture": "#1"},
				"south": {"uv": [2, 12, 4, 14], "texture": "#1"},
				"west": {"uv": [2, 12, 4, 14], "texture": "#1"},
				"up": {"uv": [2, 12, 4, 14], "rotation": 90, "texture": "#1"},
				"down": {"uv": [2, 12, 4, 14], "rotation": 270, "texture": "#1"}
			}
		},
		{
			"from": [11.75, 6.7845, 6.26257],
			"to": [12.75, 7.7845, 7.26257],
			"shade": false,
			"rotation": {"angle": -45, "axis": "x", "origin": [8, 4.35, 8]},
			"faces": {
				"north": {"uv": [0, 10, 2, 12], "texture": "#1"},
				"east": {"uv": [0, 10, 2, 12], "texture": "#1"},
				"south": {"uv": [0, 10, 2, 12], "texture": "#1"},
				"west": {"uv": [0, 10, 2, 12], "texture": "#1"},
				"up": {"uv": [0, 10, 2, 12], "rotation": 90, "texture": "#1"},
				"down": {"uv": [0, 10, 2, 12], "rotation": 270, "texture": "#1"}
			}
		},
		{
			"from": [13, 8.0345, 7.51257],
			"to": [11.5, 6.5345, 6.01257],
			"shade": false,
			"rotation": {"angle": -45, "axis": "x", "origin": [8, 4.35, 8]},
			"faces": {
				"north": {"uv": [2, 10, 4, 12], "texture": "#1"},
				"east": {"uv": [2, 10, 4, 12], "texture": "#1"},
				"south": {"uv": [2, 10, 4, 12], "texture": "#1"},
				"west": {"uv": [2, 10, 4, 12], "texture": "#1"},
				"up": {"uv": [2, 10, 4, 12], "rotation": 90, "texture": "#1"},
				"down": {"uv": [2, 10, 4, 12], "rotation": 270, "texture": "#1"}
			}
		},
		{
			"from": [11.75, 4.70606, 4.60178],
			"to": [12.75, 5.70606, 5.60178],
			"shade": false,
			"rotation": {"angle": 22.5, "axis": "x", "origin": [8, 4.35, 8]},
			"faces": {
				"north": {"uv": [0, 8, 2, 10], "rotation": 270, "texture": "#1"},
				"east": {"uv": [0, 8, 2, 10], "rotation": 90, "texture": "#1"},
				"south": {"uv": [0, 8, 2, 10], "rotation": 270, "texture": "#1"},
				"west": {"uv": [0, 8, 2, 10], "rotation": 270, "texture": "#1"},
				"up": {"uv": [0, 8, 2, 10], "texture": "#1"},
				"down": {"uv": [0, 8, 2, 10], "rotation": 180, "texture": "#1"}
			}
		},
		{
			"from": [13, 5.95606, 5.85178],
			"to": [11.5, 4.45606, 4.35178],
			"shade": false,
			"rotation": {"angle": 22.5, "axis": "x", "origin": [8, 4.35, 8]},
			"faces": {
				"north": {"uv": [2, 8, 4, 10], "rotation": 270, "texture": "#1"},
				"east": {"uv": [2, 8, 4, 10], "rotation": 90, "texture": "#1"},
				"south": {"uv": [2, 8, 4, 10], "rotation": 270, "texture": "#1"},
				"west": {"uv": [2, 8, 4, 10], "rotation": 270, "texture": "#1"},
				"up": {"uv": [2, 8, 4, 10], "texture": "#1"},
				"down": {"uv": [2, 8, 4, 10], "rotation": 180, "texture": "#1"}
			}
		},
		{
			"from": [11.75, 6.35, 5.65],
			"to": [12.75, 7.35, 6.65],
			"shade": false,
			"rotation": {"angle": 0, "axis": "y", "origin": [8, 4.35, 8]},
			"faces": {
				"north": {"uv": [0, 6, 2, 8], "texture": "#1"},
				"east": {"uv": [0, 6, 2, 8], "texture": "#1"},
				"south": {"uv": [0, 6, 2, 8], "texture": "#1"},
				"west": {"uv": [0, 6, 2, 8], "texture": "#1"},
				"up": {"uv": [0, 6, 2, 8], "rotation": 90, "texture": "#1"},
				"down": {"uv": [0, 6, 2, 8], "rotation": 270, "texture": "#1"}
			}
		},
		{
			"from": [13, 7.6, 6.9],
			"to": [11.5, 6.1, 5.4],
			"shade": false,
			"rotation": {"angle": 0, "axis": "y", "origin": [8, 4.35, 8]},
			"faces": {
				"north": {"uv": [2, 6, 4, 8], "texture": "#1"},
				"east": {"uv": [2, 6, 4, 8], "texture": "#1"},
				"south": {"uv": [2, 6, 4, 8], "texture": "#1"},
				"west": {"uv": [2, 6, 4, 8], "texture": "#1"},
				"up": {"uv": [2, 6, 4, 8], "rotation": 90, "texture": "#1"},
				"down": {"uv": [2, 6, 4, 8], "rotation": 270, "texture": "#1"}
			}
		},
		{
			"from": [11.9, 6.2643, 4.49319],
			"to": [12.6, 6.9643, 5.19319],
			"shade": false,
			"rotation": {"angle": 22.5, "axis": "x", "origin": [8, 4.35, 8]},
			"faces": {
				"north": {"uv": [0, 4, 2, 6], "texture": "#1"},
				"east": {"uv": [0, 4, 2, 6], "texture": "#1"},
				"south": {"uv": [0, 4, 2, 6], "texture": "#1"},
				"west": {"uv": [0, 4, 2, 6], "texture": "#1"},
				"up": {"uv": [0, 4, 2, 6], "rotation": 90, "texture": "#1"},
				"down": {"uv": [0, 4, 2, 6], "rotation": 270, "texture": "#1"}
			}
		},
		{
			"from": [12.9, 7.2643, 5.49319],
			"to": [11.6, 5.9643, 4.19319],
			"shade": false,
			"rotation": {"angle": 22.5, "axis": "x", "origin": [8, 4.35, 8]},
			"faces": {
				"north": {"uv": [2, 4, 4, 6], "texture": "#1"},
				"east": {"uv": [2, 4, 4, 6], "texture": "#1"},
				"south": {"uv": [2, 4, 4, 6], "texture": "#1"},
				"west": {"uv": [2, 4, 4, 6], "texture": "#1"},
				"up": {"uv": [2, 4, 4, 6], "rotation": 90, "texture": "#1"},
				"down": {"uv": [2, 4, 4, 6], "rotation": 270, "texture": "#1"}
			}
		},
		{
			"from": [11.95, 7.95, 5.4],
			"to": [12.55, 8.55, 6],
			"shade": false,
			"rotation": {"angle": 0, "axis": "y", "origin": [8, 4.35, 8]},
			"faces": {
				"north": {"uv": [0, 2, 2, 4], "texture": "#1"},
				"east": {"uv": [0, 2, 2, 4], "texture": "#1"},
				"south": {"uv": [0, 2, 2, 4], "texture": "#1"},
				"west": {"uv": [0, 2, 2, 4], "texture": "#1"},
				"up": {"uv": [0, 2, 2, 4], "rotation": 90, "texture": "#1"},
				"down": {"uv": [0, 2, 2, 4], "rotation": 270, "texture": "#1"}
			}
		},
		{
			"from": [12.8, 8.8, 6.25],
			"to": [11.7, 7.7, 5.15],
			"shade": false,
			"rotation": {"angle": 0, "axis": "y", "origin": [8, 4.35, 8]},
			"faces": {
				"north": {"uv": [2, 2, 4, 4], "texture": "#1"},
				"east": {"uv": [2, 2, 4, 4], "texture": "#1"},
				"south": {"uv": [2, 2, 4, 4], "texture": "#1"},
				"west": {"uv": [2, 2, 4, 4], "texture": "#1"},
				"up": {"uv": [2, 2, 4, 4], "rotation": 90, "texture": "#1"},
				"down": {"uv": [2, 2, 4, 4], "rotation": 270, "texture": "#1"}
			}
		},
		{
			"from": [11.95, 6.95, 9.85],
			"to": [12.55, 7.55, 10.45],
			"shade": false,
			"rotation": {"angle": 0, "axis": "y", "origin": [8, 4.35, 8]},
			"faces": {
				"north": {"uv": [6, 14, 4, 16], "texture": "#1"},
				"east": {"uv": [6, 14, 4, 16], "texture": "#1"},
				"south": {"uv": [6, 14, 4, 16], "texture": "#1"},
				"west": {"uv": [6, 14, 4, 16], "texture": "#1"},
				"up": {"uv": [6, 14, 4, 16], "rotation": 90, "texture": "#1"},
				"down": {"uv": [6, 14, 4, 16], "rotation": 270, "texture": "#1"}
			}
		},
		{
			"from": [12.8, 7.8, 10.7],
			"to": [11.7, 6.7, 9.6],
			"shade": false,
			"rotation": {"angle": 0, "axis": "y", "origin": [8, 4.35, 8]},
			"faces": {
				"north": {"uv": [8, 14, 6, 16], "texture": "#1"},
				"east": {"uv": [8, 14, 6, 16], "texture": "#1"},
				"south": {"uv": [8, 14, 6, 16], "texture": "#1"},
				"west": {"uv": [8, 14, 6, 16], "texture": "#1"},
				"up": {"uv": [8, 14, 6, 16], "rotation": 90, "texture": "#1"},
				"down": {"uv": [8, 14, 6, 16], "rotation": 270, "texture": "#1"}
			}
		},
		{
			"from": [11.9, 8.11703, 8.70477],
			"to": [12.6, 8.81703, 9.40477],
			"shade": false,
			"rotation": {"angle": 22.5, "axis": "x", "origin": [8, 4.35, 8]},
			"faces": {
				"north": {"uv": [6, 12, 4, 14], "texture": "#1"},
				"east": {"uv": [6, 12, 4, 14], "texture": "#1"},
				"south": {"uv": [6, 12, 4, 14], "texture": "#1"},
				"west": {"uv": [6, 12, 4, 14], "texture": "#1"},
				"up": {"uv": [6, 12, 4, 14], "rotation": 90, "texture": "#1"},
				"down": {"uv": [6, 12, 4, 14], "rotation": 270, "texture": "#1"}
			}
		},
		{
			"from": [12.9, 9.11703, 9.70477],
			"to": [11.6, 7.81703, 8.40477],
			"shade": false,
			"rotation": {"angle": 22.5, "axis": "x", "origin": [8, 4.35, 8]},
			"faces": {
				"north": {"uv": [8, 12, 6, 14], "texture": "#1"},
				"east": {"uv": [8, 12, 6, 14], "texture": "#1"},
				"south": {"uv": [8, 12, 6, 14], "texture": "#1"},
				"west": {"uv": [8, 12, 6, 14], "texture": "#1"},
				"up": {"uv": [8, 12, 6, 14], "rotation": 90, "texture": "#1"},
				"down": {"uv": [8, 12, 6, 14], "rotation": 270, "texture": "#1"}
			}
		},
		{
			"from": [11.75, 8.90581, 6.61612],
			"to": [12.75, 9.90581, 7.61612],
			"shade": false,
			"rotation": {"angle": 45, "axis": "x", "origin": [8, 4.35, 8]},
			"faces": {
				"north": {"uv": [6, 10, 4, 12], "texture": "#1"},
				"east": {"uv": [6, 10, 4, 12], "texture": "#1"},
				"south": {"uv": [6, 10, 4, 12], "texture": "#1"},
				"west": {"uv": [6, 10, 4, 12], "texture": "#1"},
				"up": {"uv": [6, 10, 4, 12], "rotation": 90, "texture": "#1"},
				"down": {"uv": [6, 10, 4, 12], "rotation": 270, "texture": "#1"}
			}
		},
		{
			"from": [13, 10.15581, 7.86612],
			"to": [11.5, 8.65581, 6.36612],
			"shade": false,
			"rotation": {"angle": 45, "axis": "x", "origin": [8, 4.35, 8]},
			"faces": {
				"north": {"uv": [8, 10, 6, 12], "texture": "#1"},
				"east": {"uv": [8, 10, 6, 12], "texture": "#1"},
				"south": {"uv": [8, 10, 6, 12], "texture": "#1"},
				"west": {"uv": [8, 10, 6, 12], "texture": "#1"},
				"up": {"uv": [8, 10, 6, 12], "rotation": 90, "texture": "#1"},
				"down": {"uv": [8, 10, 6, 12], "rotation": 270, "texture": "#1"}
			}
		},
		{
			"from": [11.75, 7.4777, 11.54627],
			"to": [12.75, 8.4777, 12.54627],
			"shade": false,
			"rotation": {"angle": -22.5, "axis": "x", "origin": [8, 4.35, 8]},
			"faces": {
				"north": {"uv": [4, 10, 6, 8], "rotation": 270, "texture": "#1"},
				"east": {"uv": [4, 10, 6, 8], "rotation": 90, "texture": "#1"},
				"south": {"uv": [4, 10, 6, 8], "rotation": 270, "texture": "#1"},
				"west": {"uv": [4, 10, 6, 8], "rotation": 270, "texture": "#1"},
				"up": {"uv": [4, 10, 6, 8], "texture": "#1"},
				"down": {"uv": [4, 10, 6, 8], "rotation": 180, "texture": "#1"}
			}
		},
		{
			"from": [13, 8.7277, 12.79627],
			"to": [11.5, 7.2277, 11.29627],
			"shade": false,
			"rotation": {"angle": -22.5, "axis": "x", "origin": [8, 4.35, 8]},
			"faces": {
				"north": {"uv": [6, 10, 8, 8], "rotation": 270, "texture": "#1"},
				"east": {"uv": [6, 10, 8, 8], "rotation": 90, "texture": "#1"},
				"south": {"uv": [6, 10, 8, 8], "rotation": 270, "texture": "#1"},
				"west": {"uv": [6, 10, 8, 8], "rotation": 270, "texture": "#1"},
				"up": {"uv": [6, 10, 8, 8], "texture": "#1"},
				"down": {"uv": [6, 10, 8, 8], "rotation": 180, "texture": "#1"}
			}
		},
		{
			"from": [11.75, 9.35, 9.35],
			"to": [12.75, 10.35, 10.35],
			"shade": false,
			"rotation": {"angle": 0, "axis": "y", "origin": [8, 4.35, 8]},
			"faces": {
				"north": {"uv": [6, 6, 4, 8], "texture": "#1"},
				"east": {"uv": [6, 6, 4, 8], "texture": "#1"},
				"south": {"uv": [6, 6, 4, 8], "texture": "#1"},
				"west": {"uv": [6, 6, 4, 8], "texture": "#1"},
				"up": {"uv": [6, 6, 4, 8], "rotation": 90, "texture": "#1"},
				"down": {"uv": [6, 6, 4, 8], "rotation": 270, "texture": "#1"}
			}
		},
		{
			"from": [13, 10.6, 10.6],
			"to": [11.5, 9.1, 9.1],
			"shade": false,
			"rotation": {"angle": 0, "axis": "y", "origin": [8, 4.35, 8]},
			"faces": {
				"north": {"uv": [8, 6, 6, 8], "texture": "#1"},
				"east": {"uv": [8, 6, 6, 8], "texture": "#1"},
				"south": {"uv": [8, 6, 6, 8], "texture": "#1"},
				"west": {"uv": [8, 6, 6, 8], "texture": "#1"},
				"up": {"uv": [8, 6, 6, 8], "rotation": 90, "texture": "#1"},
				"down": {"uv": [8, 6, 6, 8], "rotation": 270, "texture": "#1"}
			}
		},
		{
			"from": [11.9, 9.03594, 11.95486],
			"to": [12.6, 9.73594, 12.65486],
			"shade": false,
			"rotation": {"angle": -22.5, "axis": "x", "origin": [8, 4.35, 8]},
			"faces": {
				"north": {"uv": [6, 4, 4, 6], "texture": "#1"},
				"east": {"uv": [6, 4, 4, 6], "texture": "#1"},
				"south": {"uv": [6, 4, 4, 6], "texture": "#1"},
				"west": {"uv": [6, 4, 4, 6], "texture": "#1"},
				"up": {"uv": [6, 4, 4, 6], "rotation": 90, "texture": "#1"},
				"down": {"uv": [6, 4, 4, 6], "rotation": 270, "texture": "#1"}
			}
		},
		{
			"from": [12.9, 10.03594, 12.95486],
			"to": [11.6, 8.73594, 11.65486],
			"shade": false,
			"rotation": {"angle": -22.5, "axis": "x", "origin": [8, 4.35, 8]},
			"faces": {
				"north": {"uv": [8, 4, 6, 6], "texture": "#1"},
				"east": {"uv": [8, 4, 6, 6], "texture": "#1"},
				"south": {"uv": [8, 4, 6, 6], "texture": "#1"},
				"west": {"uv": [8, 4, 6, 6], "texture": "#1"},
				"up": {"uv": [8, 4, 6, 6], "rotation": 90, "texture": "#1"},
				"down": {"uv": [8, 4, 6, 6], "rotation": 270, "texture": "#1"}
			}
		},
		{
			"from": [11.95, 10.95, 10],
			"to": [12.55, 11.55, 10.6],
			"shade": false,
			"rotation": {"angle": 0, "axis": "y", "origin": [8, 4.35, 8]},
			"faces": {
				"north": {"uv": [6, 2, 4, 4], "texture": "#1"},
				"east": {"uv": [6, 2, 4, 4], "texture": "#1"},
				"south": {"uv": [6, 2, 4, 4], "texture": "#1"},
				"west": {"uv": [6, 2, 4, 4], "texture": "#1"},
				"up": {"uv": [6, 2, 4, 4], "rotation": 90, "texture": "#1"},
				"down": {"uv": [6, 2, 4, 4], "rotation": 270, "texture": "#1"}
			}
		},
		{
			"from": [12.8, 11.8, 10.85],
			"to": [11.7, 10.7, 9.75],
			"shade": false,
			"rotation": {"angle": 0, "axis": "y", "origin": [8, 4.35, 8]},
			"faces": {
				"north": {"uv": [8, 2, 6, 4], "texture": "#1"},
				"east": {"uv": [8, 2, 6, 4], "texture": "#1"},
				"south": {"uv": [8, 2, 6, 4], "texture": "#1"},
				"west": {"uv": [8, 2, 6, 4], "texture": "#1"},
				"up": {"uv": [8, 2, 6, 4], "rotation": 90, "texture": "#1"},
				"down": {"uv": [8, 2, 6, 4], "rotation": 270, "texture": "#1"}
			}
		},
		{
			"from": [11.95, 10.95, 6.85],
			"to": [12.55, 11.55, 7.45],
			"shade": false,
			"rotation": {"angle": 0, "axis": "y", "origin": [8, 4.35, 8]},
			"faces": {
				"north": {"uv": [14, 14, 12, 16], "texture": "#1"},
				"east": {"uv": [14, 14, 12, 16], "texture": "#1"},
				"south": {"uv": [14, 14, 12, 16], "texture": "#1"},
				"west": {"uv": [14, 14, 12, 16], "texture": "#1"},
				"up": {"uv": [14, 14, 12, 16], "rotation": 90, "texture": "#1"},
				"down": {"uv": [14, 14, 12, 16], "rotation": 270, "texture": "#1"}
			}
		},
		{
			"from": [12.8, 11.8, 7.7],
			"to": [11.7, 10.7, 6.6],
			"shade": false,
			"rotation": {"angle": 0, "axis": "y", "origin": [8, 4.35, 8]},
			"faces": {
				"north": {"uv": [16, 14, 14, 16], "texture": "#1"},
				"east": {"uv": [16, 14, 14, 16], "texture": "#1"},
				"south": {"uv": [16, 14, 14, 16], "texture": "#1"},
				"west": {"uv": [16, 14, 14, 16], "texture": "#1"},
				"up": {"uv": [16, 14, 14, 16], "rotation": 90, "texture": "#1"},
				"down": {"uv": [16, 14, 14, 16], "rotation": 270, "texture": "#1"}
			}
		},
		{
			"from": [11.9, 10.6645, 4.4024],
			"to": [12.6, 11.3645, 5.1024],
			"shade": false,
			"rotation": {"angle": 22.5, "axis": "x", "origin": [8, 4.35, 8]},
			"faces": {
				"north": {"uv": [14, 12, 12, 14], "texture": "#1"},
				"east": {"uv": [14, 12, 12, 14], "texture": "#1"},
				"south": {"uv": [14, 12, 12, 14], "texture": "#1"},
				"west": {"uv": [14, 12, 12, 14], "texture": "#1"},
				"up": {"uv": [14, 12, 12, 14], "rotation": 90, "texture": "#1"},
				"down": {"uv": [14, 12, 12, 14], "rotation": 270, "texture": "#1"}
			}
		},
		{
			"from": [12.9, 11.6645, 5.4024],
			"to": [11.6, 10.3645, 4.1024],
			"shade": false,
			"rotation": {"angle": 22.5, "axis": "x", "origin": [8, 4.35, 8]},
			"faces": {
				"north": {"uv": [16, 12, 14, 14], "texture": "#1"},
				"east": {"uv": [16, 12, 14, 14], "texture": "#1"},
				"south": {"uv": [16, 12, 14, 14], "texture": "#1"},
				"west": {"uv": [16, 12, 14, 14], "texture": "#1"},
				"up": {"uv": [16, 12, 14, 14], "rotation": 90, "texture": "#1"},
				"down": {"uv": [16, 12, 14, 14], "rotation": 270, "texture": "#1"}
			}
		},
		{
			"from": [11.75, 9.61292, 1.66637],
			"to": [12.75, 10.61292, 2.66637],
			"shade": false,
			"rotation": {"angle": 45, "axis": "x", "origin": [8, 4.35, 8]},
			"faces": {
				"north": {"uv": [14, 10, 12, 12], "texture": "#1"},
				"east": {"uv": [14, 10, 12, 12], "texture": "#1"},
				"south": {"uv": [14, 10, 12, 12], "texture": "#1"},
				"west": {"uv": [14, 10, 12, 12], "texture": "#1"},
				"up": {"uv": [14, 10, 12, 12], "rotation": 90, "texture": "#1"},
				"down": {"uv": [14, 10, 12, 12], "rotation": 270, "texture": "#1"}
			}
		},
		{
			"from": [13, 10.86292, 2.91637],
			"to": [11.5, 9.36292, 1.41637],
			"shade": false,
			"rotation": {"angle": 45, "axis": "x", "origin": [8, 4.35, 8]},
			"faces": {
				"north": {"uv": [16, 10, 14, 12], "texture": "#1"},
				"east": {"uv": [16, 10, 14, 12], "texture": "#1"},
				"south": {"uv": [16, 10, 14, 12], "texture": "#1"},
				"west": {"uv": [16, 10, 14, 12], "texture": "#1"},
				"up": {"uv": [16, 10, 14, 12], "rotation": 90, "texture": "#1"},
				"down": {"uv": [16, 10, 14, 12], "rotation": 270, "texture": "#1"}
			}
		},
		{
			"from": [11.75, 12.32127, 10.30536],
			"to": [12.75, 13.32127, 11.30536],
			"shade": false,
			"rotation": {"angle": -22.5, "axis": "x", "origin": [8, 4.35, 8]},
			"faces": {
				"north": {"uv": [12, 10, 14, 8], "rotation": 270, "texture": "#1"},
				"east": {"uv": [12, 10, 14, 8], "rotation": 90, "texture": "#1"},
				"south": {"uv": [12, 10, 14, 8], "rotation": 270, "texture": "#1"},
				"west": {"uv": [12, 10, 14, 8], "rotation": 270, "texture": "#1"},
				"up": {"uv": [12, 10, 14, 8], "texture": "#1"},
				"down": {"uv": [12, 10, 14, 8], "rotation": 180, "texture": "#1"}
			}
		},
		{
			"from": [13, 13.57127, 11.55536],
			"to": [11.5, 12.07127, 10.05536],
			"shade": false,
			"rotation": {"angle": -22.5, "axis": "x", "origin": [8, 4.35, 8]},
			"faces": {
				"north": {"uv": [14, 10, 16, 8], "rotation": 270, "texture": "#1"},
				"east": {"uv": [14, 10, 16, 8], "rotation": 90, "texture": "#1"},
				"south": {"uv": [14, 10, 16, 8], "rotation": 270, "texture": "#1"},
				"west": {"uv": [14, 10, 16, 8], "rotation": 270, "texture": "#1"},
				"up": {"uv": [14, 10, 16, 8], "texture": "#1"},
				"down": {"uv": [14, 10, 16, 8], "rotation": 180, "texture": "#1"}
			}
		},
		{
			"from": [11.75, 13.35, 6.35],
			"to": [12.75, 14.35, 7.35],
			"shade": false,
			"rotation": {"angle": 0, "axis": "y", "origin": [8, 4.35, 8]},
			"faces": {
				"north": {"uv": [14, 6, 12, 8], "texture": "#1"},
				"east": {"uv": [14, 6, 12, 8], "texture": "#1"},
				"south": {"uv": [14, 6, 12, 8], "texture": "#1"},
				"west": {"uv": [14, 6, 12, 8], "texture": "#1"},
				"up": {"uv": [14, 6, 12, 8], "rotation": 90, "texture": "#1"},
				"down": {"uv": [14, 6, 12, 8], "rotation": 270, "texture": "#1"}
			}
		},
		{
			"from": [13, 14.6, 7.6],
			"to": [11.5, 13.1, 6.1],
			"shade": false,
			"rotation": {"angle": 0, "axis": "y", "origin": [8, 4.35, 8]},
			"faces": {
				"north": {"uv": [16, 6, 14, 8], "texture": "#1"},
				"east": {"uv": [16, 6, 14, 8], "texture": "#1"},
				"south": {"uv": [16, 6, 14, 8], "texture": "#1"},
				"west": {"uv": [16, 6, 14, 8], "texture": "#1"},
				"up": {"uv": [16, 6, 14, 8], "rotation": 90, "texture": "#1"},
				"down": {"uv": [16, 6, 14, 8], "rotation": 270, "texture": "#1"}
			}
		},
		{
			"from": [11.9, 13.87951, 10.71395],
			"to": [12.6, 14.57951, 11.41395],
			"shade": false,
			"rotation": {"angle": -22.5, "axis": "x", "origin": [8, 4.35, 8]},
			"faces": {
				"north": {"uv": [14, 4, 12, 6], "texture": "#1"},
				"east": {"uv": [14, 4, 12, 6], "texture": "#1"},
				"south": {"uv": [14, 4, 12, 6], "texture": "#1"},
				"west": {"uv": [14, 4, 12, 6], "texture": "#1"},
				"up": {"uv": [14, 4, 12, 6], "rotation": 90, "texture": "#1"},
				"down": {"uv": [14, 4, 12, 6], "rotation": 270, "texture": "#1"}
			}
		},
		{
			"from": [12.9, 14.87951, 11.71395],
			"to": [11.6, 13.57951, 10.41395],
			"shade": false,
			"rotation": {"angle": -22.5, "axis": "x", "origin": [8, 4.35, 8]},
			"faces": {
				"north": {"uv": [16, 4, 14, 6], "texture": "#1"},
				"east": {"uv": [16, 4, 14, 6], "texture": "#1"},
				"south": {"uv": [16, 4, 14, 6], "texture": "#1"},
				"west": {"uv": [16, 4, 14, 6], "texture": "#1"},
				"up": {"uv": [16, 4, 14, 6], "rotation": 90, "texture": "#1"},
				"down": {"uv": [16, 4, 14, 6], "rotation": 270, "texture": "#1"}
			}
		},
		{
			"from": [11.95, 14.95, 7],
			"to": [12.55, 15.55, 7.6],
			"shade": false,
			"rotation": {"angle": 0, "axis": "y", "origin": [8, 4.35, 8]},
			"faces": {
				"north": {"uv": [14, 2, 12, 4], "texture": "#1"},
				"east": {"uv": [14, 2, 12, 4], "texture": "#1"},
				"south": {"uv": [14, 2, 12, 4], "texture": "#1"},
				"west": {"uv": [14, 2, 12, 4], "texture": "#1"},
				"up": {"uv": [14, 2, 12, 4], "rotation": 90, "texture": "#1"},
				"down": {"uv": [14, 2, 12, 4], "rotation": 270, "texture": "#1"}
			}
		},
		{
			"from": [12.8, 15.8, 7.85],
			"to": [11.7, 14.7, 6.75],
			"shade": false,
			"rotation": {"angle": 0, "axis": "y", "origin": [8, 4.35, 8]},
			"faces": {
				"north": {"uv": [16, 2, 14, 4], "texture": "#1"},
				"east": {"uv": [16, 2, 14, 4], "texture": "#1"},
				"south": {"uv": [16, 2, 14, 4], "texture": "#1"},
				"west": {"uv": [16, 2, 14, 4], "texture": "#1"},
				"up": {"uv": [16, 2, 14, 4], "rotation": 90, "texture": "#1"},
				"down": {"uv": [16, 2, 14, 4], "rotation": 270, "texture": "#1"}
			}
		},
		{
			"from": [3.45, 6.95, 9.85],
			"to": [4.05, 7.55, 10.45],
			"shade": false,
			"rotation": {"angle": 0, "axis": "y", "origin": [8, 4.35, 8]},
			"faces": {
				"north": {"uv": [14, 14, 12, 16], "texture": "#1"},
				"east": {"uv": [14, 14, 12, 16], "texture": "#1"},
				"south": {"uv": [14, 14, 12, 16], "texture": "#1"},
				"west": {"uv": [14, 14, 12, 16], "texture": "#1"},
				"up": {"uv": [14, 14, 12, 16], "rotation": 90, "texture": "#1"},
				"down": {"uv": [14, 14, 12, 16], "rotation": 270, "texture": "#1"}
			}
		},
		{
			"from": [4.3, 7.8, 10.7],
			"to": [3.2, 6.7, 9.6],
			"shade": false,
			"rotation": {"angle": 0, "axis": "y", "origin": [8, 4.35, 8]},
			"faces": {
				"north": {"uv": [16, 14, 14, 16], "texture": "#1"},
				"east": {"uv": [16, 14, 14, 16], "texture": "#1"},
				"south": {"uv": [16, 14, 14, 16], "texture": "#1"},
				"west": {"uv": [16, 14, 14, 16], "texture": "#1"},
				"up": {"uv": [16, 14, 14, 16], "rotation": 90, "texture": "#1"},
				"down": {"uv": [16, 14, 14, 16], "rotation": 270, "texture": "#1"}
			}
		},
		{
			"from": [3.4, 8.11703, 8.70477],
			"to": [4.1, 8.81703, 9.40477],
			"shade": false,
			"rotation": {"angle": 22.5, "axis": "x", "origin": [8, 4.35, 8]},
			"faces": {
				"north": {"uv": [14, 12, 12, 14], "texture": "#1"},
				"east": {"uv": [14, 12, 12, 14], "texture": "#1"},
				"south": {"uv": [14, 12, 12, 14], "texture": "#1"},
				"west": {"uv": [14, 12, 12, 14], "texture": "#1"},
				"up": {"uv": [14, 12, 12, 14], "rotation": 90, "texture": "#1"},
				"down": {"uv": [14, 12, 12, 14], "rotation": 270, "texture": "#1"}
			}
		},
		{
			"from": [4.4, 9.11703, 9.70477],
			"to": [3.1, 7.81703, 8.40477],
			"shade": false,
			"rotation": {"angle": 22.5, "axis": "x", "origin": [8, 4.35, 8]},
			"faces": {
				"north": {"uv": [16, 12, 14, 14], "texture": "#1"},
				"east": {"uv": [16, 12, 14, 14], "texture": "#1"},
				"south": {"uv": [16, 12, 14, 14], "texture": "#1"},
				"west": {"uv": [16, 12, 14, 14], "texture": "#1"},
				"up": {"uv": [16, 12, 14, 14], "rotation": 90, "texture": "#1"},
				"down": {"uv": [16, 12, 14, 14], "rotation": 270, "texture": "#1"}
			}
		},
		{
			"from": [3.25, 8.90581, 6.61612],
			"to": [4.25, 9.90581, 7.61612],
			"shade": false,
			"rotation": {"angle": 45, "axis": "x", "origin": [8, 4.35, 8]},
			"faces": {
				"north": {"uv": [14, 10, 12, 12], "texture": "#1"},
				"east": {"uv": [14, 10, 12, 12], "texture": "#1"},
				"south": {"uv": [14, 10, 12, 12], "texture": "#1"},
				"west": {"uv": [14, 10, 12, 12], "texture": "#1"},
				"up": {"uv": [14, 10, 12, 12], "rotation": 90, "texture": "#1"},
				"down": {"uv": [14, 10, 12, 12], "rotation": 270, "texture": "#1"}
			}
		},
		{
			"from": [4.5, 10.15581, 7.86612],
			"to": [3, 8.65581, 6.36612],
			"shade": false,
			"rotation": {"angle": 45, "axis": "x", "origin": [8, 4.35, 8]},
			"faces": {
				"north": {"uv": [16, 10, 14, 12], "texture": "#1"},
				"east": {"uv": [16, 10, 14, 12], "texture": "#1"},
				"south": {"uv": [16, 10, 14, 12], "texture": "#1"},
				"west": {"uv": [16, 10, 14, 12], "texture": "#1"},
				"up": {"uv": [16, 10, 14, 12], "rotation": 90, "texture": "#1"},
				"down": {"uv": [16, 10, 14, 12], "rotation": 270, "texture": "#1"}
			}
		},
		{
			"from": [3.25, 7.4777, 11.54627],
			"to": [4.25, 8.4777, 12.54627],
			"shade": false,
			"rotation": {"angle": -22.5, "axis": "x", "origin": [8, 4.35, 8]},
			"faces": {
				"north": {"uv": [12, 10, 14, 8], "rotation": 270, "texture": "#1"},
				"east": {"uv": [12, 10, 14, 8], "rotation": 90, "texture": "#1"},
				"south": {"uv": [12, 10, 14, 8], "rotation": 270, "texture": "#1"},
				"west": {"uv": [12, 10, 14, 8], "rotation": 270, "texture": "#1"},
				"up": {"uv": [12, 10, 14, 8], "texture": "#1"},
				"down": {"uv": [12, 10, 14, 8], "rotation": 180, "texture": "#1"}
			}
		},
		{
			"from": [4.5, 8.7277, 12.79627],
			"to": [3, 7.2277, 11.29627],
			"shade": false,
			"rotation": {"angle": -22.5, "axis": "x", "origin": [8, 4.35, 8]},
			"faces": {
				"north": {"uv": [14, 10, 16, 8], "rotation": 270, "texture": "#1"},
				"east": {"uv": [14, 10, 16, 8], "rotation": 90, "texture": "#1"},
				"south": {"uv": [14, 10, 16, 8], "rotation": 270, "texture": "#1"},
				"west": {"uv": [14, 10, 16, 8], "rotation": 270, "texture": "#1"},
				"up": {"uv": [14, 10, 16, 8], "texture": "#1"},
				"down": {"uv": [14, 10, 16, 8], "rotation": 180, "texture": "#1"}
			}
		},
		{
			"from": [3.25, 9.35, 9.35],
			"to": [4.25, 10.35, 10.35],
			"shade": false,
			"rotation": {"angle": 0, "axis": "y", "origin": [8, 4.35, 8]},
			"faces": {
				"north": {"uv": [14, 6, 12, 8], "texture": "#1"},
				"east": {"uv": [14, 6, 12, 8], "texture": "#1"},
				"south": {"uv": [14, 6, 12, 8], "texture": "#1"},
				"west": {"uv": [14, 6, 12, 8], "texture": "#1"},
				"up": {"uv": [14, 6, 12, 8], "rotation": 90, "texture": "#1"},
				"down": {"uv": [14, 6, 12, 8], "rotation": 270, "texture": "#1"}
			}
		},
		{
			"from": [4.5, 10.6, 10.6],
			"to": [3, 9.1, 9.1],
			"shade": false,
			"rotation": {"angle": 0, "axis": "y", "origin": [8, 4.35, 8]},
			"faces": {
				"north": {"uv": [16, 6, 14, 8], "texture": "#1"},
				"east": {"uv": [16, 6, 14, 8], "texture": "#1"},
				"south": {"uv": [16, 6, 14, 8], "texture": "#1"},
				"west": {"uv": [16, 6, 14, 8], "texture": "#1"},
				"up": {"uv": [16, 6, 14, 8], "rotation": 90, "texture": "#1"},
				"down": {"uv": [16, 6, 14, 8], "rotation": 270, "texture": "#1"}
			}
		},
		{
			"from": [3.4, 9.03594, 11.95486],
			"to": [4.1, 9.73594, 12.65486],
			"shade": false,
			"rotation": {"angle": -22.5, "axis": "x", "origin": [8, 4.35, 8]},
			"faces": {
				"north": {"uv": [14, 4, 12, 6], "texture": "#1"},
				"east": {"uv": [14, 4, 12, 6], "texture": "#1"},
				"south": {"uv": [14, 4, 12, 6], "texture": "#1"},
				"west": {"uv": [14, 4, 12, 6], "texture": "#1"},
				"up": {"uv": [14, 4, 12, 6], "rotation": 90, "texture": "#1"},
				"down": {"uv": [14, 4, 12, 6], "rotation": 270, "texture": "#1"}
			}
		},
		{
			"from": [4.4, 10.03594, 12.95486],
			"to": [3.1, 8.73594, 11.65486],
			"shade": false,
			"rotation": {"angle": -22.5, "axis": "x", "origin": [8, 4.35, 8]},
			"faces": {
				"north": {"uv": [16, 4, 14, 6], "texture": "#1"},
				"east": {"uv": [16, 4, 14, 6], "texture": "#1"},
				"south": {"uv": [16, 4, 14, 6], "texture": "#1"},
				"west": {"uv": [16, 4, 14, 6], "texture": "#1"},
				"up": {"uv": [16, 4, 14, 6], "rotation": 90, "texture": "#1"},
				"down": {"uv": [16, 4, 14, 6], "rotation": 270, "texture": "#1"}
			}
		},
		{
			"from": [3.45, 10.95, 10],
			"to": [4.05, 11.55, 10.6],
			"shade": false,
			"rotation": {"angle": 0, "axis": "y", "origin": [8, 4.35, 8]},
			"faces": {
				"north": {"uv": [14, 2, 12, 4], "texture": "#1"},
				"east": {"uv": [14, 2, 12, 4], "texture": "#1"},
				"south": {"uv": [14, 2, 12, 4], "texture": "#1"},
				"west": {"uv": [14, 2, 12, 4], "texture": "#1"},
				"up": {"uv": [14, 2, 12, 4], "rotation": 90, "texture": "#1"},
				"down": {"uv": [14, 2, 12, 4], "rotation": 270, "texture": "#1"}
			}
		},
		{
			"from": [4.3, 11.8, 10.85],
			"to": [3.2, 10.7, 9.75],
			"shade": false,
			"rotation": {"angle": 0, "axis": "y", "origin": [8, 4.35, 8]},
			"faces": {
				"north": {"uv": [16, 2, 14, 4], "texture": "#1"},
				"east": {"uv": [16, 2, 14, 4], "texture": "#1"},
				"south": {"uv": [16, 2, 14, 4], "texture": "#1"},
				"west": {"uv": [16, 2, 14, 4], "texture": "#1"},
				"up": {"uv": [16, 2, 14, 4], "rotation": 90, "texture": "#1"},
				"down": {"uv": [16, 2, 14, 4], "rotation": 270, "texture": "#1"}
			}
		},
		{
			"from": [3.45, 3.95, 5.55],
			"to": [4.05, 4.55, 6.15],
			"shade": false,
			"rotation": {"angle": 0, "axis": "y", "origin": [8, 4.35, 8]},
			"faces": {
				"north": {"uv": [8, 14, 10, 16], "texture": "#1"},
				"east": {"uv": [8, 14, 10, 16], "texture": "#1"},
				"south": {"uv": [8, 14, 10, 16], "texture": "#1"},
				"west": {"uv": [8, 14, 10, 16], "texture": "#1"},
				"up": {"uv": [8, 14, 10, 16], "rotation": 90, "texture": "#1"},
				"down": {"uv": [8, 14, 10, 16], "rotation": 270, "texture": "#1"}
			}
		},
		{
			"from": [4.3, 4.8, 6.4],
			"to": [3.2, 3.7, 5.3],
			"shade": false,
			"rotation": {"angle": 0, "axis": "y", "origin": [8, 4.35, 8]},
			"faces": {
				"north": {"uv": [10, 14, 12, 16], "texture": "#1"},
				"east": {"uv": [10, 14, 12, 16], "texture": "#1"},
				"south": {"uv": [10, 14, 12, 16], "texture": "#1"},
				"west": {"uv": [10, 14, 12, 16], "texture": "#1"},
				"up": {"uv": [10, 14, 12, 16], "rotation": 90, "texture": "#1"},
				"down": {"uv": [10, 14, 12, 16], "rotation": 270, "texture": "#1"}
			}
		},
		{
			"from": [3.4, 5.3454, 5.44718],
			"to": [4.1, 6.0454, 6.14718],
			"shade": false,
			"rotation": {"angle": -22.5, "axis": "x", "origin": [8, 4.35, 8]},
			"faces": {
				"north": {"uv": [8, 12, 10, 14], "texture": "#1"},
				"east": {"uv": [8, 12, 10, 14], "texture": "#1"},
				"south": {"uv": [8, 12, 10, 14], "texture": "#1"},
				"west": {"uv": [8, 12, 10, 14], "texture": "#1"},
				"up": {"uv": [8, 12, 10, 14], "rotation": 90, "texture": "#1"},
				"down": {"uv": [8, 12, 10, 14], "rotation": 270, "texture": "#1"}
			}
		},
		{
			"from": [4.4, 6.3454, 6.44718],
			"to": [3.1, 5.0454, 5.14718],
			"shade": false,
			"rotation": {"angle": -22.5, "axis": "x", "origin": [8, 4.35, 8]},
			"faces": {
				"north": {"uv": [10, 12, 12, 14], "texture": "#1"},
				"east": {"uv": [10, 12, 12, 14], "texture": "#1"},
				"south": {"uv": [10, 12, 12, 14], "texture": "#1"},
				"west": {"uv": [10, 12, 12, 14], "texture": "#1"},
				"up": {"uv": [10, 12, 12, 14], "rotation": 90, "texture": "#1"},
				"down": {"uv": [10, 12, 12, 14], "rotation": 270, "texture": "#1"}
			}
		},
		{
			"from": [3.25, 6.7845, 6.26257],
			"to": [4.25, 7.7845, 7.26257],
			"shade": false,
			"rotation": {"angle": -45, "axis": "x", "origin": [8, 4.35, 8]},
			"faces": {
				"north": {"uv": [8, 10, 10, 12], "texture": "#1"},
				"east": {"uv": [8, 10, 10, 12], "texture": "#1"},
				"south": {"uv": [8, 10, 10, 12], "texture": "#1"},
				"west": {"uv": [8, 10, 10, 12], "texture": "#1"},
				"up": {"uv": [8, 10, 10, 12], "rotation": 90, "texture": "#1"},
				"down": {"uv": [8, 10, 10, 12], "rotation": 270, "texture": "#1"}
			}
		},
		{
			"from": [4.5, 8.0345, 7.51257],
			"to": [3, 6.5345, 6.01257],
			"shade": false,
			"rotation": {"angle": -45, "axis": "x", "origin": [8, 4.35, 8]},
			"faces": {
				"north": {"uv": [10, 10, 12, 12], "texture": "#1"},
				"east": {"uv": [10, 10, 12, 12], "texture": "#1"},
				"south": {"uv": [10, 10, 12, 12], "texture": "#1"},
				"west": {"uv": [10, 10, 12, 12], "texture": "#1"},
				"up": {"uv": [10, 10, 12, 12], "rotation": 90, "texture": "#1"},
				"down": {"uv": [10, 10, 12, 12], "rotation": 270, "texture": "#1"}
			}
		},
		{
			"from": [3.25, 4.70606, 4.60178],
			"to": [4.25, 5.70606, 5.60178],
			"shade": false,
			"rotation": {"angle": 22.5, "axis": "x", "origin": [8, 4.35, 8]},
			"faces": {
				"north": {"uv": [8, 8, 10, 10], "rotation": 270, "texture": "#1"},
				"east": {"uv": [8, 8, 10, 10], "rotation": 90, "texture": "#1"},
				"south": {"uv": [8, 8, 10, 10], "rotation": 270, "texture": "#1"},
				"west": {"uv": [8, 8, 10, 10], "rotation": 270, "texture": "#1"},
				"up": {"uv": [8, 8, 10, 10], "texture": "#1"},
				"down": {"uv": [8, 8, 10, 10], "rotation": 180, "texture": "#1"}
			}
		},
		{
			"from": [4.5, 5.95606, 5.85178],
			"to": [3, 4.45606, 4.35178],
			"shade": false,
			"rotation": {"angle": 22.5, "axis": "x", "origin": [8, 4.35, 8]},
			"faces": {
				"north": {"uv": [10, 8, 12, 10], "rotation": 270, "texture": "#1"},
				"east": {"uv": [10, 8, 12, 10], "rotation": 90, "texture": "#1"},
				"south": {"uv": [10, 8, 12, 10], "rotation": 270, "texture": "#1"},
				"west": {"uv": [10, 8, 12, 10], "rotation": 270, "texture": "#1"},
				"up": {"uv": [10, 8, 12, 10], "texture": "#1"},
				"down": {"uv": [10, 8, 12, 10], "rotation": 180, "texture": "#1"}
			}
		},
		{
			"from": [3.25, 6.35, 5.65],
			"to": [4.25, 7.35, 6.65],
			"shade": false,
			"rotation": {"angle": 0, "axis": "y", "origin": [8, 4.35, 8]},
			"faces": {
				"north": {"uv": [8, 6, 10, 8], "texture": "#1"},
				"east": {"uv": [8, 6, 10, 8], "texture": "#1"},
				"south": {"uv": [8, 6, 10, 8], "texture": "#1"},
				"west": {"uv": [8, 6, 10, 8], "texture": "#1"},
				"up": {"uv": [8, 6, 10, 8], "rotation": 90, "texture": "#1"},
				"down": {"uv": [8, 6, 10, 8], "rotation": 270, "texture": "#1"}
			}
		},
		{
			"from": [4.5, 7.6, 6.9],
			"to": [3, 6.1, 5.4],
			"shade": false,
			"rotation": {"angle": 0, "axis": "y", "origin": [8, 4.35, 8]},
			"faces": {
				"north": {"uv": [10, 6, 12, 8], "texture": "#1"},
				"east": {"uv": [10, 6, 12, 8], "texture": "#1"},
				"south": {"uv": [10, 6, 12, 8], "texture": "#1"},
				"west": {"uv": [10, 6, 12, 8], "texture": "#1"},
				"up": {"uv": [10, 6, 12, 8], "rotation": 90, "texture": "#1"},
				"down": {"uv": [10, 6, 12, 8], "rotation": 270, "texture": "#1"}
			}
		},
		{
			"from": [3.4, 6.2643, 4.49319],
			"to": [4.1, 6.9643, 5.19319],
			"shade": false,
			"rotation": {"angle": 22.5, "axis": "x", "origin": [8, 4.35, 8]},
			"faces": {
				"north": {"uv": [8, 4, 10, 6], "texture": "#1"},
				"east": {"uv": [8, 4, 10, 6], "texture": "#1"},
				"south": {"uv": [8, 4, 10, 6], "texture": "#1"},
				"west": {"uv": [8, 4, 10, 6], "texture": "#1"},
				"up": {"uv": [8, 4, 10, 6], "rotation": 90, "texture": "#1"},
				"down": {"uv": [8, 4, 10, 6], "rotation": 270, "texture": "#1"}
			}
		},
		{
			"from": [4.4, 7.2643, 5.49319],
			"to": [3.1, 5.9643, 4.19319],
			"shade": false,
			"rotation": {"angle": 22.5, "axis": "x", "origin": [8, 4.35, 8]},
			"faces": {
				"north": {"uv": [10, 4, 12, 6], "texture": "#1"},
				"east": {"uv": [10, 4, 12, 6], "texture": "#1"},
				"south": {"uv": [10, 4, 12, 6], "texture": "#1"},
				"west": {"uv": [10, 4, 12, 6], "texture": "#1"},
				"up": {"uv": [10, 4, 12, 6], "rotation": 90, "texture": "#1"},
				"down": {"uv": [10, 4, 12, 6], "rotation": 270, "texture": "#1"}
			}
		},
		{
			"from": [3.45, 7.95, 5.4],
			"to": [4.05, 8.55, 6],
			"shade": false,
			"rotation": {"angle": 0, "axis": "y", "origin": [8, 4.35, 8]},
			"faces": {
				"north": {"uv": [8, 2, 10, 4], "texture": "#1"},
				"east": {"uv": [8, 2, 10, 4], "texture": "#1"},
				"south": {"uv": [8, 2, 10, 4], "texture": "#1"},
				"west": {"uv": [8, 2, 10, 4], "texture": "#1"},
				"up": {"uv": [8, 2, 10, 4], "rotation": 90, "texture": "#1"},
				"down": {"uv": [8, 2, 10, 4], "rotation": 270, "texture": "#1"}
			}
		},
		{
			"from": [4.3, 8.8, 6.25],
			"to": [3.2, 7.7, 5.15],
			"shade": false,
			"rotation": {"angle": 0, "axis": "y", "origin": [8, 4.35, 8]},
			"faces": {
				"north": {"uv": [10, 2, 12, 4], "texture": "#1"},
				"east": {"uv": [10, 2, 12, 4], "texture": "#1"},
				"south": {"uv": [10, 2, 12, 4], "texture": "#1"},
				"west": {"uv": [10, 2, 12, 4], "texture": "#1"},
				"up": {"uv": [10, 2, 12, 4], "rotation": 90, "texture": "#1"},
				"down": {"uv": [10, 2, 12, 4], "rotation": 270, "texture": "#1"}
			}
		},
		{
			"from": [3.45, 10.95, 7.85],
			"to": [4.05, 11.55, 8.45],
			"shade": false,
			"rotation": {"angle": 0, "axis": "y", "origin": [8, 4.35, 8]},
			"faces": {
				"north": {"uv": [6, 14, 4, 16], "texture": "#1"},
				"east": {"uv": [6, 14, 4, 16], "texture": "#1"},
				"south": {"uv": [6, 14, 4, 16], "texture": "#1"},
				"west": {"uv": [6, 14, 4, 16], "texture": "#1"},
				"up": {"uv": [6, 14, 4, 16], "rotation": 90, "texture": "#1"},
				"down": {"uv": [6, 14, 4, 16], "rotation": 270, "texture": "#1"}
			}
		},
		{
			"from": [4.3, 11.8, 8.7],
			"to": [3.2, 10.7, 7.6],
			"shade": false,
			"rotation": {"angle": 0, "axis": "y", "origin": [8, 4.35, 8]},
			"faces": {
				"north": {"uv": [8, 14, 6, 16], "texture": "#1"},
				"east": {"uv": [8, 14, 6, 16], "texture": "#1"},
				"south": {"uv": [8, 14, 6, 16], "texture": "#1"},
				"west": {"uv": [8, 14, 6, 16], "texture": "#1"},
				"up": {"uv": [8, 14, 6, 16], "rotation": 90, "texture": "#1"},
				"down": {"uv": [8, 14, 6, 16], "rotation": 270, "texture": "#1"}
			}
		},
		{
			"from": [3.4, 11.04718, 5.32628],
			"to": [4.1, 11.74718, 6.02628],
			"shade": false,
			"rotation": {"angle": 22.5, "axis": "x", "origin": [8, 4.35, 8]},
			"faces": {
				"north": {"uv": [6, 12, 4, 14], "texture": "#1"},
				"east": {"uv": [6, 12, 4, 14], "texture": "#1"},
				"south": {"uv": [6, 12, 4, 14], "texture": "#1"},
				"west": {"uv": [6, 12, 4, 14], "texture": "#1"},
				"up": {"uv": [6, 12, 4, 14], "rotation": 90, "texture": "#1"},
				"down": {"uv": [6, 12, 4, 14], "rotation": 270, "texture": "#1"}
			}
		},
		{
			"from": [4.4, 12.04718, 6.32628],
			"to": [3.1, 10.74718, 5.02628],
			"shade": false,
			"rotation": {"angle": 22.5, "axis": "x", "origin": [8, 4.35, 8]},
			"faces": {
				"north": {"uv": [8, 12, 6, 14], "texture": "#1"},
				"east": {"uv": [8, 12, 6, 14], "texture": "#1"},
				"south": {"uv": [8, 12, 6, 14], "texture": "#1"},
				"west": {"uv": [8, 12, 6, 14], "texture": "#1"},
				"up": {"uv": [8, 12, 6, 14], "rotation": 90, "texture": "#1"},
				"down": {"uv": [8, 12, 6, 14], "rotation": 270, "texture": "#1"}
			}
		},
		{
			"from": [3.25, 10.32003, 2.37348],
			"to": [4.25, 11.32003, 3.37348],
			"shade": false,
			"rotation": {"angle": 45, "axis": "x", "origin": [8, 4.35, 8]},
			"faces": {
				"north": {"uv": [6, 10, 4, 12], "texture": "#1"},
				"east": {"uv": [6, 10, 4, 12], "texture": "#1"},
				"south": {"uv": [6, 10, 4, 12], "texture": "#1"},
				"west": {"uv": [6, 10, 4, 12], "texture": "#1"},
				"up": {"uv": [6, 10, 4, 12], "rotation": 90, "texture": "#1"},
				"down": {"uv": [6, 10, 4, 12], "rotation": 270, "texture": "#1"}
			}
		},
		{
			"from": [4.5, 11.57003, 3.62348],
			"to": [3, 10.07003, 2.12348],
			"shade": false,
			"rotation": {"angle": 45, "axis": "x", "origin": [8, 4.35, 8]},
			"faces": {
				"north": {"uv": [8, 10, 6, 12], "texture": "#1"},
				"east": {"uv": [8, 10, 6, 12], "texture": "#1"},
				"south": {"uv": [8, 10, 6, 12], "texture": "#1"},
				"west": {"uv": [8, 10, 6, 12], "texture": "#1"},
				"up": {"uv": [8, 10, 6, 12], "rotation": 90, "texture": "#1"},
				"down": {"uv": [8, 10, 6, 12], "rotation": 270, "texture": "#1"}
			}
		},
		{
			"from": [3.25, 11.93859, 11.22924],
			"to": [4.25, 12.93859, 12.22924],
			"shade": false,
			"rotation": {"angle": -22.5, "axis": "x", "origin": [8, 4.35, 8]},
			"faces": {
				"north": {"uv": [4, 10, 6, 8], "rotation": 270, "texture": "#1"},
				"east": {"uv": [4, 10, 6, 8], "rotation": 90, "texture": "#1"},
				"south": {"uv": [4, 10, 6, 8], "rotation": 270, "texture": "#1"},
				"west": {"uv": [4, 10, 6, 8], "rotation": 270, "texture": "#1"},
				"up": {"uv": [4, 10, 6, 8], "texture": "#1"},
				"down": {"uv": [4, 10, 6, 8], "rotation": 180, "texture": "#1"}
			}
		},
		{
			"from": [4.5, 13.18859, 12.47924],
			"to": [3, 11.68859, 10.97924],
			"shade": false,
			"rotation": {"angle": -22.5, "axis": "x", "origin": [8, 4.35, 8]},
			"faces": {
				"north": {"uv": [6, 10, 8, 8], "rotation": 270, "texture": "#1"},
				"east": {"uv": [6, 10, 8, 8], "rotation": 90, "texture": "#1"},
				"south": {"uv": [6, 10, 8, 8], "rotation": 270, "texture": "#1"},
				"west": {"uv": [6, 10, 8, 8], "rotation": 270, "texture": "#1"},
				"up": {"uv": [6, 10, 8, 8], "texture": "#1"},
				"down": {"uv": [6, 10, 8, 8], "rotation": 180, "texture": "#1"}
			}
		},
		{
			"from": [3.25, 13.35, 7.35],
			"to": [4.25, 14.35, 8.35],
			"shade": false,
			"rotation": {"angle": 0, "axis": "y", "origin": [8, 4.35, 8]},
			"faces": {
				"north": {"uv": [6, 6, 4, 8], "texture": "#1"},
				"east": {"uv": [6, 6, 4, 8], "texture": "#1"},
				"south": {"uv": [6, 6, 4, 8], "texture": "#1"},
				"west": {"uv": [6, 6, 4, 8], "texture": "#1"},
				"up": {"uv": [6, 6, 4, 8], "rotation": 90, "texture": "#1"},
				"down": {"uv": [6, 6, 4, 8], "rotation": 270, "texture": "#1"}
			}
		},
		{
			"from": [4.5, 14.6, 8.6],
			"to": [3, 13.1, 7.1],
			"shade": false,
			"rotation": {"angle": 0, "axis": "y", "origin": [8, 4.35, 8]},
			"faces": {
				"north": {"uv": [8, 6, 6, 8], "texture": "#1"},
				"east": {"uv": [8, 6, 6, 8], "texture": "#1"},
				"south": {"uv": [8, 6, 6, 8], "texture": "#1"},
				"west": {"uv": [8, 6, 6, 8], "texture": "#1"},
				"up": {"uv": [8, 6, 6, 8], "rotation": 90, "texture": "#1"},
				"down": {"uv": [8, 6, 6, 8], "rotation": 270, "texture": "#1"}
			}
		},
		{
			"from": [3.4, 13.49683, 11.63783],
			"to": [4.1, 14.19683, 12.33783],
			"shade": false,
			"rotation": {"angle": -22.5, "axis": "x", "origin": [8, 4.35, 8]},
			"faces": {
				"north": {"uv": [6, 4, 4, 6], "texture": "#1"},
				"east": {"uv": [6, 4, 4, 6], "texture": "#1"},
				"south": {"uv": [6, 4, 4, 6], "texture": "#1"},
				"west": {"uv": [6, 4, 4, 6], "texture": "#1"},
				"up": {"uv": [6, 4, 4, 6], "rotation": 90, "texture": "#1"},
				"down": {"uv": [6, 4, 4, 6], "rotation": 270, "texture": "#1"}
			}
		},
		{
			"from": [4.4, 14.49683, 12.63783],
			"to": [3.1, 13.19683, 11.33783],
			"shade": false,
			"rotation": {"angle": -22.5, "axis": "x", "origin": [8, 4.35, 8]},
			"faces": {
				"north": {"uv": [8, 4, 6, 6], "texture": "#1"},
				"east": {"uv": [8, 4, 6, 6], "texture": "#1"},
				"south": {"uv": [8, 4, 6, 6], "texture": "#1"},
				"west": {"uv": [8, 4, 6, 6], "texture": "#1"},
				"up": {"uv": [8, 4, 6, 6], "rotation": 90, "texture": "#1"},
				"down": {"uv": [8, 4, 6, 6], "rotation": 270, "texture": "#1"}
			}
		},
		{
			"from": [3.45, 14.95, 8],
			"to": [4.05, 15.55, 8.6],
			"shade": false,
			"rotation": {"angle": 0, "axis": "y", "origin": [8, 4.35, 8]},
			"faces": {
				"north": {"uv": [6, 2, 4, 4], "texture": "#1"},
				"east": {"uv": [6, 2, 4, 4], "texture": "#1"},
				"south": {"uv": [6, 2, 4, 4], "texture": "#1"},
				"west": {"uv": [6, 2, 4, 4], "texture": "#1"},
				"up": {"uv": [6, 2, 4, 4], "rotation": 90, "texture": "#1"},
				"down": {"uv": [6, 2, 4, 4], "rotation": 270, "texture": "#1"}
			}
		},
		{
			"from": [4.3, 15.8, 8.85],
			"to": [3.2, 14.7, 7.75],
			"shade": false,
			"rotation": {"angle": 0, "axis": "y", "origin": [8, 4.35, 8]},
			"faces": {
				"north": {"uv": [8, 2, 6, 4], "texture": "#1"},
				"east": {"uv": [8, 2, 6, 4], "texture": "#1"},
				"south": {"uv": [8, 2, 6, 4], "texture": "#1"},
				"west": {"uv": [8, 2, 6, 4], "texture": "#1"},
				"up": {"uv": [8, 2, 6, 4], "rotation": 90, "texture": "#1"},
				"down": {"uv": [8, 2, 6, 4], "rotation": 270, "texture": "#1"}
			}
		}
	],
	"gui_light": "front",
	"display": {
		"thirdperson_righthand": {
			"translation": [-0.25, 3.25, 1],
			"scale": [0.6, 0.6, 0.6]
		},
		"thirdperson_lefthand": {
			"translation": [-0.25, 3.25, 1],
			"scale": [0.6, 0.6, 0.6]
		},
		"firstperson_righthand": {
			"rotation": [0, 22, 0],
			"translation": [4.25, 0.75, -4.25],
			"scale": [0.54883, 0.54883, 0.54883]
		},
		"firstperson_lefthand": {
			"rotation": [0, 22, 0],
			"translation": [4.25, 0.75, -4.25],
			"scale": [0.54883, 0.54883, 0.54883]
		},
		"ground": {
			"rotation": [94, 85, 0],
			"translation": [0, 0.25, -0.75],
			"scale": [0.5, 0.5, 0.5]
		},
		"gui": {
			"rotation": [-90, 45, 88],
			"translation": [0, 0.25, 0],
			"scale": [0.48, 0.48, 0.48]
		},
		"head": {
			"rotation": [90, -171, 90],
			"translation": [-2.25, 9.25, 0.25],
			"scale": [0.7, 0.7, 0.7]
		},
		"fixed": {
			"rotation": [0, 90, 0],
			"translation": [0, 0.25, -1.25],
			"scale": [1.2, 1.2, 1.2]
		}
	},
	"groups": [
		0,
		1,
		2,
		3,
		4,
		5,
		6,
		7,
		8,
		9,
		10,
		11,
		12,
		13,
		14,
		15,
		16,
		17,
		18,
		{
			"name": "particles",
			"origin": [8, 8, 8],
			"color": 0,
			"children": [
				{
					"name": "particles1",
					"origin": [0, 0, 0],
					"color": 0,
					"children": [
						{
							"name": "particle1",
							"origin": [0, 0, 0],
							"color": 0,
							"children": [19, 20]
						},
						{
							"name": "particle2",
							"origin": [0, 0, 0],
							"color": 0,
							"children": [21, 22]
						},
						{
							"name": "particle3",
							"origin": [0, 0, 0],
							"color": 0,
							"children": [23, 24]
						},
						{
							"name": "particle4",
							"origin": [0, 0, 0],
							"color": 0,
							"children": [25, 26]
						},
						{
							"name": "particle5",
							"origin": [0, 0, 0],
							"color": 0,
							"children": [27, 28]
						},
						{
							"name": "particle6",
							"origin": [0, 0, 0],
							"color": 0,
							"children": [29, 30]
						},
						{
							"name": "particle7",
							"origin": [0, 0, 0],
							"color": 0,
							"children": [31, 32]
						}
					]
				},
				{
					"name": "particles2",
					"origin": [0, 0, 0],
					"color": 0,
					"children": [
						{
							"name": "particle1",
							"origin": [0, 0, 0],
							"color": 0,
							"children": [33, 34]
						},
						{
							"name": "particle2",
							"origin": [0, 0, 0],
							"color": 0,
							"children": [35, 36]
						},
						{
							"name": "particle3",
							"origin": [0, 0, 0],
							"color": 0,
							"children": [37, 38]
						},
						{
							"name": "particle4",
							"origin": [0, 0, 0],
							"color": 0,
							"children": [39, 40]
						},
						{
							"name": "particle5",
							"origin": [0, 0, 0],
							"color": 0,
							"children": [41, 42]
						},
						{
							"name": "particle6",
							"origin": [0, 0, 0],
							"color": 0,
							"children": [43, 44]
						},
						{
							"name": "particle7",
							"origin": [0, 0, 0],
							"color": 0,
							"children": [45, 46]
						}
					]
				},
				{
					"name": "particles3",
					"origin": [0, 0, 0],
					"color": 0,
					"children": [
						{
							"name": "particle1",
							"origin": [0, 0, 0],
							"color": 0,
							"children": [47, 48]
						},
						{
							"name": "particle2",
							"origin": [0, 0, 0],
							"color": 0,
							"children": [49, 50]
						},
						{
							"name": "particle3",
							"origin": [0, 0, 0],
							"color": 0,
							"children": [51, 52]
						},
						{
							"name": "particle4",
							"origin": [0, 0, 0],
							"color": 0,
							"children": [53, 54]
						},
						{
							"name": "particle5",
							"origin": [0, 0, 0],
							"color": 0,
							"children": [55, 56]
						},
						{
							"name": "particle6",
							"origin": [0, 0, 0],
							"color": 0,
							"children": [57, 58]
						},
						{
							"name": "particle7",
							"origin": [0, 0, 0],
							"color": 0,
							"children": [59, 60]
						}
					]
				},
				{
					"name": "particles4",
					"origin": [0, 0, 0],
					"color": 0,
					"children": [
						{
							"name": "particle1",
							"origin": [0, 0, 0],
							"color": 0,
							"children": [61, 62]
						},
						{
							"name": "particle2",
							"origin": [0, 0, 0],
							"color": 0,
							"children": [63, 64]
						},
						{
							"name": "particle3",
							"origin": [0, 0, 0],
							"color": 0,
							"children": [65, 66]
						},
						{
							"name": "particle4",
							"origin": [0, 0, 0],
							"color": 0,
							"children": [67, 68]
						},
						{
							"name": "particle5",
							"origin": [0, 0, 0],
							"color": 0,
							"children": [69, 70]
						},
						{
							"name": "particle6",
							"origin": [0, 0, 0],
							"color": 0,
							"children": [71, 72]
						},
						{
							"name": "particle7",
							"origin": [0, 0, 0],
							"color": 0,
							"children": [73, 74]
						}
					]
				},
				{
					"name": "particles5",
					"origin": [0, 0, 0],
					"color": 0,
					"children": [
						{
							"name": "particle1",
							"origin": [0, 0, 0],
							"color": 0,
							"children": [75, 76]
						},
						{
							"name": "particle2",
							"origin": [0, 0, 0],
							"color": 0,
							"children": [77, 78]
						},
						{
							"name": "particle3",
							"origin": [0, 0, 0],
							"color": 0,
							"children": [79, 80]
						},
						{
							"name": "particle4",
							"origin": [0, 0, 0],
							"color": 0,
							"children": [81, 82]
						},
						{
							"name": "particle5",
							"origin": [0, 0, 0],
							"color": 0,
							"children": [83, 84]
						},
						{
							"name": "particle6",
							"origin": [0, 0, 0],
							"color": 0,
							"children": [85, 86]
						},
						{
							"name": "particle7",
							"origin": [0, 0, 0],
							"color": 0,
							"children": [87, 88]
						}
					]
				},
				{
					"name": "particles6",
					"origin": [0, 0, 0],
					"color": 0,
					"children": [
						{
							"name": "particle1",
							"origin": [0, 0, 0],
							"color": 0,
							"children": [89, 90]
						},
						{
							"name": "particle2",
							"origin": [0, 0, 0],
							"color": 0,
							"children": [91, 92]
						},
						{
							"name": "particle3",
							"origin": [0, 0, 0],
							"color": 0,
							"children": [93, 94]
						},
						{
							"name": "particle4",
							"origin": [0, 0, 0],
							"color": 0,
							"children": [95, 96]
						},
						{
							"name": "particle5",
							"origin": [0, 0, 0],
							"color": 0,
							"children": [97, 98]
						},
						{
							"name": "particle6",
							"origin": [0, 0, 0],
							"color": 0,
							"children": [99, 100]
						},
						{
							"name": "particle7",
							"origin": [0, 0, 0],
							"color": 0,
							"children": [101, 102]
						}
					]
				}
			]
		}
	]
}