{
	"textures": {
		"0": "item/cosmetics/handhelds/electricguitar"
	},
	"elements": [
		{
			"from": [6.5, 0, 6],
			"to": [10.5, 14, 7.5],
			"rotation": {"angle": 45, "axis": "z", "origin": [8, 4.5, 6.5]},
			"faces": {
				"north": {"uv": [0, 0, 1, 3.5], "texture": "#0"},
				"east": {"uv": [3, 0, 3.5, 3.5], "texture": "#0"},
				"south": {"uv": [1, 0, 2, 3.5], "texture": "#0"},
				"west": {"uv": [0, 3.5, 0.5, 7], "texture": "#0"},
				"up": {"uv": [3.25, 5.5, 2.25, 5], "texture": "#0"},
				"down": {"uv": [6, 2.5, 5, 3], "texture": "#0"}
			}
		},
		{
			"from": [3.14645, -0.14645, 6.01],
			"to": [6.14645, 5.85355, 7.51],
			"rotation": {"angle": -22.5, "axis": "z", "origin": [7.64645, 4.85355, 6.5]},
			"faces": {
				"north": {"uv": [3.75, 1.25, 4.5, 2.75], "texture": "#0"},
				"east": {"uv": [3, 3.5, 3.5, 5], "texture": "#0"},
				"south": {"uv": [3.75, 2.75, 4.5, 4.25], "texture": "#0"},
				"west": {"uv": [3.75, 4.25, 4.25, 5.75], "texture": "#0"},
				"up": {"uv": [6, 4, 5.25, 3.5], "texture": "#0"},
				"down": {"uv": [6, 4, 5.25, 4.5], "texture": "#0"}
			}
		},
		{
			"from": [5.70544, 8.62604, 6],
			"to": [9.70544, 13.62604, 7.5],
			"rotation": {"angle": -45, "axis": "z", "origin": [7.70544, 9.52604, 6.5]},
			"faces": {
				"north": {"uv": [3.5, 0, 4.5, 1.25], "texture": "#0"},
				"east": {"uv": [4.25, 4.25, 4.75, 5.5], "texture": "#0"},
				"south": {"uv": [0.5, 3.5, 1.5, 4.75], "texture": "#0"},
				"west": {"uv": [4.5, 0, 5, 1.25], "texture": "#0"},
				"up": {"uv": [6, 3.5, 5, 3], "texture": "#0"},
				"down": {"uv": [5.75, 5, 4.75, 5.5], "texture": "#0"}
			}
		},
		{
			"from": [9.04253, 10.41895, 6.01],
			"to": [11.04253, 15.41895, 7.51],
			"rotation": {"angle": 22.5, "axis": "z", "origin": [10.04253, 13.16895, 6.49]},
			"faces": {
				"north": {"uv": [4.5, 1.25, 5, 2.5], "texture": "#0"},
				"east": {"uv": [4.5, 2.5, 5, 3.75], "texture": "#0"},
				"south": {"uv": [0.5, 4.75, 1, 6], "texture": "#0"},
				"west": {"uv": [1, 4.75, 1.5, 6], "texture": "#0"},
				"up": {"uv": [5.75, 5, 5.25, 4.5], "texture": "#0"},
				"down": {"uv": [6, 1.5, 5.5, 2], "texture": "#0"}
			}
		},
		{
			"from": [5.33579, 5.62132, 5.75],
			"to": [7.33579, 25.62132, 6.75],
			"rotation": {"angle": 0, "axis": "z", "origin": [6.58579, 6.62132, 6.5]},
			"faces": {
				"north": {"uv": [2, 0, 2.5, 5], "texture": "#0"},
				"east": {"uv": [3.5, 1.25, 3.75, 6.25], "texture": "#0"},
				"south": {"uv": [2.5, 0, 3, 5], "texture": "#0"},
				"west": {"uv": [1.5, 3.5, 1.75, 8.5], "texture": "#0"},
				"up": {"uv": [6, 2.25, 5.5, 2], "texture": "#0"},
				"down": {"uv": [2.75, 5.5, 2.25, 5.75], "texture": "#0"}
			}
		},
		{
			"from": [5.08579, 25.12132, 5.85],
			"to": [7.08579, 30.12132, 6.6],
			"rotation": {"angle": 22.5, "axis": "z", "origin": [6.08579, 27.37132, 6.5]},
			"faces": {
				"north": {"uv": [4.75, 3.75, 5.25, 5], "texture": "#0"},
				"east": {"uv": [1.75, 3.5, 2, 4.75], "texture": "#0"},
				"south": {"uv": [5, 0, 5.5, 1.25], "texture": "#0"},
				"west": {"uv": [3.25, 5, 3.5, 6.25], "texture": "#0"},
				"up": {"uv": [6, 2.5, 5.5, 2.25], "texture": "#0"},
				"down": {"uv": [3.25, 5.5, 2.75, 5.75], "texture": "#0"}
			}
		},
		{
			"from": [4.08579, 25.12132, 5.85],
			"to": [5.08579, 27.12132, 6.6],
			"rotation": {"angle": 22.5, "axis": "z", "origin": [6.08579, 27.37132, 6.5]},
			"faces": {
				"north": {"uv": [4.5, 3.75, 4.75, 4.25], "texture": "#0"},
				"east": {"uv": [4.25, 5.5, 4.5, 6], "texture": "#0"},
				"south": {"uv": [4.5, 5.5, 4.75, 6], "texture": "#0"},
				"west": {"uv": [4.75, 5.5, 5, 6], "texture": "#0"},
				"up": {"uv": [2, 5, 1.75, 4.75], "texture": "#0"},
				"down": {"uv": [5.25, 3.5, 5, 3.75], "texture": "#0"}
			}
		},
		{
			"from": [7.08579, 25.12132, 6.2],
			"to": [9.08579, 30.12132, 6.2],
			"rotation": {"angle": 22.5, "axis": "z", "origin": [6.08579, 27.37132, 6.5]},
			"faces": {
				"north": {"uv": [5, 1.25, 5.5, 2.5], "texture": "#0"},
				"east": {"uv": [0, 0, 0, 1.25], "texture": "#0"},
				"south": {"uv": [1.75, 5, 2.25, 6.25], "texture": "#0"},
				"west": {"uv": [0, 0, 0, 1.25], "texture": "#0"},
				"up": {"uv": [0.5, 0, 0, 0], "texture": "#0"},
				"down": {"uv": [0.5, 0, 0, 0], "texture": "#0"}
			}
		},
		{
			"from": [3.08579, 27.12132, 6.2],
			"to": [5.08579, 30.12132, 6.2],
			"rotation": {"angle": 22.5, "axis": "z", "origin": [6.08579, 27.37132, 6.5]},
			"faces": {
				"north": {"uv": [5.5, 0, 6, 0.75], "texture": "#0"},
				"east": {"uv": [0, 0, 0, 0.75], "texture": "#0"},
				"south": {"uv": [5.5, 0.75, 6, 1.5], "texture": "#0"},
				"west": {"uv": [0, 0, 0, 0.75], "texture": "#0"},
				"up": {"uv": [0.5, 0, 0, 0], "texture": "#0"},
				"down": {"uv": [0.5, 0, 0, 0], "texture": "#0"}
			}
		}
	],
	"gui_light": "front",
	"display": {
		"thirdperson_righthand": {
			"rotation": [60, 8, 55],
			"translation": [-0.75, 0, 1]
		},
		"thirdperson_lefthand": {
			"rotation": [60, 8, 55],
			"translation": [-2.25, -2, -2]
		},
		"firstperson_righthand": {
			"rotation": [-24, 90, 0],
			"translation": [11.75, 0, -6.25]
		},
		"firstperson_lefthand": {
			"rotation": [-24, 90, 0],
			"translation": [11.75, 0, -6.25]
		},
		"ground": {
			"rotation": [69, 0, 0],
			"translation": [0, 0, -4.5]
		},
		"gui": {
			"rotation": [30, -145, 0],
			"translation": [-1.75, -3.5, 0],
			"scale": [0.6, 0.6, 0.6]
		},
		"head": {
			"rotation": [15, 0, 11],
			"translation": [2.75, -30, 2.25],
			"scale": [2, 2, 2]
		}
	},
	"groups": [
		{
			"name": "group",
			"origin": [6.08579, 27.37132, 6.5],
			"color": 0,
			"boneType": "",
			"children": [0, 1, 2, 3, 4, 5, 6, 7, 8]
		}
	]
}