{
	"credit": "Made by Magic-Store",
	"texture_size": [128, 128],
	"textures": {
		"0": "item/angel_crate/weapon_set",
		"1": "item/angel_crate/fire_down",
		"3": "item/angel_crate/fire_4",
		"particle": "item/angel_crate/weapon_set"
	},
	"elements": [
		{
			"from": [5, 1, 10.5],
			"to": [5, 8, 17],
			"rotation": {"angle": -22.5, "axis": "y", "origin": [5.1, 5.625, 10]},
			"faces": {
				"north": {"uv": [0, 0, 0, 9], "texture": "#missing"},
				"east": {"uv": [0.0625, 15.0625, 0.875, 15.9375], "texture": "#0"},
				"south": {"uv": [0, 0, 0, 9], "texture": "#missing"},
				"west": {"uv": [0.875, 15.0625, 0.0625, 15.9375], "texture": "#0"},
				"up": {"uv": [0, 0, 8, 0], "rotation": 90, "texture": "#missing"},
				"down": {"uv": [0, 0, 8, 0], "rotation": 270, "texture": "#missing"}
			}
		},
		{
			"from": [11, 1, 10.5],
			"to": [11, 8, 17],
			"rotation": {"angle": 22.5, "axis": "y", "origin": [10.9, 5.625, 10]},
			"faces": {
				"north": {"uv": [0, 0, 0, 9], "texture": "#missing"},
				"east": {"uv": [0.0625, 15.0625, 0.875, 15.9375], "texture": "#0"},
				"south": {"uv": [0, 0, 0, 9], "texture": "#missing"},
				"west": {"uv": [0.875, 15.0625, 0.0625, 15.9375], "texture": "#0"},
				"up": {"uv": [0, 0, 8, 0], "rotation": 90, "texture": "#missing"},
				"down": {"uv": [0, 0, 8, 0], "rotation": 270, "texture": "#missing"}
			}
		},
		{
			"from": [8, -0.25, -7.5],
			"to": [8, 7.25, 9.5],
			"rotation": {"angle": 0, "axis": "y", "origin": [8, 2, 3.5]},
			"faces": {
				"north": {"uv": [0.9375, 1.25, 0.75, 1.0625], "rotation": 270, "texture": "#0"},
				"east": {"uv": [13.75, 2.125, 14.6875, 0], "rotation": 270, "texture": "#0"},
				"south": {"uv": [0.9375, 1.5, 0.75, 1.3125], "rotation": 270, "texture": "#0"},
				"west": {"uv": [13.75, 0, 14.6875, 2.125], "rotation": 270, "texture": "#0"},
				"up": {"uv": [0.9375, 0, 0.75, 1], "texture": "#0"},
				"down": {"uv": [0.9375, 0, 0.75, 1], "rotation": 180, "texture": "#0"}
			}
		},
		{
			"from": [9.75, -0.25, -4.5],
			"to": [9.75, 7.25, 12.5],
			"rotation": {"angle": -22.5, "axis": "z", "origin": [9.75, 2, 6.5]},
			"faces": {
				"north": {"uv": [0.9375, 1.25, 0.75, 1.0625], "rotation": 270, "texture": "#0"},
				"east": {"uv": [13.75, 2.125, 14.6875, 0], "rotation": 270, "texture": "#0"},
				"south": {"uv": [0.9375, 1.5, 0.75, 1.3125], "rotation": 270, "texture": "#0"},
				"west": {"uv": [13.75, 0, 14.6875, 2.125], "rotation": 270, "texture": "#0"},
				"up": {"uv": [0.9375, 0, 0.75, 1], "texture": "#0"},
				"down": {"uv": [0.9375, 0, 0.75, 1], "rotation": 180, "texture": "#0"}
			}
		},
		{
			"from": [6.25, -0.25, -4.5],
			"to": [6.25, 7.25, 12.5],
			"rotation": {"angle": 22.5, "axis": "z", "origin": [6.25, 2, 6.5]},
			"faces": {
				"north": {"uv": [0.9375, 1.0625, 0.75, 1.25], "rotation": 270, "texture": "#0"},
				"east": {"uv": [13.75, 2.125, 14.6875, 0], "rotation": 270, "texture": "#0"},
				"south": {"uv": [0.9375, 1.3125, 0.75, 1.5], "rotation": 270, "texture": "#0"},
				"west": {"uv": [13.75, 0, 14.6875, 2.125], "rotation": 270, "texture": "#0"},
				"up": {"uv": [0.75, 0, 0.9375, 1], "texture": "#0"},
				"down": {"uv": [0.75, 0, 0.9375, 1], "rotation": 180, "texture": "#0"}
			}
		},
		{
			"from": [6.94194, 1.775, 9.19194],
			"to": [9.94194, 3.975, 12.19194],
			"rotation": {"angle": -45, "axis": "y", "origin": [8, 2.875, 10.25]},
			"faces": {
				"north": {"uv": [6.6875, 2.4375, 6.4375, 2.8125], "rotation": 270, "texture": "#0"},
				"east": {"uv": [6.75, 2.4375, 7, 2.8125], "rotation": 90, "texture": "#0"},
				"south": {"uv": [7, 2.4375, 6.75, 2.8125], "rotation": 270, "texture": "#0"},
				"west": {"uv": [6.4375, 2.8125, 6.6875, 2.4375], "rotation": 270, "texture": "#0"},
				"up": {"uv": [6.8125, 2.875, 6.4375, 3.25], "rotation": 90, "texture": "#0"},
				"down": {"uv": [6.4375, 3.25, 6.8125, 2.875], "rotation": 180, "texture": "#0"}
			}
		},
		{
			"from": [6.94194, 0.775, 3.44194],
			"to": [9.94194, 2.975, 6.44194],
			"rotation": {"angle": -45, "axis": "y", "origin": [8, 1.875, 4.5]},
			"faces": {
				"north": {"uv": [6.6875, 2.4375, 6.4375, 2.8125], "rotation": 270, "texture": "#0"},
				"east": {"uv": [6.75, 2.4375, 7, 2.8125], "rotation": 90, "texture": "#0"},
				"south": {"uv": [7, 2.4375, 6.75, 2.8125], "rotation": 270, "texture": "#0"},
				"west": {"uv": [6.4375, 2.8125, 6.6875, 2.4375], "rotation": 270, "texture": "#0"},
				"up": {"uv": [6.8125, 2.875, 6.4375, 3.25], "rotation": 90, "texture": "#0"},
				"down": {"uv": [6.4375, 3.25, 6.8125, 2.875], "rotation": 180, "texture": "#0"}
			}
		},
		{
			"from": [5, 1, 4.25],
			"to": [6, 2, 8.25],
			"rotation": {"angle": -22.5, "axis": "y", "origin": [5.5, 1.5, 8.25]},
			"faces": {
				"north": {"uv": [3.5625, 0.9375, 3.625, 1.0625], "rotation": 180, "texture": "#0"},
				"east": {"uv": [3.5625, 0.9375, 4.0625, 1.0625], "rotation": 180, "texture": "#0"},
				"south": {"uv": [4, 0.9375, 4.0625, 1.0625], "rotation": 180, "texture": "#0"},
				"west": {"uv": [4.0625, 0.9375, 3.5625, 1.0625], "rotation": 180, "texture": "#0"},
				"up": {"uv": [4.0625, 1.0625, 3.5625, 1], "rotation": 270, "texture": "#0"},
				"down": {"uv": [4.0625, 1, 3.5625, 0.9375], "rotation": 90, "texture": "#0"}
			}
		},
		{
			"from": [4.25, 0.85, 5.25],
			"to": [5.25, 2.25, 9.25],
			"rotation": {"angle": -22.5, "axis": "y", "origin": [4.75, 1.5, 9.25]},
			"faces": {
				"north": {"uv": [3.5625, 0.9375, 3.625, 1.0625], "rotation": 180, "texture": "#0"},
				"east": {"uv": [3.5625, 0.9375, 4.0625, 1.0625], "rotation": 180, "texture": "#0"},
				"south": {"uv": [4, 0.9375, 4.0625, 1.0625], "rotation": 180, "texture": "#0"},
				"west": {"uv": [4.0625, 0.9375, 3.5625, 1.0625], "rotation": 180, "texture": "#0"},
				"up": {"uv": [4.0625, 1.0625, 3.5625, 1], "rotation": 270, "texture": "#0"},
				"down": {"uv": [4.0625, 1, 3.5625, 0.9375], "rotation": 90, "texture": "#0"}
			}
		},
		{
			"from": [3.75, 0.85, 13.75],
			"to": [7.75, 2.25, 14.75],
			"rotation": {"angle": -45, "axis": "y", "origin": [7.75, 1.5, 14.25]},
			"faces": {
				"north": {"uv": [3.5625, 0.9375, 4.0625, 1.0625], "rotation": 180, "texture": "#0"},
				"east": {"uv": [4, 0.9375, 4.0625, 1.0625], "rotation": 180, "texture": "#0"},
				"south": {"uv": [4.0625, 0.9375, 3.5625, 1.0625], "rotation": 180, "texture": "#0"},
				"west": {"uv": [3.5625, 0.9375, 3.625, 1.0625], "rotation": 180, "texture": "#0"},
				"up": {"uv": [4.0625, 1.0625, 3.5625, 1], "rotation": 180, "texture": "#0"},
				"down": {"uv": [4.0625, 1, 3.5625, 0.9375], "rotation": 180, "texture": "#0"}
			}
		},
		{
			"from": [3.75, -0.4, 12.5],
			"to": [7.75, 1, 13.5],
			"rotation": {"angle": -45, "axis": "y", "origin": [7.75, 0.25, 13]},
			"faces": {
				"north": {"uv": [3.5625, 0.9375, 4.0625, 1.0625], "rotation": 180, "texture": "#0"},
				"east": {"uv": [4, 0.9375, 4.0625, 1.0625], "rotation": 180, "texture": "#0"},
				"south": {"uv": [4.0625, 0.9375, 3.5625, 1.0625], "rotation": 180, "texture": "#0"},
				"west": {"uv": [3.5625, 0.9375, 3.625, 1.0625], "rotation": 180, "texture": "#0"},
				"up": {"uv": [4.0625, 1.0625, 3.5625, 1], "rotation": 180, "texture": "#0"},
				"down": {"uv": [4.0625, 1, 3.5625, 0.9375], "rotation": 180, "texture": "#0"}
			}
		},
		{
			"from": [8.25, -0.4, 12.5],
			"to": [12.25, 1, 13.5],
			"rotation": {"angle": 45, "axis": "y", "origin": [8.25, 0.25, 13]},
			"faces": {
				"north": {"uv": [4.0625, 0.9375, 3.5625, 1.0625], "rotation": 180, "texture": "#0"},
				"east": {"uv": [3.625, 0.9375, 3.5625, 1.0625], "rotation": 180, "texture": "#0"},
				"south": {"uv": [3.5625, 0.9375, 4.0625, 1.0625], "rotation": 180, "texture": "#0"},
				"west": {"uv": [4.0625, 0.9375, 4, 1.0625], "rotation": 180, "texture": "#0"},
				"up": {"uv": [3.5625, 1.0625, 4.0625, 1], "rotation": 180, "texture": "#0"},
				"down": {"uv": [3.5625, 1, 4.0625, 0.9375], "rotation": 180, "texture": "#0"}
			}
		},
		{
			"from": [8.25, 0.85, 13.75],
			"to": [12.25, 2.25, 14.75],
			"rotation": {"angle": 45, "axis": "y", "origin": [8.25, 1.5, 14.25]},
			"faces": {
				"north": {"uv": [4.0625, 0.9375, 3.5625, 1.0625], "rotation": 180, "texture": "#0"},
				"east": {"uv": [3.625, 0.9375, 3.5625, 1.0625], "rotation": 180, "texture": "#0"},
				"south": {"uv": [3.5625, 0.9375, 4.0625, 1.0625], "rotation": 180, "texture": "#0"},
				"west": {"uv": [4.0625, 0.9375, 4, 1.0625], "rotation": 180, "texture": "#0"},
				"up": {"uv": [3.5625, 1.0625, 4.0625, 1], "rotation": 180, "texture": "#0"},
				"down": {"uv": [3.5625, 1, 4.0625, 0.9375], "rotation": 180, "texture": "#0"}
			}
		},
		{
			"from": [8.25, -0.15, 11.75],
			"to": [12.25, 1.25, 12.75],
			"rotation": {"angle": 45, "axis": "y", "origin": [8.25, 0.5, 12.25]},
			"faces": {
				"north": {"uv": [4.0625, 0.9375, 3.5625, 1.0625], "rotation": 180, "texture": "#0"},
				"east": {"uv": [3.625, 0.9375, 3.5625, 1.0625], "rotation": 180, "texture": "#0"},
				"south": {"uv": [3.5625, 0.9375, 4.0625, 1.0625], "rotation": 180, "texture": "#0"},
				"west": {"uv": [4.0625, 0.9375, 4, 1.0625], "rotation": 180, "texture": "#0"},
				"up": {"uv": [3.5625, 1.0625, 4.0625, 1], "rotation": 180, "texture": "#0"},
				"down": {"uv": [3.5625, 1, 4.0625, 0.9375], "rotation": 180, "texture": "#0"}
			}
		},
		{
			"from": [3.75, -0.15, 11.75],
			"to": [7.75, 1.25, 12.75],
			"rotation": {"angle": -45, "axis": "y", "origin": [7.75, 0.5, 12.25]},
			"faces": {
				"north": {"uv": [3.5625, 0.9375, 4.0625, 1.0625], "rotation": 180, "texture": "#0"},
				"east": {"uv": [4, 0.9375, 4.0625, 1.0625], "rotation": 180, "texture": "#0"},
				"south": {"uv": [4.0625, 0.9375, 3.5625, 1.0625], "rotation": 180, "texture": "#0"},
				"west": {"uv": [3.5625, 0.9375, 3.625, 1.0625], "rotation": 180, "texture": "#0"},
				"up": {"uv": [4.0625, 1.0625, 3.5625, 1], "rotation": 180, "texture": "#0"},
				"down": {"uv": [4.0625, 1, 3.5625, 0.9375], "rotation": 180, "texture": "#0"}
			}
		},
		{
			"from": [6.5, 0.25, 6],
			"to": [9.5, 2.25, 9],
			"rotation": {"angle": -45, "axis": "y", "origin": [8, 1.25, 7.5]},
			"faces": {
				"north": {"uv": [7.3125, 2.4375, 7.0625, 2.8125], "rotation": 270, "texture": "#0"},
				"east": {"uv": [7.375, 2.4375, 7.625, 2.8125], "rotation": 90, "texture": "#0"},
				"south": {"uv": [7.625, 2.4375, 7.375, 2.8125], "rotation": 270, "texture": "#0"},
				"west": {"uv": [7.0625, 2.8125, 7.3125, 2.4375], "rotation": 270, "texture": "#0"},
				"up": {"uv": [7.4375, 2.875, 7.0625, 3.25], "rotation": 90, "texture": "#0"},
				"down": {"uv": [7.0625, 3.25, 7.4375, 2.875], "rotation": 180, "texture": "#0"}
			}
		},
		{
			"from": [6.5, -0.75, 6],
			"to": [9.5, 1.25, 9],
			"rotation": {"angle": -45, "axis": "y", "origin": [8, 0.25, 7.5]},
			"faces": {
				"north": {"uv": [7.3125, 2.4375, 7.0625, 2.8125], "rotation": 270, "texture": "#0"},
				"east": {"uv": [7.375, 2.4375, 7.625, 2.8125], "rotation": 90, "texture": "#0"},
				"south": {"uv": [7.625, 2.4375, 7.375, 2.8125], "rotation": 270, "texture": "#0"},
				"west": {"uv": [7.0625, 2.8125, 7.3125, 2.4375], "rotation": 270, "texture": "#0"},
				"up": {"uv": [7.4375, 2.875, 7.0625, 3.25], "rotation": 90, "texture": "#0"},
				"down": {"uv": [7.0625, 3.25, 7.4375, 2.875], "rotation": 180, "texture": "#0"}
			}
		},
		{
			"from": [3.5, 0.75, 9],
			"to": [6.5, 2.75, 12],
			"rotation": {"angle": 0, "axis": "y", "origin": [5, 1.75, 10.5]},
			"faces": {
				"north": {"uv": [4.5625, 2.8125, 4.8125, 2.4375], "rotation": 270, "texture": "#0"},
				"east": {"uv": [4.8125, 2.4375, 4.5625, 2.8125], "rotation": 270, "texture": "#0"},
				"south": {"uv": [4.875, 2.4375, 5.125, 2.8125], "rotation": 90, "texture": "#0"},
				"west": {"uv": [5.125, 2.4375, 4.875, 2.8125], "rotation": 270, "texture": "#0"},
				"up": {"uv": [4.9375, 2.875, 4.5625, 3.25], "rotation": 180, "texture": "#0"},
				"down": {"uv": [4.5625, 3.25, 4.9375, 2.875], "rotation": 90, "texture": "#0"}
			}
		},
		{
			"from": [4.5, -0.5, 6.5],
			"to": [7.5, 1.5, 9.5],
			"rotation": {"angle": 0, "axis": "y", "origin": [6, 0.5, 8]},
			"faces": {
				"north": {"uv": [4.5625, 2.8125, 4.8125, 2.4375], "rotation": 270, "texture": "#0"},
				"east": {"uv": [4.8125, 2.4375, 4.5625, 2.8125], "rotation": 270, "texture": "#0"},
				"south": {"uv": [4.875, 2.4375, 5.125, 2.8125], "rotation": 90, "texture": "#0"},
				"west": {"uv": [5.125, 2.4375, 4.875, 2.8125], "rotation": 270, "texture": "#0"},
				"up": {"uv": [4.9375, 2.875, 4.5625, 3.25], "rotation": 180, "texture": "#0"},
				"down": {"uv": [4.5625, 3.25, 4.9375, 2.875], "rotation": 90, "texture": "#0"}
			}
		},
		{
			"from": [8.5, -0.5, 6.5],
			"to": [11.5, 1.5, 9.5],
			"rotation": {"angle": 0, "axis": "y", "origin": [10, 0.5, 8]},
			"faces": {
				"north": {"uv": [4.5625, 2.4375, 4.8125, 2.8125], "rotation": 270, "texture": "#0"},
				"east": {"uv": [5.125, 2.8125, 4.875, 2.4375], "rotation": 270, "texture": "#0"},
				"south": {"uv": [4.875, 2.8125, 5.125, 2.4375], "rotation": 90, "texture": "#0"},
				"west": {"uv": [4.8125, 2.8125, 4.5625, 2.4375], "rotation": 270, "texture": "#0"},
				"up": {"uv": [4.5625, 2.875, 4.9375, 3.25], "rotation": 180, "texture": "#0"},
				"down": {"uv": [4.5625, 2.875, 4.9375, 3.25], "rotation": 90, "texture": "#0"}
			}
		},
		{
			"from": [10.75, 0.85, 5.25],
			"to": [11.75, 2.25, 9.25],
			"rotation": {"angle": 22.5, "axis": "y", "origin": [11.25, 1.5, 9.25]},
			"faces": {
				"north": {"uv": [3.625, 0.9375, 3.5625, 1.0625], "rotation": 180, "texture": "#0"},
				"east": {"uv": [3.5625, 0.9375, 4.0625, 1.0625], "rotation": 180, "texture": "#0"},
				"south": {"uv": [4.0625, 0.9375, 4, 1.0625], "rotation": 180, "texture": "#0"},
				"west": {"uv": [4.0625, 0.9375, 3.5625, 1.0625], "rotation": 180, "texture": "#0"},
				"up": {"uv": [4.0625, 1, 3.5625, 1.0625], "rotation": 270, "texture": "#0"},
				"down": {"uv": [4.0625, 0.9375, 3.5625, 1], "rotation": 90, "texture": "#0"}
			}
		},
		{
			"from": [10, 1, 4.25],
			"to": [11, 2, 8.25],
			"rotation": {"angle": 22.5, "axis": "y", "origin": [10.5, 1.5, 8.25]},
			"faces": {
				"north": {"uv": [3.625, 0.9375, 3.5625, 1.0625], "rotation": 180, "texture": "#0"},
				"east": {"uv": [3.5625, 0.9375, 4.0625, 1.0625], "rotation": 180, "texture": "#0"},
				"south": {"uv": [4.0625, 0.9375, 4, 1.0625], "rotation": 180, "texture": "#0"},
				"west": {"uv": [4.0625, 0.9375, 3.5625, 1.0625], "rotation": 180, "texture": "#0"},
				"up": {"uv": [4.0625, 1, 3.5625, 1.0625], "rotation": 270, "texture": "#0"},
				"down": {"uv": [4.0625, 0.9375, 3.5625, 1], "rotation": 90, "texture": "#0"}
			}
		},
		{
			"from": [9.5, 0.75, 9],
			"to": [12.5, 2.75, 12],
			"rotation": {"angle": 0, "axis": "y", "origin": [11, 1.75, 10.5]},
			"faces": {
				"north": {"uv": [4.5625, 2.4375, 4.8125, 2.8125], "rotation": 270, "texture": "#0"},
				"east": {"uv": [5.125, 2.8125, 4.875, 2.4375], "rotation": 270, "texture": "#0"},
				"south": {"uv": [4.875, 2.8125, 5.125, 2.4375], "rotation": 90, "texture": "#0"},
				"west": {"uv": [4.8125, 2.8125, 4.5625, 2.4375], "rotation": 270, "texture": "#0"},
				"up": {"uv": [4.5625, 2.875, 4.9375, 3.25], "rotation": 180, "texture": "#0"},
				"down": {"uv": [4.5625, 2.875, 4.9375, 3.25], "rotation": 90, "texture": "#0"}
			}
		},
		{
			"from": [7, -1.5, 8],
			"to": [9, 0.5, 11],
			"rotation": {"angle": 0, "axis": "y", "origin": [8, -0.5, 9.5]},
			"faces": {
				"north": {"uv": [3.25, 2.6875, 3, 2.9375], "texture": "#0"},
				"east": {"uv": [3.25, 2.25, 3, 2.625], "rotation": 270, "texture": "#0"},
				"south": {"uv": [3.25, 3, 3, 3.25], "rotation": 180, "texture": "#0"},
				"west": {"uv": [3.25, 2.25, 3, 2.625], "rotation": 90, "texture": "#0"},
				"up": {"uv": [3.25, 2.25, 3, 2.625], "rotation": 180, "texture": "#0"},
				"down": {"uv": [3.25, 2.25, 3, 2.625], "texture": "#0"}
			}
		},
		{
			"from": [7, -1, 10.5],
			"to": [9, 1, 13.5],
			"rotation": {"angle": 0, "axis": "y", "origin": [8, 0, 12]},
			"faces": {
				"north": {"uv": [3.25, 3, 3, 3.25], "rotation": 180, "texture": "#0"},
				"east": {"uv": [3.25, 2.25, 3, 2.625], "rotation": 90, "texture": "#0"},
				"south": {"uv": [3.25, 2.6875, 3, 2.9375], "texture": "#0"},
				"west": {"uv": [3.25, 2.25, 3, 2.625], "rotation": 270, "texture": "#0"},
				"up": {"uv": [3.25, 2.25, 3, 2.625], "texture": "#0"},
				"down": {"uv": [3.25, 2.25, 3, 2.625], "rotation": 180, "texture": "#0"}
			}
		},
		{
			"from": [7, 0.5, 10.5],
			"to": [9, 2.5, 13.5],
			"rotation": {"angle": 0, "axis": "y", "origin": [8, 1.5, 12]},
			"faces": {
				"north": {"uv": [3.25, 3, 3, 3.25], "rotation": 180, "texture": "#0"},
				"east": {"uv": [3.25, 2.25, 3, 2.625], "rotation": 90, "texture": "#0"},
				"south": {"uv": [3.25, 2.6875, 3, 2.9375], "texture": "#0"},
				"west": {"uv": [3.25, 2.25, 3, 2.625], "rotation": 270, "texture": "#0"},
				"up": {"uv": [3.25, 2.25, 3, 2.625], "texture": "#0"},
				"down": {"uv": [3.25, 2.25, 3, 2.625], "rotation": 180, "texture": "#0"}
			}
		},
		{
			"from": [7, 0.5, 8],
			"to": [9, 2.5, 11],
			"rotation": {"angle": 0, "axis": "y", "origin": [8, 1.5, 9.5]},
			"faces": {
				"north": {"uv": [3.25, 2.6875, 3, 2.9375], "texture": "#0"},
				"east": {"uv": [3.25, 2.25, 3, 2.625], "rotation": 270, "texture": "#0"},
				"south": {"uv": [3.25, 3, 3, 3.25], "rotation": 180, "texture": "#0"},
				"west": {"uv": [3.25, 2.25, 3, 2.625], "rotation": 90, "texture": "#0"},
				"up": {"uv": [3.25, 2.25, 3, 2.625], "rotation": 180, "texture": "#0"},
				"down": {"uv": [3.25, 2.25, 3, 2.625], "texture": "#0"}
			}
		},
		{
			"from": [5.5, 1, 7.5],
			"to": [7, 2.5, 10.5],
			"rotation": {"angle": 0, "axis": "y", "origin": [6.25, 1.75, 9]},
			"faces": {
				"north": {"uv": [0.6875, 2.25, 0.5, 2.4375], "rotation": 90, "texture": "#0"},
				"east": {"uv": [0.6875, 1.8125, 0.5, 2.1875], "rotation": 90, "texture": "#0"},
				"south": {"uv": [0.6875, 2.25, 0.5, 2.4375], "rotation": 90, "texture": "#0"},
				"west": {"uv": [0.6875, 1.8125, 0.5, 2.1875], "rotation": 90, "texture": "#0"},
				"up": {"uv": [0.5, 2.5, 0.6875, 2.875], "rotation": 180, "texture": "#0"},
				"down": {"uv": [0.5, 2.9375, 0.6875, 3.3125], "rotation": 180, "texture": "#0"}
			}
		},
		{
			"from": [5, 1.25, 8],
			"to": [5, 11.25, 18],
			"rotation": {"angle": 0, "axis": "y", "origin": [5, 6.25, 13]},
			"faces": {
				"east": {"uv": [0, 0, 14, 14], "rotation": 180, "texture": "#3"},
				"west": {"uv": [14, 0, 0, 14], "rotation": 180, "texture": "#3"}
			}
		},
		{
			"from": [11, 1.25, 8],
			"to": [11, 11.25, 18],
			"rotation": {"angle": 0, "axis": "y", "origin": [11, 6.25, 13]},
			"faces": {
				"east": {"uv": [0, 0, 14, 14], "rotation": 180, "texture": "#3"},
				"west": {"uv": [14, 0, 0, 14], "rotation": 180, "texture": "#3"}
			}
		},
		{
			"from": [3, 4.25, 9.25],
			"to": [13, 4.25, 19.25],
			"rotation": {"angle": 0, "axis": "y", "origin": [8, 4.25, 14.25]},
			"faces": {
				"up": {"uv": [3, 2.5, 13, 12.5], "texture": "#1"},
				"down": {"uv": [13, 2.5, 3, 12.5], "rotation": 180, "texture": "#1"}
			}
		}
	],
	"gui_light": "front",
	"display": {
		"thirdperson_righthand": {
			"rotation": [0, 0, 90],
			"translation": [-0.75, -2, 1.5],
			"scale": [0.8, 0.8, 0.8]
		},
		"thirdperson_lefthand": {
			"rotation": [0, 0, 90],
			"translation": [-0.75, -2, 1.5],
			"scale": [0.8, 0.8, 0.8]
		},
		"firstperson_righthand": {
			"rotation": [0, 10, 0],
			"translation": [5, 5.75, -5],
			"scale": [0.9, 0.9, 0.9]
		},
		"firstperson_lefthand": {
			"rotation": [0, 10, 0],
			"translation": [5, 5.75, -5],
			"scale": [0.9, 0.9, 0.9]
		},
		"ground": {
			"rotation": [20, 0, 0],
			"translation": [0, 6.5, 0],
			"scale": [0.6, 0.6, 0.6]
		},
		"gui": {
			"rotation": [48, -45, 0],
			"translation": [0.25, 2.75, -1.5],
			"scale": [0.7, 0.7, 0.7]
		},
		"head": {
			"scale": [0, 0, 0]
		},
		"fixed": {
			"rotation": [-90, -133, 0],
			"translation": [1, 2, -19],
			"scale": [2, 2, 2]
		}
	},
	"groups": [
		{
			"name": "group",
			"origin": [6, 0, 0],
			"color": 0,
			"children": [0, 1, 2, 3, 4, 5, 6, 7, 8, 9, 10, 11, 12, 13, 14, 15, 16, 17, 18, 19, 20, 21, 22, 23, 24, 25, 26, 27, 28, 29, 30]
		}
	]
}