{
	"credit": "Made with Blockbench",
	"textures": {
		"0": "item/furniture/big_banner",
		"particle": "item/furniture/big_banner"
	},
	"elements": [
		{
			"from": [2, 19, 7.5],
			"to": [14, 20, 8.5],
			"rotation": {"angle": 0, "axis": "y", "origin": [8, 24, 8]},
			"faces": {
				"north": {"uv": [6.25, 2, 12.25, 2.5], "texture": "#0"},
				"east": {"uv": [12, 0, 12.5, 0.5], "texture": "#0"},
				"south": {"uv": [6.25, 2, 12.25, 2.5], "texture": "#0"},
				"west": {"uv": [12, 0, 12.5, 0.5], "texture": "#0"},
				"up": {"uv": [6.25, 2, 12.25, 2.5], "texture": "#0"},
				"down": {"uv": [6.25, 2, 12.25, 2.5], "texture": "#0"}
			}
		},
		{
			"from": [2.525, 7, 8],
			"to": [13.525, 19, 8],
			"rotation": {"angle": 0, "axis": "y", "origin": [8, 24, 8]},
			"faces": {
				"north": {"uv": [0.25, 0, 5.75, 6], "texture": "#0"},
				"south": {"uv": [0.25, 0, 5.75, 6], "texture": "#0"}
			}
		},
		{
			"from": [2.525, -9, 8],
			"to": [13.525, 7, 8],
			"faces": {
				"north": {"uv": [0.25, 6, 5.75, 14], "texture": "#0"},
				"south": {"uv": [0.25, 6, 5.75, 14], "texture": "#0"}
			}
		}
	],
	"gui_light": "front",
	"display": {
		"thirdperson_righthand": {
			"rotation": [90, 0, 0],
			"translation": [-6, -6.75, 5],
			"scale": [4, 4, 4]
		},
		"thirdperson_lefthand": {
			"rotation": [90, 0, 0],
			"translation": [-6, -2, 5],
			"scale": [4, 4, 4]
		},
		"ground": {
			"rotation": [90, 0, 0]
		},
		"gui": {
			"rotation": [30, 45, 0],
			"translation": [0, 1, 0],
			"scale": [0.6, 0.6, 0.6]
		},
		"head": {
			"translation": [0, 8.25, 0.25],
			"scale": [2.5, 2.5, 2.5]
		},
		"fixed": {
			"translation": [0, 0, -3.25]
		}
	},
	"groups": [
		{
			"name": "group",
			"origin": [8, 8, 8],
			"color": 0,
			"boneType": "",
			"children": [0, 1, 2]
		}
	]
}