{
	"credit": "Made with Blockbench",
	"texture_size": [64, 64],
	"textures": {
		"0": "item/furniture/bike",
		"particle": "item/furniture/bike"
	},
	"elements": [
		{
			"from": [7.25, -0.0129, 16.375],
			"to": [9.25, 1.9871, 22.375],
			"rotation": {"angle": 0, "axis": "y", "origin": [0.25, -1.0129, -3.625]},
			"faces": {
				"north": {"uv": [10.25, 3, 10.75, 3.5], "texture": "#0"},
				"east": {"uv": [8.5, 7, 10, 7.5], "texture": "#0"},
				"south": {"uv": [10.25, 6.5, 10.75, 7], "texture": "#0"},
				"west": {"uv": [8.5, 7.5, 10, 8], "texture": "#0"},
				"up": {"uv": [9, 9.5, 8.5, 8], "texture": "#0"},
				"down": {"uv": [9.25, 0, 8.75, 1.5], "texture": "#0"}
			}
		},
		{
			"from": [7.25, -0.0129, 22.375],
			"to": [9.25, 9.9871, 24.375],
			"rotation": {"angle": 0, "axis": "y", "origin": [0.25, -1.0129, -3.625]},
			"faces": {
				"north": {"uv": [1.5, 6.25, 2, 8.75], "texture": "#0"},
				"east": {"uv": [6.5, 5.25, 7, 7.75], "texture": "#0"},
				"south": {"uv": [6.75, 0, 7.25, 2.5], "texture": "#0"},
				"west": {"uv": [7, 4.5, 7.5, 7], "texture": "#0"},
				"up": {"uv": [7.5, 10.75, 7, 10.25], "texture": "#0"},
				"down": {"uv": [8, 10.25, 7.5, 10.75], "texture": "#0"}
			}
		},
		{
			"from": [7.25, -0.0129, 14.375],
			"to": [9.25, 9.9871, 16.375],
			"rotation": {"angle": 0, "axis": "y", "origin": [0.25, -1.0129, -3.625]},
			"faces": {
				"north": {"uv": [7, 7, 7.5, 9.5], "texture": "#0"},
				"east": {"uv": [7.25, 0, 7.75, 2.5], "texture": "#0"},
				"south": {"uv": [2, 7.25, 2.5, 9.75], "texture": "#0"},
				"west": {"uv": [2.5, 7.25, 3, 9.75], "texture": "#0"},
				"up": {"uv": [8.5, 10.75, 8, 10.25], "texture": "#0"},
				"down": {"uv": [9, 10.25, 8.5, 10.75], "texture": "#0"}
			}
		},
		{
			"from": [7.25, 7.9871, 16.375],
			"to": [9.25, 9.9871, 22.375],
			"rotation": {"angle": 0, "axis": "y", "origin": [0.25, -1.0129, -3.625]},
			"faces": {
				"north": {"uv": [9, 10.25, 9.5, 10.75], "texture": "#0"},
				"east": {"uv": [8.75, 1.5, 10.25, 2], "texture": "#0"},
				"south": {"uv": [10.25, 9.5, 10.75, 10], "texture": "#0"},
				"west": {"uv": [8.75, 2, 10.25, 2.5], "texture": "#0"},
				"up": {"uv": [2, 10.25, 1.5, 8.75], "texture": "#0"},
				"down": {"uv": [4, 8.75, 3.5, 10.25], "texture": "#0"}
			}
		},
		{
			"from": [7.25, 3.9871, 18.375],
			"to": [9.25, 5.9871, 20.375],
			"rotation": {"angle": 0, "axis": "y", "origin": [0.25, -1.0129, -3.625]},
			"faces": {
				"north": {"uv": [10.25, 10, 10.75, 10.5], "texture": "#0"},
				"east": {"uv": [10.5, 4, 11, 4.5], "texture": "#0"},
				"south": {"uv": [4.5, 10.5, 5, 11], "texture": "#0"},
				"west": {"uv": [10.5, 4.5, 11, 5], "texture": "#0"},
				"up": {"uv": [5.5, 11, 5, 10.5], "texture": "#0"},
				"down": {"uv": [11, 5, 10.5, 5.5], "texture": "#0"}
			}
		},
		{
			"from": [7.25, 1.9871, 16.375],
			"to": [7.25, 7.9871, 22.375],
			"rotation": {"angle": 0, "axis": "y", "origin": [0.25, -1.0129, -3.625]},
			"faces": {
				"north": {"uv": [0, 0, 0, 1.5], "texture": "#0"},
				"east": {"uv": [0, 0, 1.5, 1.5], "texture": "#0"},
				"south": {"uv": [0, 0, 0, 1.5], "texture": "#0"},
				"west": {"uv": [0, 1.5, 1.5, 3], "texture": "#0"},
				"up": {"uv": [0, 1.5, 0, 0], "texture": "#0"},
				"down": {"uv": [0, 0, 0, 1.5], "texture": "#0"}
			}
		},
		{
			"from": [9.25, 1.9871, 16.375],
			"to": [9.25, 7.9871, 22.375],
			"rotation": {"angle": 0, "axis": "y", "origin": [0.25, -1.0129, -3.625]},
			"faces": {
				"north": {"uv": [0, 0, 0, 1.5], "texture": "#0"},
				"east": {"uv": [1.5, 0, 3, 1.5], "texture": "#0"},
				"south": {"uv": [0, 0, 0, 1.5], "texture": "#0"},
				"west": {"uv": [1.5, 1.5, 3, 3], "texture": "#0"},
				"up": {"uv": [0, 1.5, 0, 0], "texture": "#0"},
				"down": {"uv": [0, 0, 0, 1.5], "texture": "#0"}
			}
		},
		{
			"from": [6.5, 4.4871, 16.625],
			"to": [9.5, 15.4871, 18.625],
			"rotation": {"angle": -22.5, "axis": "x", "origin": [8, 9.4871, 19.375]},
			"faces": {
				"north": {"uv": [2, 4.5, 2.75, 7.25], "texture": "#0", "tintindex": 0},
				"east": {"uv": [0.5, 6.25, 1, 9], "texture": "#0", "tintindex": 0},
				"south": {"uv": [2.75, 4.5, 3.5, 7.25], "texture": "#0", "tintindex": 0},
				"west": {"uv": [1, 6.25, 1.5, 9], "texture": "#0", "tintindex": 0},
				"up": {"uv": [10.25, 3.5, 9.5, 3], "texture": "#0", "tintindex": 0},
				"down": {"uv": [5.25, 9.5, 4.5, 10], "texture": "#0", "tintindex": 0}
			}
		},
		{
			"from": [7, 15.4871, 16.625],
			"to": [9, 17.4871, 18.625],
			"rotation": {"angle": -22.5, "axis": "x", "origin": [8, 9.4871, 19.375]},
			"faces": {
				"north": {"uv": [10.5, 5.5, 11, 6], "texture": "#0", "tintindex": 0},
				"east": {"uv": [10.5, 6, 11, 6.5], "texture": "#0", "tintindex": 0},
				"south": {"uv": [10.5, 8, 11, 8.5], "texture": "#0", "tintindex": 0},
				"west": {"uv": [10.5, 8.5, 11, 9], "texture": "#0", "tintindex": 0},
				"up": {"uv": [11, 9.5, 10.5, 9], "texture": "#0", "tintindex": 0},
				"down": {"uv": [10, 10.5, 9.5, 11], "texture": "#0", "tintindex": 0}
			}
		},
		{
			"from": [7, 18.4871, 18.625],
			"to": [9, 20.4871, 21.625],
			"rotation": {"angle": -22.5, "axis": "x", "origin": [8, 9.4871, 19.375]},
			"faces": {
				"north": {"uv": [10, 10.5, 10.5, 11], "texture": "#0"},
				"east": {"uv": [7, 9.5, 7.75, 10], "texture": "#0"},
				"south": {"uv": [10.5, 10.5, 11, 11], "texture": "#0"},
				"west": {"uv": [7.75, 9.5, 8.5, 10], "texture": "#0"},
				"up": {"uv": [9, 10.25, 8.5, 9.5], "texture": "#0"},
				"down": {"uv": [9.5, 9.5, 9, 10.25], "texture": "#0"}
			}
		},
		{
			"from": [6.5, 4.0583, -2.16464],
			"to": [9.5, 16.0583, -0.16464],
			"rotation": {"angle": 22.5, "axis": "x", "origin": [8, 10.0583, -2.16464]},
			"faces": {
				"north": {"uv": [0, 3, 0.75, 6], "texture": "#0", "tintindex": 0},
				"east": {"uv": [5.25, 0, 5.75, 3], "texture": "#0", "tintindex": 0},
				"south": {"uv": [3, 0, 3.75, 3], "texture": "#0", "tintindex": 0},
				"west": {"uv": [5.5, 5.25, 6, 8.25], "texture": "#0", "tintindex": 0},
				"up": {"uv": [10.25, 10, 9.5, 9.5], "texture": "#0", "tintindex": 0},
				"down": {"uv": [2.75, 9.75, 2, 10.25], "texture": "#0", "tintindex": 0}
			}
		},
		{
			"from": [6.99, 12.9871, 1.375],
			"to": [9.01, 14.9871, 15.375],
			"rotation": {"angle": 0, "axis": "y", "origin": [0.25, -1.0129, -3.625]},
			"faces": {
				"north": {"uv": [10.75, 0, 11.25, 0.5], "texture": "#0", "tintindex": 0},
				"east": {"uv": [3.5, 4.75, 7, 5.25], "texture": "#0", "tintindex": 0},
				"south": {"uv": [10.75, 0.5, 11.25, 1], "texture": "#0", "tintindex": 0},
				"west": {"uv": [5, 3, 8.5, 3.5], "texture": "#0", "tintindex": 0},
				"up": {"uv": [4, 8.75, 3.5, 5.25], "texture": "#0", "tintindex": 0},
				"down": {"uv": [4.5, 5.25, 4, 8.75], "texture": "#0", "tintindex": 0}
			}
		},
		{
			"from": [7, 3.77666, 1.74941],
			"to": [9, 15.77666, 3.74941],
			"rotation": {"angle": -22.5, "axis": "x", "origin": [8, 11.27666, 3.74941]},
			"faces": {
				"north": {"uv": [5.75, 0, 6.25, 3], "texture": "#0", "tintindex": 0},
				"east": {"uv": [0, 6, 0.5, 9], "texture": "#0", "tintindex": 0},
				"south": {"uv": [6, 5.25, 6.5, 8.25], "texture": "#0", "tintindex": 0},
				"west": {"uv": [6.25, 0, 6.75, 3], "texture": "#0", "tintindex": 0},
				"up": {"uv": [11.25, 1.5, 10.75, 1], "texture": "#0", "tintindex": 0},
				"down": {"uv": [11.25, 1.5, 10.75, 2], "texture": "#0", "tintindex": 0}
			}
		},
		{
			"from": [7, 8.32571, 4.14331],
			"to": [9, 10.32571, 17.14331],
			"rotation": {"angle": -45, "axis": "x", "origin": [8, 9.32571, 10.14331]},
			"faces": {
				"north": {"uv": [10.75, 2, 11.25, 2.5], "texture": "#0", "tintindex": 0},
				"east": {"uv": [5, 3.5, 8.25, 4], "texture": "#0", "tintindex": 0},
				"south": {"uv": [10.75, 2.5, 11.25, 3], "texture": "#0", "tintindex": 0},
				"west": {"uv": [5, 4, 8.25, 4.5], "texture": "#0", "tintindex": 0},
				"up": {"uv": [5, 8.5, 4.5, 5.25], "texture": "#0", "tintindex": 0},
				"down": {"uv": [5.5, 5.25, 5, 8.5], "texture": "#0", "tintindex": 0}
			}
		},
		{
			"from": [1, 18.4871, 19.625],
			"to": [7, 20.4871, 20.625],
			"rotation": {"angle": -22.5, "axis": "x", "origin": [8, 9.4871, 19.375]},
			"faces": {
				"north": {"uv": [0, 9, 1.5, 9.5], "texture": "#0"},
				"east": {"uv": [11, 5.25, 11.25, 5.75], "texture": "#0"},
				"south": {"uv": [9, 8, 10.5, 8.5], "texture": "#0"},
				"west": {"uv": [11, 5.75, 11.25, 6.25], "texture": "#0"},
				"up": {"uv": [6.5, 4.75, 5, 4.5], "texture": "#0"},
				"down": {"uv": [8.5, 10, 7, 10.25], "texture": "#0"}
			}
		},
		{
			"from": [9, 18.4871, 19.625],
			"to": [15, 20.4871, 20.625],
			"rotation": {"angle": -22.5, "axis": "x", "origin": [8, 9.4871, 19.375]},
			"faces": {
				"north": {"uv": [9, 8.5, 10.5, 9], "texture": "#0"},
				"east": {"uv": [6.5, 11, 6.75, 11.5], "texture": "#0"},
				"south": {"uv": [9, 9, 10.5, 9.5], "texture": "#0"},
				"west": {"uv": [6.75, 11, 7, 11.5], "texture": "#0"},
				"up": {"uv": [11.5, 7.25, 10, 7], "texture": "#0"},
				"down": {"uv": [11.5, 7.25, 10, 7.5], "texture": "#0"}
			}
		},
		{
			"from": [5.5, 16.72792, -2.52295],
			"to": [10.5, 18.22792, 4.47705],
			"rotation": {"angle": 0, "axis": "x", "origin": [8, 18.97792, -0.52295]},
			"faces": {
				"north": {"uv": [9.25, 4, 10.5, 4.5], "texture": "#0"},
				"east": {"uv": [6.75, 2.5, 8.5, 3], "texture": "#0"},
				"south": {"uv": [9.5, 2.5, 10.75, 3], "texture": "#0"},
				"west": {"uv": [8.5, 6.5, 10.25, 7], "texture": "#0"},
				"up": {"uv": [5, 4.75, 3.75, 3], "texture": "#0"},
				"down": {"uv": [2, 4.5, 0.75, 6.25], "texture": "#0"}
			}
		},
		{
			"from": [6, 3.19532, 3.85417],
			"to": [7, 7.19532, 7.85417],
			"rotation": {"angle": 0, "axis": "x", "origin": [6.5, 6.19532, 5.85417]},
			"faces": {
				"north": {"uv": [5.25, 9.5, 5.5, 10.5], "texture": "#0"},
				"east": {"uv": [8.25, 3.5, 9.25, 4.5], "texture": "#0"},
				"south": {"uv": [1.5, 11, 1.75, 12], "texture": "#0"},
				"west": {"uv": [5.5, 8.25, 6.5, 9.25], "texture": "#0"},
				"up": {"uv": [2, 12, 1.75, 11], "texture": "#0"},
				"down": {"uv": [2.25, 11, 2, 12], "texture": "#0"}
			}
		},
		{
			"from": [9, 3.19532, 3.85417],
			"to": [10, 7.19532, 7.85417],
			"rotation": {"angle": 0, "axis": "y", "origin": [6.5, 6.19532, 5.85417]},
			"faces": {
				"north": {"uv": [2.25, 11, 2.5, 12], "texture": "#0"},
				"east": {"uv": [8.5, 2.5, 9.5, 3.5], "texture": "#0"},
				"south": {"uv": [2.5, 11, 2.75, 12], "texture": "#0"},
				"west": {"uv": [4.5, 8.5, 5.5, 9.5], "texture": "#0"},
				"up": {"uv": [3, 12, 2.75, 11], "texture": "#0"},
				"down": {"uv": [3.25, 11, 3, 12], "texture": "#0"}
			}
		},
		{
			"from": [9, 4.19532, -4.14583],
			"to": [10, 6.19532, 3.85417],
			"rotation": {"angle": 0, "axis": "y", "origin": [6.5, 6.19532, 5.85417]},
			"faces": {
				"north": {"uv": [11, 8, 11.25, 8.5], "texture": "#0"},
				"east": {"uv": [8.5, 4.5, 10.5, 5], "texture": "#0"},
				"south": {"uv": [11, 8.5, 11.25, 9], "texture": "#0"},
				"west": {"uv": [8.5, 5, 10.5, 5.5], "texture": "#0"},
				"up": {"uv": [0.75, 11.5, 0.5, 9.5], "texture": "#0"},
				"down": {"uv": [1, 9.5, 0.75, 11.5], "texture": "#0"}
			}
		},
		{
			"from": [6, 4.19532, -4.14583],
			"to": [7, 6.19532, 3.85417],
			"rotation": {"angle": 0, "axis": "y", "origin": [6.5, 6.19532, 5.85417]},
			"faces": {
				"north": {"uv": [11, 9, 11.25, 9.5], "texture": "#0", "tintindex": 0},
				"east": {"uv": [8.5, 5.5, 10.5, 6], "texture": "#0", "tintindex": 0},
				"south": {"uv": [9.5, 11, 9.75, 11.5], "texture": "#0", "tintindex": 0},
				"west": {"uv": [8.5, 6, 10.5, 6.5], "texture": "#0", "tintindex": 0},
				"up": {"uv": [1.25, 11.5, 1, 9.5], "texture": "#0", "tintindex": 0},
				"down": {"uv": [1.5, 9.5, 1.25, 11.5], "texture": "#0", "tintindex": 0}
			}
		},
		{
			"from": [3, 6.19532, 5.85417],
			"to": [6, 7.19532, 7.85417],
			"rotation": {"angle": 0, "axis": "y", "origin": [6.5, 6.19532, 5.85417]},
			"faces": {
				"north": {"uv": [11, 4.5, 11.75, 4.75], "texture": "#0"},
				"east": {"uv": [6.5, 4.5, 7, 4.75], "texture": "#0"},
				"south": {"uv": [4.75, 11, 5.5, 11.25], "texture": "#0"},
				"west": {"uv": [10.25, 2.25, 10.75, 2.5], "texture": "#0"},
				"up": {"uv": [3.5, 10.25, 2.75, 9.75], "texture": "#0"},
				"down": {"uv": [5.25, 10, 4.5, 10.5], "texture": "#0"}
			}
		},
		{
			"from": [10, 3.19532, 3.85417],
			"to": [13, 4.19532, 5.85417],
			"rotation": {"angle": 0, "axis": "y", "origin": [6.5, 6.19532, 5.85417]},
			"faces": {
				"north": {"uv": [11, 4.75, 11.75, 5], "texture": "#0"},
				"east": {"uv": [11, 6.25, 11.5, 6.5], "texture": "#0"},
				"south": {"uv": [11, 5, 11.75, 5.25], "texture": "#0"},
				"west": {"uv": [9.75, 11, 10.25, 11.25], "texture": "#0"},
				"up": {"uv": [10.75, 8, 10, 7.5], "texture": "#0"},
				"down": {"uv": [10.25, 10, 9.5, 10.5], "texture": "#0"}
			}
		},
		{
			"from": [7, 15.77666, 1.74941],
			"to": [9, 18.27666, 3.74941],
			"rotation": {"angle": -22.5, "axis": "x", "origin": [8, 11.27666, 3.74941]},
			"faces": {
				"north": {"uv": [1.5, 10.25, 2, 11], "texture": "#0"},
				"east": {"uv": [10.25, 1.5, 10.75, 2.25], "texture": "#0"},
				"south": {"uv": [2, 10.25, 2.5, 11], "texture": "#0"},
				"west": {"uv": [2.5, 10.25, 3, 11], "texture": "#0"},
				"up": {"uv": [3.75, 11.5, 3.25, 11], "texture": "#0"},
				"down": {"uv": [4.25, 11, 3.75, 11.5], "texture": "#0"}
			}
		},
		{
			"from": [7, 17.4871, 16.625],
			"to": [9, 20.4871, 18.625],
			"rotation": {"angle": -22.5, "axis": "x", "origin": [8, 9.4871, 19.375]},
			"faces": {
				"north": {"uv": [3, 10.25, 3.5, 11], "texture": "#0"},
				"east": {"uv": [3.5, 10.25, 4, 11], "texture": "#0"},
				"south": {"uv": [4, 10.25, 4.5, 11], "texture": "#0"},
				"west": {"uv": [6.5, 10.25, 7, 11], "texture": "#0"},
				"up": {"uv": [11.5, 4.5, 11, 4], "texture": "#0"},
				"down": {"uv": [4.75, 11, 4.25, 11.5], "texture": "#0"}
			}
		},
		{
			"from": [7.25, 3.9871, -4.375],
			"to": [9.25, 5.9871, -2.375],
			"rotation": {"angle": 0, "axis": "y", "origin": [0.25, -1.0129, -3.625]},
			"faces": {
				"north": {"uv": [10.25, 10, 10.75, 10.5], "texture": "#0"},
				"east": {"uv": [10.5, 4, 11, 4.5], "texture": "#0"},
				"south": {"uv": [4.5, 10.5, 5, 11], "texture": "#0"},
				"west": {"uv": [10.5, 4.5, 11, 5], "texture": "#0"},
				"up": {"uv": [5.5, 11, 5, 10.5], "texture": "#0"},
				"down": {"uv": [11, 5, 10.5, 5.5], "texture": "#0"}
			}
		},
		{
			"from": [9.25, 1.9871, -6.375],
			"to": [9.25, 7.9871, -0.375],
			"rotation": {"angle": 0, "axis": "y", "origin": [0.25, -1.0129, -3.625]},
			"faces": {
				"north": {"uv": [0, 0, 0, 1.5], "texture": "#0"},
				"east": {"uv": [1.5, 0, 3, 1.5], "texture": "#0"},
				"south": {"uv": [0, 0, 0, 1.5], "texture": "#0"},
				"west": {"uv": [1.5, 1.5, 3, 3], "texture": "#0"},
				"up": {"uv": [0, 1.5, 0, 0], "texture": "#0"},
				"down": {"uv": [0, 0, 0, 1.5], "texture": "#0"}
			}
		},
		{
			"from": [7.25, 1.9871, -6.375],
			"to": [7.25, 7.9871, -0.375],
			"rotation": {"angle": 0, "axis": "y", "origin": [0.25, -1.0129, -3.625]},
			"faces": {
				"north": {"uv": [0, 0, 0, 1.5], "texture": "#0"},
				"east": {"uv": [0, 0, 1.5, 1.5], "texture": "#0"},
				"south": {"uv": [0, 0, 0, 1.5], "texture": "#0"},
				"west": {"uv": [0, 1.5, 1.5, 3], "texture": "#0"},
				"up": {"uv": [0, 1.5, 0, 0], "texture": "#0"},
				"down": {"uv": [0, 0, 0, 1.5], "texture": "#0"}
			}
		},
		{
			"from": [7.25, 7.9871, -6.375],
			"to": [9.25, 9.9871, -0.375],
			"rotation": {"angle": 0, "axis": "y", "origin": [0.25, -1.0129, -3.625]},
			"faces": {
				"north": {"uv": [9, 10.25, 9.5, 10.75], "texture": "#0"},
				"east": {"uv": [8.75, 1.5, 10.25, 2], "texture": "#0"},
				"south": {"uv": [10.25, 9.5, 10.75, 10], "texture": "#0"},
				"west": {"uv": [8.75, 2, 10.25, 2.5], "texture": "#0"},
				"up": {"uv": [2, 10.25, 1.5, 8.75], "texture": "#0"},
				"down": {"uv": [4, 8.75, 3.5, 10.25], "texture": "#0"}
			}
		},
		{
			"from": [7.25, -0.0129, -8.375],
			"to": [9.25, 9.9871, -6.375],
			"rotation": {"angle": 0, "axis": "y", "origin": [0.25, -1.0129, -3.625]},
			"faces": {
				"north": {"uv": [7, 7, 7.5, 9.5], "texture": "#0"},
				"east": {"uv": [7.25, 0, 7.75, 2.5], "texture": "#0"},
				"south": {"uv": [2, 7.25, 2.5, 9.75], "texture": "#0"},
				"west": {"uv": [2.5, 7.25, 3, 9.75], "texture": "#0"},
				"up": {"uv": [8.5, 10.75, 8, 10.25], "texture": "#0"},
				"down": {"uv": [9, 10.25, 8.5, 10.75], "texture": "#0"}
			}
		},
		{
			"from": [7.25, -0.0129, -0.375],
			"to": [9.25, 9.9871, 1.625],
			"rotation": {"angle": 0, "axis": "y", "origin": [0.25, -1.0129, -3.625]},
			"faces": {
				"north": {"uv": [1.5, 6.25, 2, 8.75], "texture": "#0"},
				"east": {"uv": [6.5, 5.25, 7, 7.75], "texture": "#0"},
				"south": {"uv": [6.75, 0, 7.25, 2.5], "texture": "#0"},
				"west": {"uv": [7, 4.5, 7.5, 7], "texture": "#0"},
				"up": {"uv": [7.5, 10.75, 7, 10.25], "texture": "#0"},
				"down": {"uv": [8, 10.25, 7.5, 10.75], "texture": "#0"}
			}
		},
		{
			"from": [7.25, -0.0129, -6.375],
			"to": [9.25, 1.9871, -0.375],
			"rotation": {"angle": 0, "axis": "y", "origin": [0.25, -1.0129, -3.625]},
			"faces": {
				"north": {"uv": [10.25, 3, 10.75, 3.5], "texture": "#0"},
				"east": {"uv": [8.5, 7, 10, 7.5], "texture": "#0"},
				"south": {"uv": [10.25, 6.5, 10.75, 7], "texture": "#0"},
				"west": {"uv": [8.5, 7.5, 10, 8], "texture": "#0"},
				"up": {"uv": [9, 9.5, 8.5, 8], "texture": "#0"},
				"down": {"uv": [9.25, 0, 8.75, 1.5], "texture": "#0"}
			}
		}
	],
	"gui_light": "front",
	"display": {
		"thirdperson_righthand": {
			"rotation": [-105.12, -5.4, 177.96],
			"translation": [-0.75, -3.5, -1.25]
		},
		"thirdperson_lefthand": {
			"rotation": [-89.94, 2.27, 176.97],
			"translation": [0, -2, -2]
		},
		"firstperson_righthand": {
			"rotation": [-179.79, -4.75, -179.79],
			"translation": [0, -3.25, 0]
		},
		"firstperson_lefthand": {
			"rotation": [-180, -5.75, 180],
			"translation": [0, -4.5, 0]
		},
		"ground": {
			"translation": [0, 0.5, 0],
			"scale": [0.4, 0.4, 0.4]
		},
		"gui": {
			"rotation": [30, 45, 0],
			"scale": [0.5, 0.5, 0.5]
		},
		"head": {
			"rotation": [0, 180, 0],
			"translation": [0.75, -31, 0],
			"scale": [1.6, 1.6, 1.6]
		}
	},
	"groups": [
		{
			"name": "group",
			"origin": [8, 8.4871, 21.375],
			"color": 0,
			"boneType": "",
			"children": [0, 1, 2, 3, 4, 5, 6, 7, 8, 9, 10, 11, 12, 13, 14, 15, 16, 17, 18, 19, 20, 21, 22, 23, 24, 25, 26, 27, 28, 29, 30, 31]
		}
	]
}