{
	"credit": "Made with Blockbench",
	"texture_size": [256, 256],
	"textures": {
		"2": "item/furniture/dining_table",
		"particle": "item/furniture/dining_table"
	},
	"elements": [
		{
			"from": [-16, 15, -8],
			"to": [32, 16, 24],
			"rotation": {"angle": 0, "axis": "y", "origin": [-16, 0, -8]},
			"faces": {
				"north": {"uv": [6, 3.0625, 9, 3.125], "texture": "#2"},
				"east": {"uv": [6, 3.1875, 8, 3.25], "texture": "#2"},
				"south": {"uv": [6, 3.125, 9, 3.1875], "texture": "#2"},
				"west": {"uv": [6, 3.25, 8, 3.3125], "texture": "#2"},
				"up": {"uv": [3, 2, 0, 0], "texture": "#2"},
				"down": {"uv": [3, 2, 0, 4], "texture": "#2"}
			}
		},
		{
			"from": [-15, 13, -6],
			"to": [31, 15, 22],
			"rotation": {"angle": 0, "axis": "y", "origin": [-16, 0, -8]},
			"faces": {
				"north": {"uv": [6, 2.3125, 8.875, 2.4375], "texture": "#2"},
				"east": {"uv": [6, 2.8125, 7.75, 2.9375], "texture": "#2"},
				"south": {"uv": [6, 2.4375, 8.875, 2.5625], "texture": "#2"},
				"west": {"uv": [6, 2.9375, 7.75, 3.0625], "texture": "#2"},
				"up": {"uv": [5.875, 5.5, 3, 3.75], "texture": "#2"},
				"down": {"uv": [2.875, 4, 0, 5.75], "texture": "#2"}
			}
		},
		{
			"from": [-16, 11, -7],
			"to": [32, 13, 23],
			"rotation": {"angle": 0, "axis": "y", "origin": [-16, 0, -8]},
			"faces": {
				"north": {"uv": [6, 2.0625, 9, 2.1875], "texture": "#2"},
				"east": {"uv": [6, 2.5625, 7.875, 2.6875], "texture": "#2"},
				"south": {"uv": [6, 2.1875, 9, 2.3125], "texture": "#2"},
				"west": {"uv": [6, 2.6875, 7.875, 2.8125], "texture": "#2"},
				"up": {"uv": [6, 1.875, 3, 0], "texture": "#2"},
				"down": {"uv": [6, 1.875, 3, 3.75], "texture": "#2"}
			}
		},
		{
			"from": [26, 0, -6],
			"to": [31, 1, -1],
			"rotation": {"angle": 0, "axis": "y", "origin": [-16, 0, -8]},
			"faces": {
				"north": {"uv": [6, 3.625, 6.3125, 3.6875], "texture": "#2"},
				"east": {"uv": [6, 3.6875, 6.3125, 3.75], "texture": "#2"},
				"south": {"uv": [6.3125, 3.625, 6.625, 3.6875], "texture": "#2"},
				"west": {"uv": [6.3125, 3.6875, 6.625, 3.75], "texture": "#2"},
				"up": {"uv": [6.3125, 3.625, 6, 3.3125], "texture": "#2"},
				"down": {"uv": [6.625, 3.3125, 6.3125, 3.625], "texture": "#2"}
			}
		},
		{
			"from": [27, 1, -5],
			"to": [30, 11, -2],
			"rotation": {"angle": 0, "axis": "y", "origin": [-16, 0, -8]},
			"faces": {
				"north": {"uv": [2, 5.75, 2.1875, 6.375], "texture": "#2"},
				"east": {"uv": [2.1875, 5.75, 2.375, 6.375], "texture": "#2"},
				"south": {"uv": [2.375, 5.75, 2.5625, 6.375], "texture": "#2"},
				"west": {"uv": [2.5625, 5.75, 2.75, 6.375], "texture": "#2"},
				"up": {"uv": [2.1875, 6.5625, 2, 6.375], "texture": "#2"},
				"down": {"uv": [2.375, 6.375, 2.1875, 6.5625], "texture": "#2"}
			}
		},
		{
			"from": [-14, 1, -5],
			"to": [-11, 11, -2],
			"rotation": {"angle": 0, "axis": "y", "origin": [32, 0, -8]},
			"faces": {
				"north": {"uv": [2.1875, 5.75, 2, 6.375], "texture": "#2"},
				"east": {"uv": [2.75, 5.75, 2.5625, 6.375], "texture": "#2"},
				"south": {"uv": [2.5625, 5.75, 2.375, 6.375], "texture": "#2"},
				"west": {"uv": [2.375, 5.75, 2.1875, 6.375], "texture": "#2"},
				"up": {"uv": [2, 6.5625, 2.1875, 6.375], "texture": "#2"},
				"down": {"uv": [2.1875, 6.375, 2.375, 6.5625], "texture": "#2"}
			}
		},
		{
			"from": [-15, 0, -6],
			"to": [-10, 1, -1],
			"rotation": {"angle": 0, "axis": "y", "origin": [32, 0, -8]},
			"faces": {
				"north": {"uv": [6.3125, 3.625, 6, 3.6875], "texture": "#2"},
				"east": {"uv": [6.625, 3.6875, 6.3125, 3.75], "texture": "#2"},
				"south": {"uv": [6.625, 3.625, 6.3125, 3.6875], "texture": "#2"},
				"west": {"uv": [6.3125, 3.6875, 6, 3.75], "texture": "#2"},
				"up": {"uv": [6, 3.625, 6.3125, 3.3125], "texture": "#2"},
				"down": {"uv": [6.3125, 3.3125, 6.625, 3.625], "texture": "#2"}
			}
		},
		{
			"from": [27, 1, 18],
			"to": [30, 11, 21],
			"rotation": {"angle": 0, "axis": "y", "origin": [-16, 0, 24]},
			"faces": {
				"north": {"uv": [2.5625, 5.75, 2.375, 6.375], "texture": "#2"},
				"east": {"uv": [2.375, 5.75, 2.1875, 6.375], "texture": "#2"},
				"south": {"uv": [2.1875, 5.75, 2, 6.375], "texture": "#2"},
				"west": {"uv": [2.75, 5.75, 2.5625, 6.375], "texture": "#2"},
				"up": {"uv": [2.1875, 6.375, 2, 6.5625], "texture": "#2"},
				"down": {"uv": [2.375, 6.5625, 2.1875, 6.375], "texture": "#2"}
			}
		},
		{
			"from": [26, 0, 17],
			"to": [31, 1, 22],
			"rotation": {"angle": 0, "axis": "y", "origin": [-16, 0, 24]},
			"faces": {
				"north": {"uv": [6.625, 3.625, 6.3125, 3.6875], "texture": "#2"},
				"east": {"uv": [6.3125, 3.6875, 6, 3.75], "texture": "#2"},
				"south": {"uv": [6.3125, 3.625, 6, 3.6875], "texture": "#2"},
				"west": {"uv": [6.625, 3.6875, 6.3125, 3.75], "texture": "#2"},
				"up": {"uv": [6.3125, 3.3125, 6, 3.625], "texture": "#2"},
				"down": {"uv": [6.625, 3.625, 6.3125, 3.3125], "texture": "#2"}
			}
		},
		{
			"from": [-15, 0, 17],
			"to": [-10, 1, 22],
			"rotation": {"angle": 0, "axis": "y", "origin": [32, 0, 24]},
			"faces": {
				"north": {"uv": [6.3125, 3.625, 6.625, 3.6875], "texture": "#2"},
				"east": {"uv": [6.3125, 3.6875, 6.625, 3.75], "texture": "#2"},
				"south": {"uv": [6, 3.625, 6.3125, 3.6875], "texture": "#2"},
				"west": {"uv": [6, 3.6875, 6.3125, 3.75], "texture": "#2"},
				"up": {"uv": [6, 3.3125, 6.3125, 3.625], "texture": "#2"},
				"down": {"uv": [6.3125, 3.625, 6.625, 3.3125], "texture": "#2"}
			}
		},
		{
			"from": [-14, 1, 18],
			"to": [-11, 11, 21],
			"rotation": {"angle": 0, "axis": "y", "origin": [32, 0, 24]},
			"faces": {
				"north": {"uv": [2.375, 5.75, 2.5625, 6.375], "texture": "#2"},
				"east": {"uv": [2.5625, 5.75, 2.75, 6.375], "texture": "#2"},
				"south": {"uv": [2, 5.75, 2.1875, 6.375], "texture": "#2"},
				"west": {"uv": [2.1875, 5.75, 2.375, 6.375], "texture": "#2"},
				"up": {"uv": [2, 6.375, 2.1875, 6.5625], "texture": "#2"},
				"down": {"uv": [2.1875, 6.5625, 2.375, 6.375], "texture": "#2"}
			}
		},
		{
			"from": [0, 5, 24],
			"to": [16, 16, 24],
			"rotation": {"angle": 0, "axis": "y", "origin": [7, 0, 0]},
			"faces": {
				"north": {"uv": [1, 5.75, 2, 6.4375], "texture": "#2", "tintindex": 0},
				"east": {"uv": [0, 0, 0, 0.6875], "texture": "#2", "tintindex": 0},
				"south": {"uv": [5.875, 3.75, 6.875, 4.4375], "texture": "#2", "tintindex": 0},
				"west": {"uv": [0, 0, 0, 0.6875], "texture": "#2", "tintindex": 0},
				"up": {"uv": [1, 0, 0, 0], "texture": "#2", "tintindex": 0},
				"down": {"uv": [1, 0, 0, 0], "texture": "#2", "tintindex": 0}
			}
		},
		{
			"from": [0, 16, -8],
			"to": [16, 16, 24],
			"rotation": {"angle": 0, "axis": "y", "origin": [7, 0, 0]},
			"faces": {
				"north": {"uv": [0, 0, 1, 0], "texture": "#2", "tintindex": 0},
				"east": {"uv": [0, 0, 2, 0], "texture": "#2", "tintindex": 0},
				"south": {"uv": [0, 0, 1, 0], "texture": "#2", "tintindex": 0},
				"west": {"uv": [0, 0, 2, 0], "texture": "#2", "tintindex": 0},
				"up": {"uv": [3.875, 7.5, 2.875, 5.5], "texture": "#2", "tintindex": 0},
				"down": {"uv": [4.875, 5.5, 3.875, 7.5], "texture": "#2", "tintindex": 0}
			}
		},
		{
			"from": [0, 5, -8],
			"to": [16, 16, -8],
			"rotation": {"angle": 0, "axis": "y", "origin": [7, 0, 16]},
			"faces": {
				"north": {"uv": [5.875, 4.4375, 6.875, 5.125], "texture": "#2", "tintindex": 0},
				"east": {"uv": [0, 0, 0, 0.6875], "texture": "#2", "tintindex": 0},
				"south": {"uv": [5.875, 5.125, 6.875, 5.8125], "texture": "#2", "tintindex": 0},
				"west": {"uv": [0, 0, 0, 0.6875], "texture": "#2", "tintindex": 0},
				"up": {"uv": [1, 0, 0, 0], "texture": "#2", "tintindex": 0},
				"down": {"uv": [1, 0, 0, 0], "texture": "#2", "tintindex": 0}
			}
		},
		{
			"from": [0, 16, -8],
			"to": [16, 16, 24],
			"rotation": {"angle": 0, "axis": "y", "origin": [7, 0, 0]},
			"faces": {
				"north": {"uv": [0, 0, 1, 0], "texture": "#2"},
				"east": {"uv": [0, 0, 2, 0], "texture": "#2"},
				"south": {"uv": [0, 0, 1, 0], "texture": "#2"},
				"west": {"uv": [0, 0, 2, 0], "texture": "#2"},
				"up": {"uv": [5.875, 7.5, 4.875, 5.5], "texture": "#2"},
				"down": {"uv": [1, 5.75, 0, 7.75], "texture": "#2"}
			}
		},
		{
			"from": [0, 5, -8],
			"to": [16, 16, -8],
			"rotation": {"angle": 0, "axis": "y", "origin": [7, 0, 16]},
			"faces": {
				"north": {"uv": [6, 0.6875, 7, 1.375], "texture": "#2"},
				"east": {"uv": [0, 0, 0, 0.6875], "texture": "#2"},
				"south": {"uv": [6, 1.375, 7, 2.0625], "texture": "#2"},
				"west": {"uv": [0, 0, 0, 0.6875], "texture": "#2"},
				"up": {"uv": [1, 0, 0, 0], "texture": "#2"},
				"down": {"uv": [1, 0, 0, 0], "texture": "#2"}
			}
		},
		{
			"from": [0, 5, 24],
			"to": [16, 16, 24],
			"rotation": {"angle": 0, "axis": "y", "origin": [7, 0, 0]},
			"faces": {
				"north": {"uv": [5.875, 5.8125, 6.875, 6.5], "texture": "#2"},
				"east": {"uv": [0, 0, 0, 0.6875], "texture": "#2"},
				"south": {"uv": [6, 0, 7, 0.6875], "texture": "#2"},
				"west": {"uv": [0, 0, 0, 0.6875], "texture": "#2"},
				"up": {"uv": [1, 0, 0, 0], "texture": "#2"},
				"down": {"uv": [1, 0, 0, 0], "texture": "#2"}
			}
		}
	],
	"gui_light": "front",
	"display": {
		"thirdperson_righthand": {
			"rotation": [29, 54, 0],
			"translation": [0, 2.5, 0],
			"scale": [0.29, 0.29, 0.29]
		},
		"thirdperson_lefthand": {
			"rotation": [29, 54, 0],
			"translation": [0, 2.5, 0],
			"scale": [0.29, 0.29, 0.29]
		},
		"firstperson_righthand": {
			"rotation": [22, 126, -38],
			"translation": [5.75, 0, -6.5],
			"scale": [0.4, 0.4, 0.4]
		},
		"firstperson_lefthand": {
			"rotation": [22, 126, -38],
			"translation": [5.75, 0, -6.5],
			"scale": [0.4, 0.4, 0.4]
		},
		"ground": {
			"translation": [0, 2, 0],
			"scale": [0.5, 0.5, 0.5]
		},
		"gui": {
			"rotation": [30, -135, 0],
			"scale": [0.26, 0.26, 0.26]
		},
		"head": {
			"rotation": [0, 90, 0],
			"translation": [0, -30.5, 0],
			"scale": [1.6, 1.6, 1.6]
		}
	}
}