{
	"credit": "Made with Blockbench",
	"texture_size": [128, 128],
	"textures": {
		"0": "item/furniture/hangingpot",
		"particle": "item/furniture/hangingpot"
	},
	"elements": [
		{
			"from": [1, -3, 1],
			"to": [15, 4, 15],
			"faces": {
				"north": {"uv": [1.75, 1.75, 3.5, 2.625], "texture": "#0"},
				"east": {"uv": [0, 1.75, 1.75, 2.625], "texture": "#0"},
				"south": {"uv": [5.25, 1.75, 7, 2.625], "texture": "#0"},
				"west": {"uv": [3.5, 1.75, 5.25, 2.625], "texture": "#0"},
				"up": {"uv": [3.5, 1.75, 1.75, 0], "texture": "#0"},
				"down": {"uv": [5.25, 0, 3.5, 1.75], "texture": "#0"}
			}
		},
		{
			"from": [-2.05096, 4, 10.04955],
			"to": [19.94904, 16, 10.04955],
			"rotation": {"angle": 45, "axis": "y", "origin": [5.94904, 10, 10.04955]},
			"faces": {
				"north": {"uv": [0, 5.375, 2.75, 6.875], "texture": "#0"},
				"east": {"uv": [0, 5.375, 0, 6.875], "texture": "#0"},
				"south": {"uv": [2.75, 5.375, 5.5, 6.875], "texture": "#0"},
				"west": {"uv": [2.75, 5.375, 2.75, 6.875], "texture": "#0"},
				"up": {"uv": [2.75, 5.375, 0, 5.375], "texture": "#0"},
				"down": {"uv": [5.5, 5.375, 2.75, 5.375], "texture": "#0"}
			}
		},
		{
			"from": [-2.92964, 4, 7.92823],
			"to": [19.07036, 16, 7.92823],
			"rotation": {"angle": -45, "axis": "y", "origin": [8.07036, 10, 7.92823]},
			"faces": {
				"north": {"uv": [5.25, 0, 8, 1.5], "texture": "#0"},
				"east": {"uv": [5.25, 0, 5.25, 1.5], "texture": "#0"},
				"south": {"uv": [8, 0, 10.75, 1.5], "texture": "#0"},
				"west": {"uv": [8, 0, 8, 1.5], "texture": "#0"},
				"up": {"uv": [8, 0, 5.25, 0], "texture": "#0"},
				"down": {"uv": [10.75, 0, 8, 0], "texture": "#0"}
			}
		},
		{
			"from": [-4, -8, 8],
			"to": [19, 14, 8],
			"rotation": {"angle": -22.5, "axis": "y", "origin": [8, 7.5, 8]},
			"faces": {
				"north": {"uv": [5.25, 2.625, 8.125, 5.375], "texture": "#0"},
				"east": {"uv": [5.25, 2.625, 5.25, 5.375], "texture": "#0"},
				"south": {"uv": [8.125, 2.625, 11, 5.375], "texture": "#0"},
				"west": {"uv": [8.125, 2.625, 8.125, 5.375], "texture": "#0"},
				"up": {"uv": [8.125, 2.625, 5.25, 2.625], "texture": "#0"},
				"down": {"uv": [11, 2.625, 8.125, 2.625], "texture": "#0"}
			}
		},
		{
			"from": [8, -8, -2],
			"to": [8, 14, 19],
			"rotation": {"angle": 0, "axis": "y", "origin": [8, 7.5, 8]},
			"faces": {
				"north": {"uv": [2.625, 2.625, 2.625, 5.375], "texture": "#0"},
				"east": {"uv": [0, 2.625, 2.625, 5.375], "texture": "#0"},
				"south": {"uv": [5.25, 2.625, 5.25, 5.375], "texture": "#0"},
				"west": {"uv": [2.625, 2.625, 5.25, 5.375], "texture": "#0"},
				"up": {"uv": [2.625, 2.625, 2.625, 0], "texture": "#0"},
				"down": {"uv": [2.625, 0, 2.625, 2.625], "texture": "#0"}
			}
		}
	],
	"gui_light": "front",
	"display": {
		"thirdperson_righthand": {
			"scale": [0.6, 0.6, 0.6]
		},
		"thirdperson_lefthand": {
			"scale": [0.6, 0.6, 0.6]
		},
		"firstperson_righthand": {
			"translation": [19.25, 0, -14.75]
		},
		"firstperson_lefthand": {
			"translation": [19.25, 0, -14.75]
		},
		"ground": {
			"translation": [0, 4, 0],
			"scale": [0.6, 0.6, 0.6]
		},
		"gui": {
			"rotation": [29, 44, 0],
			"translation": [0, 2.75, 0],
			"scale": [0.8, 0.8, 0.8]
		},
		"head": {
			"translation": [0, -3.7, 0],
			"scale": [1.6, 1.5, 1.5]
		}
	},
	"groups": [
		{
			"name": "plant",
			"origin": [8, 7.5, 8],
			"color": 0,
			"boneType": "",
			"children": [0, 1, 2, 3, 4]
		}
	]
}