{
	"credit": "Made with Blockbench",
	"texture_size": [128, 128],
	"textures": {
		"0": "item/furniture/lifeguardchair",
		"particle": "item/furniture/lifeguardchair"
	},
	"elements": [
		{
			"name": "octagon",
			"from": [-5.995, -2.39949, 1],
			"to": [-2.995, 3.39949, 4],
			"rotation": {"angle": 45, "axis": "x", "origin": [-4.5, 0.5, 8]},
			"faces": {
				"north": {"uv": [4, 8.625, 4.375, 9.375], "texture": "#0"},
				"east": {"uv": [8.75, 2, 9.125, 2.75], "texture": "#0"},
				"south": {"uv": [8.75, 2.75, 9.125, 3.5], "texture": "#0"},
				"west": {"uv": [7.875, 8.75, 8.25, 9.5], "texture": "#0"},
				"up": {"uv": [10.125, 5.375, 9.75, 5], "texture": "#0"},
				"down": {"uv": [10.125, 5.875, 9.75, 6.25], "texture": "#0"}
			}
		},
		{
			"name": "octagon",
			"from": [-6.005, -2.39949, 1],
			"to": [-3.005, 3.39949, 4],
			"rotation": {"angle": 0, "axis": "x", "origin": [-4.5, 0.5, 8]},
			"faces": {
				"north": {"uv": [8.25, 8.75, 8.625, 9.5], "texture": "#0"},
				"east": {"uv": [8.625, 8.75, 9, 9.5], "texture": "#0"},
				"south": {"uv": [0, 9, 0.375, 9.75], "texture": "#0"},
				"west": {"uv": [0.375, 9, 0.75, 9.75], "texture": "#0"},
				"up": {"uv": [10.125, 6.875, 9.75, 6.5], "texture": "#0"},
				"down": {"uv": [10.125, 6.875, 9.75, 7.25], "texture": "#0"}
			}
		},
		{
			"name": "octagon",
			"from": [-5.995, -2.39949, 12],
			"to": [-2.995, 3.39949, 15],
			"rotation": {"angle": 45, "axis": "x", "origin": [-4.5, 0.5, 8]},
			"faces": {
				"north": {"uv": [0.75, 9, 1.125, 9.75], "texture": "#0"},
				"east": {"uv": [1.125, 9, 1.5, 9.75], "texture": "#0"},
				"south": {"uv": [1.5, 9, 1.875, 9.75], "texture": "#0"},
				"west": {"uv": [3.125, 9, 3.5, 9.75], "texture": "#0"},
				"up": {"uv": [10.125, 7.625, 9.75, 7.25], "texture": "#0"},
				"down": {"uv": [10.125, 9.125, 9.75, 9.5], "texture": "#0"}
			}
		},
		{
			"name": "octagon",
			"from": [-6.005, -2.39949, 12],
			"to": [-3.005, 3.39949, 15],
			"rotation": {"angle": 0, "axis": "x", "origin": [-4.5, 0.5, 8]},
			"faces": {
				"north": {"uv": [3.5, 9, 3.875, 9.75], "texture": "#0"},
				"east": {"uv": [9, 8.75, 9.375, 9.5], "texture": "#0"},
				"south": {"uv": [9.125, 2, 9.5, 2.75], "texture": "#0"},
				"west": {"uv": [9.125, 2.75, 9.5, 3.5], "texture": "#0"},
				"up": {"uv": [10.125, 9.875, 9.75, 9.5], "texture": "#0"},
				"down": {"uv": [2.125, 9.875, 1.75, 10.25], "texture": "#0"}
			}
		},
		{
			"name": "octagon",
			"from": [-5.995, -6.5, 5.10051],
			"to": [-2.995, -3.5, 10.89949],
			"rotation": {"angle": 45, "axis": "x", "origin": [-4.5, 0.5, 8]},
			"faces": {
				"north": {"uv": [9.875, 2, 10.25, 2.375], "texture": "#0"},
				"east": {"uv": [8.625, 3.5, 9.375, 3.875], "texture": "#0"},
				"south": {"uv": [9.875, 2.375, 10.25, 2.75], "texture": "#0"},
				"west": {"uv": [9.375, 3.5, 10.125, 3.875], "texture": "#0"},
				"up": {"uv": [4.25, 10.125, 3.875, 9.375], "texture": "#0"},
				"down": {"uv": [9.75, 4.625, 9.375, 5.375], "texture": "#0"}
			}
		},
		{
			"name": "octagon",
			"from": [-6.005, -6.5, 5.10051],
			"to": [-3.005, -3.5, 10.89949],
			"rotation": {"angle": 0, "axis": "x", "origin": [-4.5, 0.5, 8]},
			"faces": {
				"north": {"uv": [4.875, 9.875, 5.25, 10.25], "texture": "#0"},
				"east": {"uv": [9.375, 5.375, 10.125, 5.75], "texture": "#0"},
				"south": {"uv": [9.875, 7.625, 10.25, 8], "texture": "#0"},
				"west": {"uv": [9.375, 8.75, 10.125, 9.125], "texture": "#0"},
				"up": {"uv": [9.75, 9.875, 9.375, 9.125], "texture": "#0"},
				"down": {"uv": [9.875, 2, 9.5, 2.75], "texture": "#0"}
			}
		},
		{
			"name": "octagon",
			"from": [-5.995, 4.5, 5.10051],
			"to": [-2.995, 7.5, 10.89949],
			"rotation": {"angle": 45, "axis": "x", "origin": [-4.5, 0.5, 8]},
			"faces": {
				"north": {"uv": [9.875, 8, 10.25, 8.375], "texture": "#0"},
				"east": {"uv": [9.5, 2.75, 10.25, 3.125], "texture": "#0"},
				"south": {"uv": [9.875, 8.375, 10.25, 8.75], "texture": "#0"},
				"west": {"uv": [9.5, 3.125, 10.25, 3.5], "texture": "#0"},
				"up": {"uv": [8.25, 10.25, 7.875, 9.5], "texture": "#0"},
				"down": {"uv": [8.625, 9.5, 8.25, 10.25], "texture": "#0"}
			}
		},
		{
			"name": "octagon",
			"from": [-4.505, -8.5, -0.89949],
			"to": [-4.505, 9.5, 17.10051],
			"rotation": {"angle": 0, "axis": "y", "origin": [-4.5, 0.5, 8]},
			"faces": {
				"north": {"uv": [0, 0, 0, 2.25], "texture": "#0"},
				"east": {"uv": [0, 0, 2.25, 2.25], "texture": "#0"},
				"south": {"uv": [0, 0, 0, 2.25], "texture": "#0"},
				"west": {"uv": [0, 2.25, 2.25, 4.5], "texture": "#0"},
				"up": {"uv": [0, 2.25, 0, 0], "texture": "#0"},
				"down": {"uv": [0, 0, 0, 2.25], "texture": "#0"}
			}
		},
		{
			"name": "octagon",
			"from": [-6.005, 4.5, 5.10051],
			"to": [-3.005, 7.5, 10.89949],
			"rotation": {"angle": 0, "axis": "x", "origin": [-4.5, 0.5, 8]},
			"faces": {
				"north": {"uv": [8.625, 9.875, 9, 10.25], "texture": "#0"},
				"east": {"uv": [8.625, 9.5, 9.375, 9.875], "texture": "#0"},
				"south": {"uv": [9, 9.875, 9.375, 10.25], "texture": "#0"},
				"west": {"uv": [0, 9.75, 0.75, 10.125], "texture": "#0"},
				"up": {"uv": [7.875, 10.375, 7.5, 9.625], "texture": "#0"},
				"down": {"uv": [1.125, 9.75, 0.75, 10.5], "texture": "#0"}
			}
		},
		{
			"from": [0.005, -7.5, 16],
			"to": [19.005, -4.5, 17],
			"rotation": {"angle": 0, "axis": "y", "origin": [-1.995, 2, 8]},
			"faces": {
				"north": {"uv": [6.375, 2, 8.75, 2.375], "texture": "#0"},
				"east": {"uv": [5.375, 7.875, 5.5, 8.25], "texture": "#0"},
				"south": {"uv": [6.375, 2.375, 8.75, 2.75], "texture": "#0"},
				"west": {"uv": [5.375, 8.25, 5.5, 8.625], "texture": "#0"},
				"up": {"uv": [10.125, 6.375, 7.75, 6.25], "texture": "#0"},
				"down": {"uv": [10.125, 6.375, 7.75, 6.5], "texture": "#0"}
			}
		},
		{
			"from": [-3.995, 10.5, 0],
			"to": [13.005, 14.5, 16],
			"rotation": {"angle": 0, "axis": "y", "origin": [-3.995, -2.5, 0]},
			"faces": {
				"north": {"uv": [6.375, 0, 8.5, 0.5], "texture": "#0"},
				"east": {"uv": [6.375, 1, 8.375, 1.5], "texture": "#0"},
				"south": {"uv": [6.375, 0.5, 8.5, 1], "texture": "#0"},
				"west": {"uv": [6.375, 1.5, 8.375, 2], "texture": "#0"},
				"up": {"uv": [4.375, 2, 2.25, 0], "texture": "#0"},
				"down": {"uv": [4.375, 2, 2.25, 4], "texture": "#0"}
			}
		},
		{
			"from": [-3.995, 14.5, 0],
			"to": [-0.995, 29.5, 16],
			"rotation": {"angle": 0, "axis": "y", "origin": [-3.995, -2.5, 0]},
			"faces": {
				"north": {"uv": [4.375, 7.875, 4.75, 9.75], "texture": "#0"},
				"east": {"uv": [2.25, 4, 4.25, 5.875], "texture": "#0"},
				"south": {"uv": [4.75, 7.875, 5.125, 9.75], "texture": "#0"},
				"west": {"uv": [4.25, 4, 6.25, 5.875], "texture": "#0"},
				"up": {"uv": [7.875, 9.625, 7.5, 7.625], "texture": "#0"},
				"down": {"uv": [2.375, 7.875, 2, 9.875], "texture": "#0"}
			}
		},
		{
			"from": [-4.995, 17.5, -4],
			"to": [13.005, 20.5, 1],
			"rotation": {"angle": 0, "axis": "y", "origin": [-3.995, -2.5, 0]},
			"faces": {
				"north": {"uv": [6.375, 3.5, 8.625, 3.875], "texture": "#0"},
				"east": {"uv": [1.125, 9.75, 1.75, 10.125], "texture": "#0"},
				"south": {"uv": [7.5, 6.5, 9.75, 6.875], "texture": "#0"},
				"west": {"uv": [3.125, 9.75, 3.75, 10.125], "texture": "#0"},
				"up": {"uv": [7.75, 6.5, 5.5, 5.875], "texture": "#0"},
				"down": {"uv": [8.5, 4, 6.25, 4.625], "texture": "#0"}
			}
		},
		{
			"from": [-4.995, 17.5, 15],
			"to": [13.005, 20.5, 20],
			"rotation": {"angle": 0, "axis": "y", "origin": [-3.995, -2.5, 0]},
			"faces": {
				"north": {"uv": [7.5, 6.875, 9.75, 7.25], "texture": "#0"},
				"east": {"uv": [4.25, 9.75, 4.875, 10.125], "texture": "#0"},
				"south": {"uv": [7.5, 7.25, 9.75, 7.625], "texture": "#0"},
				"west": {"uv": [9.75, 4.625, 10.375, 5], "texture": "#0"},
				"up": {"uv": [8.5, 5.25, 6.25, 4.625], "texture": "#0"},
				"down": {"uv": [8.5, 5.25, 6.25, 5.875], "texture": "#0"}
			}
		},
		{
			"from": [-3.995, -14.5, -2],
			"to": [0.005, 17.5, 0],
			"rotation": {"angle": 0, "axis": "y", "origin": [-3.995, -2.5, 0]},
			"faces": {
				"north": {"uv": [4.375, 0, 4.875, 4], "texture": "#0"},
				"east": {"uv": [6.5, 6.5, 6.75, 10.5], "texture": "#0"},
				"south": {"uv": [4.875, 0, 5.375, 4], "texture": "#0"},
				"west": {"uv": [6.75, 6.5, 7, 10.5], "texture": "#0"},
				"up": {"uv": [9.875, 10.125, 9.375, 9.875], "texture": "#0"},
				"down": {"uv": [10.375, 9.875, 9.875, 10.125], "texture": "#0"}
			}
		},
		{
			"from": [-3.995, -14.5, 16],
			"to": [0.005, 17.5, 18],
			"rotation": {"angle": 0, "axis": "y", "origin": [-3.995, -2.5, 0]},
			"faces": {
				"north": {"uv": [5.375, 0, 5.875, 4], "texture": "#0"},
				"east": {"uv": [7, 6.5, 7.25, 10.5], "texture": "#0"},
				"south": {"uv": [5.875, 0, 6.375, 4], "texture": "#0"},
				"west": {"uv": [7.25, 6.5, 7.5, 10.5], "texture": "#0"},
				"up": {"uv": [0.5, 10.375, 0, 10.125], "texture": "#0"},
				"down": {"uv": [1.625, 10.125, 1.125, 10.375], "texture": "#0"}
			}
		},
		{
			"from": [15.005, -16, 16],
			"to": [19.005, 20, 18],
			"rotation": {"angle": 22.5, "axis": "z", "origin": [10.005, -0.5, 17]},
			"faces": {
				"north": {"uv": [0, 4.5, 0.5, 9], "texture": "#0"},
				"east": {"uv": [5.5, 6.5, 5.75, 11], "texture": "#0"},
				"south": {"uv": [0.5, 4.5, 1, 9], "texture": "#0"},
				"west": {"uv": [5.75, 6.5, 6, 11], "texture": "#0"},
				"up": {"uv": [3.625, 10.375, 3.125, 10.125], "texture": "#0"},
				"down": {"uv": [10.625, 3.5, 10.125, 3.75], "texture": "#0"}
			}
		},
		{
			"from": [15.005, -16, -2],
			"to": [19.005, 20, 0],
			"rotation": {"angle": 22.5, "axis": "z", "origin": [10.005, -0.5, 17]},
			"faces": {
				"north": {"uv": [1, 4.5, 1.5, 9], "texture": "#0"},
				"east": {"uv": [6, 6.5, 6.25, 11], "texture": "#0"},
				"south": {"uv": [1.5, 4.5, 2, 9], "texture": "#0"},
				"west": {"uv": [6.25, 6.5, 6.5, 11], "texture": "#0"},
				"up": {"uv": [4.125, 10.375, 3.625, 10.125], "texture": "#0"},
				"down": {"uv": [4.625, 10.125, 4.125, 10.375], "texture": "#0"}
			}
		},
		{
			"from": [17.005, -7.5, 0],
			"to": [24.005, -4.5, 16],
			"rotation": {"angle": 0, "axis": "y", "origin": [-3.995, -2.5, 0]},
			"faces": {
				"north": {"uv": [8.5, 4.625, 9.375, 5], "texture": "#0"},
				"east": {"uv": [7.75, 5.875, 9.75, 6.25], "texture": "#0"},
				"south": {"uv": [8.5, 5, 9.375, 5.375], "texture": "#0"},
				"west": {"uv": [2.375, 7.875, 4.375, 8.25], "texture": "#0"},
				"up": {"uv": [2.875, 7.875, 2, 5.875], "texture": "#0"},
				"down": {"uv": [3.75, 5.875, 2.875, 7.875], "texture": "#0"}
			}
		},
		{
			"from": [12.005, 2.5, 0],
			"to": [19.005, 5.5, 16],
			"rotation": {"angle": 0, "axis": "y", "origin": [-3.995, -2.5, 0]},
			"faces": {
				"north": {"uv": [8.5, 5.375, 9.375, 5.75], "texture": "#0"},
				"east": {"uv": [7.875, 7.625, 9.875, 8], "texture": "#0"},
				"south": {"uv": [3.125, 8.625, 4, 9], "texture": "#0"},
				"west": {"uv": [7.875, 8, 9.875, 8.375], "texture": "#0"},
				"up": {"uv": [4.625, 7.875, 3.75, 5.875], "texture": "#0"},
				"down": {"uv": [5.5, 5.875, 4.625, 7.875], "texture": "#0"}
			}
		},
		{
			"from": [-2.995, 2.5, 0],
			"to": [-0.995, 5.5, 16],
			"rotation": {"angle": 0, "axis": "y", "origin": [-3.995, -2.5, 0]},
			"faces": {
				"north": {"uv": [2, 4.5, 2.25, 4.875], "texture": "#0"},
				"east": {"uv": [2.375, 8.25, 4.375, 8.625], "texture": "#0"},
				"south": {"uv": [2, 4.875, 2.25, 5.25], "texture": "#0"},
				"west": {"uv": [8.375, 1, 10.375, 1.375], "texture": "#0"},
				"up": {"uv": [5.375, 9.875, 5.125, 7.875], "texture": "#0"},
				"down": {"uv": [2.625, 8.625, 2.375, 10.625], "texture": "#0"}
			}
		},
		{
			"from": [0.005, 2.5, -1],
			"to": [15.005, 5.5, 0],
			"rotation": {"angle": 0, "axis": "y", "origin": [-1.995, 2, 8]},
			"faces": {
				"north": {"uv": [8.5, 0, 10.375, 0.375], "texture": "#0"},
				"east": {"uv": [5.375, 8.625, 5.5, 9], "texture": "#0"},
				"south": {"uv": [8.5, 0.375, 10.375, 0.75], "texture": "#0"},
				"west": {"uv": [1.875, 9, 2, 9.375], "texture": "#0"},
				"up": {"uv": [8.25, 4, 6.375, 3.875], "texture": "#0"},
				"down": {"uv": [10.375, 0.75, 8.5, 0.875], "texture": "#0"}
			}
		},
		{
			"from": [0.005, 2.5, 16],
			"to": [15.005, 5.5, 17],
			"rotation": {"angle": 0, "axis": "y", "origin": [-1.995, 2, 8]},
			"faces": {
				"north": {"uv": [8.5, 3.875, 10.375, 4.25], "texture": "#0"},
				"east": {"uv": [3.875, 9, 4, 9.375], "texture": "#0"},
				"south": {"uv": [8.5, 4.25, 10.375, 4.625], "texture": "#0"},
				"west": {"uv": [5.375, 9, 5.5, 9.375], "texture": "#0"},
				"up": {"uv": [10.375, 1, 8.5, 0.875], "texture": "#0"},
				"down": {"uv": [10.375, 5.75, 8.5, 5.875], "texture": "#0"}
			}
		},
		{
			"from": [-2.995, -7.5, 0],
			"to": [-0.995, -4.5, 16],
			"rotation": {"angle": 0, "axis": "y", "origin": [-3.995, -2.5, 0]},
			"faces": {
				"north": {"uv": [2, 5.25, 2.25, 5.625], "texture": "#0"},
				"east": {"uv": [8.375, 1.375, 10.375, 1.75], "texture": "#0"},
				"south": {"uv": [2.125, 9.875, 2.375, 10.25], "texture": "#0"},
				"west": {"uv": [7.875, 8.375, 9.875, 8.75], "texture": "#0"},
				"up": {"uv": [2.875, 10.625, 2.625, 8.625], "texture": "#0"},
				"down": {"uv": [3.125, 8.625, 2.875, 10.625], "texture": "#0"}
			}
		},
		{
			"from": [0.005, -7.5, -1],
			"to": [19.005, -4.5, 0],
			"rotation": {"angle": 0, "axis": "y", "origin": [-1.995, 2, 8]},
			"faces": {
				"north": {"uv": [6.375, 2.75, 8.75, 3.125], "texture": "#0"},
				"east": {"uv": [1.875, 9.375, 2, 9.75], "texture": "#0"},
				"south": {"uv": [6.375, 3.125, 8.75, 3.5], "texture": "#0"},
				"west": {"uv": [4.25, 9.375, 4.375, 9.75], "texture": "#0"},
				"up": {"uv": [10.75, 1.875, 8.375, 1.75], "texture": "#0"},
				"down": {"uv": [10.75, 1.875, 8.375, 2], "texture": "#0"}
			}
		}
	],
	"gui_light": "front",
	"display": {
		"thirdperson_righthand": {
			"rotation": [149.48, 79.66, -81.85],
			"translation": [0, 3.5, -0.75],
			"scale": [0.25, 0.25, 0.25]
		},
		"thirdperson_lefthand": {
			"rotation": [60.75, -83.75, 0],
			"translation": [0, 2.25, -1],
			"scale": [0.25, 0.25, 0.25]
		},
		"firstperson_righthand": {
			"rotation": [-180, 52.75, -180],
			"translation": [4.25, 0, 0],
			"scale": [0.5, 0.5, 0.5]
		},
		"firstperson_lefthand": {
			"rotation": [0, -27, 0],
			"scale": [0.5, 0.5, 0.5]
		},
		"ground": {
			"translation": [0, 10, 0],
			"scale": [0.4, 0.4, 0.4]
		},
		"gui": {
			"rotation": [30, -45, 0],
			"scale": [0.3, 0.3, 0.3]
		},
		"head": {
			"rotation": [-180, 90, -180],
			"translation": [0, -10.5, 0],
			"scale": [1.6, 1.6, 1.6]
		}
	},
	"groups": [
		{
			"name": "group",
			"origin": [-1.995, 2, 8],
			"color": 0,
			"boneType": "",
			"children": [0, 1, 2, 3, 4, 5, 6, 7, 8, 9, 10, 11, 12, 13, 14, 15, 16, 17, 18, 19, 20, 21, 22, 23, 24]
		}
	]
}