{
	"credit": "Made with Blockbench",
	"texture_size": [64, 64],
	"textures": {
		"0": "item/furniture/monitorkeyboard1",
		"particle": "item/furniture/monitorkeyboard1"
	},
	"elements": [
		{
			"from": [12, 0, 3],
			"to": [16, 1, 13],
			"rotation": {"angle": 0, "axis": "y", "origin": [1, 0, 0]},
			"faces": {
				"north": {"uv": [7.75, 3.75, 8.75, 4], "texture": "#0"},
				"east": {"uv": [7.25, 6.75, 9.75, 7], "texture": "#0"},
				"south": {"uv": [7.75, 4, 8.75, 4.25], "texture": "#0"},
				"west": {"uv": [7.25, 7, 9.75, 7.25], "texture": "#0"},
				"up": {"uv": [7.25, 2.5, 6.25, 0], "texture": "#0"},
				"down": {"uv": [7.25, 2.5, 6.25, 5], "texture": "#0"}
			}
		},
		{
			"from": [13, 1, 6.5],
			"to": [15, 13, 9.5],
			"rotation": {"angle": 0, "axis": "y", "origin": [1, 0, 0]},
			"faces": {
				"north": {"uv": [7.25, 3, 7.75, 6], "texture": "#0"},
				"east": {"uv": [6.5, 5, 7.25, 8], "texture": "#0"},
				"south": {"uv": [4, 7.25, 4.5, 10.25], "texture": "#0"},
				"west": {"uv": [7.25, 0, 8, 3], "texture": "#0"},
				"up": {"uv": [1.5, 8.5, 1, 7.75], "texture": "#0"},
				"down": {"uv": [2, 7.75, 1.5, 8.5], "texture": "#0"}
			}
		},
		{
			"from": [2, 0, -2],
			"to": [7, 1, 7],
			"rotation": {"angle": -22.5, "axis": "y", "origin": [6.5, 0.5, 5.5]},
			"faces": {
				"north": {"uv": [2, 7.75, 3.25, 8], "texture": "#0"},
				"east": {"uv": [1, 7.5, 3.25, 7.75], "texture": "#0"},
				"south": {"uv": [7.75, 3, 9, 3.25], "texture": "#0"},
				"west": {"uv": [7.5, 7.25, 9.75, 7.5], "texture": "#0"},
				"up": {"uv": [5.25, 7.25, 4, 5], "texture": "#0"},
				"down": {"uv": [6.5, 5, 5.25, 7.25], "texture": "#0"}
			}
		},
		{
			"from": [12, 5, -0.5],
			"to": [13, 15, 16.5],
			"rotation": {"angle": 0, "axis": "y", "origin": [1, 0, 0]},
			"faces": {
				"north": {"uv": [0, 7.5, 0.25, 10], "texture": "#0"},
				"east": {"uv": [0, 0, 4.25, 2.5], "texture": "#0"},
				"south": {"uv": [0.25, 7.5, 0.5, 10], "texture": "#0"},
				"west": {"uv": [0, 2.5, 4.25, 5], "texture": "#0"},
				"up": {"uv": [4.75, 11.5, 4.5, 7.25], "texture": "#0"},
				"down": {"uv": [5, 7.25, 4.75, 11.5], "texture": "#0"}
			}
		},
		{
			"from": [1.55585, 0, 12.31492],
			"to": [6.55585, 1, 15.31492],
			"rotation": {"angle": 22.5, "axis": "y", "origin": [3.05585, 0.5, 13.81492]},
			"faces": {
				"north": {"uv": [7.75, 3.25, 9, 3.5], "texture": "#0"},
				"east": {"uv": [7.75, 4.25, 8.5, 4.5], "texture": "#0"},
				"south": {"uv": [7.75, 3.5, 9, 3.75], "texture": "#0"},
				"west": {"uv": [7.75, 4.5, 8.5, 4.75], "texture": "#0"},
				"up": {"uv": [6.25, 8, 5, 7.25], "texture": "#0"},
				"down": {"uv": [8.5, 6, 7.25, 6.75], "texture": "#0"}
			}
		}
	],
	"gui_light": "front",
	"display": {
		"thirdperson_righthand": {
			"scale": [0.5, 0.5, 0.5]
		},
		"thirdperson_lefthand": {
			"scale": [0.5, 0.5, 0.5]
		},
		"ground": {
			"scale": [0.6, 0.6, 0.6]
		},
		"gui": {
			"rotation": [30, 145, 0],
			"scale": [0.6, 0.6, 0.6]
		},
		"head": {
			"rotation": [0, -90, 0],
			"translation": [0, -32.25, -2.5],
			"scale": [1.4, 1.4, 1.4]
		}
	},
	"groups": [
		{
			"name": "group",
			"origin": [3.05585, 0.5, 13.81492],
			"color": 0,
			"boneType": "",
			"children": [0, 1, 2, 3, 4]
		}
	]
}