{
	"credit": "Created by Workshop Six",
	"texture_size": [32, 32],
	"textures": {
		"3": "item/halloween/cosmetics/mask_strider"
	},
	"elements": [
		{
			"from": [3, 0, 7],
			"to": [13, 10, 9],
			"rotation": {"angle": 0, "axis": "y", "origin": [0.5, 0, 7]},
			"faces": {
				"north": {"uv": [0, 0, 5, 5], "texture": "#3"},
				"east": {"uv": [9.5, 4, 10.5, 9], "texture": "#3"},
				"south": {"uv": [0, 5, 5, 10], "texture": "#3"},
				"west": {"uv": [9.5, 9, 10.5, 14], "texture": "#3"},
				"up": {"uv": [5, 11, 0, 10], "texture": "#3"},
				"down": {"uv": [15.5, 4, 10.5, 5], "texture": "#3"}
			}
		},
		{
			"from": [3.4, 4.25, 9],
			"to": [12.6, 6.25, 17.1],
			"rotation": {"angle": 0, "axis": "y", "origin": [0.5, 0, 7]},
			"faces": {
				"north": {"uv": [10.5, 5, 15, 6], "texture": "#3"},
				"east": {"uv": [10.5, 9, 14.5, 10], "texture": "#3"},
				"south": {"uv": [10.5, 6, 15, 7], "texture": "#3"},
				"west": {"uv": [10.5, 10, 14.5, 11], "texture": "#3"},
				"up": {"uv": [9.5, 4, 5, 0], "texture": "#3"},
				"down": {"uv": [9.5, 4, 5, 8], "texture": "#3"}
			}
		},
		{
			"name": "cube inverted",
			"from": [12.6, 6.25, 17.1],
			"to": [3.4, 4.25, 9],
			"rotation": {"angle": 0, "axis": "y", "origin": [0.5, 0, 7]},
			"faces": {
				"north": {"uv": [10.5, 7, 15, 8], "texture": "#3"},
				"east": {"uv": [0, 11, 4, 12], "texture": "#3"},
				"south": {"uv": [10.5, 8, 15, 9], "texture": "#3"},
				"west": {"uv": [10.5, 11, 14.5, 12], "texture": "#3"},
				"up": {"uv": [9.5, 12, 5, 8], "texture": "#3"},
				"down": {"uv": [14, 0, 9.5, 4], "texture": "#3"}
			}
		},
		{
			"from": [3, 2, 7],
			"to": [3, 10, 9],
			"rotation": {"angle": -22.5, "axis": "z", "origin": [3, 10, 8]},
			"faces": {
				"north": {"uv": [0, 0, 0, 4], "texture": "#3"},
				"east": {"uv": [4, 11, 5, 15], "texture": "#3"},
				"south": {"uv": [0, 0, 0, 4], "texture": "#3"},
				"west": {"uv": [0, 12, 1, 16], "texture": "#3"},
				"up": {"uv": [0, 1, 0, 0], "texture": "#3"},
				"down": {"uv": [0, 0, 0, 1], "texture": "#3"}
			}
		},
		{
			"from": [3, -1, 8],
			"to": [3, 7, 10],
			"rotation": {"angle": -22.5, "axis": "z", "origin": [3, 7, 8]},
			"faces": {
				"north": {"uv": [0, 0, 0, 4], "texture": "#3"},
				"east": {"uv": [3, 12, 2, 16], "texture": "#3"},
				"south": {"uv": [0, 0, 0, 4], "texture": "#3"},
				"west": {"uv": [2, 12, 3, 16], "texture": "#3"},
				"up": {"uv": [0, 1, 0, 0], "texture": "#3"},
				"down": {"uv": [0, 0, 0, 1], "texture": "#3"}
			}
		},
		{
			"from": [13, -1, 8],
			"to": [13, 7, 10],
			"rotation": {"angle": 22.5, "axis": "z", "origin": [13, 7, 8]},
			"faces": {
				"north": {"uv": [0, 0, 0, 4], "texture": "#3"},
				"east": {"uv": [3, 12, 2, 16], "texture": "#3"},
				"south": {"uv": [0, 0, 0, 4], "texture": "#3"},
				"west": {"uv": [2, 12, 3, 16], "texture": "#3"},
				"up": {"uv": [0, 1, 0, 0], "texture": "#3"},
				"down": {"uv": [0, 0, 0, 1], "texture": "#3"}
			}
		},
		{
			"from": [13, 2, 7],
			"to": [13, 10, 9],
			"rotation": {"angle": 22.5, "axis": "z", "origin": [13, 10, 8]},
			"faces": {
				"north": {"uv": [0, 0, 0, 4], "texture": "#3"},
				"east": {"uv": [1, 12, 0, 16], "texture": "#3"},
				"south": {"uv": [0, 0, 0, 4], "texture": "#3"},
				"west": {"uv": [5, 11, 4, 15], "texture": "#3"},
				"up": {"uv": [0, 1, 0, 0], "texture": "#3"},
				"down": {"uv": [0, 0, 0, 1], "texture": "#3"}
			}
		}
	],
	"gui_light": "front",
	"display": {
		"thirdperson_righthand": {
			"rotation": [60, 1, 0],
			"translation": [0, 1, 0.75],
			"scale": [0.57, 0.57, 0.57]
		},
		"thirdperson_lefthand": {
			"rotation": [60, 1, 0],
			"translation": [0, 1, 0.75],
			"scale": [0.57, 0.57, 0.57]
		},
		"firstperson_righthand": {
			"rotation": [-180, 82.75, -180],
			"translation": [0.5, 4.25, 0],
			"scale": [0.61, 0.61, 0.61]
		},
		"firstperson_lefthand": {
			"rotation": [-180, 82.75, -180],
			"translation": [0.5, 4.25, 0],
			"scale": [0.61, 0.61, 0.61]
		},
		"ground": {
			"translation": [0, 3.5, 0],
			"scale": [0.58, 0.58, 0.58]
		},
		"gui": {
			"rotation": [18, 163, 0],
			"translation": [-0.5, 2.5, 0],
			"scale": [0.92, 0.92, 0.92]
		},
		"head": {
			"translation": [0, 4.5, -7.75],
			"scale": [1.6, 1.6, 1.6]
		},
		"fixed": {
			"translation": [0, 5, 0],
			"scale": [1.6, 1.6, 1.6]
		}
	},
	"groups": [
		{
			"name": "group",
			"origin": [14.5, 5, 8],
			"color": 0,
			"children": [0, 1, 2, 3, 4, 5, 6]
		}
	]
}