{
	"credit": "Created by Workshop Six",
	"texture_size": [32, 32],
	"textures": {
		"2": "item/halloween/cosmetics/mask_fox",
		"particle": "item/halloween/cosmetics/mask_fox"
	},
	"elements": [
		{
			"from": [3, 0, 7],
			"to": [13, 10, 9],
			"rotation": {"angle": 0, "axis": "y", "origin": [0.5, 0, 7]},
			"faces": {
				"north": {"uv": [0, 0, 5, 5], "texture": "#2"},
				"east": {"uv": [9.5, 4, 10.5, 9], "texture": "#2"},
				"south": {"uv": [0, 5, 5, 10], "texture": "#2"},
				"west": {"uv": [9.5, 9, 10.5, 14], "texture": "#2"},
				"up": {"uv": [5, 11, 0, 10], "texture": "#2"},
				"down": {"uv": [15.5, 4, 10.5, 5], "texture": "#2"}
			}
		},
		{
			"from": [3.4, 4.25, 9],
			"to": [12.6, 6.25, 17.1],
			"rotation": {"angle": 0, "axis": "y", "origin": [0.5, 0, 7]},
			"faces": {
				"north": {"uv": [10.5, 5, 15, 6], "texture": "#2"},
				"east": {"uv": [0, 11, 4, 12], "texture": "#2"},
				"south": {"uv": [10.5, 6, 15, 7], "texture": "#2"},
				"west": {"uv": [0, 12, 4, 13], "texture": "#2"},
				"up": {"uv": [9.5, 4, 5, 0], "texture": "#2"},
				"down": {"uv": [9.5, 4, 5, 8], "texture": "#2"}
			}
		},
		{
			"name": "cube inverted",
			"from": [12.6, 6.25, 17.1],
			"to": [3.4, 4.25, 9],
			"rotation": {"angle": 0, "axis": "y", "origin": [0.5, 0, 7]},
			"faces": {
				"north": {"uv": [10.5, 7, 15, 8], "texture": "#2"},
				"east": {"uv": [4, 12, 8, 13], "texture": "#2"},
				"south": {"uv": [10.5, 8, 15, 9], "texture": "#2"},
				"west": {"uv": [10.5, 12, 14.5, 13], "texture": "#2"},
				"up": {"uv": [9.5, 12, 5, 8], "texture": "#2"},
				"down": {"uv": [14, 0, 9.5, 4], "texture": "#2"}
			}
		},
		{
			"from": [5, 0, 6],
			"to": [11, 3, 7],
			"rotation": {"angle": 0, "axis": "y", "origin": [6, 0, 5]},
			"faces": {
				"north": {"uv": [10.5, 9, 13.5, 10.5], "texture": "#2"},
				"east": {"uv": [1.5, 13.5, 2, 15], "texture": "#2"},
				"south": {"uv": [10.5, 10.5, 13.5, 12], "texture": "#2"},
				"west": {"uv": [2, 13.5, 2.5, 15], "texture": "#2"},
				"up": {"uv": [4.5, 13.5, 1.5, 13], "texture": "#2"},
				"down": {"uv": [7.5, 13, 4.5, 13.5], "texture": "#2"}
			}
		},
		{
			"from": [2, 8, 7.5],
			"to": [5, 12, 8.5],
			"rotation": {"angle": 22.5, "axis": "z", "origin": [3.5, 10.5, 8]},
			"faces": {
				"north": {"uv": [8, 12, 9.5, 14], "texture": "#2"},
				"east": {"uv": [7.5, 13, 8, 15], "texture": "#2"},
				"south": {"uv": [0, 13, 1.5, 15], "texture": "#2"},
				"west": {"uv": [10.5, 13, 11, 15], "texture": "#2"},
				"up": {"uv": [12.5, 13.5, 11, 13], "texture": "#2"},
				"down": {"uv": [14, 13, 12.5, 13.5], "texture": "#2"}
			}
		},
		{
			"from": [11, 8, 7.5],
			"to": [14, 12, 8.5],
			"rotation": {"angle": -22.5, "axis": "z", "origin": [12.5, 10.5, 8]},
			"faces": {
				"north": {"uv": [9.5, 12, 8, 14], "texture": "#2"},
				"east": {"uv": [11, 13, 10.5, 15], "texture": "#2"},
				"south": {"uv": [1.5, 13, 0, 15], "texture": "#2"},
				"west": {"uv": [8, 13, 7.5, 15], "texture": "#2"},
				"up": {"uv": [11, 13.5, 12.5, 13], "texture": "#2"},
				"down": {"uv": [12.5, 13, 14, 13.5], "texture": "#2"}
			}
		}
	],
	"gui_light": "front",
	"display": {
		"thirdperson_righthand": {
			"rotation": [60, 1, 0],
			"translation": [0, 1, 0.75],
			"scale": [0.57, 0.57, 0.57]
		},
		"thirdperson_lefthand": {
			"rotation": [60, 1, 0],
			"translation": [0, 1, 0.75],
			"scale": [0.57, 0.57, 0.57]
		},
		"firstperson_righthand": {
			"rotation": [-180, 82.75, -180],
			"translation": [0.5, 4.25, 0],
			"scale": [0.61, 0.61, 0.61]
		},
		"firstperson_lefthand": {
			"rotation": [-180, 82.75, -180],
			"translation": [0.5, 4.25, 0],
			"scale": [0.61, 0.61, 0.61]
		},
		"ground": {
			"translation": [0, 3.5, 0],
			"scale": [0.58, 0.58, 0.58]
		},
		"gui": {
			"rotation": [18, 163, 0],
			"translation": [-0.75, 2.5, 0],
			"scale": [0.92, 0.92, 0.92]
		},
		"head": {
			"translation": [0, 4.5, -7.75],
			"scale": [1.6, 1.6, 1.6]
		},
		"fixed": {
			"translation": [0, 5, 0],
			"scale": [1.6, 1.6, 1.6]
		}
	},
	"groups": [
		{
			"name": "group",
			"origin": [12.5, 10.5, 8],
			"color": 0,
			"children": [0, 1, 2, 3, 4, 5]
		}
	]
}