{
	"credit": "Created by Workshop Six",
	"texture_size": [64, 64],
	"textures": {
		"3": "item/halloween/cosmetics/mask_bat"
	},
	"elements": [
		{
			"from": [3, 1, 7],
			"to": [13, 9, 9],
			"rotation": {"angle": 0, "axis": "y", "origin": [0.5, 1, 7]},
			"faces": {
				"north": {"uv": [0, 0, 2.5, 2], "texture": "#3"},
				"east": {"uv": [3, 6, 3.5, 8], "texture": "#3"},
				"south": {"uv": [0, 2, 2.5, 4], "texture": "#3"},
				"west": {"uv": [3.5, 6, 4, 8], "texture": "#3"},
				"up": {"uv": [7.25, 2.75, 4.75, 2.25], "texture": "#3"},
				"down": {"uv": [7.25, 2.75, 4.75, 3.25], "texture": "#3"}
			}
		},
		{
			"from": [3.4, 4.25, 9],
			"to": [12.6, 6.25, 17.1],
			"rotation": {"angle": 0, "axis": "y", "origin": [0.5, 0, 7]},
			"faces": {
				"north": {"uv": [4.75, 3.25, 7, 3.75], "texture": "#3"},
				"east": {"uv": [6, 5.25, 8, 5.75], "texture": "#3"},
				"south": {"uv": [6, 3.75, 8.25, 4.25], "texture": "#3"},
				"west": {"uv": [6, 5.75, 8, 6.25], "texture": "#3"},
				"up": {"uv": [4.75, 2, 2.5, 0], "texture": "#3"},
				"down": {"uv": [4.75, 2, 2.5, 4], "texture": "#3"}
			}
		},
		{
			"name": "cube inverted",
			"from": [12.6, 6.25, 17.1],
			"to": [3.4, 4.25, 9],
			"rotation": {"angle": 0, "axis": "y", "origin": [0.5, 0, 7]},
			"faces": {
				"north": {"uv": [6, 4.25, 8.25, 4.75], "texture": "#3"},
				"east": {"uv": [6.25, 0, 8.25, 0.5], "texture": "#3"},
				"south": {"uv": [6, 4.75, 8.25, 5.25], "texture": "#3"},
				"west": {"uv": [6.25, 0.5, 8.25, 1], "texture": "#3"},
				"up": {"uv": [2.25, 6, 0, 4], "texture": "#3"},
				"down": {"uv": [4.5, 4, 2.25, 6], "texture": "#3"}
			}
		},
		{
			"from": [0, 5, 8],
			"to": [6, 14, 8],
			"rotation": {"angle": 0, "axis": "y", "origin": [4, 7, 8]},
			"faces": {
				"north": {"uv": [4.5, 4, 6, 6.25], "texture": "#3"},
				"east": {"uv": [0, 0, 0, 2.25], "texture": "#3"},
				"south": {"uv": [4.75, 0, 6.25, 2.25], "texture": "#3"},
				"west": {"uv": [0, 0, 0, 2.25], "texture": "#3"},
				"up": {"uv": [1.5, 0, 0, 0], "texture": "#3"},
				"down": {"uv": [1.5, 0, 0, 0], "texture": "#3"}
			}
		},
		{
			"from": [10, 5, 8],
			"to": [16, 14, 8],
			"rotation": {"angle": 0, "axis": "y", "origin": [12, 7, 8]},
			"faces": {
				"north": {"uv": [0, 6, 1.5, 8.25], "texture": "#3"},
				"east": {"uv": [0, 0, 0, 2.25], "texture": "#3"},
				"south": {"uv": [1.5, 6, 3, 8.25], "texture": "#3"},
				"west": {"uv": [0, 0, 0, 2.25], "texture": "#3"},
				"up": {"uv": [1.5, 0, 0, 0], "texture": "#3"},
				"down": {"uv": [1.5, 0, 0, 0], "texture": "#3"}
			}
		}
	],
	"gui_light": "front",
	"display": {
		"thirdperson_righthand": {
			"rotation": [60, 1, 0],
			"translation": [0, 1, 0.75],
			"scale": [0.57, 0.57, 0.57]
		},
		"thirdperson_lefthand": {
			"rotation": [60, 1, 0],
			"translation": [0, 1, 0.75],
			"scale": [0.57, 0.57, 0.57]
		},
		"firstperson_righthand": {
			"rotation": [-180, 82.75, -180],
			"translation": [0.5, 4.25, 0],
			"scale": [0.61, 0.61, 0.61]
		},
		"firstperson_lefthand": {
			"rotation": [-180, 82.75, -180],
			"translation": [0.5, 4.25, 0],
			"scale": [0.61, 0.61, 0.61]
		},
		"ground": {
			"translation": [0, 3.5, 0],
			"scale": [0.58, 0.58, 0.58]
		},
		"gui": {
			"rotation": [18, 163, 0],
			"translation": [0, 1, 0],
			"scale": [0.92, 0.92, 0.92]
		},
		"head": {
			"translation": [0, 4.5, -7.75],
			"scale": [1.6, 1.6, 1.6]
		},
		"fixed": {
			"translation": [0, 2.25, -0.25],
			"scale": [1.6, 1.6, 1.6]
		}
	},
	"groups": [
		{
			"name": "group",
			"origin": [12, 7, 8],
			"color": 0,
			"children": [0, 1, 2, 3, 4]
		}
	]
}