{
	"credit": "Created by Workshop Six",
	"texture_size": [32, 32],
	"textures": {
		"1": "item/halloween/cosmetics/mask_bee"
	},
	"elements": [
		{
			"from": [3, 0, 7],
			"to": [13, 10, 9],
			"rotation": {"angle": 0, "axis": "y", "origin": [0.5, 0, 7]},
			"faces": {
				"north": {"uv": [0, 0, 5, 5], "texture": "#1"},
				"east": {"uv": [9.5, 4, 10.5, 9], "texture": "#1"},
				"south": {"uv": [0, 5, 5, 10], "texture": "#1"},
				"west": {"uv": [9.5, 9, 10.5, 14], "texture": "#1"},
				"up": {"uv": [5, 11, 0, 10], "texture": "#1"},
				"down": {"uv": [15.5, 4, 10.5, 5], "texture": "#1"}
			}
		},
		{
			"from": [3.4, 4.25, 9],
			"to": [12.6, 6.25, 17.1],
			"rotation": {"angle": 0, "axis": "y", "origin": [0.5, 0, 7]},
			"faces": {
				"north": {"uv": [10.5, 5, 15, 6], "texture": "#1"},
				"east": {"uv": [10.5, 9, 14.5, 10], "texture": "#1"},
				"south": {"uv": [10.5, 6, 15, 7], "texture": "#1"},
				"west": {"uv": [10.5, 10, 14.5, 11], "texture": "#1"},
				"up": {"uv": [9.5, 4, 5, 0], "texture": "#1"},
				"down": {"uv": [9.5, 4, 5, 8], "texture": "#1"}
			}
		},
		{
			"name": "cube inverted",
			"from": [12.6, 6.25, 17.1],
			"to": [3.4, 4.25, 9],
			"rotation": {"angle": 0, "axis": "y", "origin": [0.5, 0, 7]},
			"faces": {
				"north": {"uv": [10.5, 7, 15, 8], "texture": "#1"},
				"east": {"uv": [0, 11, 4, 12], "texture": "#1"},
				"south": {"uv": [10.5, 8, 15, 9], "texture": "#1"},
				"west": {"uv": [10.5, 11, 14.5, 12], "texture": "#1"},
				"up": {"uv": [9.5, 12, 5, 8], "texture": "#1"},
				"down": {"uv": [14, 0, 9.5, 4], "texture": "#1"}
			}
		},
		{
			"from": [6, 6, 6],
			"to": [6, 7, 7],
			"faces": {
				"north": {"uv": [0, 0, 0, 0.5], "texture": "#1"},
				"east": {"uv": [4, 11, 4.5, 11.5], "texture": "#1"},
				"south": {"uv": [0, 0, 0, 0.5], "texture": "#1"},
				"west": {"uv": [4.5, 11, 5, 11.5], "texture": "#1"},
				"up": {"uv": [0, 0.5, 0, 0], "texture": "#1"},
				"down": {"uv": [0, 0, 0, 0.5], "texture": "#1"}
			}
		},
		{
			"from": [6, 7, 3],
			"to": [6, 8, 6],
			"rotation": {"angle": 0, "axis": "y", "origin": [8, 7.5, 5.5]},
			"faces": {
				"north": {"uv": [0, 0, 0, 0.5], "texture": "#1"},
				"east": {"uv": [0, 12, 1.5, 12.5], "texture": "#1"},
				"south": {"uv": [0, 0, 0, 0.5], "texture": "#1"},
				"west": {"uv": [1.5, 12, 3, 12.5], "texture": "#1"},
				"up": {"uv": [0, 1.5, 0, 0], "texture": "#1"},
				"down": {"uv": [0, 0, 0, 1.5], "texture": "#1"}
			}
		},
		{
			"from": [10, 6, 6],
			"to": [10, 7, 7],
			"rotation": {"angle": 0, "axis": "y", "origin": [16, 0, 0]},
			"faces": {
				"north": {"uv": [0, 0, 0, 0.5], "texture": "#1"},
				"east": {"uv": [5, 11, 4.5, 11.5], "texture": "#1"},
				"south": {"uv": [0, 0, 0, 0.5], "texture": "#1"},
				"west": {"uv": [4.5, 11, 4, 11.5], "texture": "#1"},
				"up": {"uv": [0, 0.5, 0, 0], "texture": "#1"},
				"down": {"uv": [0, 0, 0, 0.5], "texture": "#1"}
			}
		},
		{
			"from": [10, 7, 3],
			"to": [10, 8, 6],
			"rotation": {"angle": 0, "axis": "y", "origin": [8, 7.5, 5.5]},
			"faces": {
				"north": {"uv": [0, 0, 0, 0.5], "texture": "#1"},
				"east": {"uv": [3, 12, 1.5, 12.5], "texture": "#1"},
				"south": {"uv": [0, 0, 0, 0.5], "texture": "#1"},
				"west": {"uv": [1.5, 12, 0, 12.5], "texture": "#1"},
				"up": {"uv": [0, 1.5, 0, 0], "texture": "#1"},
				"down": {"uv": [0, 0, 0, 1.5], "texture": "#1"}
			}
		}
	],
	"gui_light": "front",
	"display": {
		"thirdperson_righthand": {
			"rotation": [60, 1, 0],
			"translation": [0, 1, 0.75],
			"scale": [0.57, 0.57, 0.57]
		},
		"thirdperson_lefthand": {
			"rotation": [60, 1, 0],
			"translation": [0, 1, 0.75],
			"scale": [0.57, 0.57, 0.57]
		},
		"firstperson_righthand": {
			"rotation": [-180, 82.75, -180],
			"translation": [0.5, 4.25, 0],
			"scale": [0.61, 0.61, 0.61]
		},
		"firstperson_lefthand": {
			"rotation": [-180, 82.75, -180],
			"translation": [0.5, 4.25, 0],
			"scale": [0.61, 0.61, 0.61]
		},
		"ground": {
			"translation": [0, 3.5, 0],
			"scale": [0.58, 0.58, 0.58]
		},
		"gui": {
			"rotation": [18, 163, 0],
			"translation": [-0.75, 2.5, 0],
			"scale": [0.92, 0.92, 0.92]
		},
		"head": {
			"translation": [0, 4.5, -7.75],
			"scale": [1.6, 1.6, 1.6]
		},
		"fixed": {
			"translation": [0, 5, 0],
			"scale": [1.6, 1.6, 1.6]
		}
	},
	"groups": [
		{
			"name": "group",
			"origin": [8, 7.5, 5.5],
			"color": 0,
			"children": [0, 1, 2, 3, 4, 5, 6]
		}
	]
}