{
	"credit": "Made with Blockbench",
	"texture_size": [128, 128],
	"textures": {
		"0": "item/halloween/phantom/ghost_halloween_texture",
		"1": "item/halloween/phantom/ghost_halloween_animation",
		"2": "item/halloween/phantom/ghost_halloween_animation2",
		"particle": "item/halloween/phantom/ghost_halloween_texture"
	},
	"elements": [
		{
			"from": [10.75, 0, 8.75],
			"to": [13.25, 1.5, 11.25],
			"rotation": {"angle": 45, "axis": "y", "origin": [12, -0.5, 10]},
			"faces": {
				"north": {"uv": [2.1875, 1.9375, 2.5, 2.125], "texture": "#0"},
				"east": {"uv": [2.5, 1.9375, 2.1875, 2.125], "texture": "#0"},
				"south": {"uv": [2.1875, 1.9375, 2.5, 2.125], "texture": "#0"},
				"west": {"uv": [2.5, 1.9375, 2.1875, 2.125], "texture": "#0"}
			}
		},
		{
			"from": [10.5, 1.5, 8.5],
			"to": [13.5, 3, 11.5],
			"rotation": {"angle": 45, "axis": "y", "origin": [12, 2.5, 10]},
			"faces": {
				"north": {"uv": [2.1875, 2.5, 2.5625, 2.6875], "texture": "#0"},
				"east": {"uv": [2.1875, 2.5, 2.5625, 2.6875], "texture": "#0"},
				"south": {"uv": [2.1875, 2.5, 2.5625, 2.6875], "texture": "#0"},
				"west": {"uv": [2.1875, 2.5, 2.5625, 2.6875], "texture": "#0"},
				"up": {"uv": [2.1875, 2.125, 2.5625, 2.5], "texture": "#0"},
				"down": {"uv": [2.1875, 2.125, 2.5625, 2.5], "texture": "#0"}
			}
		},
		{
			"from": [5.1, 12.5, 11],
			"to": [11.1, 23.5, 11],
			"rotation": {"angle": 0, "axis": "y", "origin": [8.1, 17.5, 11]},
			"faces": {
				"north": {"uv": [0, 0, 6, 11], "texture": "#1"},
				"east": {"uv": [0, 0, 0, 8], "texture": "#1"},
				"south": {"uv": [6, 0, 0, 11], "texture": "#1"},
				"west": {"uv": [0, 0, 0, 8], "texture": "#1"},
				"up": {"uv": [0, 6, 0, 0], "rotation": 90, "texture": "#1"},
				"down": {"uv": [0, 0, 0, 6], "rotation": 270, "texture": "#1"}
			}
		},
		{
			"from": [10.25, -1.5, 8.25],
			"to": [13.75, 0, 11.75],
			"rotation": {"angle": 45, "axis": "y", "origin": [12, -0.75, 10]},
			"faces": {
				"north": {"uv": [2.1875, 2.6875, 2.625, 2.875], "texture": "#0"},
				"east": {"uv": [2.1875, 2.6875, 2.625, 2.875], "texture": "#0"},
				"south": {"uv": [2.1875, 2.6875, 2.625, 2.875], "texture": "#0"},
				"west": {"uv": [2.1875, 2.6875, 2.625, 2.875], "texture": "#0"},
				"up": {"uv": [2.1875, 2.875, 2.625, 3.3125], "texture": "#0"},
				"down": {"uv": [2.1875, 2.875, 2.625, 3.3125], "texture": "#0"}
			}
		},
		{
			"from": [11, -2, 9],
			"to": [13, 4, 11],
			"rotation": {"angle": 45, "axis": "y", "origin": [12, 6, 10]},
			"faces": {
				"north": {"uv": [2.1875, 2.375, 1.9375, 3.125], "texture": "#0"},
				"east": {"uv": [2.1875, 2.375, 1.9375, 3.125], "texture": "#0"},
				"south": {"uv": [2.1875, 2.375, 1.9375, 3.125], "texture": "#0"},
				"west": {"uv": [2.1875, 2.375, 1.9375, 3.125], "texture": "#0"},
				"up": {"uv": [2.6875, 7.3125, 2.4375, 7.5625], "texture": "#0"},
				"down": {"uv": [2.1875, 3.125, 1.9375, 3.375], "texture": "#0"}
			}
		},
		{
			"from": [-4.75, 1.7, 6],
			"to": [-4.75, 14.7, 28],
			"rotation": {"angle": -45, "axis": "y", "origin": [-4.8, 8.2, 17]},
			"faces": {
				"north": {"uv": [0, 0, 0, 5], "rotation": 180, "texture": "#missing"},
				"east": {"uv": [6.5, 0, 0, 11], "rotation": 270, "texture": "#2"},
				"south": {"uv": [0, 5, 0, 0], "texture": "#missing"},
				"west": {"uv": [0, 0, 6.5, 11], "rotation": 90, "texture": "#2"},
				"up": {"uv": [0, 0, 0, 10], "rotation": 180, "texture": "#missing"},
				"down": {"uv": [0, 0, 0, 10], "texture": "#missing"}
			}
		},
		{
			"from": [20.75, 1.7, 6],
			"to": [20.75, 14.7, 28],
			"rotation": {"angle": 45, "axis": "y", "origin": [20.8, 8.2, 17]},
			"faces": {
				"north": {"uv": [0, 0, 0, 5], "rotation": 180, "texture": "#missing"},
				"east": {"uv": [0, 11, 6.5, 0], "rotation": 90, "texture": "#2"},
				"south": {"uv": [0, 5, 0, 0], "texture": "#missing"},
				"west": {"uv": [6.5, 11, 0, 0], "rotation": 270, "texture": "#2"},
				"up": {"uv": [0, 0, 0, 10], "rotation": 180, "texture": "#missing"},
				"down": {"uv": [0, 0, 0, 10], "texture": "#missing"}
			}
		},
		{
			"from": [11, 4, 10],
			"to": [13, 7, 10],
			"rotation": {"angle": 0, "axis": "y", "origin": [11, 3, 9]},
			"faces": {
				"north": {"uv": [8.875, 12.6875, 9.125, 13.0625], "texture": "#0"},
				"east": {"uv": [0, 0, 0, 0.125], "texture": "#missing"},
				"south": {"uv": [9.125, 12.6875, 8.875, 13.0625], "texture": "#0"},
				"west": {"uv": [0, 0, 0, 0.125], "texture": "#missing"},
				"up": {"uv": [0, 0, 0.25, 0], "texture": "#missing"},
				"down": {"uv": [0, 0, 0.25, 0], "texture": "#missing"}
			}
		},
		{
			"from": [2, 7, 7],
			"to": [8, 15, 8.5],
			"rotation": {"angle": 22.5, "axis": "y", "origin": [8, 8, 7]},
			"faces": {
				"north": {"uv": [12.875, 15, 12.125, 16], "texture": "#0"},
				"east": {"uv": [13.0625, 15, 12.875, 16], "texture": "#0"},
				"south": {"uv": [12.125, 15, 11.375, 16], "texture": "#0"},
				"west": {"uv": [13.0625, 15, 12.875, 16], "texture": "#0"},
				"up": {"uv": [11.375, 15, 12.125, 14.8125], "texture": "#0"},
				"down": {"uv": [11.375, 14.8125, 12.125, 15], "texture": "#0"}
			}
		},
		{
			"from": [8, 7, 7],
			"to": [14, 15, 8.5],
			"rotation": {"angle": -22.5, "axis": "y", "origin": [8, 8, 7]},
			"faces": {
				"north": {"uv": [13.8125, 15, 14.5625, 16], "texture": "#0"},
				"east": {"uv": [12.875, 15, 13.0625, 16], "texture": "#0"},
				"south": {"uv": [13.0625, 15, 13.8125, 16], "texture": "#0"},
				"west": {"uv": [12.875, 15, 13.0625, 16], "texture": "#0"},
				"up": {"uv": [12.875, 15, 12.125, 14.8125], "texture": "#0"},
				"down": {"uv": [12.125, 14.8125, 11.375, 15], "texture": "#0"}
			}
		}
	],
	"gui_light": "front",
	"display": {
		"thirdperson_righthand": {
			"rotation": [55, 0, 0],
			"translation": [0, 2, 1.75],
			"scale": [0.4, 0.4, 0.4]
		},
		"thirdperson_lefthand": {
			"rotation": [77, 0, 0],
			"translation": [-5.75, -6.5, 5.25]
		},
		"firstperson_righthand": {
			"rotation": [0, 134, 0],
			"translation": [10, -4, -17.5]
		},
		"firstperson_lefthand": {
			"scale": [0, 0, 0]
		},
		"ground": {
			"rotation": [80, 0, 0],
			"translation": [0, 0.5, -1.25],
			"scale": [0.6, 0.6, 0.6]
		},
		"gui": {
			"rotation": [-14, 5, 0],
			"translation": [0, -2.5, 0],
			"scale": [0.74844, 0.74844, 0.74844]
		},
		"head": {
			"rotation": [6, 0, 0],
			"translation": [0, -80, 8.5],
			"scale": [1.6, 1.6, 1.6]
		},
		"fixed": {
			"rotation": [0, 180, 0],
			"translation": [0.5, -3.25, -1.75],
			"scale": [1.6, 1.6, 1.6]
		}
	}
}