{
	"credit": "Made by PolygonMC",
	"texture_size": [48, 48],
	"textures": {
		"0": "item/halloween/cosmetics/pumpkin_warlock_head",
		"particle": "item/halloween/cosmetics/pumpkin_warlock_head"
	},
	"elements": [
		{
			"from": [4, 0, 4],
			"to": [12, 8, 12],
			"rotation": {"angle": 0, "axis": "y", "origin": [3.5, 0, 3]},
			"faces": {
				"north": {"uv": [5.33333, 6.66667, 8, 9.33333], "texture": "#0"},
				"east": {"uv": [8, 6.66667, 10.66667, 9.33333], "texture": "#0"},
				"south": {"uv": [8.66667, 0, 11.33333, 2.66667], "texture": "#0"},
				"west": {"uv": [8.66667, 2.66667, 11.33333, 5.33333], "texture": "#0"},
				"down": {"uv": [8, 9.33333, 5.33333, 12], "texture": "#0"}
			}
		},
		{
			"from": [3, 6.25, 3],
			"to": [13, 9.25, 13],
			"rotation": {"angle": 22.5, "axis": "x", "origin": [8, 6.75, 8]},
			"faces": {
				"north": {"uv": [10.66667, 10.66667, 14, 11.66667], "texture": "#0"},
				"east": {"uv": [11.33333, 0, 14.66667, 1], "texture": "#0"},
				"south": {"uv": [11.33333, 1, 14.66667, 2], "texture": "#0"},
				"west": {"uv": [11.33333, 2, 14.66667, 3], "texture": "#0"},
				"up": {"uv": [8.66667, 3.33333, 5.33333, 0], "texture": "#0"},
				"down": {"uv": [8.66667, 3.33333, 5.33333, 6.66667], "texture": "#0"}
			}
		},
		{
			"from": [3.975, 6.94552, 5.98073],
			"to": [12.025, 11.94552, 14.08073],
			"rotation": {"angle": 45, "axis": "x", "origin": [8, 10.44552, 9.53073]},
			"faces": {
				"north": {"uv": [0, 10.66667, 2.66667, 12.33333], "texture": "#0"},
				"east": {"uv": [2.66667, 10.66667, 5.33333, 12.33333], "texture": "#0"},
				"south": {"uv": [10.66667, 5.33333, 13.33333, 7], "texture": "#0"},
				"west": {"uv": [10.66667, 7, 13.33333, 8.66667], "texture": "#0"},
				"up": {"uv": [10.66667, 12, 8, 9.33333], "texture": "#0"}
			}
		},
		{
			"from": [5, 8.92039, 8.96271],
			"to": [11, 14.92039, 13.96271],
			"rotation": {"angle": -22.5, "axis": "x", "origin": [8, 12.92039, 12.71271]},
			"faces": {
				"east": {"uv": [11.33333, 3, 13, 5], "texture": "#0"},
				"south": {"uv": [10.66667, 8.66667, 12.66667, 10.66667], "texture": "#0"},
				"west": {"uv": [10.66667, 11.66667, 12.33333, 13.66667], "texture": "#0"},
				"up": {"uv": [7.33333, 13.66667, 5.33333, 12], "texture": "#0"},
				"down": {"uv": [9.33333, 12, 7.33333, 13.66667], "texture": "#0"}
			}
		},
		{
			"from": [0, 6.725, 0],
			"to": [16, 6.755, 16],
			"rotation": {"angle": 22.5, "axis": "x", "origin": [8, 6.75, 8]},
			"faces": {
				"up": {"uv": [5.33333, 5.33333, 0, 0], "texture": "#0"},
				"down": {"uv": [5.33333, 5.33333, 0, 10.66667], "texture": "#0"}
			}
		}
	],
	"gui_light": "front",
	"display": {
		"thirdperson_righthand": {
			"rotation": [54, 0, 0],
			"translation": [0, 6, 4.5],
			"scale": [0.88477, 0.88477, 0.88477]
		},
		"thirdperson_lefthand": {
			"rotation": [54, 0, 0],
			"translation": [0, 6, 4.5],
			"scale": [0.88477, 0.88477, 0.88477]
		},
		"firstperson_righthand": {
			"rotation": [159, 0, -180],
			"translation": [-0.75, 5.75, 0],
			"scale": [0.71875, 0.71875, 0.71875]
		},
		"firstperson_lefthand": {
			"rotation": [159, 0, -180],
			"translation": [-0.75, 5.75, 0],
			"scale": [0.71875, 0.71875, 0.71875]
		},
		"ground": {
			"translation": [0, 8, 0]
		},
		"gui": {
			"rotation": [0, 180, 0],
			"translation": [0, 0.25, 0],
			"scale": [1.08008, 1.08008, 1.08008]
		},
		"head": {
			"translation": [0, 8, 0],
			"scale": [1.85547, 1.85547, 1.85547]
		},
		"fixed": {
			"rotation": [-90, 0, 0],
			"translation": [0, 0, -25],
			"scale": [3, 3, 3]
		}
	}
}