{
	"credit": "Made with Blockbench",
	"textures": {
		"1": "item/monstertower/tex17",
		"2": "item/monstertower/ani17",
		"particle": "item/monstertower/ani17"
	},
	"elements": [
		{
			"from": [7, 17, 7.5],
			"to": [8, 22, 8.5],
			"rotation": {"angle": 0, "axis": "y", "origin": [8, 24, 8]},
			"faces": {
				"north": {"uv": [4, 8.25, 4.25, 9.5], "texture": "#1"},
				"east": {"uv": [5, 8.25, 4.75, 9.5], "texture": "#1"},
				"south": {"uv": [4.5, 8.25, 4.75, 9.5], "texture": "#1"},
				"west": {"uv": [4.75, 8.25, 5, 9.5], "texture": "#1"},
				"up": {"uv": [6.5, 6.75, 6.25, 6.5], "texture": "#1"},
				"down": {"uv": [8, 8.25, 7.75, 8.5], "texture": "#1"}
			}
		},
		{
			"from": [6.5, 12, 6.25],
			"to": [8.5, 17, 9.75],
			"rotation": {"angle": 0, "axis": "y", "origin": [8, 19, 8]},
			"faces": {
				"north": {"uv": [5, 6, 5.5, 7.25], "texture": "#1"},
				"east": {"uv": [6.875, 4, 6, 5.25], "texture": "#1"},
				"south": {"uv": [5.5, 6, 5, 7.25], "texture": "#1"},
				"west": {"uv": [6, 4, 6.875, 5.25], "texture": "#1"},
				"up": {"uv": [4.5, 8.125, 4, 7.25], "texture": "#1"},
				"down": {"uv": [5, 7.25, 4.5, 8.125], "texture": "#1"}
			}
		},
		{
			"from": [7.5, -1, -5.75],
			"to": [7.5, 23, 6.25],
			"rotation": {"angle": 0, "axis": "y", "origin": [8, 19, 5]},
			"faces": {
				"north": {"uv": [0, 0, 0, 6], "texture": "#1"},
				"east": {"uv": [6, 0, 3, 6], "texture": "#1"},
				"south": {"uv": [0, 0, 0, 6], "texture": "#1"},
				"west": {"uv": [3, 0, 6, 6], "texture": "#1"},
				"up": {"uv": [0, 3, 0, 0], "texture": "#1"},
				"down": {"uv": [0, 0, 0, 3], "texture": "#1"}
			}
		},
		{
			"from": [7.525, 13, 8],
			"to": [7.525, 24, 16],
			"rotation": {"angle": 0, "axis": "y", "origin": [8.45, 6, 6]},
			"faces": {
				"north": {"uv": [0, 0, 0, 1], "texture": "#2"},
				"east": {"uv": [15.625, 5, 7.625, 16], "texture": "#2"},
				"south": {"uv": [0, 0, 0, 1], "texture": "#2"},
				"west": {"uv": [7.625, 5, 15.625, 16], "texture": "#2"},
				"up": {"uv": [0, 0.5, 0, 0], "texture": "#2"},
				"down": {"uv": [0, 0, 0, 0.5], "texture": "#2"}
			}
		},
		{
			"from": [7.525, 19, 0],
			"to": [7.525, 26, 7],
			"rotation": {"angle": 0, "axis": "y", "origin": [8.475, 12, -2]},
			"faces": {
				"north": {"uv": [0, 0, 0, 1], "texture": "#2"},
				"east": {"uv": [8.875, 0, 1.875, 7], "texture": "#2"},
				"south": {"uv": [0, 0, 0, 1], "texture": "#2"},
				"west": {"uv": [1.875, 0, 8.875, 7], "texture": "#2"},
				"up": {"uv": [0, 0.5, 0, 0], "texture": "#2"},
				"down": {"uv": [0, 0, 0, 0.5], "texture": "#2"}
			}
		},
		{
			"from": [7.475, 19, 0],
			"to": [7.475, 26, 7],
			"rotation": {"angle": 0, "axis": "y", "origin": [6.525, 12, -2]},
			"faces": {
				"north": {"uv": [0, 0, 0, 1], "texture": "#2"},
				"east": {"uv": [8.875, 0, 1.875, 7], "texture": "#2"},
				"south": {"uv": [0, 0, 0, 1], "texture": "#2"},
				"west": {"uv": [1.875, 0, 8.875, 7], "texture": "#2"},
				"up": {"uv": [0, 0.5, 0, 0], "texture": "#2"},
				"down": {"uv": [0, 0, 0, 0.5], "texture": "#2"}
			}
		},
		{
			"from": [7.475, 13, 8],
			"to": [7.475, 24, 16],
			"rotation": {"angle": 0, "axis": "y", "origin": [6.55, 6, 6]},
			"faces": {
				"north": {"uv": [0, 0, 0, 1], "texture": "#2"},
				"east": {"uv": [15.625, 5, 7.625, 16], "texture": "#2"},
				"south": {"uv": [0, 0, 0, 1], "texture": "#2"},
				"west": {"uv": [7.625, 5, 15.625, 16], "texture": "#2"},
				"up": {"uv": [0, 0.5, 0, 0], "texture": "#2"},
				"down": {"uv": [0, 0, 0, 0.5], "texture": "#2"}
			}
		},
		{
			"from": [7.5, 7, 9.75],
			"to": [7.5, 23, 17.75],
			"rotation": {"angle": 0, "axis": "y", "origin": [8, 19, 11]},
			"faces": {
				"north": {"uv": [0, 0, 0, 4], "texture": "#1"},
				"east": {"uv": [8, 0, 6, 4], "texture": "#1"},
				"south": {"uv": [0, 0, 0, 4], "texture": "#1"},
				"west": {"uv": [6, 0, 8, 4], "texture": "#1"},
				"up": {"uv": [0, 2, 0, 0], "texture": "#1"},
				"down": {"uv": [0, 0, 0, 2], "texture": "#1"}
			}
		},
		{
			"from": [7.025, 21.8, 8],
			"to": [7.975, 22.8, 9],
			"rotation": {"angle": 45, "axis": "x", "origin": [8, 22.8, 8]},
			"faces": {
				"north": {"uv": [8.5, 4.5, 8.75, 4.75], "texture": "#1"},
				"east": {"uv": [2.75, 10, 2.5, 10.25], "texture": "#1"},
				"south": {"uv": [9, 6.75, 9.25, 7], "texture": "#1"},
				"west": {"uv": [2.5, 10, 2.75, 10.25], "texture": "#1"},
				"up": {"uv": [10.25, 2.75, 10, 2.5], "texture": "#1"},
				"down": {"uv": [10.25, 2.75, 10, 3], "texture": "#1"}
			}
		},
		{
			"from": [7.025, 19.46317, 9.66673],
			"to": [7.975, 20.46317, 10.66673],
			"rotation": {"angle": -22.5, "axis": "x", "origin": [7.5, 19.04645, 9.25]},
			"faces": {
				"north": {"uv": [4.75, 10, 5, 10.25], "texture": "#1"},
				"east": {"uv": [10.25, 5, 10, 5.25], "texture": "#1"},
				"south": {"uv": [5, 10, 5.25, 10.25], "texture": "#1"},
				"west": {"uv": [10, 5, 10.25, 5.25], "texture": "#1"},
				"up": {"uv": [5.5, 10.25, 5.25, 10], "texture": "#1"},
				"down": {"uv": [10.25, 5.25, 10, 5.5], "texture": "#1"}
			}
		},
		{
			"from": [7, 15.25, 8.75],
			"to": [8, 20.25, 9.75],
			"rotation": {"angle": 22.5, "axis": "x", "origin": [7.5, 19.04645, 9.25]},
			"faces": {
				"north": {"uv": [6.75, 8.25, 7, 9.5], "texture": "#1"},
				"east": {"uv": [7.75, 8.25, 7.5, 9.5], "texture": "#1"},
				"south": {"uv": [7.25, 8.25, 7.5, 9.5], "texture": "#1"},
				"west": {"uv": [7.5, 8.25, 7.75, 9.5], "texture": "#1"},
				"up": {"uv": [4.75, 10.25, 4.5, 10], "texture": "#1"},
				"down": {"uv": [10.25, 4.5, 10, 4.75], "texture": "#1"}
			}
		},
		{
			"from": [7.025, 19.46317, 5.33327],
			"to": [7.975, 20.46317, 6.33327],
			"rotation": {"angle": 22.5, "axis": "x", "origin": [7.5, 19.04645, 6.75]},
			"faces": {
				"north": {"uv": [5.25, 10, 5, 10.25], "texture": "#1"},
				"east": {"uv": [10, 5, 10.25, 5.25], "texture": "#1"},
				"south": {"uv": [5, 10, 4.75, 10.25], "texture": "#1"},
				"west": {"uv": [10.25, 5, 10, 5.25], "texture": "#1"},
				"up": {"uv": [5.5, 10, 5.25, 10.25], "texture": "#1"},
				"down": {"uv": [10.25, 5.5, 10, 5.25], "texture": "#1"}
			}
		},
		{
			"from": [7, 15.25, 6.25],
			"to": [8, 20.25, 7.25],
			"rotation": {"angle": -22.5, "axis": "x", "origin": [7.5, 19.04645, 6.75]},
			"faces": {
				"north": {"uv": [7.5, 8.25, 7.25, 9.5], "texture": "#1"},
				"east": {"uv": [7.5, 8.25, 7.75, 9.5], "texture": "#1"},
				"south": {"uv": [7, 8.25, 6.75, 9.5], "texture": "#1"},
				"west": {"uv": [7.75, 8.25, 7.5, 9.5], "texture": "#1"},
				"up": {"uv": [4.75, 10, 4.5, 10.25], "texture": "#1"},
				"down": {"uv": [10.25, 4.75, 10, 4.5], "texture": "#1"}
			}
		},
		{
			"from": [6.525, 15.9, 7],
			"to": [8.475, 18.4, 9.5],
			"rotation": {"angle": 45, "axis": "x", "origin": [8, 17.4, 8]},
			"faces": {
				"north": {"uv": [8.5, 3.75, 9, 4.375], "texture": "#1"},
				"east": {"uv": [5.625, 7.25, 5, 7.875], "texture": "#1"},
				"south": {"uv": [8.5, 6.25, 9, 6.875], "texture": "#1"},
				"west": {"uv": [5, 7.25, 5.625, 7.875], "texture": "#1"},
				"up": {"uv": [8.25, 9.125, 7.75, 8.5], "texture": "#1"},
				"down": {"uv": [8.75, 8.5, 8.25, 9.125], "texture": "#1"}
			}
		},
		{
			"from": [6.525, 10.6, 7],
			"to": [8.475, 13.1, 9.5],
			"rotation": {"angle": -45, "axis": "x", "origin": [8, 11.6, 8]},
			"faces": {
				"north": {"uv": [8.75, 0, 9.25, 0.625], "texture": "#1"},
				"east": {"uv": [6.375, 7.5, 5.75, 8.125], "texture": "#1"},
				"south": {"uv": [8.75, 0.75, 9.25, 1.375], "texture": "#1"},
				"west": {"uv": [5.75, 7.5, 6.375, 8.125], "texture": "#1"},
				"up": {"uv": [9.25, 2.125, 8.75, 1.5], "texture": "#1"},
				"down": {"uv": [9.25, 0, 8.75, 0.625], "texture": "#1"}
			}
		},
		{
			"from": [6.25, 8.4, 7],
			"to": [8.75, 10.9, 9.5],
			"rotation": {"angle": -45, "axis": "x", "origin": [8, 9.4, 8]},
			"faces": {
				"north": {"uv": [15.375, 9.125, 16, 9.75], "texture": "#1"},
				"east": {"uv": [14.5, 13.625, 13.875, 14.25], "texture": "#1"},
				"south": {"uv": [15.375, 11.25, 16, 10.625], "texture": "#1"},
				"west": {"uv": [13.875, 13.625, 14.5, 14.25], "texture": "#1"},
				"up": {"uv": [15.375, 10.625, 16, 11.25], "texture": "#1"},
				"down": {"uv": [16, 11.375, 15.375, 12], "texture": "#1"}
			}
		},
		{
			"from": [6.775, 16.05, 7.75],
			"to": [8.225, 18.55, 10.25],
			"rotation": {"angle": -45, "axis": "x", "origin": [8, 17.55, 9.25]},
			"faces": {
				"north": {"uv": [8.75, 7, 9.125, 7.625], "texture": "#1"},
				"east": {"uv": [8.375, 6.25, 7.75, 6.875], "texture": "#1"},
				"south": {"uv": [8.75, 7.75, 9.125, 8.375], "texture": "#1"},
				"west": {"uv": [7.75, 6.25, 8.375, 6.875], "texture": "#1"},
				"up": {"uv": [9.125, 9.125, 8.75, 8.5], "texture": "#1"},
				"down": {"uv": [2.375, 9, 2, 9.625], "texture": "#1"}
			}
		},
		{
			"from": [6.75, 17, 9.25],
			"to": [8.25, 19, 9.75],
			"rotation": {"angle": 0, "axis": "y", "origin": [8, 26, 8]},
			"faces": {
				"north": {"uv": [4, 9.5, 4.375, 10], "texture": "#1"},
				"east": {"uv": [10.125, 5.5, 10, 6], "texture": "#1"},
				"south": {"uv": [4.5, 9.5, 4.875, 10], "texture": "#1"},
				"west": {"uv": [10, 5.5, 10.125, 6], "texture": "#1"},
				"up": {"uv": [10.625, 9.375, 10.25, 9.25], "texture": "#1"},
				"down": {"uv": [9.875, 10.25, 9.5, 10.375], "texture": "#1"}
			}
		},
		{
			"from": [6.775, 16.05, 5.75],
			"to": [8.225, 18.55, 8.25],
			"rotation": {"angle": 45, "axis": "x", "origin": [8, 17.55, 6.75]},
			"faces": {
				"north": {"uv": [9.125, 7.75, 8.75, 8.375], "texture": "#1"},
				"east": {"uv": [7.75, 6.25, 8.375, 6.875], "texture": "#1"},
				"south": {"uv": [9.125, 7, 8.75, 7.625], "texture": "#1"},
				"west": {"uv": [8.375, 6.25, 7.75, 6.875], "texture": "#1"},
				"up": {"uv": [9.125, 8.5, 8.75, 9.125], "texture": "#1"},
				"down": {"uv": [2.375, 9.625, 2, 9], "texture": "#1"}
			}
		},
		{
			"from": [6.75, 17, 6.25],
			"to": [8.25, 19, 6.75],
			"rotation": {"angle": 0, "axis": "y", "origin": [8, 26, 8]},
			"faces": {
				"north": {"uv": [4.875, 9.5, 4.5, 10], "texture": "#1"},
				"east": {"uv": [10, 5.5, 10.125, 6], "texture": "#1"},
				"south": {"uv": [4.375, 9.5, 4, 10], "texture": "#1"},
				"west": {"uv": [10.125, 5.5, 10, 6], "texture": "#1"},
				"up": {"uv": [10.625, 9.25, 10.25, 9.375], "texture": "#1"},
				"down": {"uv": [9.875, 10.375, 9.5, 10.25], "texture": "#1"}
			}
		},
		{
			"from": [6.775, 7.6, 9.25],
			"to": [8.225, 9.6, 9.75],
			"rotation": {"angle": -22.5, "axis": "x", "origin": [7.5, 9.00178, 9.375]},
			"faces": {
				"north": {"uv": [9.75, 0, 10.125, 0.5], "texture": "#1"},
				"east": {"uv": [7, 10, 7.125, 10.5], "texture": "#1"},
				"south": {"uv": [9.75, 0.5, 10.125, 1], "texture": "#1"},
				"west": {"uv": [7.25, 10, 7.375, 10.5], "texture": "#1"},
				"up": {"uv": [10.875, 0.375, 10.5, 0.25], "texture": "#1"},
				"down": {"uv": [0.875, 10.5, 0.5, 10.625], "texture": "#1"}
			}
		},
		{
			"from": [6.75, 7.94749, 7.75251],
			"to": [8.25, 10.44749, 10.25251],
			"rotation": {"angle": 22.5, "axis": "x", "origin": [7.5, 9.00178, 9.375]},
			"faces": {
				"north": {"uv": [9.25, 8.25, 9.625, 8.875], "texture": "#1"},
				"east": {"uv": [8.625, 7.75, 8, 8.375], "texture": "#1"},
				"south": {"uv": [8.75, 9.25, 9.125, 9.875], "texture": "#1"},
				"west": {"uv": [8, 7.75, 8.625, 8.375], "texture": "#1"},
				"up": {"uv": [9.625, 9.625, 9.25, 9], "texture": "#1"},
				"down": {"uv": [9.875, 3.75, 9.5, 4.375], "texture": "#1"}
			}
		},
		{
			"from": [6.75, 7.94749, 5.74749],
			"to": [8.25, 10.44749, 8.24749],
			"rotation": {"angle": -22.5, "axis": "x", "origin": [7.5, 9.00178, 6.625]},
			"faces": {
				"north": {"uv": [9.125, 9.25, 8.75, 9.875], "texture": "#1"},
				"east": {"uv": [8, 7.75, 8.625, 8.375], "texture": "#1"},
				"south": {"uv": [9.625, 8.25, 9.25, 8.875], "texture": "#1"},
				"west": {"uv": [8.625, 7.75, 8, 8.375], "texture": "#1"},
				"up": {"uv": [9.625, 9, 9.25, 9.625], "texture": "#1"},
				"down": {"uv": [9.875, 4.375, 9.5, 3.75], "texture": "#1"}
			}
		},
		{
			"from": [6.775, 7.6, 6.25],
			"to": [8.225, 9.6, 6.75],
			"rotation": {"angle": 22.5, "axis": "x", "origin": [7.5, 9.00178, 6.625]},
			"faces": {
				"north": {"uv": [10.125, 0.5, 9.75, 1], "texture": "#1"},
				"east": {"uv": [7.125, 10, 7, 10.5], "texture": "#1"},
				"south": {"uv": [10.125, 0, 9.75, 0.5], "texture": "#1"},
				"west": {"uv": [7.375, 10, 7.25, 10.5], "texture": "#1"},
				"up": {"uv": [10.875, 0.25, 10.5, 0.375], "texture": "#1"},
				"down": {"uv": [0.875, 10.625, 0.5, 10.5], "texture": "#1"}
			}
		},
		{
			"from": [6.75, 10.84749, 7.75251],
			"to": [8.25, 13.34749, 10.25251],
			"rotation": {"angle": 22.5, "axis": "x", "origin": [7.5, 11.90178, 9.375]},
			"faces": {
				"north": {"uv": [9.25, 8.25, 9.625, 8.875], "texture": "#1"},
				"east": {"uv": [8.625, 7.75, 8, 8.375], "texture": "#1"},
				"south": {"uv": [8.75, 9.25, 9.125, 9.875], "texture": "#1"},
				"west": {"uv": [8, 7.75, 8.625, 8.375], "texture": "#1"},
				"up": {"uv": [9.625, 9.625, 9.25, 9], "texture": "#1"},
				"down": {"uv": [9.875, 3.75, 9.5, 4.375], "texture": "#1"}
			}
		},
		{
			"from": [6.775, 10.5, 9.25],
			"to": [8.225, 12.5, 9.75],
			"rotation": {"angle": -22.5, "axis": "x", "origin": [7.5, 11.90178, 9.375]},
			"faces": {
				"north": {"uv": [9.75, 0, 10.125, 0.5], "texture": "#1"},
				"east": {"uv": [7, 10, 7.125, 10.5], "texture": "#1"},
				"south": {"uv": [9.75, 0.5, 10.125, 1], "texture": "#1"},
				"west": {"uv": [7.25, 10, 7.375, 10.5], "texture": "#1"},
				"up": {"uv": [10.875, 0.375, 10.5, 0.25], "texture": "#1"},
				"down": {"uv": [0.875, 10.5, 0.5, 10.625], "texture": "#1"}
			}
		},
		{
			"from": [6.775, 10.5, 6.25],
			"to": [8.225, 12.5, 6.75],
			"rotation": {"angle": 22.5, "axis": "x", "origin": [7.5, 11.90178, 6.625]},
			"faces": {
				"north": {"uv": [10.125, 0.5, 9.75, 1], "texture": "#1"},
				"east": {"uv": [7.125, 10, 7, 10.5], "texture": "#1"},
				"south": {"uv": [10.125, 0, 9.75, 0.5], "texture": "#1"},
				"west": {"uv": [7.375, 10, 7.25, 10.5], "texture": "#1"},
				"up": {"uv": [10.875, 0.25, 10.5, 0.375], "texture": "#1"},
				"down": {"uv": [0.875, 10.625, 0.5, 10.5], "texture": "#1"}
			}
		},
		{
			"from": [6.75, 10.84749, 5.74749],
			"to": [8.25, 13.34749, 8.24749],
			"rotation": {"angle": -22.5, "axis": "x", "origin": [7.5, 11.90178, 6.625]},
			"faces": {
				"north": {"uv": [9.125, 9.25, 8.75, 9.875], "texture": "#1"},
				"east": {"uv": [8, 7.75, 8.625, 8.375], "texture": "#1"},
				"south": {"uv": [9.625, 8.25, 9.25, 8.875], "texture": "#1"},
				"west": {"uv": [8.625, 7.75, 8, 8.375], "texture": "#1"},
				"up": {"uv": [9.625, 9, 9.25, 9.625], "texture": "#1"},
				"down": {"uv": [9.875, 4.375, 9.5, 3.75], "texture": "#1"}
			}
		},
		{
			"from": [6.5, -3, 7],
			"to": [8.5, 9, 9],
			"rotation": {"angle": 0, "axis": "y", "origin": [8, -3, 8]},
			"faces": {
				"north": {"uv": [3.5, 6, 4, 9], "texture": "#1"},
				"east": {"uv": [3.5, 6, 4, 9], "texture": "#1"},
				"south": {"uv": [3.5, 6, 4, 9], "texture": "#1"},
				"west": {"uv": [3.5, 6, 4, 9], "texture": "#1"},
				"up": {"uv": [6, 6.5, 5.5, 6], "texture": "#1"},
				"down": {"uv": [7.75, 6.25, 7.25, 6.75], "texture": "#1"}
			}
		},
		{
			"from": [7, -3.75, 4.35],
			"to": [8, -2.85, 7.35],
			"rotation": {"angle": 22.5, "axis": "x", "origin": [8, -1.75, 8.1]},
			"faces": {
				"north": {"uv": [8.5, 10, 8.25, 10.25], "texture": "#1"},
				"east": {"uv": [9.75, 2.25, 10.5, 2.5], "texture": "#1"},
				"south": {"uv": [10.25, 8, 10, 8.25], "texture": "#1"},
				"west": {"uv": [10.5, 2.25, 9.75, 2.5], "texture": "#1"},
				"up": {"uv": [10, 2.5, 9.75, 3.25], "texture": "#1"},
				"down": {"uv": [3, 10.5, 2.75, 9.75], "texture": "#1"}
			}
		},
		{
			"from": [7, -3.75, 8.65],
			"to": [8, -2.85, 11.65],
			"rotation": {"angle": -22.5, "axis": "x", "origin": [8, -1.75, 7.9]},
			"faces": {
				"north": {"uv": [10, 8, 10.25, 8.25], "texture": "#1"},
				"east": {"uv": [10.5, 2.25, 9.75, 2.5], "texture": "#1"},
				"south": {"uv": [8.25, 10, 8.5, 10.25], "texture": "#1"},
				"west": {"uv": [9.75, 2.25, 10.5, 2.5], "texture": "#1"},
				"up": {"uv": [10, 3.25, 9.75, 2.5], "texture": "#1"},
				"down": {"uv": [3, 9.75, 2.75, 10.5], "texture": "#1"}
			}
		},
		{
			"from": [6, -5, 6.5],
			"to": [9, -2, 9.5],
			"rotation": {"angle": 45, "axis": "x", "origin": [7.5, -3.5, 8]},
			"faces": {
				"north": {"uv": [6.5, 5.25, 7.25, 6], "texture": "#1"},
				"east": {"uv": [7, 6.75, 6.25, 7.5], "texture": "#1"},
				"south": {"uv": [7.75, 6.75, 7, 7.5], "texture": "#1"},
				"west": {"uv": [6.25, 6.75, 7, 7.5], "texture": "#1"},
				"up": {"uv": [7.25, 5.25, 6.5, 6], "texture": "#1"},
				"down": {"uv": [7.75, 6.75, 7, 7.5], "texture": "#1"}
			}
		},
		{
			"from": [7, -9.65, 5.1],
			"to": [8, -8.15, 6.1],
			"rotation": {"angle": -45, "axis": "x", "origin": [7.5, -8.15, 5.6]},
			"faces": {
				"north": {"uv": [9.75, 3.25, 10, 3.625], "texture": "#1"},
				"east": {"uv": [10, 4.5, 9.75, 4.875], "texture": "#1"},
				"south": {"uv": [3.75, 9.75, 4, 10.125], "texture": "#1"},
				"west": {"uv": [9.75, 4.5, 10, 4.875], "texture": "#1"},
				"up": {"uv": [10.25, 9.75, 10, 9.5], "texture": "#1"},
				"down": {"uv": [10.25, 9.75, 10, 10], "texture": "#1"}
			}
		},
		{
			"from": [7.025, -9.60503, 6.29437],
			"to": [7.975, -8.60503, 7.29437],
			"rotation": {"angle": 22.5, "axis": "x", "origin": [7.5, -9.6, 6.35]},
			"faces": {
				"north": {"uv": [10, 10, 10.25, 10.25], "texture": "#1"},
				"east": {"uv": [10.5, 0.5, 10.25, 0.75], "texture": "#1"},
				"south": {"uv": [10.25, 0.25, 10.5, 0.5], "texture": "#1"},
				"west": {"uv": [10.25, 0.5, 10.5, 0.75], "texture": "#1"},
				"up": {"uv": [10.5, 1, 10.25, 0.75], "texture": "#1"},
				"down": {"uv": [10.5, 1, 10.25, 1.25], "texture": "#1"}
			}
		},
		{
			"from": [7, -9.95695, 7.22513],
			"to": [8, -8.95695, 8.72513],
			"rotation": {"angle": 0, "axis": "y", "origin": [7.5, -9.95, 7.2]},
			"faces": {
				"north": {"uv": [10.25, 1.25, 10.5, 1.5], "texture": "#1"},
				"east": {"uv": [8.375, 3.75, 8, 4], "texture": "#1"},
				"south": {"uv": [10.25, 1.5, 10.5, 1.75], "texture": "#1"},
				"west": {"uv": [8, 3.75, 8.375, 4], "texture": "#1"},
				"up": {"uv": [10, 5.375, 9.75, 5], "texture": "#1"},
				"down": {"uv": [10, 5.5, 9.75, 5.875], "texture": "#1"}
			}
		},
		{
			"from": [7.025, -8.5, 5.24497],
			"to": [7.975, -7.5, 6.24497],
			"rotation": {"angle": -22.5, "axis": "x", "origin": [7.5, -8.5, 5.25]},
			"faces": {
				"north": {"uv": [3.5, 10.25, 3.75, 10.5], "texture": "#1"},
				"east": {"uv": [10.5, 3.75, 10.25, 4], "texture": "#1"},
				"south": {"uv": [3.75, 10.25, 4, 10.5], "texture": "#1"},
				"west": {"uv": [10.25, 3.75, 10.5, 4], "texture": "#1"},
				"up": {"uv": [4.25, 10.5, 4, 10.25], "texture": "#1"},
				"down": {"uv": [10.5, 4, 10.25, 4.25], "texture": "#1"}
			}
		},
		{
			"from": [7, -7.56924, 4.85098],
			"to": [8, -6.06924, 5.85098],
			"rotation": {"angle": 0, "axis": "y", "origin": [7.5, -6.1, 4.85]},
			"faces": {
				"north": {"uv": [9.75, 8.25, 10, 8.625], "texture": "#1"},
				"east": {"uv": [10, 9.25, 9.75, 9.625], "texture": "#1"},
				"south": {"uv": [9.25, 9.75, 9.5, 10.125], "texture": "#1"},
				"west": {"uv": [9.75, 9.25, 10, 9.625], "texture": "#1"},
				"up": {"uv": [4.5, 10.5, 4.25, 10.25], "texture": "#1"},
				"down": {"uv": [10.5, 4.25, 10.25, 4.5], "texture": "#1"}
			}
		},
		{
			"from": [7.025, -8.5, 9.65503],
			"to": [7.975, -7.5, 10.65503],
			"rotation": {"angle": 22.5, "axis": "x", "origin": [7.5, -8.5, 10.65]},
			"faces": {
				"north": {"uv": [4, 10.25, 3.75, 10.5], "texture": "#1"},
				"east": {"uv": [10.25, 3.75, 10.5, 4], "texture": "#1"},
				"south": {"uv": [3.75, 10.25, 3.5, 10.5], "texture": "#1"},
				"west": {"uv": [10.5, 3.75, 10.25, 4], "texture": "#1"},
				"up": {"uv": [4.25, 10.25, 4, 10.5], "texture": "#1"},
				"down": {"uv": [10.5, 4.25, 10.25, 4], "texture": "#1"}
			}
		},
		{
			"from": [7, -9.65, 9.8],
			"to": [8, -8.15, 10.8],
			"rotation": {"angle": 45, "axis": "x", "origin": [7.5, -8.15, 10.3]},
			"faces": {
				"north": {"uv": [4, 9.75, 3.75, 10.125], "texture": "#1"},
				"east": {"uv": [9.75, 4.5, 10, 4.875], "texture": "#1"},
				"south": {"uv": [10, 3.25, 9.75, 3.625], "texture": "#1"},
				"west": {"uv": [10, 4.5, 9.75, 4.875], "texture": "#1"},
				"up": {"uv": [10.25, 9.5, 10, 9.75], "texture": "#1"},
				"down": {"uv": [10.25, 10, 10, 9.75], "texture": "#1"}
			}
		},
		{
			"from": [7.025, -9.60503, 8.60563],
			"to": [7.975, -8.60503, 9.60563],
			"rotation": {"angle": -22.5, "axis": "x", "origin": [7.5, -9.6, 9.55]},
			"faces": {
				"north": {"uv": [10.5, 0.25, 10.25, 0.5], "texture": "#1"},
				"east": {"uv": [10.25, 0.5, 10.5, 0.75], "texture": "#1"},
				"south": {"uv": [10.25, 10, 10, 10.25], "texture": "#1"},
				"west": {"uv": [10.5, 0.5, 10.25, 0.75], "texture": "#1"},
				"up": {"uv": [10.5, 0.75, 10.25, 1], "texture": "#1"},
				"down": {"uv": [10.5, 1.25, 10.25, 1], "texture": "#1"}
			}
		},
		{
			"from": [7.025, -6.25, 5.24497],
			"to": [7.975, -5.25, 6.24497],
			"rotation": {"angle": 22.5, "axis": "x", "origin": [7.5, -5.25, 5.25]},
			"faces": {
				"north": {"uv": [3.5, 10.5, 3.75, 10.25], "texture": "#1"},
				"east": {"uv": [10.5, 4, 10.25, 3.75], "texture": "#1"},
				"south": {"uv": [3.75, 10.5, 4, 10.25], "texture": "#1"},
				"west": {"uv": [10.25, 4, 10.5, 3.75], "texture": "#1"},
				"up": {"uv": [10.5, 4.25, 10.25, 4], "texture": "#1"},
				"down": {"uv": [4.25, 10.25, 4, 10.5], "texture": "#1"}
			}
		},
		{
			"from": [7, -5.6, 5.1],
			"to": [8, -4.1, 6.1],
			"rotation": {"angle": 45, "axis": "x", "origin": [7.5, -5.6, 5.6]},
			"faces": {
				"north": {"uv": [9.75, 3.625, 10, 3.25], "texture": "#1"},
				"east": {"uv": [10, 4.875, 9.75, 4.5], "texture": "#1"},
				"south": {"uv": [3.75, 10.125, 4, 9.75], "texture": "#1"},
				"west": {"uv": [9.75, 4.875, 10, 4.5], "texture": "#1"},
				"up": {"uv": [10.25, 10, 10, 9.75], "texture": "#1"},
				"down": {"uv": [10.25, 9.5, 10, 9.75], "texture": "#1"}
			}
		},
		{
			"from": [7.025, -5.14497, 6.29437],
			"to": [7.975, -4.14497, 7.29437],
			"rotation": {"angle": -22.5, "axis": "x", "origin": [7.5, -4.15, 6.35]},
			"faces": {
				"north": {"uv": [10, 10.25, 10.25, 10], "texture": "#1"},
				"east": {"uv": [10.5, 0.75, 10.25, 0.5], "texture": "#1"},
				"south": {"uv": [10.25, 0.5, 10.5, 0.25], "texture": "#1"},
				"west": {"uv": [10.25, 0.75, 10.5, 0.5], "texture": "#1"},
				"up": {"uv": [10.5, 1.25, 10.25, 1], "texture": "#1"},
				"down": {"uv": [10.5, 0.75, 10.25, 1], "texture": "#1"}
			}
		},
		{
			"from": [7.025, -5.14497, 8.60563],
			"to": [7.975, -4.14497, 9.60563],
			"rotation": {"angle": 22.5, "axis": "x", "origin": [7.5, -4.15, 9.55]},
			"faces": {
				"north": {"uv": [10.5, 0.5, 10.25, 0.25], "texture": "#1"},
				"east": {"uv": [10.25, 0.75, 10.5, 0.5], "texture": "#1"},
				"south": {"uv": [10.25, 10.25, 10, 10], "texture": "#1"},
				"west": {"uv": [10.5, 0.75, 10.25, 0.5], "texture": "#1"},
				"up": {"uv": [10.5, 1, 10.25, 1.25], "texture": "#1"},
				"down": {"uv": [10.5, 1, 10.25, 0.75], "texture": "#1"}
			}
		},
		{
			"from": [7, -5.6, 9.8],
			"to": [8, -4.1, 10.8],
			"rotation": {"angle": -45, "axis": "x", "origin": [7.5, -5.6, 10.3]},
			"faces": {
				"north": {"uv": [4, 10.125, 3.75, 9.75], "texture": "#1"},
				"east": {"uv": [9.75, 4.875, 10, 4.5], "texture": "#1"},
				"south": {"uv": [10, 3.625, 9.75, 3.25], "texture": "#1"},
				"west": {"uv": [10, 4.875, 9.75, 4.5], "texture": "#1"},
				"up": {"uv": [10.25, 9.75, 10, 10], "texture": "#1"},
				"down": {"uv": [10.25, 9.75, 10, 9.5], "texture": "#1"}
			}
		},
		{
			"from": [7.025, -6.25, 9.65503],
			"to": [7.975, -5.25, 10.65503],
			"rotation": {"angle": -22.5, "axis": "x", "origin": [7.5, -5.25, 10.65]},
			"faces": {
				"north": {"uv": [4, 10.5, 3.75, 10.25], "texture": "#1"},
				"east": {"uv": [10.25, 4, 10.5, 3.75], "texture": "#1"},
				"south": {"uv": [3.75, 10.5, 3.5, 10.25], "texture": "#1"},
				"west": {"uv": [10.5, 4, 10.25, 3.75], "texture": "#1"},
				"up": {"uv": [10.5, 4, 10.25, 4.25], "texture": "#1"},
				"down": {"uv": [4.25, 10.5, 4, 10.25], "texture": "#1"}
			}
		},
		{
			"from": [7, -7.56924, 10.04902],
			"to": [8, -6.06924, 11.04902],
			"rotation": {"angle": 0, "axis": "y", "origin": [7.5, -6.1, 11.05]},
			"faces": {
				"north": {"uv": [9.5, 9.75, 9.25, 10.125], "texture": "#1"},
				"east": {"uv": [9.75, 9.25, 10, 9.625], "texture": "#1"},
				"south": {"uv": [10, 8.25, 9.75, 8.625], "texture": "#1"},
				"west": {"uv": [10, 9.25, 9.75, 9.625], "texture": "#1"},
				"up": {"uv": [4.5, 10.25, 4.25, 10.5], "texture": "#1"},
				"down": {"uv": [10.5, 4.5, 10.25, 4.25], "texture": "#1"}
			}
		}
	],
	"gui_light": "front",
	"display": {
		"thirdperson_righthand": {
			"rotation": [0, 5, 0],
			"translation": [0.25, 1.75, 1],
			"scale": [0.7, 0.7, 0.7]
		},
		"thirdperson_lefthand": {
			"rotation": [0, 5, 0],
			"translation": [-0.25, 1.75, 1],
			"scale": [0.7, 0.7, 0.7]
		},
		"firstperson_righthand": {
			"rotation": [-10, 15, 5],
			"translation": [4, 2.5, -3.75],
			"scale": [0.69, 0.69, 0.69]
		},
		"firstperson_lefthand": {
			"rotation": [-10, 15, 5],
			"translation": [4, 2.5, -3.75],
			"scale": [0.69, 0.69, 0.69]
		},
		"ground": {
			"rotation": [0, 0, 88],
			"translation": [-2, -1, 0.25],
			"scale": [0.6, 0.6, 0.6]
		},
		"gui": {
			"rotation": [-90, -135, -90],
			"translation": [-0.25, -0.5, -1.5],
			"scale": [0.55, 0.55, 0.55]
		},
		"head": {
			"rotation": [-90, -18.25, -90],
			"translation": [-4.25, 12.5, 1.75],
			"scale": [0.8, 0.8, 0.8]
		},
		"fixed": {
			"rotation": [-90, -90, -90],
			"translation": [-0.75, 0.25, -0.5],
			"scale": [1.2, 1.2, 1.2]
		}
	},
	"groups": [
		{
			"name": "group",
			"origin": [8, 17, 3],
			"color": 0,
			"children": [
				0,
				1,
				2,
				3,
				4,
				5,
				6,
				7,
				8,
				9,
				10,
				11,
				12,
				13,
				14,
				15,
				16,
				17,
				18,
				19,
				20,
				21,
				22,
				23,
				24,
				25,
				26,
				27,
				28,
				29,
				30,
				31,
				32,
				33,
				34,
				35,
				36,
				37,
				38,
				39,
				40,
				41,
				42,
				43,
				44,
				45,
				46
			]
		}
	]
}