{
	"credit": "Made with Blockbench",
	"textures": {
		"0": "item/monstertower/tex20",
		"1": "item/monstertower/ani20",
		"particle": "item/monstertower/tex20"
	},
	"elements": [
		{
			"from": [5.725, 13, 6],
			"to": [9.275, 18, 11],
			"rotation": {"angle": 45, "axis": "x", "origin": [7.5, 16, 8]},
			"faces": {
				"north": {"uv": [3, 9.75, 3.875, 11], "texture": "#0"},
				"east": {"uv": [6, 8.25, 7.25, 9.5], "texture": "#0"},
				"south": {"uv": [4, 9.75, 4.875, 11], "texture": "#0"},
				"west": {"uv": [7.25, 8.25, 6, 9.5], "texture": "#0"},
				"up": {"uv": [10.625, 5.75, 9.75, 4.5], "texture": "#0"},
				"down": {"uv": [4, 9.75, 4.875, 11], "texture": "#0"}
			}
		},
		{
			"from": [5.25, -13.6, 7.3],
			"to": [9.75, -10.6, 10.3],
			"rotation": {"angle": -45, "axis": "x", "origin": [7.5, -13.1, 8.3]},
			"faces": {
				"north": {"uv": [11.25, 3, 12.375, 3.75], "texture": "#0"},
				"east": {"uv": [11.75, 11.5, 12.5, 12.25], "texture": "#0"},
				"south": {"uv": [7.75, 11.25, 8.875, 12], "texture": "#0"},
				"west": {"uv": [12.5, 11.5, 11.75, 12.25], "texture": "#0"},
				"up": {"uv": [7.75, 11.25, 8.875, 12], "texture": "#0"},
				"down": {"uv": [12.625, 0, 11.5, 0.75], "texture": "#0"}
			}
		},
		{
			"from": [6.5, -14.6, 6.3],
			"to": [8.5, -13.6, 11.3],
			"rotation": {"angle": -45, "axis": "x", "origin": [7.5, -13.1, 8.3]},
			"faces": {
				"north": {"uv": [10.25, 4.25, 10.75, 4.5], "texture": "#0"},
				"east": {"uv": [12.25, 6.25, 13.5, 6.5], "texture": "#0"},
				"south": {"uv": [11.25, 4, 11.75, 4.25], "texture": "#0"},
				"west": {"uv": [13.5, 6.25, 12.25, 6.5], "texture": "#0"},
				"up": {"uv": [6.5, 12.75, 6, 11.5], "texture": "#0"},
				"down": {"uv": [12, 8.25, 11.5, 9.5], "texture": "#0"}
			}
		},
		{
			"from": [6.5, -14.6, 4.6],
			"to": [8.5, -13.6, 8.6],
			"rotation": {"angle": 45, "axis": "x", "origin": [7.5, -13.1, 7.6]},
			"faces": {
				"north": {"uv": [12.75, 12.75, 13.25, 13], "texture": "#0"},
				"east": {"uv": [11.5, 2.75, 12.5, 3], "texture": "#0"},
				"south": {"uv": [1.5, 13, 2, 13.25], "texture": "#0"},
				"west": {"uv": [12.5, 2.75, 11.5, 3], "texture": "#0"},
				"up": {"uv": [5.75, 13, 5.25, 12], "texture": "#0"},
				"down": {"uv": [12.5, 8.25, 12, 9.25], "texture": "#0"}
			}
		},
		{
			"from": [6.5, -11.20702, 12.18034],
			"to": [8.5, -10.20702, 13.18034],
			"rotation": {"angle": 22.5, "axis": "x", "origin": [7.5, -10.88285, 12.40854]},
			"faces": {
				"north": {"uv": [13.5, 7.25, 13, 7.5], "texture": "#0"},
				"east": {"uv": [5, 13.25, 4.75, 13.5], "texture": "#0"},
				"south": {"uv": [13.5, 7, 13, 7.25], "texture": "#0"},
				"west": {"uv": [4.75, 13.25, 5, 13.5], "texture": "#0"},
				"up": {"uv": [8, 13, 7.5, 13.25], "texture": "#0"},
				"down": {"uv": [8.5, 13.25, 8, 13], "texture": "#0"}
			}
		},
		{
			"from": [6.525, -11.66855, 10.73847],
			"to": [8.475, -10.66855, 12.73847],
			"rotation": {"angle": -22.5, "axis": "x", "origin": [7.5, -10.88285, 12.40854]},
			"faces": {
				"north": {"uv": [13.5, 6.5, 13, 6.75], "texture": "#0"},
				"east": {"uv": [5.75, 13, 5.25, 13.25], "texture": "#0"},
				"south": {"uv": [2.5, 13, 2, 13.25], "texture": "#0"},
				"west": {"uv": [5.25, 13, 5.75, 13.25], "texture": "#0"},
				"up": {"uv": [4.75, 12.75, 4.25, 13.25], "texture": "#0"},
				"down": {"uv": [13.25, 5, 12.75, 4.5], "texture": "#0"}
			}
		},
		{
			"from": [6.525, -11.66855, 3.26153],
			"to": [8.475, -10.66855, 5.26153],
			"rotation": {"angle": 22.5, "axis": "x", "origin": [7.5, -10.88285, 3.59146]},
			"faces": {
				"north": {"uv": [2, 13, 2.5, 13.25], "texture": "#0"},
				"east": {"uv": [5.25, 13, 5.75, 13.25], "texture": "#0"},
				"south": {"uv": [13, 6.5, 13.5, 6.75], "texture": "#0"},
				"west": {"uv": [5.75, 13, 5.25, 13.25], "texture": "#0"},
				"up": {"uv": [4.75, 13.25, 4.25, 12.75], "texture": "#0"},
				"down": {"uv": [13.25, 4.5, 12.75, 5], "texture": "#0"}
			}
		},
		{
			"from": [6.5, -11.20702, 2.81966],
			"to": [8.5, -10.20702, 3.81966],
			"rotation": {"angle": -22.5, "axis": "x", "origin": [7.5, -10.88285, 3.59146]},
			"faces": {
				"north": {"uv": [13, 7, 13.5, 7.25], "texture": "#0"},
				"east": {"uv": [4.75, 13.25, 5, 13.5], "texture": "#0"},
				"south": {"uv": [13, 7.25, 13.5, 7.5], "texture": "#0"},
				"west": {"uv": [5, 13.25, 4.75, 13.5], "texture": "#0"},
				"up": {"uv": [8, 13.25, 7.5, 13], "texture": "#0"},
				"down": {"uv": [8.5, 13, 8, 13.25], "texture": "#0"}
			}
		},
		{
			"from": [7, -15.31855, 8.73847],
			"to": [8, -14.31855, 9.73847],
			"rotation": {"angle": 22.5, "axis": "x", "origin": [7.5, -14.53285, 9.40854]},
			"faces": {
				"north": {"uv": [6.25, 13.25, 6, 13.5], "texture": "#0"},
				"east": {"uv": [13.5, 5.75, 13.25, 6], "texture": "#0"},
				"south": {"uv": [6, 13.25, 5.75, 13.5], "texture": "#0"},
				"west": {"uv": [13.25, 5.75, 13.5, 6], "texture": "#0"},
				"up": {"uv": [6.5, 13.25, 6.25, 13.5], "texture": "#0"},
				"down": {"uv": [7.75, 13.5, 7.5, 13.25], "texture": "#0"}
			}
		},
		{
			"from": [7.025, -15.30464, 9.08437],
			"to": [7.975, -14.30464, 11.08437],
			"rotation": {"angle": -22.5, "axis": "x", "origin": [7.5, -14.53285, 9.40854]},
			"faces": {
				"north": {"uv": [13.5, 5.5, 13.25, 5.75], "texture": "#0"},
				"east": {"uv": [3.5, 13.25, 3, 13.5], "texture": "#0"},
				"south": {"uv": [5.75, 13.25, 5.5, 13.5], "texture": "#0"},
				"west": {"uv": [3, 13.25, 3.5, 13.5], "texture": "#0"},
				"up": {"uv": [6, 12, 5.75, 12.5], "texture": "#0"},
				"down": {"uv": [6.5, 13.25, 6.25, 12.75], "texture": "#0"}
			}
		},
		{
			"from": [7.025, -15.30464, 4.91563],
			"to": [7.975, -14.30464, 6.91563],
			"rotation": {"angle": 22.5, "axis": "x", "origin": [7.5, -14.53285, 6.59146]},
			"faces": {
				"north": {"uv": [5.5, 13.25, 5.75, 13.5], "texture": "#0"},
				"east": {"uv": [3, 13.25, 3.5, 13.5], "texture": "#0"},
				"south": {"uv": [13.25, 5.5, 13.5, 5.75], "texture": "#0"},
				"west": {"uv": [3.5, 13.25, 3, 13.5], "texture": "#0"},
				"up": {"uv": [6, 12.5, 5.75, 12], "texture": "#0"},
				"down": {"uv": [6.5, 12.75, 6.25, 13.25], "texture": "#0"}
			}
		},
		{
			"from": [7, -15.31855, 6.26153],
			"to": [8, -14.31855, 7.26153],
			"rotation": {"angle": -22.5, "axis": "x", "origin": [7.5, -14.53285, 6.59146]},
			"faces": {
				"north": {"uv": [5.75, 13.25, 6, 13.5], "texture": "#0"},
				"east": {"uv": [13.25, 5.75, 13.5, 6], "texture": "#0"},
				"south": {"uv": [6, 13.25, 6.25, 13.5], "texture": "#0"},
				"west": {"uv": [13.5, 5.75, 13.25, 6], "texture": "#0"},
				"up": {"uv": [6.5, 13.5, 6.25, 13.25], "texture": "#0"},
				"down": {"uv": [7.75, 13.25, 7.5, 13.5], "texture": "#0"}
			}
		},
		{
			"from": [5.75, -12, 6],
			"to": [9.25, -10, 10],
			"rotation": {"angle": 0, "axis": "y", "origin": [8, -12, 8]},
			"faces": {
				"north": {"uv": [11.125, 12, 10.25, 12.5], "texture": "#0"},
				"east": {"uv": [9.25, 12, 10.25, 12.5], "texture": "#0"},
				"south": {"uv": [10.25, 12, 11.125, 12.5], "texture": "#0"},
				"west": {"uv": [10.25, 12, 9.25, 12.5], "texture": "#0"},
				"up": {"uv": [3.875, 12, 3, 11], "texture": "#0"},
				"down": {"uv": [4.875, 11, 4, 12], "texture": "#0"}
			}
		},
		{
			"from": [5.25, 7.9, 7],
			"to": [9.75, 11.4, 10.5],
			"rotation": {"angle": -45, "axis": "x", "origin": [7.5, 8.9, 8]},
			"faces": {
				"north": {"uv": [11.375, 2, 10.25, 2.875], "texture": "#0"},
				"east": {"uv": [5, 11, 5.875, 11.875], "texture": "#0"},
				"south": {"uv": [10.25, 0, 11.375, 0.875], "texture": "#0"},
				"west": {"uv": [5.875, 11, 5, 11.875], "texture": "#0"},
				"up": {"uv": [11.375, 0.875, 10.25, 0], "texture": "#0"},
				"down": {"uv": [11.375, 2, 10.25, 2.875], "texture": "#0"}
			}
		},
		{
			"from": [5.25, 17.9, 6],
			"to": [9.75, 23.4, 11.5],
			"rotation": {"angle": -45, "axis": "x", "origin": [7.5, 19.9, 8]},
			"faces": {
				"north": {"uv": [10.125, 3, 9, 4.375], "texture": "#0"},
				"east": {"uv": [3, 8.25, 4.375, 9.625], "texture": "#0"},
				"south": {"uv": [9, 0, 10.125, 1.375], "texture": "#0"},
				"west": {"uv": [4.375, 8.25, 3, 9.625], "texture": "#0"},
				"up": {"uv": [9, 1.375, 10.125, 0], "texture": "#0"},
				"down": {"uv": [10.125, 3, 9, 4.375], "texture": "#0"}
			}
		},
		{
			"from": [6, 6.4, 5.5],
			"to": [9, 7.9, 12.5],
			"rotation": {"angle": -45, "axis": "x", "origin": [7.5, 8.9, 8]},
			"faces": {
				"north": {"uv": [12.5, 11, 13.25, 11.375], "texture": "#0"},
				"east": {"uv": [11.5, 1.75, 13.25, 2.125], "texture": "#0"},
				"south": {"uv": [12.5, 11.5, 13.25, 11.875], "texture": "#0"},
				"west": {"uv": [13.25, 1.75, 11.5, 2.125], "texture": "#0"},
				"up": {"uv": [9.75, 8.25, 9, 6.5], "texture": "#0"},
				"down": {"uv": [8.5, 9.5, 7.75, 11.25], "texture": "#0"}
			}
		},
		{
			"from": [6, 6.4, 3.5],
			"to": [9, 7.9, 9],
			"rotation": {"angle": 45, "axis": "x", "origin": [7.5, 8.9, 8]},
			"faces": {
				"north": {"uv": [12.75, 0, 13.5, 0.375], "texture": "#0"},
				"east": {"uv": [11.75, 7.5, 13.125, 7.875], "texture": "#0"},
				"south": {"uv": [2.5, 12.75, 3.25, 13.125], "texture": "#0"},
				"west": {"uv": [13.125, 7.5, 11.75, 7.875], "texture": "#0"},
				"up": {"uv": [10.5, 9.625, 9.75, 8.25], "texture": "#0"},
				"down": {"uv": [7.75, 11.25, 8.5, 9.5], "texture": "#0"}
			}
		},
		{
			"from": [6.5, 23.79298, 13.18034],
			"to": [8.5, 24.79298, 14.18034],
			"rotation": {"angle": 22.5, "axis": "x", "origin": [7.5, 24.11715, 13.40854]},
			"faces": {
				"north": {"uv": [13.25, 13, 12.75, 13.25], "texture": "#0"},
				"east": {"uv": [5.5, 13.25, 5.25, 13.5], "texture": "#0"},
				"south": {"uv": [11.5, 13, 11, 13.25], "texture": "#0"},
				"west": {"uv": [5.25, 13.25, 5.5, 13.5], "texture": "#0"},
				"up": {"uv": [13.75, 0.5, 13.25, 0.75], "texture": "#0"},
				"down": {"uv": [2, 13.5, 1.5, 13.25], "texture": "#0"}
			}
		},
		{
			"from": [6.55, 23.33145, 11.73847],
			"to": [8.45, 24.33145, 13.73847],
			"rotation": {"angle": -22.5, "axis": "x", "origin": [7.5, 24.11715, 13.40854]},
			"faces": {
				"north": {"uv": [13.75, 2, 13.25, 2.25], "texture": "#0"},
				"east": {"uv": [2, 13.25, 2.5, 13.5], "texture": "#0"},
				"south": {"uv": [13.75, 1.75, 13.25, 2], "texture": "#0"},
				"west": {"uv": [2, 13.25, 2.5, 13.5], "texture": "#0"},
				"up": {"uv": [6.25, 12.75, 5.75, 13.25], "texture": "#0"},
				"down": {"uv": [9, 13.25, 8.5, 12.75], "texture": "#0"}
			}
		},
		{
			"from": [6.5, 20.4, 7.3],
			"to": [8.5, 21.4, 12.3],
			"rotation": {"angle": -45, "axis": "x", "origin": [7.5, 21.9, 9.3]},
			"faces": {
				"north": {"uv": [13.75, 2.5, 13.25, 2.75], "texture": "#0"},
				"east": {"uv": [9.75, 12.5, 11, 12.75], "texture": "#0"},
				"south": {"uv": [3, 13.25, 2.5, 13.5], "texture": "#0"},
				"west": {"uv": [9.75, 12.5, 11, 12.75], "texture": "#0"},
				"up": {"uv": [12.25, 4, 11.75, 5.25], "texture": "#0"},
				"down": {"uv": [12.25, 6.5, 11.75, 5.25], "texture": "#0"}
			}
		},
		{
			"from": [6.5, 20.4, 3.7],
			"to": [8.5, 21.4, 8.7],
			"rotation": {"angle": 45, "axis": "x", "origin": [7.5, 21.9, 6.7]},
			"faces": {
				"north": {"uv": [2.5, 13.25, 3, 13.5], "texture": "#0"},
				"east": {"uv": [11, 12.5, 9.75, 12.75], "texture": "#0"},
				"south": {"uv": [13.25, 2.5, 13.75, 2.75], "texture": "#0"},
				"west": {"uv": [11, 12.5, 9.75, 12.75], "texture": "#0"},
				"up": {"uv": [12.25, 5.25, 11.75, 4], "texture": "#0"},
				"down": {"uv": [12.25, 5.25, 11.75, 6.5], "texture": "#0"}
			}
		},
		{
			"from": [6.5, 23.79298, 1.81966],
			"to": [8.5, 24.79298, 2.81966],
			"rotation": {"angle": -22.5, "axis": "x", "origin": [7.5, 24.11715, 2.59146]},
			"faces": {
				"north": {"uv": [11, 13, 11.5, 13.25], "texture": "#0"},
				"east": {"uv": [5.25, 13.25, 5.5, 13.5], "texture": "#0"},
				"south": {"uv": [12.75, 13, 13.25, 13.25], "texture": "#0"},
				"west": {"uv": [5.5, 13.25, 5.25, 13.5], "texture": "#0"},
				"up": {"uv": [13.75, 0.75, 13.25, 0.5], "texture": "#0"},
				"down": {"uv": [2, 13.25, 1.5, 13.5], "texture": "#0"}
			}
		},
		{
			"from": [6.55, 23.33145, 2.26153],
			"to": [8.45, 24.33145, 4.26153],
			"rotation": {"angle": 22.5, "axis": "x", "origin": [7.5, 24.11715, 2.59146]},
			"faces": {
				"north": {"uv": [13.25, 1.75, 13.75, 2], "texture": "#0"},
				"east": {"uv": [2.5, 13.25, 2, 13.5], "texture": "#0"},
				"south": {"uv": [13.25, 2, 13.75, 2.25], "texture": "#0"},
				"west": {"uv": [2.5, 13.25, 2, 13.5], "texture": "#0"},
				"up": {"uv": [6.25, 13.25, 5.75, 12.75], "texture": "#0"},
				"down": {"uv": [9, 12.75, 8.5, 13.25], "texture": "#0"}
			}
		},
		{
			"from": [5.75, 15.96066, 5.47487],
			"to": [9.25, 20.46066, 6.97487],
			"rotation": {"angle": 22.5, "axis": "x", "origin": [7.5, 15.9, 5.5]},
			"faces": {
				"north": {"uv": [10.75, 5.5, 11.625, 6.625], "texture": "#0"},
				"east": {"uv": [12.25, 12.25, 12.625, 13.375], "texture": "#0"},
				"south": {"uv": [10.75, 6.75, 11.625, 7.875], "texture": "#0"},
				"west": {"uv": [12.625, 12.25, 12.25, 13.375], "texture": "#0"},
				"up": {"uv": [13.375, 3.125, 12.5, 2.75], "texture": "#0"},
				"down": {"uv": [13.375, 3.25, 12.5, 3.625], "texture": "#0"}
			}
		},
		{
			"from": [5.75, 15.96066, 9.02513],
			"to": [9.25, 20.46066, 10.52513],
			"rotation": {"angle": -22.5, "axis": "x", "origin": [7.5, 15.9, 10.5]},
			"faces": {
				"north": {"uv": [11.625, 6.75, 10.75, 7.875], "texture": "#0"},
				"east": {"uv": [12.625, 12.25, 12.25, 13.375], "texture": "#0"},
				"south": {"uv": [11.625, 5.5, 10.75, 6.625], "texture": "#0"},
				"west": {"uv": [12.25, 12.25, 12.625, 13.375], "texture": "#0"},
				"up": {"uv": [13.375, 2.75, 12.5, 3.125], "texture": "#0"},
				"down": {"uv": [13.375, 3.625, 12.5, 3.25], "texture": "#0"}
			}
		},
		{
			"from": [5.75, 9.96066, 9.02513],
			"to": [9.25, 14.21066, 10.52513],
			"rotation": {"angle": -22.5, "axis": "x", "origin": [7.5, 9.9, 10.5]},
			"faces": {
				"north": {"uv": [11.625, 4.25, 10.75, 5.375], "texture": "#0"},
				"east": {"uv": [7.375, 12.25, 7, 13.375], "texture": "#0"},
				"south": {"uv": [11.375, 9.5, 10.5, 10.625], "texture": "#0"},
				"west": {"uv": [7, 12.25, 7.375, 13.375], "texture": "#0"},
				"up": {"uv": [13.375, 1.25, 12.5, 1.625], "texture": "#0"},
				"down": {"uv": [2.375, 12.875, 1.5, 12.5], "texture": "#0"}
			}
		},
		{
			"from": [5.75, 9.96066, 5.47487],
			"to": [9.25, 14.21066, 6.97487],
			"rotation": {"angle": 22.5, "axis": "x", "origin": [7.5, 9.9, 5.5]},
			"faces": {
				"north": {"uv": [10.5, 9.5, 11.375, 10.625], "texture": "#0"},
				"east": {"uv": [7, 12.25, 7.375, 13.375], "texture": "#0"},
				"south": {"uv": [10.75, 4.25, 11.625, 5.375], "texture": "#0"},
				"west": {"uv": [7.375, 12.25, 7, 13.375], "texture": "#0"},
				"up": {"uv": [13.375, 1.625, 12.5, 1.25], "texture": "#0"},
				"down": {"uv": [2.375, 12.5, 1.5, 12.875], "texture": "#0"}
			}
		},
		{
			"from": [6.05, -10, 6.5],
			"to": [8.95, 7, 9.5],
			"rotation": {"angle": 0, "axis": "y", "origin": [8, 17, 8]},
			"faces": {
				"north": {"uv": [0.75, 8.25, 1.5, 12.5], "texture": "#0"},
				"east": {"uv": [0.75, 8.25, 1.5, 12.5], "texture": "#0"},
				"south": {"uv": [0.75, 8.25, 1.5, 12.5], "texture": "#0"},
				"west": {"uv": [0.75, 8.25, 1.5, 12.5], "texture": "#0"},
				"up": {"uv": [4.5, 12.75, 3.75, 12], "texture": "#0"},
				"down": {"uv": [5.25, 12, 4.5, 12.75], "texture": "#0"}
			}
		},
		{
			"from": [6.5, 14.75, 2.5],
			"to": [8.5, 15.75, 13.5],
			"rotation": {"angle": 0, "axis": "y", "origin": [8, 16, 8]},
			"faces": {
				"north": {"uv": [13.75, 4, 13.25, 4.25], "texture": "#0"},
				"east": {"uv": [10.75, 8, 13.5, 8.25], "texture": "#0"},
				"south": {"uv": [13.25, 4, 13.75, 4.25], "texture": "#0"},
				"west": {"uv": [13.5, 8, 10.75, 8.25], "texture": "#0"},
				"up": {"uv": [7.25, 12.25, 6.75, 9.5], "texture": "#0"},
				"down": {"uv": [7.75, 9.5, 7.25, 12.25], "texture": "#0"}
			}
		},
		{
			"from": [7.5, 21.75, 6.5],
			"to": [7.5, 29, 9.5],
			"rotation": {"angle": 0, "axis": "y", "origin": [8, 25, 8]},
			"faces": {
				"north": {"uv": [0, 0, 0, 1.875], "texture": "#0"},
				"east": {"uv": [6.75, 9.5, 6, 11.375], "texture": "#0"},
				"south": {"uv": [0, 0, 0, 1.875], "texture": "#0"},
				"west": {"uv": [6, 9.5, 6.75, 11.375], "texture": "#0"},
				"up": {"uv": [0, 0.75, 0, 0], "texture": "#0"},
				"down": {"uv": [0, 0, 0, 0.75], "texture": "#0"}
			}
		},
		{
			"from": [7.5, -0.25, 9.5],
			"to": [7.5, 32, 27.5],
			"rotation": {"angle": 0, "axis": "y", "origin": [8, 25, 13]},
			"faces": {
				"north": {"uv": [0, 0, 0, 8.125], "texture": "#0"},
				"east": {"uv": [9, 0, 4.5, 8.125], "texture": "#0"},
				"south": {"uv": [0, 0, 0, 8.125], "texture": "#0"},
				"west": {"uv": [4.5, 0, 9, 8.125], "texture": "#0"},
				"up": {"uv": [0, 4.5, 0, 0], "texture": "#0"},
				"down": {"uv": [0, 0, 0, 4.5], "texture": "#0"}
			}
		},
		{
			"from": [8.5, 11.75, 9.5],
			"to": [8.5, 24, 20.5],
			"rotation": {"angle": 0, "axis": "y", "origin": [9, 27, 13]},
			"faces": {
				"north": {"uv": [0, 0, 0, 6.25], "texture": "#1"},
				"east": {"uv": [2, 2, 13, 14.25], "texture": "#1"},
				"south": {"uv": [0, 0, 0, 6.25], "texture": "#1"},
				"west": {"uv": [13, 2, 2, 14.25], "texture": "#1"},
				"up": {"uv": [0, 5.5, 0, 0], "texture": "#1"},
				"down": {"uv": [0, 0, 0, 5.5], "texture": "#1"}
			}
		},
		{
			"from": [8.5, 11.75, -4.5],
			"to": [8.5, 24, 6.5],
			"rotation": {"angle": 0, "axis": "y", "origin": [9, 27, 3]},
			"faces": {
				"north": {"uv": [0, 0, 0, 6.25], "texture": "#1"},
				"east": {"uv": [13, 2, 2, 14.25], "texture": "#1"},
				"south": {"uv": [0, 0, 0, 6.25], "texture": "#1"},
				"west": {"uv": [2, 2, 13, 14.25], "texture": "#1"},
				"up": {"uv": [0, 0, 0, 5.5], "texture": "#1"},
				"down": {"uv": [0, 5.5, 0, 0], "texture": "#1"}
			}
		},
		{
			"from": [6.5, 11.75, 9.5],
			"to": [6.5, 24, 20.5],
			"rotation": {"angle": 0, "axis": "y", "origin": [6, 27, 13]},
			"faces": {
				"north": {"uv": [0, 0, 0, 6.25], "texture": "#1"},
				"east": {"uv": [2, 2, 13, 14.25], "texture": "#1"},
				"south": {"uv": [0, 0, 0, 6.25], "texture": "#1"},
				"west": {"uv": [13, 2, 2, 14.25], "texture": "#1"},
				"up": {"uv": [0, 5.5, 0, 0], "texture": "#1"},
				"down": {"uv": [0, 0, 0, 5.5], "texture": "#1"}
			}
		},
		{
			"from": [6.5, 11.75, -4.5],
			"to": [6.5, 24, 6.5],
			"rotation": {"angle": 0, "axis": "y", "origin": [6, 27, 3]},
			"faces": {
				"north": {"uv": [0, 0, 0, 6.25], "texture": "#1"},
				"east": {"uv": [13, 2, 2, 14.25], "texture": "#1"},
				"south": {"uv": [0, 0, 0, 6.25], "texture": "#1"},
				"west": {"uv": [2, 2, 13, 14.25], "texture": "#1"},
				"up": {"uv": [0, 0, 0, 5.5], "texture": "#1"},
				"down": {"uv": [0, 5.5, 0, 0], "texture": "#1"}
			}
		},
		{
			"from": [7.5, -0.25, -11.5],
			"to": [7.5, 32, 6.5],
			"rotation": {"angle": 0, "axis": "y", "origin": [8, 25, 3]},
			"faces": {
				"north": {"uv": [0, 0, 0, 8.125], "texture": "#0"},
				"east": {"uv": [4.5, 0, 9, 8.125], "texture": "#0"},
				"south": {"uv": [0, 0, 0, 8.125], "texture": "#0"},
				"west": {"uv": [9, 0, 4.5, 8.125], "texture": "#0"},
				"up": {"uv": [0, 0, 0, 4.5], "texture": "#0"},
				"down": {"uv": [0, 4.5, 0, 0], "texture": "#0"}
			}
		},
		{
			"from": [5.75, 12.5, 5.5],
			"to": [9.25, 14.5, 10.5],
			"rotation": {"angle": 0, "axis": "y", "origin": [8, 23.5, 8]},
			"faces": {
				"north": {"uv": [13.125, 4, 12.25, 4.5], "texture": "#0"},
				"east": {"uv": [11.75, 6.5, 13, 7], "texture": "#0"},
				"south": {"uv": [12.25, 4, 13.125, 4.5], "texture": "#0"},
				"west": {"uv": [13, 6.5, 11.75, 7], "texture": "#0"},
				"up": {"uv": [10.625, 7, 9.75, 5.75], "texture": "#0"},
				"down": {"uv": [10.625, 7, 9.75, 8.25], "texture": "#0"}
			}
		}
	],
	"gui_light": "front",
	"display": {
		"thirdperson_righthand": {
			"rotation": [0, 5, 0],
			"translation": [0.75, 3.75, 1],
			"scale": [0.6, 0.6, 0.6]
		},
		"thirdperson_lefthand": {
			"rotation": [0, 5, 0],
			"translation": [0.75, 3.75, 1],
			"scale": [0.6, 0.6, 0.6]
		},
		"firstperson_righthand": {
			"rotation": [-10, 22, 5],
			"translation": [9, 1, -10.25],
			"scale": [0.69, 0.69, 0.69]
		},
		"firstperson_lefthand": {
			"rotation": [-10, 22, 5],
			"translation": [9, 1, -10.25],
			"scale": [0.69, 0.69, 0.69]
		},
		"ground": {
			"rotation": [0, 0, 88],
			"translation": [-1, 1.25, 0.25],
			"scale": [0.6, 0.6, 0.6]
		},
		"gui": {
			"rotation": [-90, -135, -90],
			"translation": [0.25, -0.5, -1.5],
			"scale": [0.45, 0.45, 0.45]
		},
		"head": {
			"rotation": [90, -156, 90],
			"translation": [-5.5, 10, 1.75],
			"scale": [0.65, 0.65, 0.65]
		},
		"fixed": {
			"rotation": [-90, -90, -90],
			"translation": [0, 0.25, -2.25],
			"scale": [1.2, 1.2, 1.2]
		}
	},
	"groups": [
		{
			"name": "group",
			"origin": [8, 17, 3],
			"color": 0,
			"children": [0, 1, 2, 3, 4, 5, 6, 7, 8, 9, 10, 11, 12, 13, 14, 15, 16, 17, 18, 19, 20, 21, 22, 23, 24, 25, 26, 27, 28, 29, 30, 31, 32, 33, 34, 35, 36]
		}
	]
}