{
	"credit": "Made with Blockbench",
	"texture_size": [64, 64],
	"textures": {
		"0": "item/monstertower/tex6",
		"particle": "item/monstertower/tex6"
	},
	"elements": [
		{
			"from": [6.25, -8, 7.25],
			"to": [7.75, 2, 8.75],
			"rotation": {"angle": 0, "axis": "y", "origin": [7, 4.63476, 9.25]},
			"faces": {
				"north": {"uv": [8, 2.5, 8.375, 5], "texture": "#0"},
				"east": {"uv": [8, 2.5, 8.375, 5], "texture": "#0"},
				"south": {"uv": [8, 2.5, 8.375, 5], "texture": "#0"},
				"west": {"uv": [8, 2.5, 8.375, 5], "texture": "#0"},
				"up": {"uv": [9.625, 4.375, 9.25, 4], "texture": "#0"},
				"down": {"uv": [4.875, 9.25, 4.5, 9.625], "texture": "#0"}
			}
		},
		{
			"from": [6.5, 2, 7.5],
			"to": [7.5, 8, 8.5],
			"rotation": {"angle": 0, "axis": "y", "origin": [7, 4.63476, 9.25]},
			"faces": {
				"north": {"uv": [0, 9.25, 0.25, 10.75], "texture": "#0"},
				"east": {"uv": [0, 9.25, 0.25, 10.75], "texture": "#0"},
				"south": {"uv": [0, 9.25, 0.25, 10.75], "texture": "#0"},
				"west": {"uv": [0, 9.25, 0.25, 10.75], "texture": "#0"},
				"up": {"uv": [7.25, 6.25, 7, 6], "texture": "#0"},
				"down": {"uv": [7.5, 6, 7.25, 6.25], "texture": "#0"}
			}
		},
		{
			"from": [6.25, 8, 7.25],
			"to": [7.75, 18, 8.75],
			"rotation": {"angle": 0, "axis": "y", "origin": [7, 4.63476, 9.25]},
			"faces": {
				"north": {"uv": [8.5, 2.5, 8.875, 5], "texture": "#0"},
				"east": {"uv": [8.5, 2.5, 8.875, 5], "texture": "#0"},
				"south": {"uv": [8.5, 2.5, 8.875, 5], "texture": "#0"},
				"west": {"uv": [8.5, 2.5, 8.875, 5], "texture": "#0"},
				"up": {"uv": [5.375, 9.625, 5, 9.25], "texture": "#0"},
				"down": {"uv": [5.875, 9.25, 5.5, 9.625], "texture": "#0"}
			}
		},
		{
			"from": [5.75, -9.5, 6.5],
			"to": [8.25, -6.5, 9.5],
			"rotation": {"angle": 45, "axis": "x", "origin": [7, -8, 8]},
			"faces": {
				"north": {"uv": [9.625, 2.25, 9, 1.5], "texture": "#0"},
				"east": {"uv": [9.25, 6.75, 8.5, 7.5], "texture": "#0"},
				"south": {"uv": [9, 0.75, 9.625, 1.5], "texture": "#0"},
				"west": {"uv": [8.5, 6.75, 9.25, 7.5], "texture": "#0"},
				"up": {"uv": [9.625, 2.25, 9, 1.5], "texture": "#0"},
				"down": {"uv": [9.625, 2.25, 9, 3], "texture": "#0"}
			}
		},
		{
			"from": [6, -12.03553, 5.89289],
			"to": [8, -8.03553, 7.39289],
			"rotation": {"angle": -22.5, "axis": "x", "origin": [7, -8.12132, 5.97868]},
			"faces": {
				"north": {"uv": [8.5, 7.5, 9, 8.5], "texture": "#0"},
				"east": {"uv": [1.125, 9.25, 0.75, 10.25], "texture": "#0"},
				"south": {"uv": [8.5, 8.5, 9, 9.5], "texture": "#0"},
				"west": {"uv": [0.75, 9.25, 1.125, 10.25], "texture": "#0"},
				"up": {"uv": [9.75, 3.875, 9.25, 3.5], "texture": "#0"},
				"down": {"uv": [4.5, 9.25, 4, 9.625], "texture": "#0"}
			}
		},
		{
			"from": [5.75, -13, 7],
			"to": [8.25, -11, 9],
			"rotation": {"angle": 45, "axis": "x", "origin": [7, -12, 8]},
			"faces": {
				"north": {"uv": [9, 4.5, 9.625, 5], "texture": "#0"},
				"east": {"uv": [4, 9.25, 3.5, 9.75], "texture": "#0"},
				"south": {"uv": [1.25, 9.25, 1.875, 9.75], "texture": "#0"},
				"west": {"uv": [3.5, 9.25, 4, 9.75], "texture": "#0"},
				"up": {"uv": [2.625, 9.75, 2, 9.25], "texture": "#0"},
				"down": {"uv": [3.375, 9.25, 2.75, 9.75], "texture": "#0"}
			}
		},
		{
			"from": [6, 18, 3.25],
			"to": [8, 24, 12.75],
			"rotation": {"angle": 0, "axis": "y", "origin": [7, 13.63476, 9.25]},
			"faces": {
				"north": {"uv": [5, 7.75, 5.5, 9.25], "texture": "#0"},
				"east": {"uv": [4.875, 6.25, 2.5, 7.75], "texture": "#0"},
				"south": {"uv": [6, 7.75, 6.5, 9.25], "texture": "#0"},
				"west": {"uv": [2.5, 6.25, 4.875, 7.75], "texture": "#0"},
				"up": {"uv": [7.5, 2.375, 7, 0], "texture": "#0"},
				"down": {"uv": [7.5, 2.5, 7, 4.875], "texture": "#0"}
			}
		},
		{
			"from": [4.75, 18, 9.75],
			"to": [9.25, 24, 15.75],
			"rotation": {"angle": 45, "axis": "x", "origin": [7, 21, 12.75]},
			"faces": {
				"north": {"uv": [3.625, 7.75, 2.5, 9.25], "texture": "#0"},
				"east": {"uv": [8, 6.25, 6.5, 7.75], "texture": "#0"},
				"south": {"uv": [3.625, 9.25, 2.5, 7.75], "texture": "#0"},
				"west": {"uv": [6.5, 6.25, 8, 7.75], "texture": "#0"},
				"up": {"uv": [3.625, 9.25, 2.5, 7.75], "texture": "#0"},
				"down": {"uv": [3.625, 9.25, 2.5, 7.75], "texture": "#0"}
			}
		},
		{
			"from": [7, 7, -6.25],
			"to": [7, 32, 7.75],
			"rotation": {"angle": 0, "axis": "y", "origin": [7, 13.63476, 4.25]},
			"faces": {
				"north": {"uv": [0, 0, 0, 6.25], "texture": "#0"},
				"east": {"uv": [7, 0, 3.5, 6.25], "texture": "#0"},
				"south": {"uv": [0, 0, 0, 6.25], "texture": "#0"},
				"west": {"uv": [3.5, 0, 7, 6.25], "texture": "#0"},
				"up": {"uv": [0, 3.5, 0, 0], "texture": "#0"},
				"down": {"uv": [0, 0, 0, 3.5], "texture": "#0"}
			}
		},
		{
			"from": [6.025, -12.03553, 8.60711],
			"to": [7.975, -8.03553, 10.10711],
			"rotation": {"angle": 22.5, "axis": "x", "origin": [7, -8.12132, 10.02132]},
			"faces": {
				"north": {"uv": [9, 8.5, 8.5, 9.5], "texture": "#0"},
				"east": {"uv": [0.75, 9.25, 1.125, 10.25], "texture": "#0"},
				"south": {"uv": [9, 7.5, 8.5, 8.5], "texture": "#0"},
				"west": {"uv": [1.125, 9.25, 0.75, 10.25], "texture": "#0"},
				"up": {"uv": [9.75, 3.5, 9.25, 3.875], "texture": "#0"},
				"down": {"uv": [4.5, 9.625, 4, 9.25], "texture": "#0"}
			}
		},
		{
			"from": [5.25, 17.5, 9],
			"to": [8.75, 24.5, 10],
			"rotation": {"angle": 0, "axis": "y", "origin": [4, 20, 9]},
			"faces": {
				"north": {"uv": [0.25, 0.25, 1.125, 2], "texture": "#0"},
				"east": {"uv": [0.25, 0.25, 0, 2], "texture": "#0"},
				"south": {"uv": [0.25, 0.25, 1.125, 2], "texture": "#0"},
				"west": {"uv": [0, 0.25, 0.25, 2], "texture": "#0"},
				"up": {"uv": [0, 0, 0.875, 0.25], "texture": "#0"},
				"down": {"uv": [0.875, 0, 1.75, 0.25], "texture": "#0"}
			}
		},
		{
			"from": [5.25, 16, 9.025],
			"to": [7.75, 18.5, 9.975],
			"rotation": {"angle": -45, "axis": "z", "origin": [7, 16.75, 9.5]},
			"faces": {
				"north": {"uv": [1.375, 1.125, 2, 1.75], "rotation": 270, "texture": "#0"},
				"east": {"uv": [1.125, 1.125, 1.3625, 1.75], "texture": "#0"},
				"south": {"uv": [1.375, 1.125, 2, 1.75], "rotation": 90, "texture": "#0"},
				"west": {"uv": [1.125, 1.75, 1.75, 2], "rotation": 90, "texture": "#0"},
				"up": {"uv": [1.125, 1.125, 1.375, 1.75], "rotation": 90, "texture": "#0"},
				"down": {"uv": [1.125, 1.125, 1.375, 1.75], "rotation": 90, "texture": "#0"}
			}
		},
		{
			"from": [5.25, 17.5, 6],
			"to": [8.75, 24.5, 7],
			"rotation": {"angle": 0, "axis": "y", "origin": [4, 20, 6]},
			"faces": {
				"north": {"uv": [0.25, 0.25, 1.125, 2], "texture": "#0"},
				"east": {"uv": [0.25, 0.25, 0, 2], "texture": "#0"},
				"south": {"uv": [0.25, 0.25, 1.125, 2], "texture": "#0"},
				"west": {"uv": [0, 0.25, 0.25, 2], "texture": "#0"},
				"up": {"uv": [0, 0, 0.875, 0.25], "texture": "#0"},
				"down": {"uv": [0.875, 0, 1.75, 0.25], "texture": "#0"}
			}
		},
		{
			"from": [5.25, 16, 6.025],
			"to": [7.75, 18.5, 6.975],
			"rotation": {"angle": -45, "axis": "z", "origin": [7, 16.75, 6.5]},
			"faces": {
				"north": {"uv": [1.375, 1.125, 2, 1.75], "rotation": 270, "texture": "#0"},
				"east": {"uv": [1.125, 1.125, 1.3625, 1.75], "texture": "#0"},
				"south": {"uv": [1.375, 1.125, 2, 1.75], "rotation": 90, "texture": "#0"},
				"west": {"uv": [1.125, 1.75, 1.75, 2], "rotation": 90, "texture": "#0"},
				"up": {"uv": [1.125, 1.125, 1.375, 1.75], "rotation": 90, "texture": "#0"},
				"down": {"uv": [1.125, 1.125, 1.375, 1.75], "rotation": 90, "texture": "#0"}
			}
		},
		{
			"from": [5.25, 23.5, 6.025],
			"to": [7.75, 26, 6.975],
			"rotation": {"angle": 45, "axis": "z", "origin": [7, 25.25, 6.5]},
			"faces": {
				"north": {"uv": [1.375, 0.5, 2, 1.125], "rotation": 270, "texture": "#0"},
				"east": {"uv": [1.3625, 0.5, 1.125, 1.125], "texture": "#0"},
				"south": {"uv": [1.375, 0.5, 2, 1.125], "rotation": 90, "texture": "#0"},
				"west": {"uv": [1.125, 0.25, 1.75, 0.5], "rotation": 90, "texture": "#0"},
				"up": {"uv": [1.125, 0.5, 1.375, 1.125], "rotation": 90, "texture": "#0"},
				"down": {"uv": [1.125, 0.5, 1.375, 1.125], "rotation": 90, "texture": "#0"}
			}
		},
		{
			"from": [7, -16, 6.25],
			"to": [7, -12, 9.75],
			"rotation": {"angle": 0, "axis": "y", "origin": [7, -2.36524, 9.25]},
			"faces": {
				"north": {"uv": [0, 0, 0, 1], "texture": "#0"},
				"east": {"uv": [9.375, 5, 8.5, 6], "texture": "#0"},
				"south": {"uv": [0, 0, 0, 1], "texture": "#0"},
				"west": {"uv": [8.5, 5, 9.375, 6], "texture": "#0"},
				"up": {"uv": [0, 0.875, 0, 0], "texture": "#0"},
				"down": {"uv": [0, 0, 0, 0.875], "texture": "#0"}
			}
		},
		{
			"from": [8.025, -12, 7],
			"to": [8.025, -10, 9],
			"rotation": {"angle": 0, "axis": "y", "origin": [6.025, -12, 7]},
			"faces": {
				"north": {"uv": [0, 0, 0, 0.5], "texture": "#0"},
				"east": {"uv": [0, 2, 0.5, 2.5], "texture": "#0"},
				"south": {"uv": [0, 0, 0, 0.5], "texture": "#0"},
				"west": {"uv": [0, 2, 0.5, 2.5], "texture": "#0"},
				"up": {"uv": [0, 0, 0, 0.5], "texture": "#0"},
				"down": {"uv": [0, 0, 0, 0.5], "texture": "#0"}
			}
		},
		{
			"from": [5.975, -12, 7],
			"to": [5.975, -10, 9],
			"rotation": {"angle": 0, "axis": "y", "origin": [3.975, -12, 7]},
			"faces": {
				"north": {"uv": [0, 0, 0, 0.5], "texture": "#0"},
				"east": {"uv": [0, 2, 0.5, 2.5], "texture": "#0"},
				"south": {"uv": [0, 0, 0, 0.5], "texture": "#0"},
				"west": {"uv": [0, 2, 0.5, 2.5], "texture": "#0"},
				"up": {"uv": [0, 0, 0, 0.5], "texture": "#0"},
				"down": {"uv": [0, 0, 0, 0.5], "texture": "#0"}
			}
		},
		{
			"from": [5.25, 23.5, 9.025],
			"to": [7.75, 26, 9.975],
			"rotation": {"angle": 45, "axis": "z", "origin": [7, 25.25, 9.5]},
			"faces": {
				"north": {"uv": [1.375, 0.5, 2, 1.125], "rotation": 270, "texture": "#0"},
				"east": {"uv": [1.3625, 0.5, 1.125, 1.125], "texture": "#0"},
				"south": {"uv": [1.375, 0.5, 2, 1.125], "rotation": 90, "texture": "#0"},
				"west": {"uv": [1.125, 0.25, 1.75, 0.5], "rotation": 90, "texture": "#0"},
				"up": {"uv": [1.125, 0.5, 1.375, 1.125], "rotation": 90, "texture": "#0"},
				"down": {"uv": [1.125, 0.5, 1.375, 1.125], "rotation": 90, "texture": "#0"}
			}
		}
	],
	"gui_light": "front",
	"display": {
		"thirdperson_righthand": {
			"rotation": [15, 0, 0],
			"translation": [0.75, 4.75, 2.5],
			"scale": [0.7, 0.7, 0.7]
		},
		"thirdperson_lefthand": {
			"rotation": [15, 0, 0],
			"translation": [-0.75, 4.75, 2.5],
			"scale": [0.7, 0.7, 0.7]
		},
		"firstperson_righthand": {
			"rotation": [-10, 15, 5],
			"translation": [4.75, 3, -1.75],
			"scale": [0.6, 0.6, 0.6]
		},
		"firstperson_lefthand": {
			"rotation": [-10, 15, 5],
			"translation": [4.75, 3, -1.75],
			"scale": [0.6, 0.6, 0.6]
		},
		"ground": {
			"rotation": [0, 0, 88],
			"translation": [-2, 2.5, 0.25],
			"scale": [0.45, 0.45, 0.45]
		},
		"gui": {
			"rotation": [-114, -135, -102],
			"translation": [0, -0.5, -1.5],
			"scale": [0.5, 0.5, 0.5]
		},
		"head": {
			"rotation": [90, 167, 90],
			"translation": [-3.25, 16.25, 1.75],
			"scale": [0.7, 0.7, 0.7]
		},
		"fixed": {
			"rotation": [-90, -90, -90],
			"translation": [-1, -1, -0.75],
			"scale": [1.2, 1.2, 1.2]
		}
	},
	"groups": [
		{
			"name": "group",
			"origin": [7, 25.25, 9.5],
			"color": 0,
			"children": [0, 1, 2, 3, 4, 5, 6, 7, 8, 9, 10, 11, 12, 13, 14, 15, 16, 17, 18]
		}
	]
}