{
	"credit": "Made with Blockbench",
	"textures": {
		"0": "item/monstertower/tex8",
		"1": "item/monstertower/ani8",
		"particle": "item/monstertower/tex8"
	},
	"elements": [
		{
			"from": [7.5, -13, 6.5],
			"to": [8.5, 6, 9.5],
			"rotation": {"angle": 0, "axis": "y", "origin": [8, 4.63476, 9.25]},
			"faces": {
				"north": {"uv": [4.5, 9.75, 4.75, 14.5], "texture": "#0"},
				"east": {"uv": [1.5, 9.75, 0.75, 14.5], "texture": "#0"},
				"south": {"uv": [4.75, 9.75, 4.5, 14.5], "texture": "#0"},
				"west": {"uv": [0.75, 9.75, 1.5, 14.5], "texture": "#0"},
				"up": {"uv": [10.75, 2.75, 10.5, 2], "texture": "#0"},
				"down": {"uv": [10.75, 3.5, 10.5, 4.25], "texture": "#0"}
			}
		},
		{
			"from": [6.5, 2.5, 2],
			"to": [6.5, 14.5, 14],
			"rotation": {"angle": 0, "axis": "y", "origin": [7, 16.63476, 9.25]},
			"faces": {
				"north": {"uv": [16, 0, 16, 3], "texture": "#1"},
				"east": {"uv": [14, 2, 2, 14], "texture": "#1"},
				"south": {"uv": [16, 0, 16, 3], "texture": "#1"},
				"west": {"uv": [2, 2, 14, 14], "texture": "#1"},
				"up": {"uv": [10.75, 2.75, 10.5, 2], "texture": "#1"},
				"down": {"uv": [10.75, 3.5, 10.5, 4.25], "texture": "#1"}
			}
		},
		{
			"from": [9.5, 2.5, 2],
			"to": [9.5, 14.5, 14],
			"rotation": {"angle": 0, "axis": "y", "origin": [9, 16.63476, 9.25]},
			"faces": {
				"north": {"uv": [16, 0, 16, 3], "texture": "#1"},
				"east": {"uv": [14, 2, 2, 14], "texture": "#1"},
				"south": {"uv": [16, 0, 16, 3], "texture": "#1"},
				"west": {"uv": [2, 2, 14, 14], "texture": "#1"},
				"up": {"uv": [10.5, 2.75, 10.75, 2], "texture": "#1"},
				"down": {"uv": [10.5, 3.5, 10.75, 4.25], "texture": "#1"}
			}
		},
		{
			"from": [7.5, 10, 6.5],
			"to": [8, 27, 9.5],
			"rotation": {"angle": 0, "axis": "y", "origin": [8, 27.63476, 9.25]},
			"faces": {
				"north": {"uv": [7, 1.25, 7.125, 5.5], "texture": "#0"},
				"east": {"uv": [7.875, 1.25, 7.125, 5.5], "texture": "#0"},
				"south": {"uv": [7.75, 1.25, 7.875, 5.5], "texture": "#0"},
				"west": {"uv": [7.125, 1.25, 7.875, 5.5], "texture": "#0"},
				"up": {"uv": [7.125, 1.25, 7.875, 1.375], "rotation": 90, "texture": "#0"},
				"down": {"uv": [10.75, 3.5, 10.5, 4.25], "texture": "#0"}
			}
		},
		{
			"from": [8, 10, 6.5],
			"to": [8.5, 27, 9.5],
			"rotation": {"angle": 0, "axis": "y", "origin": [8, 27.63476, 9.25]},
			"faces": {
				"north": {"uv": [7.125, 1.25, 7, 5.5], "texture": "#0"},
				"east": {"uv": [7.875, 1.25, 7.125, 5.5], "texture": "#0"},
				"south": {"uv": [7.875, 1.25, 7.75, 5.5], "texture": "#0"},
				"west": {"uv": [7.125, 1.25, 7.875, 5.5], "texture": "#0"},
				"up": {"uv": [7.125, 1.375, 7.875, 1.25], "rotation": 90, "texture": "#0"},
				"down": {"uv": [10.5, 3.5, 10.75, 4.25], "texture": "#0"}
			}
		},
		{
			"from": [7.525, -10, 6.5],
			"to": [8.475, -6, 8.5],
			"rotation": {"angle": 45, "axis": "x", "origin": [8, -8, 6.5]},
			"faces": {
				"north": {"uv": [10.25, 4.5, 10.5, 5.5], "texture": "#0"},
				"east": {"uv": [10.5, 2, 10, 3], "texture": "#0"},
				"south": {"uv": [10.25, 5.5, 10.5, 6.5], "texture": "#0"},
				"west": {"uv": [10, 2, 10.5, 3], "texture": "#0"},
				"up": {"uv": [10.75, 9.25, 10.5, 8.75], "texture": "#0"},
				"down": {"uv": [9.25, 10.5, 9, 11], "texture": "#0"}
			}
		},
		{
			"from": [7.55, -13.4201, 5.1],
			"to": [8.45, -9.4201, 8.1],
			"rotation": {"angle": -22.5, "axis": "x", "origin": [8, -9.4, 5.1]},
			"faces": {
				"north": {"uv": [10.25, 8.5, 10.5, 9.5], "texture": "#0"},
				"east": {"uv": [8, 9.75, 7.25, 10.75], "texture": "#0"},
				"south": {"uv": [10.25, 9.5, 10.5, 10.5], "texture": "#0"},
				"west": {"uv": [7.25, 9.75, 8, 10.75], "texture": "#0"},
				"up": {"uv": [10.75, 6.5, 10.5, 5.75], "texture": "#0"},
				"down": {"uv": [10.75, 6.5, 10.5, 7.25], "texture": "#0"}
			}
		},
		{
			"from": [7.5, -14, 5],
			"to": [8.5, -13, 11],
			"rotation": {"angle": 0, "axis": "y", "origin": [8, 4.63476, 9.25]},
			"faces": {
				"north": {"uv": [10.5, 2.75, 10.75, 3], "texture": "#0"},
				"east": {"uv": [11.5, 3.25, 10, 3.5], "texture": "#0"},
				"south": {"uv": [9.25, 10.5, 9.5, 10.75], "texture": "#0"},
				"west": {"uv": [10, 3.25, 11.5, 3.5], "texture": "#0"},
				"up": {"uv": [10.25, 5, 10, 3.5], "texture": "#0"},
				"down": {"uv": [10.25, 5, 10, 6.5], "texture": "#0"}
			}
		},
		{
			"from": [7.525, -15.5, 6.5],
			"to": [8.475, -12.5, 9.5],
			"rotation": {"angle": -45, "axis": "x", "origin": [8, -14, 8]},
			"faces": {
				"north": {"uv": [10.5, 7.25, 10.75, 8], "texture": "#0"},
				"east": {"uv": [9.5, 9.75, 8.75, 10.5], "texture": "#0"},
				"south": {"uv": [8, 10.5, 8.25, 11.25], "texture": "#0"},
				"west": {"uv": [8.75, 9.75, 9.5, 10.5], "texture": "#0"},
				"up": {"uv": [10.75, 8.75, 10.5, 8], "texture": "#0"},
				"down": {"uv": [8.5, 10.5, 8.25, 11.25], "texture": "#0"}
			}
		},
		{
			"from": [8, -7, -2],
			"to": [8, 32, 18],
			"rotation": {"angle": 0, "axis": "y", "origin": [8, 4.63476, 9.25]},
			"faces": {
				"north": {"uv": [0, 0, 0, 9.75], "texture": "#0"},
				"east": {"uv": [10, 0, 5, 9.75], "texture": "#0"},
				"south": {"uv": [0, 0, 0, 9.75], "texture": "#0"},
				"west": {"uv": [5, 0, 10, 9.75], "texture": "#0"},
				"up": {"uv": [0, 5, 0, 0], "texture": "#0"},
				"down": {"uv": [0, 0, 0, 5], "texture": "#0"}
			}
		},
		{
			"from": [7.5, 6, 5],
			"to": [8.5, 10, 11],
			"rotation": {"angle": 0, "axis": "y", "origin": [8, 18.63476, 9.25]},
			"faces": {
				"north": {"uv": [10.5, 0, 10.75, 1], "texture": "#0"},
				"east": {"uv": [4.5, 9.75, 3, 10.75], "texture": "#0"},
				"south": {"uv": [10.5, 1, 10.75, 2], "texture": "#0"},
				"west": {"uv": [3, 9.75, 4.5, 10.75], "texture": "#0"},
				"up": {"uv": [10.25, 8, 10, 6.5], "texture": "#0"},
				"down": {"uv": [10.25, 8, 10, 9.5], "texture": "#0"}
			}
		},
		{
			"from": [7.55, -13.4201, 7.9],
			"to": [8.45, -9.4201, 10.9],
			"rotation": {"angle": 22.5, "axis": "x", "origin": [8, -9.4, 10.9]},
			"faces": {
				"north": {"uv": [10.5, 9.5, 10.25, 10.5], "texture": "#0"},
				"east": {"uv": [7.25, 9.75, 8, 10.75], "texture": "#0"},
				"south": {"uv": [10.5, 8.5, 10.25, 9.5], "texture": "#0"},
				"west": {"uv": [8, 9.75, 7.25, 10.75], "texture": "#0"},
				"up": {"uv": [10.75, 5.75, 10.5, 6.5], "texture": "#0"},
				"down": {"uv": [10.75, 7.25, 10.5, 6.5], "texture": "#0"}
			}
		},
		{
			"from": [7.525, -10, 7.5],
			"to": [8.475, -6, 9.5],
			"rotation": {"angle": -45, "axis": "x", "origin": [8, -8, 9.5]},
			"faces": {
				"north": {"uv": [10.5, 5.5, 10.25, 6.5], "texture": "#0"},
				"east": {"uv": [10, 2, 10.5, 3], "texture": "#0"},
				"south": {"uv": [10.5, 4.5, 10.25, 5.5], "texture": "#0"},
				"west": {"uv": [10.5, 2, 10, 3], "texture": "#0"},
				"up": {"uv": [10.75, 8.75, 10.5, 9.25], "texture": "#0"},
				"down": {"uv": [9.25, 11, 9, 10.5], "texture": "#0"}
			}
		},
		{
			"from": [8, -14, 9],
			"to": [8, -8, 12],
			"rotation": {"angle": 0, "axis": "y", "origin": [7, -14, 10]},
			"faces": {
				"north": {"uv": [0, 0, 0, 1.5], "texture": "#0"},
				"east": {"uv": [0.75, 0, 0, 1.5], "texture": "#0"},
				"south": {"uv": [0, 0, 0, 1.5], "texture": "#0"},
				"west": {"uv": [0, 0, 0.75, 1.5], "texture": "#0"},
				"up": {"uv": [0, 0, 0, 0.75], "texture": "#0"},
				"down": {"uv": [0, 0, 0, 0.75], "texture": "#0"}
			}
		},
		{
			"from": [8, -14, 4],
			"to": [8, -8, 7],
			"rotation": {"angle": 0, "axis": "y", "origin": [9, -14, 6]},
			"faces": {
				"north": {"uv": [0, 0, 0, 1.5], "texture": "#0"},
				"east": {"uv": [0, 0, 0.75, 1.5], "texture": "#0"},
				"south": {"uv": [0, 0, 0, 1.5], "texture": "#0"},
				"west": {"uv": [0.75, 0, 0, 1.5], "texture": "#0"},
				"up": {"uv": [0, 0.75, 0, 0], "texture": "#0"},
				"down": {"uv": [0, 0.75, 0, 0], "texture": "#0"}
			}
		}
	],
	"gui_light": "front",
	"display": {
		"thirdperson_righthand": {
			"rotation": [0, 5, 0],
			"translation": [0.25, 5.25, 1.25],
			"scale": [0.7, 0.7, 0.7]
		},
		"thirdperson_lefthand": {
			"rotation": [0, 5, 0],
			"translation": [0.25, 5.25, 1.25],
			"scale": [0.7, 0.7, 0.7]
		},
		"firstperson_righthand": {
			"rotation": [-15, 0, 2],
			"translation": [3, 1.75, -1.5],
			"scale": [0.6, 0.6, 0.6]
		},
		"firstperson_lefthand": {
			"rotation": [-15, 0, 2],
			"translation": [3, 1.75, -1.5],
			"scale": [0.6, 0.6, 0.6]
		},
		"ground": {
			"rotation": [0, 0, 88],
			"translation": [-2, 2.5, 0.25],
			"scale": [0.45, 0.45, 0.45]
		},
		"gui": {
			"rotation": [-114, -135, -102],
			"translation": [0, 0.25, -1.5],
			"scale": [0.5, 0.5, 0.5]
		},
		"head": {
			"rotation": [90, 167, 90],
			"translation": [-3.25, 10.5, 0],
			"scale": [0.7, 0.7, 0.7]
		},
		"fixed": {
			"rotation": [-90, -90, -90],
			"translation": [-0.25, -1, -1],
			"scale": [1.2, 1.2, 1.2]
		}
	},
	"groups": [
		{
			"name": "group",
			"origin": [9, -14, 6],
			"color": 0,
			"children": [0, 1, 2, 3, 4, 5, 6, 7, 8, 9, 10, 11, 12, 13, 14]
		}
	]
}