{
	"credit": "Made with Blockbench by ShizuArt",
	"textures": {
		"0": "item/halloween/baskets/vampire_bucket",
		"particle": "item/halloween/baskets/vampire_bucket"
	},
	"elements": [
		{
			"from": [2.5, 0, 2.5],
			"to": [13.5, 8, 13.5],
			"rotation": {"angle": 0, "axis": "y", "origin": [0.5, 0, -0.5]},
			"faces": {
				"north": {"uv": [10, 0, 12.75, 2], "texture": "#0"},
				"east": {"uv": [0, 0, 2.75, 2], "texture": "#0"},
				"south": {"uv": [0, 0, 2.75, 2], "texture": "#0"},
				"west": {"uv": [0, 0, 2.75, 2], "texture": "#0"},
				"up": {"uv": [0, 7.5, 2.75, 10.25], "texture": "#0"},
				"down": {"uv": [0, 2.25, 2.75, 5], "texture": "#0"}
			}
		},
		{
			"from": [1.5, 8, 1.5],
			"to": [14.5, 11, 14.5],
			"rotation": {"angle": 0, "axis": "y", "origin": [-0.5, 0, -0.5]},
			"faces": {
				"north": {"uv": [3, 0, 6.25, 0.75], "texture": "#0"},
				"east": {"uv": [3, 0, 6.25, 0.75], "texture": "#0"},
				"south": {"uv": [3, 0, 6.25, 0.75], "texture": "#0"},
				"west": {"uv": [3, 0, 6.25, 0.75], "texture": "#0"},
				"up": {"uv": [6.5, 0, 9.75, 3.25], "rotation": 90, "texture": "#0"},
				"down": {"uv": [3, 1, 6.25, 4.25], "rotation": 90, "texture": "#0"}
			}
		},
		{
			"from": [13.5, 8, 2.5],
			"to": [2.5, 11, 13.5],
			"rotation": {"angle": 0, "axis": "y", "origin": [-11.5, 0, -0.5]},
			"faces": {
				"north": {"uv": [3.5, 5.75, 6.25, 6.5], "texture": "#0"},
				"east": {"uv": [3.5, 5.75, 6.25, 6.5], "texture": "#0"},
				"south": {"uv": [3.5, 5.75, 6.25, 6.5], "texture": "#0"},
				"west": {"uv": [3.5, 5.75, 6.25, 6.5], "texture": "#0"}
			}
		},
		{
			"from": [14.5, 9, 7.5],
			"to": [15.5, 17, 8.5],
			"rotation": {"angle": 0, "axis": "y", "origin": [0.59766, 0, 0]},
			"faces": {
				"north": {"uv": [0, 5.25, 0.25, 7.25], "texture": "#0"},
				"east": {"uv": [0, 5.25, 0.25, 7.25], "texture": "#0"},
				"south": {"uv": [0, 5.25, 0.25, 7.25], "texture": "#0"},
				"west": {"uv": [0, 5.25, 0.25, 7.25], "texture": "#0"},
				"up": {"uv": [0, 5.25, 0.25, 5.5], "texture": "#0"},
				"down": {"uv": [0, 7, 0.25, 7.25], "texture": "#0"}
			}
		},
		{
			"from": [0.5, 9, 7.5],
			"to": [1.5, 17, 8.5],
			"rotation": {"angle": 0, "axis": "y", "origin": [-13.40234, 0, 0]},
			"faces": {
				"north": {"uv": [0, 5.25, 0.25, 7.25], "texture": "#0"},
				"east": {"uv": [0, 5.25, 0.25, 7.25], "texture": "#0"},
				"south": {"uv": [0, 5.25, 0.25, 7.25], "texture": "#0"},
				"west": {"uv": [0, 5.25, 0.25, 7.25], "texture": "#0"},
				"up": {"uv": [0, 5.25, 0.25, 5.5], "texture": "#0"},
				"down": {"uv": [0, 7, 0.25, 7.25], "texture": "#0"}
			}
		},
		{
			"from": [4.5, 15.5, 7],
			"to": [11.5, 17.5, 9],
			"rotation": {"angle": 0, "axis": "y", "origin": [0, 1, 1]},
			"faces": {
				"north": {"uv": [3.5, 5, 5.25, 5.5], "texture": "#0"},
				"east": {"uv": [3.5, 5, 3.75, 5.5], "texture": "#0"},
				"south": {"uv": [3.5, 5, 5.25, 5.5], "texture": "#0"},
				"west": {"uv": [3.5, 5, 3.75, 5.5], "texture": "#0"},
				"up": {"uv": [3.5, 5, 5.25, 5.25], "texture": "#0"},
				"down": {"uv": [3.5, 5.25, 5.25, 5.5], "texture": "#0"}
			}
		},
		{
			"from": [1.5, 16, 7.5],
			"to": [14.5, 17, 8.5],
			"rotation": {"angle": 0, "axis": "y", "origin": [3, 0.5, 0.5]},
			"faces": {
				"north": {"uv": [0.25, 5.25, 3, 5.5], "texture": "#0"},
				"south": {"uv": [0.25, 5.25, 3, 5.5], "texture": "#0"},
				"up": {"uv": [0.25, 5.25, 3, 5.5], "texture": "#0"},
				"down": {"uv": [0.25, 5.25, 3, 5.5], "texture": "#0"}
			}
		}
	],
	"gui_light": "front",
	"display": {
		"thirdperson_righthand": {
			"rotation": [90, 0, 0],
			"translation": [0, -2, -3],
			"scale": [0.45508, 0.45508, 0.45508]
		},
		"thirdperson_lefthand": {
			"rotation": [90, 0, 0],
			"translation": [0, -2, -3],
			"scale": [0.45508, 0.45508, 0.45508]
		},
		"firstperson_righthand": {
			"rotation": [0, 75.75, 0],
			"translation": [5.25, 2.75, 1.5],
			"scale": [0.4, 0.4, 0.4]
		},
		"firstperson_lefthand": {
			"rotation": [0, 75.75, 0],
			"translation": [5.25, 2.75, 2],
			"scale": [0.4, 0.4, 0.4]
		},
		"ground": {
			"translation": [0, 3, 0],
			"scale": [0.39258, 0.39258, 0.39258]
		},
		"gui": {
			"rotation": [30, 225, 0],
			"translation": [0.25, -0.25, 0],
			"scale": [0.66992, 0.66992, 0.66992]
		},
		"head": {
			"translation": [0, 12.75, 0],
			"scale": [0.79492, 0.79492, 0.79492]
		},
		"fixed": {
			"rotation": [-90, 0, 0],
			"translation": [0, 0, -16],
			"scale": [2.00195, 2.00195, 2.00195]
		}
	},
	"groups": [
		{
			"name": "group",
			"origin": [8, 8, 8],
			"color": 0,
			"children": [
				{
					"name": "group",
					"origin": [0, 0, 0],
					"color": 0,
					"children": [0, 1, 2, 3, 4, 5, 6]
				}
			]
		}
	]
}