{
	"credit": "Made with Blockbench",
	"texture_size": [64, 64],
	"textures": {
		"2": "item/monstertower/helmets/samurai_hat"
	},
	"elements": [
		{
			"from": [3.5, 5.5, 3.5],
			"to": [12.5, 8.5, 12.5],
			"faces": {
				"north": {"uv": [7.25, 1.5, 9.5, 2.25], "texture": "#2"},
				"east": {"uv": [2.25, 7.25, 4.5, 8], "texture": "#2"},
				"south": {"uv": [7.25, 2.25, 9.5, 3], "texture": "#2"},
				"west": {"uv": [4.5, 7.25, 6.75, 8], "texture": "#2"},
				"up": {"uv": [4.5, 2.25, 2.25, 0], "texture": "#2"},
				"down": {"uv": [4.5, 2.25, 2.25, 4.5], "texture": "#2"}
			}
		},
		{
			"from": [3.5, -0.5, 3.5],
			"to": [12.5, 2.5, 12.5],
			"faces": {
				"north": {"uv": [0, 6.5, 2.25, 7.25], "texture": "#2", "tintindex": 0},
				"east": {"uv": [6.75, 0, 9, 0.75], "texture": "#2", "tintindex": 0},
				"south": {"uv": [6.75, 0.75, 9, 1.5], "texture": "#2", "tintindex": 0},
				"west": {"uv": [0, 7.25, 2.25, 8], "texture": "#2", "tintindex": 0},
				"up": {"uv": [2.25, 2.25, 0, 0], "texture": "#2", "tintindex": 0},
				"down": {"uv": [2.25, 2.25, 0, 4.5], "texture": "#2", "tintindex": 0}
			}
		},
		{
			"from": [6.5, 5.6, 2.5],
			"to": [9.5, 8.6, 3.5],
			"faces": {
				"north": {"uv": [0.5, 8, 1.25, 8.75], "texture": "#2"},
				"east": {"uv": [4.5, 3.5, 4.75, 4.25], "texture": "#2"},
				"south": {"uv": [1.25, 8, 2, 8.75], "texture": "#2"},
				"west": {"uv": [4.75, 3.5, 5, 4.25], "texture": "#2"},
				"up": {"uv": [3.75, 8.25, 3, 8], "texture": "#2"},
				"down": {"uv": [5, 7, 4.25, 7.25], "texture": "#2"}
			}
		},
		{
			"from": [3.5, 5.6, 3],
			"to": [12.5, 13.6, 3],
			"faces": {
				"north": {"uv": [0, 4.5, 2.25, 6.5], "texture": "#2"},
				"east": {"uv": [0, 0, 0, 2], "texture": "#2"},
				"south": {"uv": [4.5, 0, 6.75, 2], "texture": "#2"},
				"west": {"uv": [0, 0, 0, 2], "texture": "#2"},
				"up": {"uv": [2.25, 0, 0, 0], "texture": "#2"},
				"down": {"uv": [2.25, 0, 0, 0], "texture": "#2"}
			}
		},
		{
			"from": [2.5, 5.5, 3.5],
			"to": [3.5, 5.5, 13.5],
			"faces": {
				"north": {"uv": [0, 0, 0.25, 0], "texture": "#2"},
				"east": {"uv": [0, 0, 2.5, 0], "texture": "#2"},
				"south": {"uv": [0, 0, 0.25, 0], "texture": "#2"},
				"west": {"uv": [0, 0, 2.5, 0], "texture": "#2"},
				"up": {"uv": [7.75, 10, 7.5, 7.5], "texture": "#2"},
				"down": {"uv": [8, 7.5, 7.75, 10], "texture": "#2"}
			}
		},
		{
			"from": [3.5, 5.5, 12.5],
			"to": [12.5, 5.5, 13.5],
			"faces": {
				"north": {"uv": [0, 0, 2.25, 0], "texture": "#2"},
				"east": {"uv": [0, 0, 0.25, 0], "texture": "#2"},
				"south": {"uv": [0, 0, 2.25, 0], "texture": "#2"},
				"west": {"uv": [0, 0, 0.25, 0], "texture": "#2"},
				"up": {"uv": [9.75, 5.75, 7.5, 5.5], "texture": "#2"},
				"down": {"uv": [9.75, 5.75, 7.5, 6], "texture": "#2"}
			}
		},
		{
			"from": [1.23223, 1.5, 1.73223],
			"to": [4.23223, 5.5, 1.73223],
			"rotation": {"angle": -45, "axis": "y", "origin": [1.73223, 2, 1.73223]},
			"faces": {
				"north": {"uv": [7.25, 6.5, 8, 7.5], "texture": "#2"},
				"east": {"uv": [0, 0, 0, 1], "texture": "#2"},
				"south": {"uv": [7.5, 3.5, 8.25, 4.5], "texture": "#2"},
				"west": {"uv": [0, 0, 0, 1], "texture": "#2"},
				"up": {"uv": [0.75, 0, 0, 0], "texture": "#2"},
				"down": {"uv": [0.75, 0, 0, 0], "texture": "#2"}
			}
		},
		{
			"from": [2.5, 0.5, 3.5],
			"to": [2.5, 5.5, 13.5],
			"faces": {
				"north": {"uv": [0, 0, 0, 1.25], "texture": "#2"},
				"east": {"uv": [5, 3.5, 7.5, 4.75], "texture": "#2"},
				"south": {"uv": [0, 0, 0, 1.25], "texture": "#2"},
				"west": {"uv": [5, 4.75, 7.5, 6], "texture": "#2"},
				"up": {"uv": [0, 2.5, 0, 0], "texture": "#2"},
				"down": {"uv": [0, 0, 0, 2.5], "texture": "#2"}
			}
		},
		{
			"from": [13.5, 0.5, 3.5],
			"to": [13.5, 5.5, 13.5],
			"rotation": {"angle": 0, "axis": "y", "origin": [16, 0, 0]},
			"faces": {
				"north": {"uv": [0, 0, 0, 1.25], "texture": "#2"},
				"east": {"uv": [2.25, 6, 4.75, 7.25], "texture": "#2"},
				"south": {"uv": [0, 0, 0, 1.25], "texture": "#2"},
				"west": {"uv": [4.75, 6, 7.25, 7.25], "texture": "#2"},
				"up": {"uv": [0, 2.5, 0, 0], "texture": "#2"},
				"down": {"uv": [0, 0, 0, 2.5], "texture": "#2"}
			}
		},
		{
			"from": [12.5, 0.5, 3.5],
			"to": [13.5, 5.5, 3.5],
			"rotation": {"angle": 0, "axis": "y", "origin": [16, 0, 0]},
			"faces": {
				"north": {"uv": [2, 8, 2.25, 9.25], "texture": "#2"},
				"east": {"uv": [0, 0, 0, 1.25], "texture": "#2"},
				"south": {"uv": [2.25, 8, 2.5, 9.25], "texture": "#2"},
				"west": {"uv": [0, 0, 0, 1.25], "texture": "#2"},
				"up": {"uv": [0.25, 0, 0, 0], "texture": "#2"},
				"down": {"uv": [0.25, 0, 0, 0], "texture": "#2"}
			}
		},
		{
			"from": [2.5, 0.5, 3.5],
			"to": [3.5, 5.5, 3.5],
			"faces": {
				"north": {"uv": [2.5, 8, 2.75, 9.25], "texture": "#2"},
				"east": {"uv": [0, 0, 0, 1.25], "texture": "#2"},
				"south": {"uv": [2.75, 8, 3, 9.25], "texture": "#2"},
				"west": {"uv": [0, 0, 0, 1.25], "texture": "#2"},
				"up": {"uv": [0.25, 0, 0, 0], "texture": "#2"},
				"down": {"uv": [0.25, 0, 0, 0], "texture": "#2"}
			}
		},
		{
			"from": [11.76777, 1.5, 1.73223],
			"to": [14.76777, 5.5, 1.73223],
			"rotation": {"angle": 45, "axis": "y", "origin": [14.26777, 2, 1.73223]},
			"faces": {
				"north": {"uv": [7.5, 4.5, 8.25, 5.5], "texture": "#2"},
				"east": {"uv": [0, 0, 0, 1], "texture": "#2"},
				"south": {"uv": [6.75, 7.5, 7.5, 8.5], "texture": "#2"},
				"west": {"uv": [0, 0, 0, 1], "texture": "#2"},
				"up": {"uv": [0.75, 0, 0, 0], "texture": "#2"},
				"down": {"uv": [0.75, 0, 0, 0], "texture": "#2"}
			}
		},
		{
			"from": [2.5, -0.5, 13.5],
			"to": [13.5, 5.5, 13.5],
			"faces": {
				"north": {"uv": [4.5, 2, 7.25, 3.5], "texture": "#2"},
				"east": {"uv": [0, 0, 0, 1.5], "texture": "#2"},
				"south": {"uv": [2.25, 4.5, 5, 6], "texture": "#2"},
				"west": {"uv": [0, 0, 0, 1.5], "texture": "#2"},
				"up": {"uv": [2.75, 0, 0, 0], "texture": "#2"},
				"down": {"uv": [2.75, 0, 0, 0], "texture": "#2"}
			}
		},
		{
			"from": [12.5, 5.5, 3.5],
			"to": [13.5, 5.5, 13.5],
			"rotation": {"angle": 0, "axis": "y", "origin": [16, 0, 0]},
			"faces": {
				"north": {"uv": [0, 0, 0.25, 0], "texture": "#2"},
				"east": {"uv": [0, 0, 2.5, 0], "texture": "#2"},
				"south": {"uv": [0, 0, 0.25, 0], "texture": "#2"},
				"west": {"uv": [0, 0, 2.5, 0], "texture": "#2"},
				"up": {"uv": [0.25, 10.5, 0, 8], "texture": "#2"},
				"down": {"uv": [0.5, 8, 0.25, 10.5], "texture": "#2"}
			}
		},
		{
			"from": [3.5, 5.5, 1.5],
			"to": [12.5, 5.5, 3.5],
			"rotation": {"angle": 0, "axis": "y", "origin": [0, -1, 0.1]},
			"faces": {
				"north": {"uv": [0, 0, 2.25, 0], "texture": "#2"},
				"east": {"uv": [0, 0, 0.5, 0], "texture": "#2"},
				"south": {"uv": [0, 0, 2.25, 0], "texture": "#2"},
				"west": {"uv": [0, 0, 0.5, 0], "texture": "#2"},
				"up": {"uv": [9.5, 3.5, 7.25, 3], "texture": "#2"},
				"down": {"uv": [9.5, 6, 7.25, 6.5], "texture": "#2"}
			}
		}
	],
	"display": {
		"thirdperson_righthand": {
			"rotation": [75, 45, 0],
			"translation": [0, 2.5, 0],
			"scale": [0.375, 0.375, 0.375]
		},
		"thirdperson_lefthand": {
			"rotation": [75, 45, 0],
			"translation": [0, 2.5, 0],
			"scale": [0.375, 0.375, 0.375]
		},
		"firstperson_righthand": {
			"rotation": [0, 45, 0],
			"scale": [0.4, 0.4, 0.4]
		},
		"firstperson_lefthand": {
			"rotation": [0, 225, 0],
			"scale": [0.4, 0.4, 0.4]
		},
		"ground": {
			"translation": [0, 3, 0],
			"scale": [0.25, 0.25, 0.25]
		},
		"gui": {
			"rotation": [30, 225, 0],
			"translation": [0, 2, 0],
			"scale": [0.625, 0.625, 0.625]
		},
		"head": {
			"translation": [0, 6.5, 0],
			"scale": [1.62, 1.62, 1.62]
		},
		"fixed": {
			"scale": [0.5, 0.5, 0.5]
		}
	}
}