{
	"credit": "Made with Blockbench",
	"texture_size": [128, 128],
	"textures": {
		"0": "item/blossom_crate/sakura_texture",
		"1": "item/blossom_crate/sakura_animation_01",
		"2": "item/blossom_crate/sakura_animation_02-export",
		"particle": "item/blossom_crate/sakura_texture"
	},
	"elements": [
		{
			"from": [6, 6, 6],
			"to": [10, 10, 10],
			"rotation": {"angle": 45, "axis": "x", "origin": [8, 8, 8]},
			"faces": {
				"north": {"uv": [1.5625, 0.5, 2.0625, 1], "texture": "#0"},
				"east": {"uv": [1.5625, 0, 2.0625, 0.5], "texture": "#0"},
				"south": {"uv": [1.5625, 0.5, 2.0625, 1], "texture": "#0"},
				"west": {"uv": [2.0625, 0, 1.5625, 0.5], "texture": "#0"},
				"up": {"uv": [1.5625, 0.5, 2.0625, 1], "texture": "#0"},
				"down": {"uv": [1.5625, 0.5, 2.0625, 1], "texture": "#0"}
			}
		},
		{
			"from": [7, 6, 6.25],
			"to": [9, 7, 9.75],
			"rotation": {"angle": 0, "axis": "y", "origin": [0, 3, 0]},
			"faces": {
				"north": {"uv": [0.5, 0.25, 0.75, 0.375], "texture": "#0"},
				"east": {"uv": [0.4375, 0.4375, 0.875, 0.5625], "texture": "#0"},
				"south": {"uv": [0.5, 0.25, 0.75, 0.375], "texture": "#0"},
				"west": {"uv": [0.4375, 0.4375, 0.875, 0.5625], "texture": "#0"},
				"up": {"uv": [0.75, 0, 1, 0.4375], "texture": "#0"},
				"down": {"uv": [0.75, 0, 1, 0.4375], "texture": "#0"}
			}
		},
		{
			"from": [7, 10, 6.25],
			"to": [9, 11, 9.75],
			"rotation": {"angle": 0, "axis": "y", "origin": [0, 3, 0]},
			"faces": {
				"north": {"uv": [0.8125, 0.625, 1.0625, 0.75], "texture": "#0"},
				"east": {"uv": [0.375, 1.6875, 0.8125, 1.8125], "texture": "#0"},
				"south": {"uv": [0.8125, 0.625, 1.0625, 0.75], "texture": "#0"},
				"west": {"uv": [0.375, 1.6875, 0.8125, 1.8125], "texture": "#0"},
				"up": {"uv": [0.8125, 1, 1.0625, 1.4375], "texture": "#0"},
				"down": {"uv": [0.8125, 1, 1.0625, 1.4375], "texture": "#0"}
			}
		},
		{
			"from": [6.75, 7.5, 4],
			"to": [9.25, 11, 7],
			"rotation": {"angle": -22.5, "axis": "x", "origin": [8, 10.25, 4]},
			"faces": {
				"north": {"uv": [2, 1, 1.6875, 1.4375], "texture": "#0"},
				"east": {"uv": [1.3125, 1, 1.6875, 1.4375], "texture": "#0"},
				"south": {"uv": [2, 1, 1.6875, 1.4375], "texture": "#0"},
				"west": {"uv": [1.6875, 1, 1.3125, 1.4375], "texture": "#0"},
				"up": {"uv": [1.6875, 1.8125, 2, 1.4375], "texture": "#0"},
				"down": {"uv": [1.6875, 1.8125, 2, 1.4375], "texture": "#0"}
			}
		},
		{
			"from": [5.5, 7, 7],
			"to": [10.5, 9, 9],
			"rotation": {"angle": 45, "axis": "x", "origin": [8, 8, 8]},
			"faces": {
				"north": {"uv": [1.0625, 1.4375, 1.6875, 1.6875], "texture": "#0"},
				"east": {"uv": [0.8125, 1.4375, 1.0625, 1.6875], "texture": "#0"},
				"south": {"uv": [1.0625, 1.4375, 1.6875, 1.6875], "texture": "#0"},
				"west": {"uv": [0.8125, 1.4375, 1.0625, 1.6875], "texture": "#0"},
				"up": {"uv": [1.0625, 1.4375, 1.6875, 1.6875], "texture": "#0"},
				"down": {"uv": [1.0625, 1.4375, 1.6875, 1.6875], "texture": "#0"}
			}
		},
		{
			"from": [7.25, 6.5, 3.2],
			"to": [8.75, 10, 5.2],
			"rotation": {"angle": -22.5, "axis": "x", "origin": [8, 8.5, 4]},
			"faces": {
				"north": {"uv": [1.4375, 2.4375, 1.625, 2], "rotation": 180, "texture": "#0"},
				"east": {"uv": [0.375, 1.9375, 0.8125, 2.1875], "rotation": 90, "texture": "#0"},
				"south": {"uv": [1.4375, 2.4375, 1.625, 2], "texture": "#0"},
				"west": {"uv": [0.8125, 1.9375, 0.375, 2.1875], "rotation": 270, "texture": "#0"},
				"up": {"uv": [1.3125, 2.1875, 1.125, 2.4375], "texture": "#0"},
				"down": {"uv": [1.3125, 2.1875, 1.125, 2.4375], "rotation": 180, "texture": "#0"}
			}
		},
		{
			"from": [6.75, 7.5, 9],
			"to": [9.25, 11, 12],
			"rotation": {"angle": 22.5, "axis": "x", "origin": [8, 10.25, 12]},
			"faces": {
				"north": {"uv": [1.6875, 1, 2, 1.4375], "texture": "#0"},
				"east": {"uv": [1.6875, 1, 1.3125, 1.4375], "texture": "#0"},
				"south": {"uv": [1.6875, 1, 2, 1.4375], "texture": "#0"},
				"west": {"uv": [1.3125, 1, 1.6875, 1.4375], "texture": "#0"},
				"up": {"uv": [1.6875, 1.4375, 2, 1.8125], "texture": "#0"},
				"down": {"uv": [1.6875, 1.4375, 2, 1.8125], "texture": "#0"}
			}
		},
		{
			"from": [7.25, 6.5, 10.8],
			"to": [8.75, 10, 12.8],
			"rotation": {"angle": 22.5, "axis": "x", "origin": [8, 8.5, 12]},
			"faces": {
				"north": {"uv": [1.625, 2.4375, 1.4375, 2], "texture": "#0"},
				"east": {"uv": [0.375, 2.1875, 0.8125, 1.9375], "rotation": 90, "texture": "#0"},
				"south": {"uv": [1.625, 2.4375, 1.4375, 2], "rotation": 180, "texture": "#0"},
				"west": {"uv": [0.8125, 2.1875, 0.375, 1.9375], "rotation": 270, "texture": "#0"},
				"up": {"uv": [1.3125, 2.4375, 1.125, 2.1875], "texture": "#0"},
				"down": {"uv": [1.3125, 2.4375, 1.125, 2.1875], "rotation": 180, "texture": "#0"}
			}
		},
		{
			"from": [4.75, 5.71751, 2.11203],
			"to": [10.25, 8.21751, 3.61203],
			"rotation": {"angle": -22.5, "axis": "x", "origin": [7.5, 6.96751, 2.86203]},
			"faces": {
				"north": {"uv": [0.8125, 1.6875, 1.4375, 2], "texture": "#0"},
				"east": {"uv": [1.4375, 1.6875, 1.625, 2], "texture": "#0"},
				"south": {"uv": [0.8125, 2, 1.4375, 1.6875], "rotation": 180, "texture": "#0"},
				"west": {"uv": [1.4375, 1.6875, 1.625, 2], "rotation": 180, "texture": "#0"},
				"up": {"uv": [1.4375, 2.1875, 0.8125, 2], "rotation": 180, "texture": "#0"},
				"down": {"uv": [1.4375, 2.1875, 0.8125, 2], "texture": "#0"}
			}
		},
		{
			"from": [5, 7.71751, 2.11203],
			"to": [10, 10.21751, 3.61203],
			"rotation": {"angle": 0, "axis": "y", "origin": [7.5, 9.89653, 3.2834]},
			"faces": {
				"north": {"uv": [0.8125, 1.6875, 1.4375, 2], "texture": "#0"},
				"east": {"uv": [1.4375, 1.6875, 1.625, 2], "texture": "#0"},
				"south": {"uv": [0.8125, 2, 1.4375, 1.6875], "rotation": 180, "texture": "#0"},
				"west": {"uv": [1.4375, 1.6875, 1.625, 2], "rotation": 180, "texture": "#0"},
				"up": {"uv": [1.4375, 2.1875, 0.8125, 2], "rotation": 180, "texture": "#0"},
				"down": {"uv": [1.4375, 2.1875, 0.8125, 2], "texture": "#0"}
			}
		},
		{
			"from": [5.25, 9.66608, 2.56718],
			"to": [9.75, 12.16608, 4.06718],
			"rotation": {"angle": 22.5, "axis": "x", "origin": [7.5, 9.89653, 3.2834]},
			"faces": {
				"north": {"uv": [0.375, 2.1875, 0.9375, 2.5], "texture": "#0"},
				"east": {"uv": [0.9375, 2.1875, 1.125, 2.5], "texture": "#0"},
				"south": {"uv": [0.375, 2.5, 0.9375, 2.1875], "rotation": 180, "texture": "#0"},
				"west": {"uv": [0.9375, 2.1875, 1.125, 2.5], "rotation": 180, "texture": "#0"},
				"up": {"uv": [0.9375, 2.6875, 0.375, 2.5], "rotation": 180, "texture": "#0"},
				"down": {"uv": [0.9375, 2.6875, 0.375, 2.5], "texture": "#0"}
			}
		},
		{
			"from": [4.75, 5.71751, 12.38797],
			"to": [10.25, 8.21751, 13.88797],
			"rotation": {"angle": 22.5, "axis": "x", "origin": [7.5, 6.96751, 13.13797]},
			"faces": {
				"north": {"uv": [1.4375, 2, 0.8125, 1.6875], "rotation": 180, "texture": "#0"},
				"east": {"uv": [1.625, 1.6875, 1.4375, 2], "texture": "#0"},
				"south": {"uv": [1.4375, 1.6875, 0.8125, 2], "texture": "#0"},
				"west": {"uv": [1.625, 1.6875, 1.4375, 2], "rotation": 180, "texture": "#0"},
				"up": {"uv": [1.4375, 2, 0.8125, 2.1875], "rotation": 180, "texture": "#0"},
				"down": {"uv": [1.4375, 2, 0.8125, 2.1875], "texture": "#0"}
			}
		},
		{
			"from": [5, 7.71751, 12.38797],
			"to": [10, 10.21751, 13.88797],
			"rotation": {"angle": 0, "axis": "y", "origin": [7.5, 9.89653, 12.7166]},
			"faces": {
				"north": {"uv": [1.4375, 2, 0.8125, 1.6875], "rotation": 180, "texture": "#0"},
				"east": {"uv": [1.625, 1.6875, 1.4375, 2], "texture": "#0"},
				"south": {"uv": [1.4375, 1.6875, 0.8125, 2], "texture": "#0"},
				"west": {"uv": [1.625, 1.6875, 1.4375, 2], "rotation": 180, "texture": "#0"},
				"up": {"uv": [1.4375, 2, 0.8125, 2.1875], "rotation": 180, "texture": "#0"},
				"down": {"uv": [1.4375, 2, 0.8125, 2.1875], "texture": "#0"}
			}
		},
		{
			"from": [5.25, 9.66608, 11.93282],
			"to": [9.75, 12.16608, 13.43282],
			"rotation": {"angle": -22.5, "axis": "x", "origin": [7.5, 9.89653, 12.7166]},
			"faces": {
				"north": {"uv": [0.9375, 2.5, 0.375, 2.1875], "rotation": 180, "texture": "#0"},
				"east": {"uv": [1.125, 2.1875, 0.9375, 2.5], "texture": "#0"},
				"south": {"uv": [0.9375, 2.1875, 0.375, 2.5], "texture": "#0"},
				"west": {"uv": [1.125, 2.1875, 0.9375, 2.5], "rotation": 180, "texture": "#0"},
				"up": {"uv": [0.9375, 2.5, 0.375, 2.6875], "rotation": 180, "texture": "#0"},
				"down": {"uv": [0.9375, 2.5, 0.375, 2.6875], "texture": "#0"}
			}
		},
		{
			"from": [8, -4, 8],
			"to": [9.5, -1.5, 13.5],
			"rotation": {"angle": -22.5, "axis": "y", "origin": [9.625, -1.625, 8.125]},
			"faces": {
				"north": {"uv": [1.4375, 2, 1.625, 1.6875], "rotation": 180, "texture": "#0"},
				"east": {"uv": [0.8125, 2, 1.4375, 1.6875], "texture": "#0"},
				"south": {"uv": [1.4375, 2, 1.625, 1.6875], "texture": "#0"},
				"west": {"uv": [0.8125, 1.6875, 1.4375, 2], "rotation": 180, "texture": "#0"},
				"up": {"uv": [1.4375, 2, 0.8125, 2.1875], "rotation": 90, "texture": "#0"},
				"down": {"uv": [1.4375, 2, 0.8125, 2.1875], "rotation": 90, "texture": "#0"}
			}
		},
		{
			"from": [8, -6.5, 8],
			"to": [9.5, -4, 13],
			"rotation": {"angle": -22.5, "axis": "y", "origin": [9.625, -1.625, 8.125]},
			"faces": {
				"north": {"uv": [1.4375, 2, 1.625, 1.6875], "rotation": 180, "texture": "#0"},
				"east": {"uv": [0.8125, 2, 1.4375, 1.6875], "texture": "#0"},
				"south": {"uv": [1.4375, 2, 1.625, 1.6875], "texture": "#0"},
				"west": {"uv": [0.8125, 1.6875, 1.4375, 2], "rotation": 180, "texture": "#0"},
				"up": {"uv": [1.4375, 2, 0.8125, 2.1875], "rotation": 90, "texture": "#0"},
				"down": {"uv": [1.4375, 2, 0.8125, 2.1875], "rotation": 90, "texture": "#0"}
			}
		},
		{
			"from": [7.5, 2.5, 8],
			"to": [9.5, 6.5, 16],
			"rotation": {"angle": -22.5, "axis": "y", "origin": [9.625, -1.625, 8.125]},
			"faces": {
				"north": {"uv": [2.875, 2.625, 3.125, 3.125], "texture": "#0"},
				"east": {"uv": [1.9375, 3.125, 2.9375, 3.625], "texture": "#0"},
				"south": {"uv": [3.125, 2.625, 2.875, 3.125], "texture": "#0"},
				"west": {"uv": [1.9375, 3.125, 2.9375, 3.625], "texture": "#0"},
				"up": {"uv": [1.9375, 3.875, 2.9375, 3.625], "rotation": 90, "texture": "#0"},
				"down": {"uv": [1.9375, 3.625, 2.9375, 3.875], "rotation": 270, "texture": "#0"}
			}
		},
		{
			"from": [7.5, -1.5, 8],
			"to": [9.5, 2.5, 15.5],
			"rotation": {"angle": -22.5, "axis": "y", "origin": [9.625, -1.625, 8.125]},
			"faces": {
				"north": {"uv": [2.8125, 3.875, 3.0625, 4.375], "texture": "#0"},
				"east": {"uv": [1.875, 3.875, 2.8125, 4.375], "texture": "#0"},
				"south": {"uv": [3.0625, 3.875, 2.8125, 4.375], "texture": "#0"},
				"west": {"uv": [1.875, 3.875, 2.8125, 4.375], "texture": "#0"},
				"up": {"uv": [1.875, 4.625, 2.8125, 4.375], "rotation": 90, "texture": "#0"},
				"down": {"uv": [1.875, 4.375, 2.8125, 4.625], "rotation": 270, "texture": "#0"}
			}
		},
		{
			"from": [7.5, 2.5, 0],
			"to": [9.5, 6.5, 8],
			"rotation": {"angle": 22.5, "axis": "y", "origin": [9.625, -1.625, 7.875]},
			"faces": {
				"north": {"uv": [2.875, 2.625, 3.125, 3.125], "texture": "#0"},
				"east": {"uv": [2.9375, 3.125, 1.9375, 3.625], "texture": "#0"},
				"south": {"uv": [3.125, 2.625, 2.875, 3.125], "texture": "#0"},
				"west": {"uv": [2.9375, 3.125, 1.9375, 3.625], "texture": "#0"},
				"up": {"uv": [2.9375, 3.875, 1.9375, 3.625], "rotation": 90, "texture": "#0"},
				"down": {"uv": [2.9375, 3.625, 1.9375, 3.875], "rotation": 270, "texture": "#0"}
			}
		},
		{
			"from": [7.5, -1.5, 0.5],
			"to": [9.5, 2.5, 8],
			"rotation": {"angle": 22.5, "axis": "y", "origin": [9.625, -1.625, 7.875]},
			"faces": {
				"north": {"uv": [2.8125, 3.875, 3.0625, 4.375], "texture": "#0"},
				"east": {"uv": [2.8125, 3.875, 1.875, 4.375], "texture": "#0"},
				"south": {"uv": [3.0625, 3.875, 2.8125, 4.375], "texture": "#0"},
				"west": {"uv": [2.8125, 3.875, 1.875, 4.375], "texture": "#0"},
				"up": {"uv": [2.8125, 4.625, 1.875, 4.375], "rotation": 90, "texture": "#0"},
				"down": {"uv": [2.8125, 4.375, 1.875, 4.625], "rotation": 270, "texture": "#0"}
			}
		},
		{
			"from": [8, -4, 2.5],
			"to": [9.5, -1.5, 8],
			"rotation": {"angle": 22.5, "axis": "y", "origin": [9.625, -1.625, 7.875]},
			"faces": {
				"north": {"uv": [1.625, 2, 1.4375, 1.6875], "texture": "#0"},
				"east": {"uv": [1.4375, 2, 0.8125, 1.6875], "texture": "#0"},
				"south": {"uv": [1.625, 2, 1.4375, 1.6875], "rotation": 180, "texture": "#0"},
				"west": {"uv": [1.4375, 1.6875, 0.8125, 2], "rotation": 180, "texture": "#0"},
				"up": {"uv": [0.8125, 2, 1.4375, 2.1875], "rotation": 90, "texture": "#0"},
				"down": {"uv": [0.8125, 2, 1.4375, 2.1875], "rotation": 90, "texture": "#0"}
			}
		},
		{
			"from": [8, -6.5, 3],
			"to": [9.5, -4, 8],
			"rotation": {"angle": 22.5, "axis": "y", "origin": [9.625, -1.625, 7.875]},
			"faces": {
				"north": {"uv": [1.625, 2, 1.4375, 1.6875], "texture": "#0"},
				"east": {"uv": [1.4375, 2, 0.8125, 1.6875], "texture": "#0"},
				"south": {"uv": [1.625, 2, 1.4375, 1.6875], "rotation": 180, "texture": "#0"},
				"west": {"uv": [1.4375, 1.6875, 0.8125, 2], "rotation": 180, "texture": "#0"},
				"up": {"uv": [0.8125, 2, 1.4375, 2.1875], "rotation": 90, "texture": "#0"},
				"down": {"uv": [0.8125, 2, 1.4375, 2.1875], "rotation": 90, "texture": "#0"}
			}
		},
		{
			"from": [8.5, 4, 5.75],
			"to": [8.5, 22, 10.25],
			"rotation": {"angle": 0, "axis": "y", "origin": [0.5, -1, 0]},
			"faces": {
				"north": {"uv": [0, 2.875, 0.0625, 4], "texture": "#0"},
				"east": {"uv": [15.4375, 3.875, 16, 6.125], "texture": "#0"},
				"south": {"uv": [0.3125, 0, 0.375, 1.125], "texture": "#0"},
				"west": {"uv": [15.4375, 3.875, 16, 6.125], "texture": "#0"},
				"up": {"uv": [0.3125, 0, 0.375, 0.3125], "texture": "#0"},
				"down": {"uv": [0.3125, 0, 0.375, 0.3125], "texture": "#0"}
			}
		},
		{
			"from": [8.35, 15.6, 7.1],
			"to": [8.65, 17.4, 8.9],
			"rotation": {"angle": 45, "axis": "x", "origin": [8.5, 16.5, 8]},
			"faces": {
				"north": {"uv": [5.25, 3.75, 5.3125, 4], "texture": "#0"},
				"east": {"uv": [5.1875, 3.75, 4.9375, 4], "texture": "#0"},
				"south": {"uv": [5.25, 3.75, 5.3125, 4], "texture": "#0"},
				"west": {"uv": [4.9375, 3.75, 5.1875, 4], "texture": "#0"},
				"up": {"uv": [5.1875, 3.75, 5.25, 4], "texture": "#0"},
				"down": {"uv": [5.1875, 3.75, 5.25, 4], "texture": "#0"}
			}
		},
		{
			"from": [8.25, 4.5, 6.75],
			"to": [8.75, 16.5, 9.25],
			"rotation": {"angle": 0, "axis": "y", "origin": [0.5, -1, 0]},
			"faces": {
				"north": {"uv": [4.625, 4.5, 4.6875, 6], "texture": "#0"},
				"east": {"uv": [4.3125, 4.5, 4.625, 6], "texture": "#0"},
				"south": {"uv": [4.625, 4.5, 4.6875, 6], "texture": "#0"},
				"west": {"uv": [4.3125, 4.5, 4.625, 6], "texture": "#0"},
				"up": {"uv": [4.625, 4.5, 4.6875, 4.8125], "texture": "#0"},
				"down": {"uv": [4.625, 4.5, 4.6875, 4.8125], "texture": "#0"}
			}
		},
		{
			"from": [9.07817, -1.82843, 2.9],
			"to": [17.07817, 8.17157, 2.9],
			"rotation": {"angle": 0, "axis": "y", "origin": [15.77817, 5.17157, 8]},
			"faces": {
				"north": {"uv": [4.6875, 0, 3.4375, 1], "rotation": 270, "texture": "#0"},
				"east": {"uv": [0, 1, 0, 0], "rotation": 180, "texture": "#missing"},
				"south": {"uv": [3.4375, 0, 4.6875, 1], "rotation": 90, "texture": "#0"},
				"west": {"uv": [0, 1, 0, 0], "texture": "#missing"},
				"up": {"uv": [0, 0, 0, 1], "rotation": 90, "texture": "#missing"},
				"down": {"uv": [0, 0, 0, 1], "rotation": 90, "texture": "#missing"}
			}
		},
		{
			"from": [9.07817, -1.82843, 13.1],
			"to": [17.07817, 8.17157, 13.1],
			"rotation": {"angle": 0, "axis": "y", "origin": [15.77817, 5.17157, 8]},
			"faces": {
				"north": {"uv": [4.6875, 0, 3.4375, 1], "rotation": 270, "texture": "#0"},
				"east": {"uv": [0, 1, 0, 0], "rotation": 180, "texture": "#missing"},
				"south": {"uv": [3.4375, 0, 4.6875, 1], "rotation": 90, "texture": "#0"},
				"west": {"uv": [0, 1, 0, 0], "texture": "#missing"},
				"up": {"uv": [0, 0, 0, 1], "rotation": 90, "texture": "#missing"},
				"down": {"uv": [0, 0, 0, 1], "rotation": 90, "texture": "#missing"}
			}
		},
		{
			"from": [11, 5, 5.25],
			"to": [11, 17, 10.75],
			"rotation": {"angle": 0, "axis": "y", "origin": [16, 7, 0]},
			"faces": {
				"north": {"uv": [0, 12, 0, 0], "texture": "#1"},
				"east": {"uv": [5.5, 12, 0, 0], "texture": "#1"},
				"south": {"uv": [0, 12, 0, 0], "texture": "#1"},
				"west": {"uv": [0, 12, 5.5, 0], "texture": "#1"},
				"up": {"uv": [0, 6, 0, 0], "texture": "#1"},
				"down": {"uv": [0, 0, 0, 6], "texture": "#1"}
			}
		},
		{
			"from": [7, -14, 3],
			"to": [7, -6, 13],
			"rotation": {"angle": 0, "axis": "y", "origin": [7, 2, 17]},
			"faces": {
				"north": {"uv": [0, 0, 0, 8], "rotation": 180, "texture": "#2"},
				"east": {"uv": [8, 10, 0, 0], "rotation": 270, "texture": "#2"},
				"south": {"uv": [0, 8, 0, 0], "texture": "#2"},
				"west": {"uv": [0, 10, 8, 0], "rotation": 90, "texture": "#2"},
				"up": {"uv": [0, 0, 0, 10], "rotation": 180, "texture": "#2"},
				"down": {"uv": [0, 0, 0, 10], "texture": "#2"}
			}
		},
		{
			"from": [3.5, 4.1, 4],
			"to": [7.5, 6.1, 5.5],
			"rotation": {"angle": 0, "axis": "y", "origin": [5, 4.1, 3.75]},
			"faces": {
				"north": {"uv": [0.9375, 2.5, 1.4375, 2.75], "texture": "#0"},
				"east": {"uv": [1.8125, 1.8125, 2, 2.0625], "texture": "#0"},
				"south": {"uv": [0.9375, 2.5, 1.4375, 2.75], "texture": "#0"},
				"west": {"uv": [1.8125, 1.8125, 2, 2.0625], "texture": "#0"},
				"up": {"uv": [1.8125, 2.0625, 2, 2.5625], "rotation": 90, "texture": "#0"},
				"down": {"uv": [1.8125, 2.0625, 2, 2.5625], "rotation": 270, "texture": "#0"}
			}
		},
		{
			"from": [3.5, 4.1, 10.5],
			"to": [7.5, 6.1, 12],
			"rotation": {"angle": 0, "axis": "y", "origin": [5, 4.1, 12.25]},
			"faces": {
				"north": {"uv": [1.4375, 2.5, 0.9375, 2.75], "texture": "#0"},
				"east": {"uv": [2, 1.8125, 1.8125, 2.0625], "texture": "#0"},
				"south": {"uv": [1.4375, 2.5, 0.9375, 2.75], "texture": "#0"},
				"west": {"uv": [2, 1.8125, 1.8125, 2.0625], "texture": "#0"},
				"up": {"uv": [2, 2.0625, 1.8125, 2.5625], "rotation": 90, "texture": "#0"},
				"down": {"uv": [2, 2.0625, 1.8125, 2.5625], "rotation": 270, "texture": "#0"}
			}
		},
		{
			"from": [3.5, -0.9, 4],
			"to": [7.5, 1.1, 5.5],
			"rotation": {"angle": 0, "axis": "y", "origin": [5, 4.1, 3.75]},
			"faces": {
				"north": {"uv": [0.9375, 2.5, 1.4375, 2.75], "texture": "#0"},
				"east": {"uv": [1.8125, 1.8125, 2, 2.0625], "texture": "#0"},
				"south": {"uv": [0.9375, 2.5, 1.4375, 2.75], "texture": "#0"},
				"west": {"uv": [1.8125, 1.8125, 2, 2.0625], "texture": "#0"},
				"up": {"uv": [1.8125, 2.0625, 2, 2.5625], "rotation": 90, "texture": "#0"},
				"down": {"uv": [1.8125, 2.0625, 2, 2.5625], "rotation": 270, "texture": "#0"}
			}
		},
		{
			"from": [3.5, -0.9, 10.5],
			"to": [7.5, 1.1, 12],
			"rotation": {"angle": 0, "axis": "y", "origin": [5, 4.1, 12.25]},
			"faces": {
				"north": {"uv": [1.4375, 2.5, 0.9375, 2.75], "texture": "#0"},
				"east": {"uv": [2, 1.8125, 1.8125, 2.0625], "texture": "#0"},
				"south": {"uv": [1.4375, 2.5, 0.9375, 2.75], "texture": "#0"},
				"west": {"uv": [2, 1.8125, 1.8125, 2.0625], "texture": "#0"},
				"up": {"uv": [2, 2.0625, 1.8125, 2.5625], "rotation": 90, "texture": "#0"},
				"down": {"uv": [2, 2.0625, 1.8125, 2.5625], "rotation": 270, "texture": "#0"}
			}
		}
	],
	"gui_light": "front",
	"display": {
		"thirdperson_righthand": {
			"rotation": [-90, 0, 0],
			"translation": [2.5, -2, 1.75],
			"scale": [0.7, 0.7, 0.7]
		},
		"thirdperson_lefthand": {
			"rotation": [-90, 180, 0],
			"translation": [2.5, -2, 1.75],
			"scale": [0.7, 0.7, 0.7]
		},
		"firstperson_righthand": {
			"rotation": [-42.97, -69.21, 2.63],
			"translation": [-2.25, 6.75, -2],
			"scale": [0.6, 0.6, 0.6]
		},
		"firstperson_lefthand": {
			"rotation": [130.25, 80, -180],
			"translation": [-1.25, 6, -0.25],
			"scale": [0.55703, 0.55703, 0.55703]
		},
		"ground": {
			"rotation": [-20.48, -16.05, 38.43],
			"translation": [0, 8, 0],
			"scale": [0.6, 0.6, 0.6]
		},
		"gui": {
			"rotation": [-90, -45, -90],
			"translation": [0.5, 0.75, -1.5],
			"scale": [0.5, 0.5, 0.5]
		},
		"head": {
			"rotation": [-91.38, 44.22, -89.07],
			"translation": [2.75, -16.5, 5.5],
			"scale": [0.84805, 0.84805, 0.84805]
		},
		"fixed": {
			"rotation": [93.32, 46.25, -91.03],
			"translation": [4, 4, -7],
			"scale": [1.33047, 1.33047, 1.33047]
		}
	},
	"groups": [
		{
			"name": "group",
			"origin": [16, 9, 0],
			"color": 0,
			"children": [0, 1, 2, 3, 4, 5, 6, 7]
		},
		8,
		9,
		10,
		11,
		12,
		13,
		14,
		15,
		16,
		17,
		18,
		19,
		20,
		21,
		22,
		23,
		24,
		25,
		26,
		27,
		28,
		29,
		30,
		31,
		32
	]
}