{
	"credit": "Made with Blockbench",
	"texture_size": [32, 32],
	"textures": {
		"2": "item/blossom_crate/katana_sheath",
		"particle": "item/blossom_crate/katana_sheath"
	},
	"elements": [
		{
			"from": [3, -1.54852, 1],
			"to": [4, 0.45148, 22],
			"rotation": {"angle": 22.5, "axis": "x", "origin": [0, -1.54852, 1]},
			"faces": {
				"east": {"uv": [0, 0, 10.5, 1], "texture": "#2"},
				"south": {"uv": [5.5, 6.5, 6, 7.5], "texture": "#2"},
				"west": {"uv": [0, 1, 10.5, 2], "texture": "#2"},
				"up": {"uv": [2.5, 12.5, 2, 2], "texture": "#2"},
				"down": {"uv": [3, 2, 2.5, 12.5], "texture": "#2"}
			}
		},
		{
			"from": [2.75, -1.79852, 0],
			"to": [4.25, 0.70148, 1],
			"rotation": {"angle": 22.5, "axis": "x", "origin": [0, -1.54852, 1]},
			"faces": {
				"north": {"uv": [5, 5, 5.75, 6.25], "texture": "#2"},
				"east": {"uv": [6, 6, 6.5, 7.25], "texture": "#2"},
				"south": {"uv": [6, 3, 6.75, 4.25], "texture": "#2"},
				"west": {"uv": [5, 6.5, 5.5, 7.75], "texture": "#2"},
				"up": {"uv": [7.75, 3.5, 7, 3], "texture": "#2"},
				"down": {"uv": [7.75, 3.5, 7, 4], "texture": "#2"}
			}
		},
		{
			"from": [3.25, -2.86917, 0.94789],
			"to": [4.75, -0.36917, 1.94789],
			"rotation": {"angle": 45, "axis": "x", "origin": [4, -1.61917, 6.94789]},
			"faces": {
				"north": {"uv": [5, 5, 5.75, 6.25], "texture": "#2"},
				"east": {"uv": [6, 6, 6.5, 7.25], "texture": "#2"},
				"south": {"uv": [6, 3, 6.75, 4.25], "texture": "#2"},
				"west": {"uv": [5, 6.5, 5.5, 7.75], "texture": "#2"},
				"up": {"uv": [7.75, 3.5, 7, 3], "texture": "#2"},
				"down": {"uv": [7.75, 3.5, 7, 4], "texture": "#2"}
			}
		},
		{
			"from": [3.5, -2.61917, 1.94789],
			"to": [4.5, -0.61917, 22.94789],
			"rotation": {"angle": 45, "axis": "x", "origin": [4, -1.61917, 6.94789]},
			"faces": {
				"east": {"uv": [0, 0, 10.5, 1], "texture": "#2"},
				"south": {"uv": [5.5, 6.5, 6, 7.5], "texture": "#2"},
				"west": {"uv": [0, 1, 10.5, 2], "texture": "#2"},
				"up": {"uv": [2.5, 12.5, 2, 2], "texture": "#2"},
				"down": {"uv": [3, 2, 2.5, 12.5], "texture": "#2"}
			}
		},
		{
			"from": [2.9, -1.65495, -6.704],
			"to": [4.1, -0.45495, -6.004],
			"rotation": {"angle": 22.5, "axis": "x", "origin": [3.25, -0.55495, 2.521]},
			"faces": {
				"north": {"uv": [7.5, 7, 8, 7.5], "texture": "#2"},
				"east": {"uv": [7, 8, 7.25, 8.5], "texture": "#2"},
				"south": {"uv": [7.5, 7.5, 8, 8], "texture": "#2"},
				"west": {"uv": [8, 7, 8.25, 7.5], "texture": "#2"},
				"up": {"uv": [8, 8.25, 7.5, 8], "texture": "#2"},
				"down": {"uv": [8.5, 7.5, 8, 7.75], "texture": "#2"}
			}
		},
		{
			"from": [3, -1.55495, -7.204],
			"to": [4, -0.55495, -6.704],
			"rotation": {"angle": 22.5, "axis": "x", "origin": [3.25, -0.55495, 2.521]},
			"faces": {
				"north": {"uv": [7.5, 5.5, 8, 6], "texture": "#2"},
				"east": {"uv": [6, 8, 6.25, 8.5], "texture": "#2"},
				"west": {"uv": [8, 6, 8.25, 6.5], "texture": "#2"},
				"up": {"uv": [7, 8.25, 6.5, 8], "texture": "#2"},
				"down": {"uv": [8.5, 6.5, 8, 6.75], "texture": "#2"}
			}
		},
		{
			"from": [3.25, -1.80495, -7.454],
			"to": [3.75, -0.30495, -6.454],
			"rotation": {"angle": 22.5, "axis": "x", "origin": [3.25, -0.55495, 2.521]},
			"faces": {
				"north": {"uv": [8, 2, 8.25, 2.75], "texture": "#2"},
				"east": {"uv": [7, 5, 7.5, 5.75], "texture": "#2"},
				"south": {"uv": [8, 3, 8.25, 3.75], "texture": "#2"},
				"west": {"uv": [6.5, 7, 7, 7.75], "texture": "#2"},
				"up": {"uv": [5.75, 8.5, 5.5, 8], "texture": "#2"},
				"down": {"uv": [8.25, 5.5, 8, 6], "texture": "#2"}
			}
		},
		{
			"from": [3.25, -1.80495, 0.496],
			"to": [3.75, -0.30495, 1.496],
			"rotation": {"angle": 22.5, "axis": "x", "origin": [3.25, -0.55495, 2.521]},
			"faces": {
				"north": {"uv": [8, 4, 8.25, 4.75], "texture": "#2"},
				"east": {"uv": [7, 7, 7.5, 7.75], "texture": "#2"},
				"south": {"uv": [5, 8, 5.25, 8.75], "texture": "#2"},
				"west": {"uv": [7.5, 2, 8, 2.75], "texture": "#2"},
				"up": {"uv": [8.25, 8.5, 8, 8], "texture": "#2"},
				"down": {"uv": [8.75, 2, 8.5, 2.5], "texture": "#2"}
			}
		},
		{
			"from": [2.5, -2.05495, -0.004],
			"to": [4.5, -0.05495, 0.496],
			"rotation": {"angle": 22.5, "axis": "x", "origin": [3.25, -0.55495, 2.521]},
			"faces": {
				"north": {"uv": [5, 3, 6, 4], "texture": "#2"},
				"east": {"uv": [4, 7.5, 4.25, 8.5], "texture": "#2"},
				"south": {"uv": [5, 4, 6, 5], "texture": "#2"},
				"west": {"uv": [4.5, 7.5, 4.75, 8.5], "texture": "#2"},
				"up": {"uv": [8.5, 5.25, 7.5, 5], "texture": "#2"},
				"down": {"uv": [6.5, 7.5, 5.5, 7.75], "texture": "#2"}
			}
		},
		{
			"from": [3, -1.55495, -6.004],
			"to": [4, -0.55495, -0.004],
			"rotation": {"angle": 22.5, "axis": "x", "origin": [3.25, -0.55495, 2.521]},
			"faces": {
				"east": {"uv": [4, 2, 7, 2.5], "texture": "#2"},
				"west": {"uv": [4, 2.5, 7, 3], "texture": "#2"},
				"up": {"uv": [4.5, 6, 4, 3], "texture": "#2"},
				"down": {"uv": [5, 3, 4.5, 6], "texture": "#2"}
			}
		}
	],
	"gui_light": "front",
	"display": {
		"thirdperson_righthand": {
			"rotation": [150.98, -29.41, 104.15],
			"translation": [-6, -2, 2.75],
			"scale": [0.63477, 0.63477, 0.63477]
		},
		"thirdperson_lefthand": {
			"rotation": [67, 0, 0],
			"translation": [-5.75, -0.5, 12.25]
		},
		"firstperson_righthand": {
			"rotation": [39, 0, 0],
			"translation": [7.25, 0.5, 2.75]
		},
		"firstperson_lefthand": {
			"rotation": [-10, 0, 0],
			"translation": [0, 7, 2.75]
		},
		"ground": {
			"rotation": [-1, 0, 0],
			"translation": [3.25, 5, 0],
			"scale": [0.8, 0.8, 0.8]
		},
		"gui": {
			"rotation": [-90, 107, 90],
			"translation": [3.75, 9.25, 0],
			"scale": [0.78, 0.78, 0.78]
		},
		"head": {
			"translation": [-0.75, -80, 0],
			"scale": [1.5, 1.5, 1.5]
		},
		"fixed": {
			"rotation": [0, -90, 0],
			"translation": [2.75, 4.5, 7.25],
			"scale": [2, 2, 2]
		}
	},
	"USER": "3651",
	"NONCE": "63dc7da1e7c6762c9838ceb1086004f1",
	"TIMESTAMP": "1742408630",
	"RESOURCE": "11478",
	"mcmodels": "63dc7da1e7c6762c9838ceb1086004f1"
}