{
	"credit": "Made with Blockbench",
	"texture_size": [32, 32],
	"textures": {
		"0": "item/skins/sword/breaker_blade",
		"particle": "item/skins/sword/breaker_blade"
	},
	"elements": [
		{
			"from": [7.5, -15, 7.5],
			"to": [8.5, -8, 8.5],
			"rotation": {"angle": 0, "axis": "y", "origin": [4, -13, 4]},
			"faces": {
				"north": {"uv": [9, 8, 9.5, 11.5], "texture": "#0"},
				"east": {"uv": [9.5, 8, 10, 11.5], "texture": "#0"},
				"south": {"uv": [7, 10, 7.5, 13.5], "texture": "#0"},
				"west": {"uv": [7.5, 10, 8, 13.5], "texture": "#0"},
				"up": {"uv": [11.5, 6.5, 11, 6], "texture": "#0"},
				"down": {"uv": [11.5, 6.5, 11, 7], "texture": "#0"}
			}
		},
		{
			"from": [7, -8, 4.75],
			"to": [9, -5.5, 11.25],
			"rotation": {"angle": 0, "axis": "y", "origin": [4, -10, 4]},
			"faces": {
				"north": {"uv": [10, 8, 11, 9.25], "texture": "#0"},
				"east": {"uv": [7, 0, 10.25, 1.25], "texture": "#0"},
				"south": {"uv": [10, 9.5, 11, 10.75], "texture": "#0"},
				"west": {"uv": [7, 1.5, 10.25, 2.75], "texture": "#0"},
				"up": {"uv": [8, 6.25, 7, 3], "texture": "#0"},
				"down": {"uv": [8, 6.5, 7, 9.75], "texture": "#0"}
			}
		},
		{
			"from": [7.5, -5.5, 9],
			"to": [8.5, 24.5, 10.5],
			"rotation": {"angle": 0, "axis": "y", "origin": [4, -10, 3.75]},
			"faces": {
				"north": {"uv": [6, 0, 6.5, 15], "texture": "#0"},
				"east": {"uv": [4, 0, 4.75, 15], "texture": "#0"},
				"south": {"uv": [6.5, 0, 7, 15], "texture": "#0"},
				"west": {"uv": [5, 0, 5.75, 15], "texture": "#0"},
				"up": {"uv": [11, 7.75, 10.5, 7], "texture": "#0"},
				"down": {"uv": [11.5, 2, 11, 2.75], "texture": "#0"}
			}
		},
		{
			"from": [7.75, -5.5, 5.5],
			"to": [8.25, 20, 9],
			"rotation": {"angle": 0, "axis": "y", "origin": [4, -10, 3.75]},
			"faces": {
				"north": {"uv": [15.75, 0, 16, 12.75], "texture": "#0"},
				"east": {"uv": [14.25, 0, 16, 12.75], "texture": "#0"},
				"south": {"uv": [14.25, 0, 14.5, 12.75], "texture": "#0"},
				"west": {"uv": [16, 0, 14.25, 12.75], "texture": "#0"},
				"up": {"uv": [10.75, 6.75, 10.5, 5], "texture": "#0"},
				"down": {"uv": [11.25, 0, 11, 1.75], "texture": "#0"}
			}
		},
		{
			"from": [7.74, 19.99, 5.49],
			"to": [8.26, 25.01, 8.01],
			"rotation": {"angle": 45, "axis": "x", "origin": [8.25, 20, 5.5]},
			"faces": {
				"north": {"uv": [9, 5.5, 9.25, 8], "texture": "#0"},
				"east": {"uv": [10.25, 5.5, 9, 8], "texture": "#0"},
				"south": {"uv": [10.5, 2.5, 10.75, 5], "texture": "#0"},
				"west": {"uv": [9, 5.5, 10.25, 8], "texture": "#0"},
				"up": {"uv": [11.25, 4.25, 11, 3], "texture": "#0"},
				"down": {"uv": [11.25, 4.5, 11, 5.75], "texture": "#0"}
			}
		},
		{
			"from": [7.375, -15.625, 7.375],
			"to": [8.625, -14.375, 8.625],
			"rotation": {"angle": 45, "axis": "x", "origin": [8, -15, 8]},
			"faces": {
				"north": {"uv": [11, 7, 11.5, 7.5], "texture": "#0"},
				"east": {"uv": [11, 7.5, 11.5, 8], "texture": "#0"},
				"south": {"uv": [11, 8, 11.5, 8.5], "texture": "#0"},
				"west": {"uv": [11, 8.5, 11.5, 9], "texture": "#0"},
				"up": {"uv": [11.5, 9.5, 11, 9], "texture": "#0"},
				"down": {"uv": [11.5, 9.5, 11, 10], "texture": "#0"}
			}
		}
	],
	"gui_light": "front",
	"display": {
		"thirdperson_righthand": {
			"translation": [0, 33, 2],
			"scale": [2, 2, 2]
		},
		"thirdperson_lefthand": {
			"translation": [0, 33, 2],
			"scale": [2, 2, 2]
		},
		"firstperson_righthand": {
			"rotation": [-22.5, 10, 0],
			"translation": [-2.5, 14, 0],
			"scale": [0.8, 0.8, 0.8]
		},
		"firstperson_lefthand": {
			"rotation": [-22.5, 10, 0],
			"translation": [-2.5, 14, 0],
			"scale": [0.8, 0.8, 0.8]
		},
		"ground": {
			"rotation": [10, 0, 0],
			"translation": [0, 18, 0],
			"scale": [0.8, 0.8, 0.8]
		},
		"gui": {
			"rotation": [65, 43.5, -70],
			"translation": [1, 1.6, 0],
			"scale": [0.5, 0.5, 0.5]
		},
		"fixed": {
			"rotation": [0, -90, 0],
			"translation": [0, 1.75, 0],
			"scale": [0.48, 0.48, 0.48]
		}
	}
}