{
	"credit": "Made with Blockbench",
	"textures": {
		"0": "item/monstertower/autumn_festival/pickaxe",
		"1": "item/monstertower/autumn_festival/eff03",
		"2": "item/monstertower/autumn_festival/clouds_eff",
		"3": "item/monstertower/autumn_festival/pickaxe_1",
		"particle": "item/monstertower/autumn_festival/pickaxe"
	},
	"elements": [
		{
			"from": [8, 13.06568, -8],
			"to": [8, 23.06568, 2],
			"rotation": {"angle": 0, "axis": "x", "origin": [8, 18.06568, -3]},
			"faces": {
				"east": {"uv": [16, 0, 0, 16], "texture": "#3"},
				"west": {"uv": [0, 0, 16, 16], "texture": "#3"}
			}
		},
		{
			"from": [7.1, 17.68573, -0.40745],
			"to": [8.9, 19.43573, 3.34255],
			"rotation": {"angle": 45, "axis": "x", "origin": [8, 16.68416, 1.34859]},
			"faces": {
				"north": {"uv": [13.4, 6.4, 12.4, 7.2], "rotation": 180, "texture": "#0"},
				"east": {"uv": [2.4, 11.2, 3.2, 12.8], "rotation": 270, "texture": "#0"},
				"south": {"uv": [13.4, 6.4, 12.4, 5.6], "texture": "#0"},
				"west": {"uv": [11.2, 3.2, 12, 4.8], "rotation": 90, "texture": "#0"},
				"up": {"uv": [2.4, 9.6, 3.4, 11.2], "rotation": 180, "texture": "#0"},
				"down": {"uv": [0, 10, 1, 11.6], "texture": "#0"}
			}
		},
		{
			"from": [7.1, 14.68573, -0.40745],
			"to": [8.9, 17.68573, 0.94255],
			"rotation": {"angle": 45, "axis": "x", "origin": [8, 16.68416, 1.34859]},
			"faces": {
				"north": {"uv": [11.4, 11.2, 10.4, 12.4], "rotation": 180, "texture": "#0"},
				"east": {"uv": [9.6, 12.4, 10.8, 13], "rotation": 270, "texture": "#0"},
				"south": {"uv": [12.2, 10.8, 11.2, 9.6], "texture": "#0"},
				"west": {"uv": [12.4, 12, 13.6, 12.6], "rotation": 90, "texture": "#0"},
				"up": {"uv": [8.4, 13.6, 9.4, 14.2], "rotation": 180, "texture": "#0"},
				"down": {"uv": [10.4, 13.6, 11.4, 14.2], "texture": "#0"}
			}
		},
		{
			"from": [7.1, 14.68573, 0.94255],
			"to": [8.9, 15.68573, 3.34255],
			"rotation": {"angle": 45, "axis": "x", "origin": [8, 16.68416, 1.34859]},
			"faces": {
				"north": {"uv": [15, 10, 14, 10.4], "rotation": 180, "texture": "#0"},
				"east": {"uv": [7.2, 6, 7.6, 7], "rotation": 270, "texture": "#0"},
				"south": {"uv": [15, 10, 14, 9.6], "texture": "#0"},
				"west": {"uv": [4.4, 8.4, 4.8, 9.4], "rotation": 90, "texture": "#0"},
				"up": {"uv": [11.6, 10.8, 12.6, 11.8], "rotation": 180, "texture": "#0"},
				"down": {"uv": [12, 0, 13, 1], "texture": "#0"}
			}
		},
		{
			"from": [7.1, 15.68573, 2.34255],
			"to": [8.9, 16.68573, 3.34255],
			"rotation": {"angle": 45, "axis": "x", "origin": [8, 16.68416, 1.34859]},
			"faces": {
				"north": {"uv": [15.4, 1.2, 14.4, 1.6], "rotation": 180, "texture": "#0"},
				"east": {"uv": [8.8, 9.2, 9.2, 9.6], "rotation": 270, "texture": "#0"},
				"south": {"uv": [15.4, 1.2, 14.4, 0.8], "texture": "#0"},
				"west": {"uv": [1.2, 10, 1.6, 10.4], "rotation": 90, "texture": "#0"},
				"up": {"uv": [14, 12.8, 15, 13.2], "rotation": 180, "texture": "#0"},
				"down": {"uv": [14, 13.2, 15, 13.6], "texture": "#0"}
			}
		},
		{
			"from": [7.2, 15.01128, 2.44037],
			"to": [8.8, 18.31128, 5.74037],
			"rotation": {"angle": 45, "axis": "x", "origin": [8, 17.28744, 4.27903]},
			"faces": {
				"north": {"uv": [1.6, 11.6, 0.8, 13], "texture": "#0"},
				"east": {"uv": [10.6, 4.8, 9.2, 6.2], "texture": "#0"},
				"south": {"uv": [0.8, 11.6, 0, 13], "texture": "#0"},
				"west": {"uv": [10.6, 6.4, 9.2, 7.8], "texture": "#0"},
				"up": {"uv": [12.4, 6.4, 11.6, 7.8], "texture": "#0"},
				"down": {"uv": [12.4, 9.4, 11.6, 8], "texture": "#0"}
			}
		},
		{
			"from": [6, 15, 4.5],
			"to": [10, 19, 6.5],
			"rotation": {"angle": -45, "axis": "z", "origin": [8, 17, 11.25]},
			"faces": {
				"north": {"uv": [1.6, 8.4, 0, 10], "texture": "#0"},
				"east": {"uv": [11.2, 9.6, 10.4, 11.2], "texture": "#0"},
				"south": {"uv": [9.2, 7.6, 7.6, 9.2], "texture": "#0"},
				"west": {"uv": [5.2, 10.8, 4.4, 12.4], "texture": "#0"},
				"up": {"uv": [12.4, 4.8, 10.8, 5.6], "texture": "#0"},
				"down": {"uv": [12.4, 6.4, 10.8, 5.6], "texture": "#0"}
			}
		},
		{
			"from": [6, 15, 9.5],
			"to": [10, 19, 11.5],
			"rotation": {"angle": -45, "axis": "z", "origin": [8, 17, 4.75]},
			"faces": {
				"north": {"uv": [7.6, 7.6, 9.2, 9.2], "texture": "#0"},
				"east": {"uv": [10.4, 9.6, 11.2, 11.2], "texture": "#0"},
				"south": {"uv": [0, 8.4, 1.6, 10], "texture": "#0"},
				"west": {"uv": [4.4, 10.8, 5.2, 12.4], "texture": "#0"},
				"up": {"uv": [12.4, 5.6, 10.8, 4.8], "texture": "#0"},
				"down": {"uv": [12.4, 5.6, 10.8, 6.4], "texture": "#0"}
			}
		},
		{
			"from": [7.2, 15.01128, 10.25963],
			"to": [8.8, 18.31128, 13.55963],
			"rotation": {"angle": -45, "axis": "x", "origin": [8, 17.28744, 11.72097]},
			"faces": {
				"north": {"uv": [0, 11.6, 0.8, 13], "texture": "#0"},
				"east": {"uv": [9.2, 4.8, 10.6, 6.2], "texture": "#0"},
				"south": {"uv": [0.8, 11.6, 1.6, 13], "texture": "#0"},
				"west": {"uv": [9.2, 6.4, 10.6, 7.8], "texture": "#0"},
				"up": {"uv": [12.4, 7.8, 11.6, 6.4], "texture": "#0"},
				"down": {"uv": [12.4, 8, 11.6, 9.4], "texture": "#0"}
			}
		},
		{
			"from": [8, 10.81568, 10.35],
			"to": [8, 14.81568, 14.35],
			"rotation": {"angle": 0, "axis": "y", "origin": [8, 13.81568, 11.35]},
			"faces": {
				"north": {"uv": [0, 0, 16, 16], "texture": "#1"},
				"east": {"uv": [0, 0, 16, 16], "texture": "#1"},
				"south": {"uv": [0, 0, 16, 16], "texture": "#1"},
				"west": {"uv": [0, 0, 16, 16], "texture": "#1"},
				"up": {"uv": [0, 0, 16, 16], "rotation": 180, "texture": "#1"},
				"down": {"uv": [0, 0, 16, 16], "rotation": 180, "texture": "#1"}
			}
		},
		{
			"from": [7, 11, 7],
			"to": [9, 15, 11],
			"rotation": {"angle": -45, "axis": "x", "origin": [7.5, 12, 8]},
			"faces": {
				"north": {"uv": [5.2, 10.8, 6, 12.4], "texture": "#0"},
				"east": {"uv": [8.4, 0, 10, 1.6], "texture": "#0"},
				"south": {"uv": [10.8, 6.4, 11.6, 8], "texture": "#0"},
				"west": {"uv": [8.4, 1.6, 10, 3.2], "texture": "#0"},
				"up": {"uv": [8, 12.4, 7.2, 10.8], "texture": "#0"},
				"down": {"uv": [8.8, 10.8, 8, 12.4], "texture": "#0"}
			}
		},
		{
			"from": [7, 18, 7],
			"to": [9, 22, 11],
			"rotation": {"angle": -45, "axis": "x", "origin": [7.5, 19, 8]},
			"faces": {
				"north": {"uv": [8.8, 10.8, 9.6, 12.4], "texture": "#0"},
				"east": {"uv": [8.4, 3.2, 10, 4.8], "texture": "#0"},
				"south": {"uv": [9.6, 10.8, 10.4, 12.4], "texture": "#0"},
				"west": {"uv": [6, 8.8, 7.6, 10.4], "texture": "#0"},
				"up": {"uv": [12, 1.6, 11.2, 0], "texture": "#0"},
				"down": {"uv": [12, 1.6, 11.2, 3.2], "texture": "#0"}
			}
		},
		{
			"from": [6.5, 14, 5],
			"to": [9.5, 20, 11],
			"rotation": {"angle": -45, "axis": "x", "origin": [8, 17, 8]},
			"faces": {
				"north": {"uv": [7.2, 0, 8.4, 2.4], "texture": "#0"},
				"east": {"uv": [0, 4.8, 2.4, 7.2], "texture": "#0"},
				"south": {"uv": [2.4, 7.2, 3.6, 9.6], "texture": "#0"},
				"west": {"uv": [4.8, 0, 7.2, 2.4], "texture": "#0"},
				"up": {"uv": [8.4, 6, 7.2, 3.6], "texture": "#0"},
				"down": {"uv": [6, 7.2, 4.8, 9.6], "texture": "#0"}
			}
		},
		{
			"from": [7.25, 9, 8],
			"to": [8.75, 12, 11],
			"rotation": {"angle": -45, "axis": "x", "origin": [7, 9, 8]},
			"faces": {
				"north": {"uv": [8, 12.4, 8.6, 13.6], "texture": "#0"},
				"east": {"uv": [10, 0, 11.2, 1.2], "texture": "#0"},
				"south": {"uv": [12.4, 8, 13, 9.2], "texture": "#0"},
				"west": {"uv": [10, 1.2, 11.2, 2.4], "texture": "#0"},
				"up": {"uv": [9.4, 13.6, 8.8, 12.4], "texture": "#0"},
				"down": {"uv": [13, 9.2, 12.4, 10.4], "texture": "#0"}
			}
		},
		{
			"from": [6.85, 7.5, 7.25],
			"to": [9.15, 11.25, 9],
			"rotation": {"angle": -45, "axis": "x", "origin": [7.5, 8.25, 8]},
			"faces": {
				"north": {"uv": [2.4, 9.6, 3.4, 11.2], "texture": "#0"},
				"east": {"uv": [2.4, 11.2, 3.2, 12.8], "texture": "#0"},
				"south": {"uv": [0, 10, 1, 11.6], "texture": "#0"},
				"west": {"uv": [11.2, 3.2, 12, 4.8], "texture": "#0"},
				"up": {"uv": [13.4, 6.4, 12.4, 5.6], "texture": "#0"},
				"down": {"uv": [13.4, 6.4, 12.4, 7.2], "texture": "#0"}
			}
		},
		{
			"from": [6.85, 7.5, 9],
			"to": [9.15, 8.85, 12],
			"rotation": {"angle": -45, "axis": "x", "origin": [7.5, 8.25, 8]},
			"faces": {
				"north": {"uv": [8.4, 13.6, 9.4, 14.2], "texture": "#0"},
				"east": {"uv": [9.6, 12.4, 10.8, 13], "texture": "#0"},
				"south": {"uv": [10.4, 13.6, 11.4, 14.2], "texture": "#0"},
				"west": {"uv": [12.4, 12, 13.6, 12.6], "texture": "#0"},
				"up": {"uv": [12.2, 10.8, 11.2, 9.6], "texture": "#0"},
				"down": {"uv": [11.4, 11.2, 10.4, 12.4], "texture": "#0"}
			}
		},
		{
			"from": [6.85, 8.85, 11],
			"to": [9.15, 11.25, 12],
			"rotation": {"angle": -45, "axis": "x", "origin": [7.5, 8.25, 8]},
			"faces": {
				"north": {"uv": [11.6, 10.8, 12.6, 11.8], "texture": "#0"},
				"east": {"uv": [7.2, 6, 7.6, 7], "texture": "#0"},
				"south": {"uv": [12, 0, 13, 1], "texture": "#0"},
				"west": {"uv": [4.4, 8.4, 4.8, 9.4], "texture": "#0"},
				"up": {"uv": [15, 10, 14, 9.6], "texture": "#0"},
				"down": {"uv": [15, 10, 14, 10.4], "texture": "#0"}
			}
		},
		{
			"from": [6.85, 10.25, 10],
			"to": [9.15, 11.25, 11],
			"rotation": {"angle": -45, "axis": "x", "origin": [7.5, 8.25, 8]},
			"faces": {
				"north": {"uv": [14, 12.8, 15, 13.2], "texture": "#0"},
				"east": {"uv": [8.8, 9.2, 9.2, 9.6], "texture": "#0"},
				"south": {"uv": [14, 13.2, 15, 13.6], "texture": "#0"},
				"west": {"uv": [1.2, 10, 1.6, 10.4], "texture": "#0"},
				"up": {"uv": [15.4, 1.2, 14.4, 0.8], "texture": "#0"},
				"down": {"uv": [15.4, 1.2, 14.4, 1.6], "texture": "#0"}
			}
		},
		{
			"from": [7, 6.91421, 7],
			"to": [9, 7.91421, 9],
			"rotation": {"angle": 0, "axis": "y", "origin": [8, 5.91421, 8]},
			"faces": {
				"north": {"uv": [2.4, 14.4, 3.2, 14.8], "texture": "#0"},
				"east": {"uv": [14.4, 2.4, 15.2, 2.8], "texture": "#0"},
				"south": {"uv": [14.4, 2.8, 15.2, 3.2], "texture": "#0"},
				"west": {"uv": [14.4, 3.2, 15.2, 3.6], "texture": "#0"},
				"up": {"uv": [14.4, 4, 13.6, 3.2], "texture": "#0"},
				"down": {"uv": [14.4, 4, 13.6, 4.8], "texture": "#0"}
			}
		},
		{
			"from": [7.5, -9.08579, 7.5],
			"to": [8.5, 6.91421, 8.5],
			"rotation": {"angle": 0, "axis": "y", "origin": [8, 4.91421, 8]},
			"faces": {
				"north": {"uv": [1.6, 8.4, 2, 14.8], "texture": "#0"},
				"east": {"uv": [2, 8.4, 2.4, 14.8], "texture": "#0"},
				"south": {"uv": [3.6, 8.4, 4, 14.8], "texture": "#0"},
				"west": {"uv": [4, 8.4, 4.4, 14.8], "texture": "#0"},
				"up": {"uv": [1.6, 10.8, 1.2, 10.4], "texture": "#0"},
				"down": {"uv": [7.6, 10.4, 7.2, 10.8], "texture": "#0"}
			}
		},
		{
			"from": [7, 4.91421, 7],
			"to": [9, 5.91421, 9],
			"rotation": {"angle": 0, "axis": "y", "origin": [8, 3.91421, 8]},
			"faces": {
				"north": {"uv": [14.4, 3.6, 15.2, 4], "texture": "#0"},
				"east": {"uv": [14.4, 4, 15.2, 4.4], "texture": "#0"},
				"south": {"uv": [14.4, 4.4, 15.2, 4.8], "texture": "#0"},
				"west": {"uv": [14.4, 5.6, 15.2, 6], "texture": "#0"},
				"up": {"uv": [14.4, 6.4, 13.6, 5.6], "texture": "#0"},
				"down": {"uv": [14.4, 6.4, 13.6, 7.2], "texture": "#0"}
			}
		},
		{
			"from": [7, -5.58579, 7],
			"to": [9, -4.58579, 9],
			"rotation": {"angle": 0, "axis": "y", "origin": [8, -6.58579, 8]},
			"faces": {
				"north": {"uv": [2.4, 14.4, 3.2, 14.8], "texture": "#0"},
				"east": {"uv": [14.4, 2.4, 15.2, 2.8], "texture": "#0"},
				"south": {"uv": [14.4, 2.8, 15.2, 3.2], "texture": "#0"},
				"west": {"uv": [14.4, 3.2, 15.2, 3.6], "texture": "#0"},
				"up": {"uv": [14.4, 4, 13.6, 3.2], "texture": "#0"},
				"down": {"uv": [14.4, 4, 13.6, 4.8], "texture": "#0"}
			}
		},
		{
			"from": [7, -7.58579, 7],
			"to": [9, -6.58579, 9],
			"rotation": {"angle": 0, "axis": "y", "origin": [8, -8.58579, 8]},
			"faces": {
				"north": {"uv": [14.4, 3.6, 15.2, 4], "texture": "#0"},
				"east": {"uv": [14.4, 4, 15.2, 4.4], "texture": "#0"},
				"south": {"uv": [14.4, 4.4, 15.2, 4.8], "texture": "#0"},
				"west": {"uv": [14.4, 5.6, 15.2, 6], "texture": "#0"},
				"up": {"uv": [14.4, 6.4, 13.6, 5.6], "texture": "#0"},
				"down": {"uv": [14.4, 6.4, 13.6, 7.2], "texture": "#0"}
			}
		},
		{
			"from": [7.05, -11, 8],
			"to": [8.95, -8, 11],
			"rotation": {"angle": -45, "axis": "x", "origin": [7.45, -11, 8]},
			"faces": {
				"north": {"uv": [8.4, 4.8, 9.2, 6], "texture": "#0"},
				"east": {"uv": [10, 2.4, 11.2, 3.6], "texture": "#0"},
				"south": {"uv": [12, 1.2, 12.8, 2.4], "texture": "#0"},
				"west": {"uv": [10, 3.6, 11.2, 4.8], "texture": "#0"},
				"up": {"uv": [12.8, 3.6, 12, 2.4], "texture": "#0"},
				"down": {"uv": [12.8, 3.6, 12, 4.8], "texture": "#0"}
			}
		},
		{
			"from": [7.1, -13.25, 7.25],
			"to": [8.9, -10.5, 8.5],
			"rotation": {"angle": -45, "axis": "x", "origin": [7.5, -12.5, 8]},
			"faces": {
				"north": {"uv": [6, 12, 6.8, 13.2], "texture": "#0"},
				"east": {"uv": [10.8, 12.4, 11.4, 13.6], "texture": "#0"},
				"south": {"uv": [11.6, 12, 12.4, 13.2], "texture": "#0"},
				"west": {"uv": [12.8, 1.2, 13.4, 2.4], "texture": "#0"},
				"up": {"uv": [14.4, 14.2, 13.6, 13.6], "texture": "#0"},
				"down": {"uv": [0.8, 14, 0, 14.6], "texture": "#0"}
			}
		},
		{
			"from": [7.25, -12.5, 9],
			"to": [8.75, -10.5, 11],
			"rotation": {"angle": -45, "axis": "x", "origin": [7, -13.5, 8]},
			"faces": {
				"north": {"uv": [14, 0, 14.6, 0.8], "texture": "#0"},
				"east": {"uv": [13.6, 7.2, 14.4, 8], "texture": "#0"},
				"south": {"uv": [0.8, 14, 1.4, 14.8], "texture": "#0"},
				"west": {"uv": [7.6, 13.6, 8.4, 14.4], "texture": "#0"},
				"up": {"uv": [5, 14.8, 4.4, 14], "texture": "#0"},
				"down": {"uv": [14.6, 4.8, 14, 5.6], "texture": "#0"}
			}
		},
		{
			"from": [7.1, -13.25, 8.5],
			"to": [8.9, -12, 10],
			"rotation": {"angle": -45, "axis": "x", "origin": [7.5, -12.5, 8]},
			"faces": {
				"north": {"uv": [5.2, 14, 6, 14.6], "texture": "#0"},
				"east": {"uv": [11.6, 14, 12.2, 14.6], "texture": "#0"},
				"south": {"uv": [6, 14, 6.8, 14.6], "texture": "#0"},
				"west": {"uv": [14.4, 1.6, 15, 2.2], "texture": "#0"},
				"up": {"uv": [7.6, 14.6, 6.8, 14], "texture": "#0"},
				"down": {"uv": [14.8, 8, 14, 8.6], "texture": "#0"}
			}
		},
		{
			"from": [6.75, 8.81568, 3],
			"to": [6.75, 16.81568, 11],
			"rotation": {"angle": 0, "axis": "y", "origin": [-1, 12.81568, 8]},
			"faces": {
				"north": {"uv": [0, 0, 16, 16], "texture": "#2"},
				"east": {"uv": [0, 0, 16, 16], "texture": "#2"},
				"south": {"uv": [0, 0, 16, 16], "texture": "#2"},
				"west": {"uv": [0, 0, 16, 16], "texture": "#2"},
				"up": {"uv": [0, 0, 16, 16], "rotation": 180, "texture": "#2"},
				"down": {"uv": [0, 0, 16, 16], "rotation": 180, "texture": "#2"}
			}
		},
		{
			"from": [6.75, 6.56568, 6],
			"to": [6.75, 14.56568, 14],
			"rotation": {"angle": 0, "axis": "y", "origin": [6.75, 12.81568, 7]},
			"faces": {
				"north": {"uv": [0, 0, 16, 16], "texture": "#2"},
				"east": {"uv": [0, 0, 16, 16], "texture": "#2"},
				"south": {"uv": [0, 0, 16, 16], "texture": "#2"},
				"west": {"uv": [16, 0, 0, 16], "texture": "#2"},
				"up": {"uv": [0, 0, 16, 16], "texture": "#2"},
				"down": {"uv": [0, 0, 16, 16], "texture": "#2"}
			}
		},
		{
			"from": [9.25, 8.81568, 3],
			"to": [9.25, 16.81568, 11],
			"rotation": {"angle": 0, "axis": "y", "origin": [17, 12.81568, 8]},
			"faces": {
				"north": {"uv": [16, 0, 0, 16], "texture": "#2"},
				"east": {"uv": [16, 0, 0, 16], "texture": "#2"},
				"south": {"uv": [16, 0, 0, 16], "texture": "#2"},
				"west": {"uv": [16, 0, 0, 16], "texture": "#2"},
				"up": {"uv": [16, 0, 0, 16], "rotation": 180, "texture": "#2"},
				"down": {"uv": [16, 0, 0, 16], "rotation": 180, "texture": "#2"}
			}
		},
		{
			"from": [9.25, 6.56568, 6],
			"to": [9.25, 14.56568, 14],
			"rotation": {"angle": 0, "axis": "y", "origin": [9.25, 12.81568, 7]},
			"faces": {
				"north": {"uv": [16, 0, 0, 16], "texture": "#2"},
				"east": {"uv": [0, 0, 16, 16], "texture": "#2"},
				"south": {"uv": [16, 0, 0, 16], "texture": "#2"},
				"west": {"uv": [16, 0, 0, 16], "texture": "#2"},
				"up": {"uv": [16, 0, 0, 16], "texture": "#2"},
				"down": {"uv": [16, 0, 0, 16], "texture": "#2"}
			}
		}
	],
	"gui_light": "front",
	"display": {
		"thirdperson_righthand": {
			"translation": [0, 4.25, 1],
			"scale": [0.65, 0.65, 0.65]
		},
		"thirdperson_lefthand": {
			"translation": [0, 4.25, 1],
			"scale": [0.65, 0.65, 0.65]
		},
		"firstperson_righthand": {
			"rotation": [-17.75, 23, 1],
			"translation": [12.5, 1, -9.75],
			"scale": [1.08789, 1.08789, 1.08789]
		},
		"firstperson_lefthand": {
			"rotation": [-17.75, 23, 1],
			"translation": [12.5, 1, -9.75],
			"scale": [1.08789, 1.08789, 1.08789]
		},
		"ground": {
			"rotation": [-2, 0, -74],
			"translation": [1.5, 2, 0],
			"scale": [0.6, 0.6, 0.6]
		},
		"gui": {
			"rotation": [-90, 45, 90],
			"translation": [0.25, 0.75, -3.5],
			"scale": [0.39219, 0.39219, 0.39219]
		},
		"head": {
			"scale": [0, 0, 0]
		},
		"fixed": {
			"rotation": [-90, 90, 90],
			"translation": [-0.25, 6, -2],
			"scale": [1.35, 1.35, 1.35]
		}
	},
	"groups": [
		{
			"name": "hammer",
			"origin": [7.5, -12.5, 16],
			"color": 0,
			"children": [
				{
					"name": "group",
					"origin": [8, 16.68416, -1.65141],
					"color": 0,
					"children": [0, 1, 2, 3, 4, 5, 6]
				},
				{
					"name": "group",
					"origin": [8, 17.28744, 11.47097],
					"color": 0,
					"children": [7, 8, 9]
				},
				10,
				11,
				12,
				13,
				14,
				15,
				16,
				17,
				18,
				19,
				20,
				21,
				22,
				23,
				24,
				25,
				26,
				27,
				28,
				29,
				30
			]
		}
	]
}