{
	"textures": {
		"0": "item/cosmetics/hats/burgerhead"
	},
	"elements": [
		{
			"from": [2, 0, 3],
			"to": [14, 2, 14],
			"faces": {
				"north": {"uv": [3.25, 11.25, 6.25, 11.75], "texture": "#0"},
				"east": {"uv": [0, 11.75, 2.75, 12.25], "texture": "#0"},
				"south": {"uv": [10.25, 11.5, 13.25, 12], "texture": "#0"},
				"west": {"uv": [2.75, 11.75, 5.5, 12.25], "texture": "#0"},
				"up": {"uv": [7.25, 9.25, 4.25, 6.5], "texture": "#0"},
				"down": {"uv": [10.25, 6.5, 7.25, 9.25], "texture": "#0"}
			}
		},
		{
			"from": [2, 7, 3],
			"to": [14, 11, 14],
			"faces": {
				"north": {"uv": [10.25, 7.5, 13.25, 8.5], "texture": "#0"},
				"east": {"uv": [10.75, 1.75, 13.5, 2.75], "texture": "#0"},
				"south": {"uv": [10.75, 0, 13.75, 1], "texture": "#0"},
				"west": {"uv": [7.5, 11, 10.25, 12], "texture": "#0"},
				"up": {"uv": [3, 10.25, 0, 7.5], "texture": "#0"},
				"down": {"uv": [10.75, 0, 7.75, 2.75], "texture": "#0"}
			}
		},
		{
			"from": [-1, -2, 1],
			"to": [16, 2, 1],
			"rotation": {"angle": 0, "axis": "y", "origin": [7.5, 4, 8.5]},
			"faces": {
				"north": {"uv": [7.75, 2.75, 12, 3.75], "texture": "#0"},
				"east": {"uv": [0, 0, 0, 1], "texture": "#0"},
				"south": {"uv": [7.75, 3.75, 12, 4.75], "texture": "#0"},
				"west": {"uv": [0, 0, 0, 1], "texture": "#0"},
				"up": {"uv": [4.25, 0, 0, 0], "texture": "#0"},
				"down": {"uv": [4.25, 0, 0, 0], "texture": "#0"}
			}
		},
		{
			"from": [0.75, 5, 2],
			"to": [14.75, 7, 15],
			"rotation": {"angle": -22.5, "axis": "y", "origin": [8, 7, 8.5]},
			"faces": {
				"north": {"uv": [11, 9.25, 14.5, 9.75], "texture": "#0"},
				"east": {"uv": [10.25, 11, 13.5, 11.5], "texture": "#0"},
				"south": {"uv": [11, 9.75, 14.5, 10.25], "texture": "#0"},
				"west": {"uv": [0, 11.25, 3.25, 11.75], "texture": "#0"},
				"up": {"uv": [7.75, 3.25, 4.25, 0], "texture": "#0"},
				"down": {"uv": [7.75, 3.25, 4.25, 6.5], "texture": "#0"}
			}
		},
		{
			"from": [-1, 2, 1],
			"to": [16, 5, 16],
			"rotation": {"angle": 0, "axis": "y", "origin": [7.5, 4, 8.5]},
			"faces": {
				"north": {"uv": [10.25, 6.75, 14.5, 7.5], "texture": "#0"},
				"east": {"uv": [10.25, 8.5, 14, 9.25], "texture": "#0"},
				"south": {"uv": [7.5, 10.25, 11.75, 11], "texture": "#0"},
				"west": {"uv": [10.75, 1, 14.5, 1.75], "texture": "#0"},
				"up": {"uv": [4.25, 3.75, 0, 0], "texture": "#0"},
				"down": {"uv": [4.25, 3.75, 0, 7.5], "texture": "#0"}
			}
		},
		{
			"from": [-1, -2, 16],
			"to": [16, 2, 16],
			"rotation": {"angle": 0, "axis": "y", "origin": [7.5, 4, 8.5]},
			"faces": {
				"north": {"uv": [7.75, 4.75, 12, 5.75], "texture": "#0"},
				"east": {"uv": [0, 0, 0, 1], "texture": "#0"},
				"south": {"uv": [3, 9.25, 7.25, 10.25], "texture": "#0"},
				"west": {"uv": [0, 0, 0, 1], "texture": "#0"},
				"up": {"uv": [4.25, 0, 0, 0], "texture": "#0"},
				"down": {"uv": [4.25, 0, 0, 0], "texture": "#0"}
			}
		},
		{
			"from": [16, -2, 1],
			"to": [16, 2, 16],
			"rotation": {"angle": 0, "axis": "y", "origin": [7.5, 4, 8.5]},
			"faces": {
				"north": {"uv": [0, 0, 0, 1], "texture": "#0"},
				"east": {"uv": [7.25, 9.25, 11, 10.25], "texture": "#0"},
				"south": {"uv": [0, 0, 0, 1], "texture": "#0"},
				"west": {"uv": [0, 10.25, 3.75, 11.25], "texture": "#0"},
				"up": {"uv": [0, 3.75, 0, 0], "texture": "#0"},
				"down": {"uv": [0, 0, 0, 3.75], "texture": "#0"}
			}
		},
		{
			"from": [-1, -2, 1],
			"to": [-1, 2, 16],
			"rotation": {"angle": 0, "axis": "y", "origin": [7.5, 4, 8.5]},
			"faces": {
				"north": {"uv": [0, 0, 0, 1], "texture": "#0"},
				"east": {"uv": [3.75, 10.25, 7.5, 11.25], "texture": "#0"},
				"south": {"uv": [0, 0, 0, 1], "texture": "#0"},
				"west": {"uv": [10.25, 5.75, 14, 6.75], "texture": "#0"},
				"up": {"uv": [0, 3.75, 0, 0], "texture": "#0"},
				"down": {"uv": [0, 0, 0, 3.75], "texture": "#0"}
			}
		}
	],
	"gui_light": "front",
	"display": {
		"thirdperson_righthand": {
			"scale": [0.5, 0.5, 0.5]
		},
		"thirdperson_lefthand": {
			"scale": [0.5, 0.5, 0.5]
		},
		"firstperson_righthand": {
			"scale": [0.5, 0.5, 0.5]
		},
		"firstperson_lefthand": {
			"scale": [0.5, 0.5, 0.5]
		},
		"ground": {
			"scale": [0.5, 0.5, 0.5]
		},
		"gui": {
			"rotation": [30, 45, 0],
			"translation": [0, 1.25, 0],
			"scale": [0.7, 0.7, 0.7]
		},
		"head": {
			"translation": [0, 5, 0],
			"scale": [1.6, 1.6, 1.6]
		}
	},
	"groups": [
		{
			"name": "group",
			"origin": [7.5, 4, 8.5],
			"color": 0,
			"boneType": "",
			"children": [0, 1, 2, 3, 4, 5, 6, 7]
		}
	]
}