{
	"textures": {
		"0": "item/cosmetics/hats/clown"
	},
	"elements": [
		{
			"from": [2, 0, 0],
			"to": [14, 12, 16],
			"faces": {
				"north": {"uv": [5, 3, 6.5, 4.5], "texture": "#0"},
				"east": {"uv": [3.5, 0, 5.5, 1.5], "texture": "#0"},
				"south": {"uv": [3.375, 5, 4.875, 6.5], "texture": "#0"},
				"west": {"uv": [3.5, 1.5, 5.5, 3], "texture": "#0"},
				"up": {"uv": [5, 5, 3.5, 3], "texture": "#0"},
				"down": {"uv": [1.5, 3.75, 0, 5.75], "texture": "#0"}
			}
		},
		{
			"from": [2, -4, 7],
			"to": [14, 0, 16],
			"faces": {
				"north": {"uv": [6.25, 6.75, 7.75, 7.25], "texture": "#0"},
				"east": {"uv": [7.375, 1.5, 8.5, 2], "texture": "#0"},
				"south": {"uv": [0, 7, 1.5, 7.5], "texture": "#0"},
				"west": {"uv": [2, 7.75, 3.125, 8.25], "texture": "#0"},
				"up": {"uv": [8.25, 5.625, 6.75, 4.5], "texture": "#0"},
				"down": {"uv": [8.25, 5.625, 6.75, 6.75], "texture": "#0"}
			}
		},
		{
			"from": [1, 1, -2],
			"to": [15, 9, 13],
			"faces": {
				"north": {"uv": [6.5, 3.5, 8.25, 4.5], "texture": "#0"},
				"east": {"uv": [5.5, 1.25, 7.375, 2.25], "texture": "#0"},
				"south": {"uv": [4.5, 6.75, 6.25, 7.75], "texture": "#0"},
				"west": {"uv": [4.875, 5.75, 6.75, 6.75], "texture": "#0"},
				"up": {"uv": [1.75, 1.875, 0, 0], "texture": "#0"},
				"down": {"uv": [3.5, 0, 1.75, 1.875], "texture": "#0"}
			}
		},
		{
			"from": [1, -1, 3],
			"to": [15, 9, 18],
			"rotation": {"angle": 0, "axis": "y", "origin": [0, 0, 16]},
			"faces": {
				"north": {"uv": [5, 4.5, 6.75, 5.75], "texture": "#0"},
				"east": {"uv": [1.5, 3.75, 3.375, 5], "texture": "#0"},
				"south": {"uv": [5.5, 0, 7.25, 1.25], "texture": "#0"},
				"west": {"uv": [1.5, 5, 3.375, 6.25], "texture": "#0"},
				"up": {"uv": [1.75, 3.75, 0, 1.875], "texture": "#0"},
				"down": {"uv": [3.5, 1.875, 1.75, 3.75], "texture": "#0"}
			}
		},
		{
			"from": [14, 0, 2],
			"to": [18, 10, 14],
			"faces": {
				"north": {"uv": [0, 7.5, 0.5, 8.75], "texture": "#0"},
				"east": {"uv": [0, 5.75, 1.5, 7], "texture": "#0"},
				"south": {"uv": [0.5, 7.5, 1, 8.75], "texture": "#0"},
				"west": {"uv": [1.5, 6.25, 3, 7.5], "texture": "#0"},
				"up": {"uv": [6.75, 8.75, 6.25, 7.25], "texture": "#0"},
				"down": {"uv": [7.25, 7.25, 6.75, 8.75], "texture": "#0"}
			}
		},
		{
			"from": [14, -3, 6],
			"to": [18, 0, 14],
			"faces": {
				"north": {"uv": [7.75, 7.125, 8.25, 7.5], "texture": "#0"},
				"east": {"uv": [5.5, 2.25, 6.5, 2.625], "texture": "#0"},
				"south": {"uv": [7.75, 7.5, 8.25, 7.875], "texture": "#0"},
				"west": {"uv": [5.5, 2.625, 6.5, 3], "texture": "#0"},
				"up": {"uv": [3.625, 8.75, 3.125, 7.75], "texture": "#0"},
				"down": {"uv": [4.125, 7.75, 3.625, 8.75], "texture": "#0"}
			}
		},
		{
			"from": [-2, -3, 6],
			"to": [2, 0, 14],
			"rotation": {"angle": 0, "axis": "y", "origin": [16, 0, 0]},
			"faces": {
				"north": {"uv": [7.875, 0, 8.375, 0.375], "texture": "#0"},
				"east": {"uv": [5.125, 7.75, 6.125, 8.125], "texture": "#0"},
				"south": {"uv": [7.875, 0.375, 8.375, 0.75], "texture": "#0"},
				"west": {"uv": [7.75, 6.75, 8.75, 7.125], "texture": "#0"},
				"up": {"uv": [4.625, 8.75, 4.125, 7.75], "texture": "#0"},
				"down": {"uv": [5.125, 7.75, 4.625, 8.75], "texture": "#0"}
			}
		},
		{
			"from": [-2, 0, 2],
			"to": [2, 10, 14],
			"rotation": {"angle": 0, "axis": "y", "origin": [16, 0, 0]},
			"faces": {
				"north": {"uv": [1, 7.5, 1.5, 8.75], "texture": "#0"},
				"east": {"uv": [6.5, 2.25, 8, 3.5], "texture": "#0"},
				"south": {"uv": [1.5, 7.5, 2, 8.75], "texture": "#0"},
				"west": {"uv": [3, 6.5, 4.5, 7.75], "texture": "#0"},
				"up": {"uv": [7.75, 8.75, 7.25, 7.25], "texture": "#0"},
				"down": {"uv": [7.875, 0, 7.375, 1.5], "texture": "#0"}
			}
		},
		{
			"from": [6, -5, 0],
			"to": [10, -2, 3],
			"rotation": {"angle": 0, "axis": "y", "origin": [6, 0, 0]},
			"faces": {
				"north": {"uv": [7.875, 0.75, 8.375, 1.125], "texture": "#0"},
				"east": {"uv": [8, 2.375, 8.375, 2.75], "texture": "#0"},
				"south": {"uv": [7.875, 1.125, 8.375, 1.5], "texture": "#0"},
				"west": {"uv": [8, 2.75, 8.375, 3.125], "texture": "#0"},
				"up": {"uv": [8.25, 8.25, 7.75, 7.875], "texture": "#0"},
				"down": {"uv": [8.5, 2, 8, 2.375], "texture": "#0"}
			}
		}
	],
	"gui_light": "front",
	"display": {
		"thirdperson_righthand": {
			"rotation": [60, 0, 0],
			"scale": [0.4, 0.4, 0.4]
		},
		"thirdperson_lefthand": {
			"rotation": [60, 0, 0],
			"scale": [0.4, 0.4, 0.4]
		},
		"firstperson_righthand": {
			"scale": [0.4, 0.4, 0.4]
		},
		"firstperson_lefthand": {
			"scale": [0.4, 0.4, 0.4]
		},
		"ground": {
			"scale": [0.5, 0.5, 0.5]
		},
		"gui": {
			"rotation": [30, -145, 0],
			"translation": [0, 2, 0],
			"scale": [0.7, 0.7, 0.7]
		},
		"head": {
			"translation": [0, 11, 0],
			"scale": [1.2, 1.2, 1.2]
		}
	},
	"groups": [
		{
			"name": "group",
			"origin": [6, 0, 0],
			"color": 0,
			"boneType": "",
			"children": [0, 1, 2, 3, 4, 5, 6, 7, 8]
		}
	]
}