{
	"textures": {
		"0": "item/cosmetics/hats/devilhorns"
	},
	"elements": [
		{
			"from": [2.5, 5.75, 6],
			"to": [4.5, 7.75, 10],
			"rotation": {"angle": 45, "axis": "y", "origin": [3.75, 10.25, 7.5]},
			"faces": {
				"north": {"uv": [4, 6, 6, 8], "texture": "#0"},
				"east": {"uv": [0, 0, 4, 2], "texture": "#0"},
				"south": {"uv": [6, 6, 8, 8], "texture": "#0"},
				"west": {"uv": [0, 2, 4, 4], "texture": "#0"},
				"up": {"uv": [2, 8, 0, 4], "texture": "#0"},
				"down": {"uv": [6, 0, 4, 4], "texture": "#0"}
			}
		},
		{
			"from": [2.5, 7.75, 6],
			"to": [4.5, 9.75, 7],
			"rotation": {"angle": 45, "axis": "y", "origin": [3.75, 10.25, 7.5]},
			"faces": {
				"north": {"uv": [0, 8, 2, 10], "texture": "#0"},
				"east": {"uv": [10, 4, 11, 6], "texture": "#0"},
				"south": {"uv": [8, 2, 10, 4], "texture": "#0"},
				"west": {"uv": [10, 6, 11, 8], "texture": "#0"},
				"up": {"uv": [12, 9, 10, 8], "texture": "#0"},
				"down": {"uv": [12, 9, 10, 10], "texture": "#0"}
			}
		},
		{
			"from": [2.5, 8.75, 7],
			"to": [3.5, 9.75, 9],
			"rotation": {"angle": 45, "axis": "y", "origin": [3.75, 10.25, 7.5]},
			"faces": {
				"north": {"uv": [4, 12, 5, 13], "texture": "#0"},
				"east": {"uv": [10, 10, 12, 11], "texture": "#0"},
				"south": {"uv": [5, 12, 6, 13], "texture": "#0"},
				"west": {"uv": [11, 4, 13, 5], "texture": "#0"},
				"up": {"uv": [12, 7, 11, 5], "texture": "#0"},
				"down": {"uv": [11, 11, 10, 13], "texture": "#0"}
			}
		},
		{
			"from": [2.5, 9.75, 8],
			"to": [3.5, 13.75, 9],
			"rotation": {"angle": 45, "axis": "y", "origin": [3.75, 10.25, 7.5]},
			"faces": {
				"north": {"uv": [4, 8, 5, 12], "texture": "#0"},
				"east": {"uv": [8, 4, 9, 8], "texture": "#0"},
				"south": {"uv": [5, 8, 6, 12], "texture": "#0"},
				"west": {"uv": [6, 8, 7, 12], "texture": "#0"},
				"up": {"uv": [13, 6, 12, 5], "texture": "#0"},
				"down": {"uv": [7, 12, 6, 13], "texture": "#0"}
			}
		},
		{
			"from": [12.5, 9.75, 8],
			"to": [13.5, 13.75, 9],
			"rotation": {"angle": -45, "axis": "y", "origin": [12.25, 10.25, 7.5]},
			"faces": {
				"north": {"uv": [7, 8, 8, 12], "texture": "#0"},
				"east": {"uv": [8, 8, 9, 12], "texture": "#0"},
				"south": {"uv": [9, 4, 10, 8], "texture": "#0"},
				"west": {"uv": [9, 8, 10, 12], "texture": "#0"},
				"up": {"uv": [13, 7, 12, 6], "texture": "#0"},
				"down": {"uv": [8, 12, 7, 13], "texture": "#0"}
			}
		},
		{
			"from": [11.5, 5.75, 6],
			"to": [13.5, 7.75, 10],
			"rotation": {"angle": -45, "axis": "y", "origin": [12.25, 10.25, 7.5]},
			"faces": {
				"north": {"uv": [0, 10, 2, 12], "texture": "#0"},
				"east": {"uv": [2, 4, 6, 6], "texture": "#0"},
				"south": {"uv": [10, 0, 12, 2], "texture": "#0"},
				"west": {"uv": [6, 0, 10, 2], "texture": "#0"},
				"up": {"uv": [4, 10, 2, 6], "texture": "#0"},
				"down": {"uv": [8, 2, 6, 6], "texture": "#0"}
			}
		},
		{
			"from": [11.5, 7.75, 6],
			"to": [13.5, 9.75, 7],
			"rotation": {"angle": -45, "axis": "y", "origin": [12.25, 10.25, 7.5]},
			"faces": {
				"north": {"uv": [2, 10, 4, 12], "texture": "#0"},
				"east": {"uv": [11, 11, 12, 13], "texture": "#0"},
				"south": {"uv": [10, 2, 12, 4], "texture": "#0"},
				"west": {"uv": [0, 12, 1, 14], "texture": "#0"},
				"up": {"uv": [13, 8, 11, 7], "texture": "#0"},
				"down": {"uv": [14, 0, 12, 1], "texture": "#0"}
			}
		},
		{
			"from": [12.5, 8.75, 7],
			"to": [13.5, 9.75, 9],
			"rotation": {"angle": -45, "axis": "y", "origin": [12.25, 10.25, 7.5]},
			"faces": {
				"north": {"uv": [8, 12, 9, 13], "texture": "#0"},
				"east": {"uv": [1, 12, 3, 13], "texture": "#0"},
				"south": {"uv": [12, 8, 13, 9], "texture": "#0"},
				"west": {"uv": [12, 1, 14, 2], "texture": "#0"},
				"up": {"uv": [13, 4, 12, 2], "texture": "#0"},
				"down": {"uv": [4, 12, 3, 14], "texture": "#0"}
			}
		}
	],
	"gui_light": "front",
	"display": {
		"thirdperson_righthand": {
			"scale": [0.6, 0.6, 0.6]
		},
		"thirdperson_lefthand": {
			"scale": [0.6, 0.6, 0.6]
		},
		"firstperson_righthand": {
			"scale": [0.6, 0.6, 0.6]
		},
		"firstperson_lefthand": {
			"scale": [0.6, 0.6, 0.6]
		},
		"gui": {
			"rotation": [30, -145, 0],
			"translation": [0, -2, 0],
			"scale": [1.6, 1.6, 1.6]
		},
		"head": {
			"rotation": [-19, 0, 0],
			"translation": [0, 6.5, -8.5],
			"scale": [1.9, 1.9, 1.9]
		}
	},
	"groups": [
		{
			"name": "group",
			"origin": [12.25, 10.25, 2.5],
			"color": 0,
			"boneType": "",
			"children": [0, 1, 2, 3, 4, 5, 6, 7]
		}
	]
}