{
	"textures": {
		"0": "item/cosmetics/hats/knighthelmet"
	},
	"elements": [
		{
			"from": [12, 0, 5],
			"to": [13, 8, 12],
			"faces": {
				"north": {"uv": [6, 8.25, 6.25, 10.25], "texture": "#0"},
				"east": {"uv": [2, 4, 3.75, 6], "texture": "#0"},
				"south": {"uv": [6.25, 8.25, 6.5, 10.25], "texture": "#0"},
				"west": {"uv": [3.75, 4, 5.5, 6], "texture": "#0"},
				"up": {"uv": [7.5, 6, 7.25, 4.25], "texture": "#0"},
				"down": {"uv": [7.75, 8.25, 7.5, 10], "texture": "#0"}
			}
		},
		{
			"from": [3, 0, 5],
			"to": [4, 8, 12],
			"faces": {
				"north": {"uv": [6.5, 8.25, 6.75, 10.25], "texture": "#0"},
				"east": {"uv": [5, 2, 6.75, 4], "texture": "#0"},
				"south": {"uv": [6.75, 8.25, 7, 10.25], "texture": "#0"},
				"west": {"uv": [5.5, 4, 7.25, 6], "texture": "#0"},
				"up": {"uv": [8, 10, 7.75, 8.25], "texture": "#0"},
				"down": {"uv": [8.75, 5.25, 8.5, 7], "texture": "#0"}
			}
		},
		{
			"from": [3, 8, 5],
			"to": [13, 10, 12],
			"faces": {
				"north": {"uv": [7.25, 1.25, 9.75, 1.75], "texture": "#0"},
				"east": {"uv": [2.5, 8.25, 4.25, 8.75], "texture": "#0"},
				"south": {"uv": [7.25, 1.75, 9.75, 2.25], "texture": "#0"},
				"west": {"uv": [4.25, 8.25, 6, 8.75], "texture": "#0"},
				"up": {"uv": [2.5, 4, 0, 2.25], "texture": "#0"},
				"down": {"uv": [5, 2.25, 2.5, 4], "texture": "#0"}
			}
		},
		{
			"from": [3, 8, 3],
			"to": [13, 10, 5],
			"faces": {
				"north": {"uv": [7.25, 2.25, 9.75, 2.75], "texture": "#0"},
				"east": {"uv": [6, 1.25, 6.5, 1.75], "texture": "#0"},
				"south": {"uv": [7.25, 2.75, 9.75, 3.25], "texture": "#0"},
				"west": {"uv": [8.5, 0.5, 9, 1], "texture": "#0"},
				"up": {"uv": [9.75, 3.75, 7.25, 3.25], "texture": "#0"},
				"down": {"uv": [9.75, 3.75, 7.25, 4.25], "texture": "#0"}
			}
		},
		{
			"from": [13.1, 3.75, 4.75],
			"to": [13.1, 12.75, 9.75],
			"rotation": {"angle": -45, "axis": "x", "origin": [8, 5.5, 8.25]},
			"faces": {
				"north": {"uv": [0, 0, 0, 2.25], "texture": "#0"},
				"east": {"uv": [2.5, 6, 3.75, 8.25], "texture": "#0"},
				"south": {"uv": [0, 0, 0, 2.25], "texture": "#0"},
				"west": {"uv": [2.5, 6, 3.75, 8.25], "texture": "#0"},
				"up": {"uv": [0, 1.25, 0, 0], "texture": "#0"},
				"down": {"uv": [0, 0, 0, 1.25], "texture": "#0"}
			}
		},
		{
			"from": [2.9, 3.75, 4.75],
			"to": [2.9, 12.75, 9.75],
			"rotation": {"angle": -45, "axis": "x", "origin": [8, 5.5, 8.25]},
			"faces": {
				"north": {"uv": [0, 0, 0, 2.25], "texture": "#0"},
				"east": {"uv": [6.25, 6, 7.5, 8.25], "texture": "#0"},
				"south": {"uv": [0, 0, 0, 2.25], "texture": "#0"},
				"west": {"uv": [6.25, 6, 7.5, 8.25], "texture": "#0"},
				"up": {"uv": [0, 1.25, 0, 0], "texture": "#0"},
				"down": {"uv": [0, 0, 0, 1.25], "texture": "#0"}
			}
		},
		{
			"from": [3, 12.75, 4.75],
			"to": [13, 12.75, 9.75],
			"rotation": {"angle": -45, "axis": "x", "origin": [8, 5.5, 8.25]},
			"faces": {
				"north": {"uv": [0, 0, 2.5, 0], "texture": "#0"},
				"east": {"uv": [0, 0, 1.25, 0], "texture": "#0"},
				"south": {"uv": [0, 0, 2.5, 0], "texture": "#0"},
				"west": {"uv": [0, 0, 1.25, 0], "texture": "#0"},
				"up": {"uv": [2.5, 7.25, 0, 6], "texture": "#0"},
				"down": {"uv": [2.5, 7.25, 0, 6], "texture": "#0"}
			}
		},
		{
			"from": [3, 12.75, 4.75],
			"to": [2.9, 12.75, 9.75],
			"rotation": {"angle": -45, "axis": "x", "origin": [8, 5.5, 8.25]},
			"faces": {
				"north": {"uv": [0, 0, 0.25, 0], "texture": "#0"},
				"east": {"uv": [0, 0, 1.25, 0], "texture": "#0"},
				"south": {"uv": [0, 0, 0.25, 0], "texture": "#0"},
				"west": {"uv": [0, 0, 1.25, 0], "texture": "#0"},
				"up": {"uv": [8.75, 8.25, 8.5, 7], "texture": "#0"},
				"down": {"uv": [8.75, 8.25, 8.5, 9.5], "texture": "#0"}
			}
		},
		{
			"from": [13.1, 12.75, 4.75],
			"to": [13, 12.75, 9.75],
			"rotation": {"angle": -45, "axis": "x", "origin": [8, 5.5, 8.25]},
			"faces": {
				"north": {"uv": [0, 0, 0.25, 0], "texture": "#0"},
				"east": {"uv": [0, 0, 1.25, 0], "texture": "#0"},
				"south": {"uv": [0, 0, 0.25, 0], "texture": "#0"},
				"west": {"uv": [0, 0, 1.25, 0], "texture": "#0"},
				"up": {"uv": [2.75, 10, 2.5, 8.75], "texture": "#0"},
				"down": {"uv": [3, 8.75, 2.75, 10], "texture": "#0"}
			}
		},
		{
			"from": [7, 3, 7],
			"to": [9, 12, 15],
			"faces": {
				"north": {"uv": [1.5, 7.25, 2, 9.5], "texture": "#0"},
				"east": {"uv": [0, 0, 2, 2.25], "texture": "#0"},
				"south": {"uv": [2, 7.25, 2.5, 9.5], "texture": "#0"},
				"west": {"uv": [2, 0, 4, 2.25], "texture": "#0"},
				"up": {"uv": [8, 6.25, 7.5, 4.25], "texture": "#0"},
				"down": {"uv": [8, 6.25, 7.5, 8.25], "texture": "#0"}
			}
		},
		{
			"from": [4, 0, 11],
			"to": [12, 8, 12],
			"faces": {
				"north": {"uv": [0, 4, 2, 6], "texture": "#0"},
				"east": {"uv": [7, 8.25, 7.25, 10.25], "texture": "#0"},
				"south": {"uv": [4, 0, 6, 2], "texture": "#0"},
				"west": {"uv": [7.25, 8.25, 7.5, 10.25], "texture": "#0"},
				"up": {"uv": [10.5, 0.25, 8.5, 0], "texture": "#0"},
				"down": {"uv": [10.5, 0.25, 8.5, 0.5], "texture": "#0"}
			}
		},
		{
			"from": [7, 3, 15],
			"to": [9, 14, 17],
			"faces": {
				"north": {"uv": [6.75, 1.25, 7.25, 4], "texture": "#0"},
				"east": {"uv": [0, 7.25, 0.5, 10], "texture": "#0"},
				"south": {"uv": [0.5, 7.25, 1, 10], "texture": "#0"},
				"west": {"uv": [1, 7.25, 1.5, 10], "texture": "#0"},
				"up": {"uv": [3.5, 9.25, 3, 8.75], "texture": "#0"},
				"down": {"uv": [4, 8.75, 3.5, 9.25], "texture": "#0"}
			}
		},
		{
			"from": [7, 12, 7],
			"to": [9, 14, 15],
			"faces": {
				"north": {"uv": [4, 8.75, 4.5, 9.25], "texture": "#0"},
				"east": {"uv": [8, 4.25, 10, 4.75], "texture": "#0"},
				"south": {"uv": [4.5, 8.75, 5, 9.25], "texture": "#0"},
				"west": {"uv": [8, 4.75, 10, 5.25], "texture": "#0"},
				"up": {"uv": [8.5, 7.25, 8, 5.25], "texture": "#0"},
				"down": {"uv": [8.5, 7.25, 8, 9.25], "texture": "#0"}
			}
		},
		{
			"from": [2.99, -0.75, 2.5],
			"to": [3.975, 1.25, 6.5],
			"rotation": {"angle": -22.5, "axis": "x", "origin": [8, 1, 4.5]},
			"faces": {
				"north": {"uv": [12.25, 1, 12.5025, 1.5], "texture": "#0"},
				"east": {"uv": [10.5, 6.75, 11.5, 7.25], "texture": "#0"},
				"south": {"uv": [11, 5, 11.2525, 5.5], "texture": "#0"},
				"west": {"uv": [10.75, 8.25, 11.75, 8.75], "texture": "#0"},
				"up": {"uv": [11.75, 2.25, 12.0025, 3.25], "texture": "#0"},
				"down": {"uv": [9.75, 6.5, 10.0025, 7.5], "texture": "#0"}
			}
		},
		{
			"from": [12.025, -0.75, 2.5],
			"to": [13.01, 1.25, 6.5],
			"rotation": {"angle": -22.5, "axis": "x", "origin": [8, 1, 4.5]},
			"faces": {
				"north": {"uv": [12.5, 0.75, 12.7525, 1.25], "texture": "#0"},
				"east": {"uv": [10.5, 6.75, 11.5, 7.25], "texture": "#0"},
				"south": {"uv": [11.25, 0.5, 11.5025, 1], "texture": "#0"},
				"west": {"uv": [10.75, 8.25, 11.75, 8.75], "texture": "#0"},
				"up": {"uv": [11.75, 2.25, 12.0025, 3.25], "texture": "#0"},
				"down": {"uv": [9.75, 6.5, 10.0025, 7.5], "texture": "#0"}
			}
		},
		{
			"from": [4, -0.75, 2.5],
			"to": [12, 1.25, 5.5],
			"rotation": {"angle": -22.5, "axis": "x", "origin": [8, 1, 4.5]},
			"faces": {
				"north": {"uv": [3.5, 10.5, 5.5, 11], "texture": "#0"},
				"east": {"uv": [8.25, 11.25, 9, 11.75], "texture": "#0"},
				"south": {"uv": [1, 10.5, 3, 11], "texture": "#0"},
				"west": {"uv": [1.25, 12.25, 2, 12.75], "texture": "#0"},
				"up": {"uv": [5.5, 11.25, 7.5, 12], "texture": "#0"},
				"down": {"uv": [3.25, 11.25, 5.25, 12], "texture": "#0"}
			}
		}
	],
	"gui_light": "front",
	"display": {
		"thirdperson_righthand": {
			"scale": [0.6, 0.6, 0.6]
		},
		"thirdperson_lefthand": {
			"scale": [0.6, 0.6, 0.6]
		},
		"firstperson_righthand": {
			"scale": [0.6, 0.6, 0.6]
		},
		"firstperson_lefthand": {
			"scale": [0.6, 0.6, 0.6]
		},
		"ground": {
			"translation": [0, 2, 0],
			"scale": [0.6, 0.6, 0.6]
		},
		"gui": {
			"rotation": [30, -145, 0],
			"translation": [0, 2.5, 0]
		},
		"head": {
			"translation": [0, 6.25, 1.25],
			"scale": [1.6, 1.6, 1.6]
		}
	},
	"groups": [
		{
			"name": "group",
			"origin": [0, 0, 0],
			"color": 0,
			"boneType": "",
			"children": [0, 1, 2, 3, 4, 5, 6, 7, 8, 9, 10, 11, 12, 13, 14, 15]
		}
	]
}