{
    "providers": [
        {
            "chars": [
                ""
            ],
            "file": "minecraft:icons/bruh.png",
            "ascent": 8,
            "height": 9,
            "type": "bitmap"
        },
        {
            "chars": [
                ""
            ],
            "file": "minecraft:icons/cat.png",
            "ascent": 8,
            "height": 9,
            "type": "bitmap"
        },
        {
            "chars": [
                ""
            ],
            "file": "minecraft:icons/cheems.png",
            "ascent": 8,
            "height": 9,
            "type": "bitmap"
        },
        {
            "chars": [
                ""
            ],
            "file": "minecraft:icons/cheems_dorime.png",
            "ascent": 8,
            "height": 9,
            "type": "bitmap"
        },
        {
            "chars": [
                ""
            ],
            "file": "minecraft:icons/crown.png",
            "ascent": 8,
            "height": 9,
            "type": "bitmap"
        },
        {
            "chars": [
                ""
            ],
            "file": "minecraft:icons/doge.png",
            "ascent": 8,
            "height": 9,
            "type": "bitmap"
        },
        {
            "chars": [
                ""
            ],
            "file": "minecraft:icons/elmo.png",
            "ascent": 8,
            "height": 9,
            "type": "bitmap"
        },
        {
            "chars": [
                ""
            ],
            "file": "minecraft:icons/flush.png",
            "ascent": 8,
            "height": 9,
            "type": "bitmap"
        },
        {
            "chars": [
                ""
            ],
            "file": "minecraft:icons/kekw.png",
            "ascent": 8,
            "height": 9,
            "type": "bitmap"
        },
        {
            "chars": [
                ""
            ],
            "file": "minecraft:icons/laugh.png",
            "ascent": 8,
            "height": 9,
            "type": "bitmap"
        },
        {
            "chars": [
                ""
            ],
            "file": "minecraft:icons/meme_emoji_1.png",
            "ascent": 8,
            "height": 9,
            "type": "bitmap"
        },
        {
            "chars": [
                ""
            ],
            "file": "minecraft:icons/meme_emoji_2.png",
            "ascent": 8,
            "height": 9,
            "type": "bitmap"
        },
        {
            "chars": [
                ""
            ],
            "file": "minecraft:icons/meme_emoji_3.png",
            "ascent": 8,
            "height": 9,
            "type": "bitmap"
        },
        {
            "chars": [
                ""
            ],
            "file": "minecraft:icons/meme_emoji_4.png",
            "ascent": 8,
            "height": 9,
            "type": "bitmap"
        },
        {
            "chars": [
                ""
            ],
            "file": "minecraft:icons/meme_emoji_5.png",
            "ascent": 8,
            "height": 9,
            "type": "bitmap"
        },
        {
            "chars": [
                ""
            ],
            "file": "minecraft:icons/meme_emoji_6.png",
            "ascent": 8,
            "height": 9,
            "type": "bitmap"
        },
        {
            "chars": [
                ""
            ],
            "file": "minecraft:icons/meme_emoji_7.png",
            "ascent": 8,
            "height": 9,
            "type": "bitmap"
        },
        {
            "chars": [
                ""
            ],
            "file": "minecraft:icons/meme_emoji_8.png",
            "ascent": 8,
            "height": 9,
            "type": "bitmap"
        },
        {
            "chars": [
                ""
            ],
            "file": "minecraft:icons/meme_emoji_9.png",
            "ascent": 8,
            "height": 9,
            "type": "bitmap"
        },
        {
            "chars": [
                ""
            ],
            "file": "minecraft:icons/meme_emoji_10.png",
            "ascent": 8,
            "height": 9,
            "type": "bitmap"
        },
        {
            "chars": [
                ""
            ],
            "file": "minecraft:icons/meme_emoji_11.png",
            "ascent": 8,
            "height": 9,
            "type": "bitmap"
        },
        {
            "chars": [
                ""
            ],
            "file": "minecraft:icons/meme_emoji_12.png",
            "ascent": 8,
            "height": 9,
            "type": "bitmap"
        },
        {
            "chars": [
                ""
            ],
            "file": "minecraft:icons/meme_emoji_13.png",
            "ascent": 8,
            "height": 9,
            "type": "bitmap"
        },
        {
            "chars": [
                ""
            ],
            "file": "minecraft:icons/meme_emoji_14.png",
            "ascent": 8,
            "height": 9,
            "type": "bitmap"
        },
        {
            "chars": [
                ""
            ],
            "file": "minecraft:icons/meme_emoji_15.png",
            "ascent": 8,
            "height": 9,
            "type": "bitmap"
        },
        {
            "chars": [
                ""
            ],
            "file": "minecraft:icons/mrincredible.png",
            "ascent": 8,
            "height": 9,
            "type": "bitmap"
        },
        {
            "chars": [
                ""
            ],
            "file": "minecraft:icons/mrincredible_2.png",
            "ascent": 8,
            "height": 9,
            "type": "bitmap"
        },
        {
            "chars": [
                ""
            ],
            "file": "minecraft:icons/noot_noot.png",
            "ascent": 8,
            "height": 9,
            "type": "bitmap"
        },
        {
            "chars": [
                ""
            ],
            "file": "minecraft:icons/not_stonks.png",
            "ascent": 8,
            "height": 9,
            "type": "bitmap"
        },
        {
            "chars": [
                ""
            ],
            "file": "minecraft:icons/oh_god.png",
            "ascent": 8,
            "height": 9,
            "type": "bitmap"
        },
        {
            "chars": [
                ""
            ],
            "file": "minecraft:icons/patrickpraying.png",
            "ascent": 8,
            "height": 9,
            "type": "bitmap"
        },
        {
            "chars": [
                ""
            ],
            "file": "minecraft:icons/patrik.png",
            "ascent": 8,
            "height": 9,
            "type": "bitmap"
        },
        {
            "chars": [
                ""
            ],
            "file": "minecraft:icons/pop_cat.png",
            "ascent": 8,
            "height": 9,
            "type": "bitmap"
        },
        {
            "chars": [
                ""
            ],
            "file": "minecraft:icons/squidward_asleep.png",
            "ascent": 8,
            "height": 9,
            "type": "bitmap"
        },
        {
            "chars": [
                ""
            ],
            "file": "minecraft:icons/squidward_awake.png",
            "ascent": 8,
            "height": 9,
            "type": "bitmap"
        },
        {
            "chars": [
                ""
            ],
            "file": "minecraft:icons/stonks.png",
            "ascent": 8,
            "height": 9,
            "type": "bitmap"
        },
        {
            "chars": [
                ""
            ],
            "file": "minecraft:icons/uno_reverse.png",
            "ascent": 8,
            "height": 9,
            "type": "bitmap"
        }
    ]
}