{
	"credit": "Pologony Creation Co.,Ltd.",
	"texture_size": [84, 84],
	"textures": {
		"2": "item/fool_crate/animated/honey_1",
		"3": "item/fool_crate/chest",
		"4": "item/fool_crate/animated/bee_animated",
		"7": "item/fool_crate/tool",
		"particle": "item/fool_crate/animated/bee_animated"
	},
	"elements": [
		{
			"from": [7.125, 18.075, 7.275],
			"to": [8.875, 19.825, 9.775],
			"rotation": {"angle": 22.5, "axis": "x", "origin": [6.875, 17.825, 7.275]},
			"faces": {
				"north": {"uv": [0, 5.33333, 2.33333, 7.66667], "texture": "#4"},
				"east": {"uv": [0, 0, 3.33333, 2.33333], "texture": "#4"},
				"south": {"uv": [6.66667, 0, 9, 2.33333], "texture": "#4"},
				"west": {"uv": [0, 2.66667, 3.33333, 5], "texture": "#4"},
				"up": {"uv": [6.33333, 3.33333, 4, 0], "texture": "#4"},
				"down": {"uv": [6.33333, 4, 4, 7.33333], "texture": "#4"}
			}
		},
		{
			"from": [8.375, 19.36902, 8.69713],
			"to": [10.125, 19.37902, 10.19713],
			"rotation": {"angle": 0, "axis": "y", "origin": [8.625, 19.37402, 9.19713]},
			"faces": {
				"up": {"uv": [2.33333, 13.66667, 0, 11.66667], "texture": "#4"},
				"down": {"uv": [2.33333, 11.66667, 0, 13.66667], "texture": "#4"}
			}
		},
		{
			"from": [8.375, 19.36902, 8.69713],
			"to": [10.125, 19.37902, 10.19713],
			"rotation": {"angle": 22.5, "axis": "z", "origin": [8.625, 19.37402, 9.19713]},
			"faces": {
				"up": {"uv": [5, 13.66667, 2.66667, 11.66667], "texture": "#4"},
				"down": {"uv": [5, 11.66667, 2.66667, 13.66667], "texture": "#4"}
			}
		},
		{
			"from": [8.375, 19.36902, 8.69713],
			"to": [10.125, 19.37902, 10.19713],
			"rotation": {"angle": 45, "axis": "z", "origin": [8.625, 19.37402, 9.19713]},
			"faces": {
				"up": {"uv": [7.66667, 13.66667, 5.33333, 11.66667], "texture": "#4"},
				"down": {"uv": [7.66667, 11.66667, 5.33333, 13.66667], "texture": "#4"}
			}
		},
		{
			"from": [8.62, 19.12402, 8.69713],
			"to": [8.63, 20.87402, 10.19713],
			"rotation": {"angle": -22.5, "axis": "z", "origin": [8.625, 19.37402, 9.19713]},
			"faces": {
				"east": {"uv": [10, 11.33333, 8, 13.66667], "texture": "#4"},
				"west": {"uv": [8, 11.33333, 10, 13.66667], "texture": "#4"}
			}
		},
		{
			"from": [5.875, 19.36902, 8.69713],
			"to": [7.625, 19.37902, 10.19713],
			"rotation": {"angle": 0, "axis": "y", "origin": [7.375, 19.37402, 9.19713]},
			"faces": {
				"up": {"uv": [0, 13.66667, 2.33333, 11.66667], "texture": "#4"},
				"down": {"uv": [0, 11.66667, 2.33333, 13.66667], "texture": "#4"}
			}
		},
		{
			"from": [5.875, 19.36902, 8.69713],
			"to": [7.625, 19.37902, 10.19713],
			"rotation": {"angle": -22.5, "axis": "z", "origin": [7.375, 19.37402, 9.19713]},
			"faces": {
				"up": {"uv": [2.66667, 13.66667, 5, 11.66667], "texture": "#4"},
				"down": {"uv": [2.66667, 11.66667, 5, 13.66667], "texture": "#4"}
			}
		},
		{
			"from": [5.875, 19.36902, 8.69713],
			"to": [7.625, 19.37902, 10.19713],
			"rotation": {"angle": -45, "axis": "z", "origin": [7.375, 19.37402, 9.19713]},
			"faces": {
				"up": {"uv": [5.33333, 13.66667, 7.66667, 11.66667], "texture": "#4"},
				"down": {"uv": [5.33333, 11.66667, 7.66667, 13.66667], "texture": "#4"}
			}
		},
		{
			"from": [7.37, 19.12402, 8.69713],
			"to": [7.38, 20.87402, 10.19713],
			"rotation": {"angle": 22.5, "axis": "z", "origin": [7.375, 19.37402, 9.19713]},
			"faces": {
				"east": {"uv": [10, 11.33333, 8, 13.66667], "texture": "#4"},
				"west": {"uv": [8, 11.33333, 10, 13.66667], "texture": "#4"}
			}
		},
		{
			"from": [8.375, 19.325, 6.525],
			"to": [8.385, 19.825, 7.275],
			"rotation": {"angle": 22.5, "axis": "x", "origin": [7, 17.825, 7.275]},
			"faces": {
				"east": {"uv": [2.66667, 5.33333, 3.66667, 6], "texture": "#4"},
				"west": {"uv": [2.66667, 6.66667, 3.66667, 7.33333], "texture": "#4"}
			}
		},
		{
			"from": [7.985, 18.825, 9.775],
			"to": [8.015, 19.075, 10.275],
			"rotation": {"angle": 22.5, "axis": "x", "origin": [9.36, 17.825, 7.275]},
			"faces": {
				"east": {"uv": [6.66667, 9.33333, 7.33333, 9.66667], "texture": "#4"},
				"west": {"uv": [9.33333, 6.66667, 10, 7], "texture": "#4"}
			}
		},
		{
			"from": [7.625, 17.26896, 8.06358],
			"to": [8.375, 17.76896, 8.07358],
			"rotation": {"angle": 45, "axis": "x", "origin": [8, 17.76896, 8.06358]},
			"faces": {
				"north": {"uv": [5.33333, 9.33333, 6.33333, 10], "texture": "#4"},
				"south": {"uv": [9.33333, 5.33333, 10.33333, 6], "texture": "#4"}
			}
		},
		{
			"from": [7.615, 19.325, 6.525],
			"to": [7.625, 19.825, 7.275],
			"rotation": {"angle": 22.5, "axis": "x", "origin": [9, 17.825, 7.275]},
			"faces": {
				"east": {"uv": [9.33333, 2.66667, 10.33333, 3.33333], "texture": "#4"},
				"west": {"uv": [9.33333, 4, 10.33333, 4.66667], "texture": "#4"}
			}
		},
		{
			"from": [7.375, 17.07762, 8.52552],
			"to": [8.625, 17.57762, 8.53552],
			"rotation": {"angle": 22.5, "axis": "x", "origin": [8, 17.57762, 8.52552]},
			"faces": {
				"north": {"uv": [5.33333, 8, 7, 8.66667], "texture": "#4"},
				"south": {"uv": [8, 8, 9.66667, 8.66667], "texture": "#4"}
			}
		},
		{
			"from": [7.375, 16.88627, 8.98746],
			"to": [8.625, 17.38627, 8.99746],
			"rotation": {"angle": -22.5, "axis": "x", "origin": [8, 17.38627, 8.98746]},
			"faces": {
				"north": {"uv": [9.33333, 0, 11, 0.66667], "texture": "#4"},
				"south": {"uv": [9.33333, 1.33333, 11, 2], "texture": "#4"}
			}
		},
		{
			"from": [18.27949, 6.50016, -5.725],
			"to": [20.77949, 8.25016, -3.975],
			"rotation": {"angle": -22.5, "axis": "z", "origin": [19.52221, 7.55433, -4.85]},
			"faces": {
				"north": {"uv": [0, 0, 3.33333, 2.33333], "texture": "#4"},
				"east": {"uv": [6.66667, 0, 9, 2.33333], "texture": "#4"},
				"south": {"uv": [0, 2.66667, 3.33333, 5], "texture": "#4"},
				"west": {"uv": [0, 5.33333, 2.33333, 7.66667], "texture": "#4"},
				"up": {"uv": [6.33333, 3.33333, 4, 0], "rotation": 270, "texture": "#4"},
				"down": {"uv": [6.33333, 4, 4, 7.33333], "rotation": 90, "texture": "#4"}
			}
		},
		{
			"from": [19.29713, 8.36902, -6.975],
			"to": [20.79713, 8.37902, -5.225],
			"rotation": {"angle": 0, "axis": "y", "origin": [19.52221, 7.55433, -4.85]},
			"faces": {
				"up": {"uv": [2.33333, 13.66667, 0, 11.66667], "rotation": 270, "texture": "#4"},
				"down": {"uv": [2.33333, 11.66667, 0, 13.66667], "rotation": 90, "texture": "#4"}
			}
		},
		{
			"from": [19.29713, 8.06745, -7.24111],
			"to": [20.79713, 8.07745, -5.49111],
			"rotation": {"angle": 22.5, "axis": "x", "origin": [19.52221, 7.55433, -4.85]},
			"faces": {
				"up": {"uv": [5, 13.66667, 2.66667, 11.66667], "rotation": 270, "texture": "#4"},
				"down": {"uv": [5, 11.66667, 2.66667, 13.66667], "rotation": 90, "texture": "#4"}
			}
		},
		{
			"from": [19.29713, 7.687, -7.37155],
			"to": [20.79713, 7.697, -5.62155],
			"rotation": {"angle": 45, "axis": "x", "origin": [19.52221, 7.55433, -4.85]},
			"faces": {
				"up": {"uv": [7.66667, 13.66667, 5.33333, 11.66667], "rotation": 270, "texture": "#4"},
				"down": {"uv": [7.66667, 11.66667, 5.33333, 13.66667], "rotation": 90, "texture": "#4"}
			}
		},
		{
			"from": [19.29713, 8.3008, -5.11874],
			"to": [20.79713, 10.0508, -5.10874],
			"rotation": {"angle": -22.5, "axis": "x", "origin": [19.52221, 7.55433, -4.85]},
			"faces": {
				"north": {"uv": [10, 11.33333, 8, 13.66667], "texture": "#4"},
				"south": {"uv": [8, 11.33333, 10, 13.66667], "texture": "#4"}
			}
		},
		{
			"from": [19.29713, 8.36902, -4.475],
			"to": [20.79713, 8.37902, -2.725],
			"rotation": {"angle": 0, "axis": "y", "origin": [19.52221, 7.55433, -4.85]},
			"faces": {
				"up": {"uv": [0, 13.66667, 2.33333, 11.66667], "rotation": 270, "texture": "#4"},
				"down": {"uv": [0, 11.66667, 2.33333, 13.66667], "rotation": 90, "texture": "#4"}
			}
		},
		{
			"from": [19.29713, 8.06745, -4.20889],
			"to": [20.79713, 8.07745, -2.45889],
			"rotation": {"angle": -22.5, "axis": "x", "origin": [19.52221, 7.55433, -4.85]},
			"faces": {
				"up": {"uv": [2.66667, 13.66667, 5, 11.66667], "rotation": 270, "texture": "#4"},
				"down": {"uv": [2.66667, 11.66667, 5, 13.66667], "rotation": 90, "texture": "#4"}
			}
		},
		{
			"from": [19.29713, 7.687, -4.07845],
			"to": [20.79713, 7.697, -2.32845],
			"rotation": {"angle": -45, "axis": "x", "origin": [19.52221, 7.55433, -4.85]},
			"faces": {
				"up": {"uv": [5.33333, 13.66667, 7.66667, 11.66667], "rotation": 270, "texture": "#4"},
				"down": {"uv": [5.33333, 11.66667, 7.66667, 13.66667], "rotation": 90, "texture": "#4"}
			}
		},
		{
			"from": [19.29713, 8.3008, -4.59126],
			"to": [20.79713, 10.0508, -4.58126],
			"rotation": {"angle": 22.5, "axis": "x", "origin": [19.52221, 7.55433, -4.85]},
			"faces": {
				"north": {"uv": [10, 11.33333, 8, 13.66667], "texture": "#4"},
				"south": {"uv": [8, 11.33333, 10, 13.66667], "texture": "#4"}
			}
		},
		{
			"from": [17.52949, 7.75016, -5.235],
			"to": [18.27949, 8.25016, -5.225],
			"rotation": {"angle": -22.5, "axis": "z", "origin": [19.52221, 7.55433, -4.85]},
			"faces": {
				"north": {"uv": [2.66667, 5.33333, 3.66667, 6], "texture": "#4"},
				"south": {"uv": [2.66667, 6.66667, 3.66667, 7.33333], "texture": "#4"}
			}
		},
		{
			"from": [20.77949, 7.25016, -4.865],
			"to": [21.27949, 7.50016, -4.835],
			"rotation": {"angle": -22.5, "axis": "z", "origin": [19.52221, 7.55433, -4.85]},
			"faces": {
				"north": {"uv": [6.66667, 9.33333, 7.33333, 9.66667], "texture": "#4"},
				"south": {"uv": [9.33333, 6.66667, 10, 7], "texture": "#4"}
			}
		},
		{
			"from": [19.47041, 5.89184, -5.225],
			"to": [19.48041, 6.39184, -4.475],
			"rotation": {"angle": -45, "axis": "z", "origin": [19.52221, 7.55433, -4.85]},
			"faces": {
				"east": {"uv": [9.33333, 5.33333, 10.33333, 6], "texture": "#4"},
				"west": {"uv": [5.33333, 9.33333, 6.33333, 10], "texture": "#4"}
			}
		},
		{
			"from": [17.52949, 7.75016, -4.475],
			"to": [18.27949, 8.25016, -4.465],
			"rotation": {"angle": -22.5, "axis": "z", "origin": [19.52221, 7.55433, -4.85]},
			"faces": {
				"north": {"uv": [9.33333, 2.66667, 10.33333, 3.33333], "texture": "#4"},
				"south": {"uv": [9.33333, 4, 10.33333, 4.66667], "texture": "#4"}
			}
		},
		{
			"from": [19.52949, 6.00016, -5.475],
			"to": [19.53949, 6.50016, -4.225],
			"rotation": {"angle": -22.5, "axis": "z", "origin": [19.52221, 7.55433, -4.85]},
			"faces": {
				"east": {"uv": [8, 8, 9.66667, 8.66667], "texture": "#4"},
				"west": {"uv": [5.33333, 8, 7, 8.66667], "texture": "#4"}
			}
		},
		{
			"from": [19.1355, 5.95021, -5.475],
			"to": [19.1455, 6.45021, -4.225],
			"rotation": {"angle": 22.5, "axis": "z", "origin": [19.52221, 7.55433, -4.85]},
			"faces": {
				"east": {"uv": [9.33333, 1.33333, 11, 2], "texture": "#4"},
				"west": {"uv": [9.33333, 0, 11, 0.66667], "texture": "#4"}
			}
		},
		{
			"from": [-4.77949, 19.50016, 2.275],
			"to": [-2.27949, 21.25016, 4.025],
			"rotation": {"angle": 22.5, "axis": "z", "origin": [-3.52221, 20.55433, 3.15]},
			"faces": {
				"north": {"uv": [3.33333, 0, 0, 2.33333], "texture": "#4"},
				"east": {"uv": [2.33333, 5.33333, 0, 7.66667], "texture": "#4"},
				"south": {"uv": [3.33333, 2.66667, 0, 5], "texture": "#4"},
				"west": {"uv": [9, 0, 6.66667, 2.33333], "texture": "#4"},
				"up": {"uv": [6.33333, 0, 4, 3.33333], "rotation": 270, "texture": "#4"},
				"down": {"uv": [6.33333, 7.33333, 4, 4], "rotation": 90, "texture": "#4"}
			}
		},
		{
			"from": [-4.79713, 21.36902, 1.025],
			"to": [-3.29713, 21.37902, 2.775],
			"rotation": {"angle": 0, "axis": "y", "origin": [-3.52221, 20.55433, 3.15]},
			"faces": {
				"up": {"uv": [2.33333, 11.66667, 0, 13.66667], "rotation": 270, "texture": "#4"},
				"down": {"uv": [2.33333, 13.66667, 0, 11.66667], "rotation": 90, "texture": "#4"}
			}
		},
		{
			"from": [-4.79713, 21.06745, 0.75889],
			"to": [-3.29713, 21.07745, 2.50889],
			"rotation": {"angle": 22.5, "axis": "x", "origin": [-3.52221, 20.55433, 3.15]},
			"faces": {
				"up": {"uv": [5, 11.66667, 2.66667, 13.66667], "rotation": 270, "texture": "#4"},
				"down": {"uv": [5, 13.66667, 2.66667, 11.66667], "rotation": 90, "texture": "#4"}
			}
		},
		{
			"from": [-4.79713, 20.687, 0.62845],
			"to": [-3.29713, 20.697, 2.37845],
			"rotation": {"angle": 45, "axis": "x", "origin": [-3.52221, 20.55433, 3.15]},
			"faces": {
				"up": {"uv": [7.66667, 11.66667, 5.33333, 13.66667], "rotation": 270, "texture": "#4"},
				"down": {"uv": [7.66667, 13.66667, 5.33333, 11.66667], "rotation": 90, "texture": "#4"}
			}
		},
		{
			"from": [-4.79713, 21.3008, 2.88126],
			"to": [-3.29713, 23.0508, 2.89126],
			"rotation": {"angle": -22.5, "axis": "x", "origin": [-3.52221, 20.55433, 3.15]},
			"faces": {
				"north": {"uv": [8, 11.33333, 10, 13.66667], "texture": "#4"},
				"south": {"uv": [10, 11.33333, 8, 13.66667], "texture": "#4"}
			}
		},
		{
			"from": [-4.79713, 21.36902, 3.525],
			"to": [-3.29713, 21.37902, 5.275],
			"rotation": {"angle": 0, "axis": "y", "origin": [-3.52221, 20.55433, 3.15]},
			"faces": {
				"up": {"uv": [0, 11.66667, 2.33333, 13.66667], "rotation": 270, "texture": "#4"},
				"down": {"uv": [0, 13.66667, 2.33333, 11.66667], "rotation": 90, "texture": "#4"}
			}
		},
		{
			"from": [-4.79713, 21.06745, 3.79111],
			"to": [-3.29713, 21.07745, 5.54111],
			"rotation": {"angle": -22.5, "axis": "x", "origin": [-3.52221, 20.55433, 3.15]},
			"faces": {
				"up": {"uv": [2.66667, 11.66667, 5, 13.66667], "rotation": 270, "texture": "#4"},
				"down": {"uv": [2.66667, 13.66667, 5, 11.66667], "rotation": 90, "texture": "#4"}
			}
		},
		{
			"from": [-4.79713, 20.687, 3.92155],
			"to": [-3.29713, 20.697, 5.67155],
			"rotation": {"angle": -45, "axis": "x", "origin": [-3.52221, 20.55433, 3.15]},
			"faces": {
				"up": {"uv": [5.33333, 11.66667, 7.66667, 13.66667], "rotation": 270, "texture": "#4"},
				"down": {"uv": [5.33333, 13.66667, 7.66667, 11.66667], "rotation": 90, "texture": "#4"}
			}
		},
		{
			"from": [-4.79713, 21.3008, 3.40874],
			"to": [-3.29713, 23.0508, 3.41874],
			"rotation": {"angle": 22.5, "axis": "x", "origin": [-3.52221, 20.55433, 3.15]},
			"faces": {
				"north": {"uv": [8, 11.33333, 10, 13.66667], "texture": "#4"},
				"south": {"uv": [10, 11.33333, 8, 13.66667], "texture": "#4"}
			}
		},
		{
			"from": [-2.27949, 20.75016, 2.765],
			"to": [-1.52949, 21.25016, 2.775],
			"rotation": {"angle": 22.5, "axis": "z", "origin": [-3.52221, 20.55433, 3.15]},
			"faces": {
				"north": {"uv": [3.66667, 5.33333, 2.66667, 6], "texture": "#4"},
				"south": {"uv": [3.66667, 6.66667, 2.66667, 7.33333], "texture": "#4"}
			}
		},
		{
			"from": [-5.27949, 20.25016, 3.135],
			"to": [-4.77949, 20.50016, 3.165],
			"rotation": {"angle": 22.5, "axis": "z", "origin": [-3.52221, 20.55433, 3.15]},
			"faces": {
				"north": {"uv": [7.33333, 9.33333, 6.66667, 9.66667], "texture": "#4"},
				"south": {"uv": [10, 6.66667, 9.33333, 7], "texture": "#4"}
			}
		},
		{
			"from": [-3.48041, 18.89184, 2.775],
			"to": [-3.47041, 19.39184, 3.525],
			"rotation": {"angle": 45, "axis": "z", "origin": [-3.52221, 20.55433, 3.15]},
			"faces": {
				"east": {"uv": [6.33333, 9.33333, 5.33333, 10], "texture": "#4"},
				"west": {"uv": [10.33333, 5.33333, 9.33333, 6], "texture": "#4"}
			}
		},
		{
			"from": [-2.27949, 20.75016, 3.525],
			"to": [-1.52949, 21.25016, 3.535],
			"rotation": {"angle": 22.5, "axis": "z", "origin": [-3.52221, 20.55433, 3.15]},
			"faces": {
				"north": {"uv": [10.33333, 2.66667, 9.33333, 3.33333], "texture": "#4"},
				"south": {"uv": [10.33333, 4, 9.33333, 4.66667], "texture": "#4"}
			}
		},
		{
			"from": [-3.53949, 19.00016, 2.525],
			"to": [-3.52949, 19.50016, 3.775],
			"rotation": {"angle": 22.5, "axis": "z", "origin": [-3.52221, 20.55433, 3.15]},
			"faces": {
				"east": {"uv": [7, 8, 5.33333, 8.66667], "texture": "#4"},
				"west": {"uv": [9.66667, 8, 8, 8.66667], "texture": "#4"}
			}
		},
		{
			"from": [-3.1455, 18.95021, 2.525],
			"to": [-3.1355, 19.45021, 3.775],
			"rotation": {"angle": -22.5, "axis": "z", "origin": [-3.52221, 20.55433, 3.15]},
			"faces": {
				"east": {"uv": [11, 0, 9.33333, 0.66667], "texture": "#4"},
				"west": {"uv": [11, 1.33333, 9.33333, 2], "texture": "#4"}
			}
		},
		{
			"from": [8.27771, 3.80211, 0.19232],
			"to": [9.52771, 3.80211, 0.69233],
			"rotation": {"angle": 22.5, "axis": "z", "origin": [8.73875, 3.15687, 0.31732]},
			"faces": {
				"up": {"uv": [5, 6, 0, 4], "texture": "#2"},
				"down": {"uv": [0, 6, 5, 4], "rotation": 180, "texture": "#2"}
			}
		},
		{
			"from": [8.27771, 3.30311, 0.19232],
			"to": [9.52771, 3.80311, 0.19232],
			"rotation": {"angle": 22.5, "axis": "z", "origin": [8.73875, 3.15687, 0.31732]},
			"faces": {
				"north": {"uv": [0, 6, 5, 8], "texture": "#2"},
				"south": {"uv": [5, 6, 0, 8], "texture": "#2"}
			}
		},
		{
			"from": [8.2567, 1.498, 0.19482],
			"to": [9.4117, 3.498, 0.19482],
			"rotation": {"angle": 0, "axis": "y", "origin": [8.73875, 3.15687, 0.31732]},
			"faces": {
				"north": {"uv": [0, 8, 5, 16], "texture": "#2"},
				"south": {"uv": [5, 8, 0, 16], "texture": "#2"}
			}
		},
		{
			"from": [6.82229, 3.72711, 15.30768],
			"to": [8.07229, 3.72711, 15.80768],
			"rotation": {"angle": -22.5, "axis": "z", "origin": [7.61125, 3.08187, 15.68268]},
			"faces": {
				"up": {"uv": [0, 4, 5, 6], "texture": "#2"},
				"down": {"uv": [5, 4, 0, 6], "rotation": 180, "texture": "#2"}
			}
		},
		{
			"from": [6.82229, 3.22811, 15.80768],
			"to": [8.07229, 3.72811, 15.80768],
			"rotation": {"angle": -22.5, "axis": "z", "origin": [7.61125, 3.08187, 15.68268]},
			"faces": {
				"north": {"uv": [5, 6, 0, 8], "texture": "#2"},
				"south": {"uv": [0, 6, 5, 8], "texture": "#2"}
			}
		},
		{
			"from": [6.9383, 1.423, 15.80518],
			"to": [8.0933, 3.423, 15.80518],
			"rotation": {"angle": 0, "axis": "y", "origin": [7.61125, 3.08187, 15.68268]},
			"faces": {
				"north": {"uv": [5, 8, 0, 16], "texture": "#2"},
				"south": {"uv": [0, 8, 5, 16], "texture": "#2"}
			}
		},
		{
			"from": [22.25, 15.7168, 1.2615],
			"to": [24.75, 18.2168, 1.2915],
			"rotation": {"angle": -22.5, "axis": "z", "origin": [23.5, 16.9668, 1.2765]},
			"faces": {
				"north": {"uv": [4.6, 2.4, 3.6, 3.4], "rotation": 90, "texture": "#7"},
				"south": {"uv": [3.6, 2.4, 4.6, 3.4], "rotation": 270, "texture": "#7"}
			}
		},
		{
			"from": [18.74825, 12.69916, 0.7162],
			"to": [20.74825, 14.44916, 1.9712],
			"rotation": {"angle": 22.5, "axis": "z", "origin": [20.9, 15.01997, 1.3437]},
			"faces": {
				"north": {"uv": [3.6, 7.2, 4.4, 7.9], "texture": "#7"},
				"east": {"uv": [9.2, 10.8, 9.7, 11.5], "texture": "#7"},
				"south": {"uv": [7.2, 3.2, 8, 3.9], "texture": "#7"},
				"up": {"uv": [5.3, 10, 4.8, 9.2], "rotation": 90, "texture": "#7"},
				"down": {"uv": [9.7, 5.2, 9.2, 6], "rotation": 270, "texture": "#7"}
			}
		},
		{
			"from": [20.54973, 14.41191, 0.8437],
			"to": [21.54973, 15.41191, 1.8437],
			"rotation": {"angle": 45, "axis": "z", "origin": [20.9, 15.01997, 1.3437]},
			"faces": {
				"north": {"uv": [13.2, 14, 13.6, 14.4], "texture": "#7"},
				"east": {"uv": [11.6, 14, 12, 14.4], "texture": "#7"},
				"south": {"uv": [12.4, 14, 12.8, 14.4], "texture": "#7"},
				"up": {"uv": [14.4, 14.4, 14, 14], "rotation": 90, "texture": "#7"},
				"down": {"uv": [1.2, 14.4, 0.8, 14.8], "rotation": 270, "texture": "#7"}
			}
		},
		{
			"from": [21.35667, 14.78142, 0.9687],
			"to": [22.60667, 15.53142, 1.7187],
			"rotation": {"angle": 22.5, "axis": "z", "origin": [20.9, 15.01997, 1.3437]},
			"faces": {
				"north": {"uv": [2.8, 14.4, 3.3, 14.7], "texture": "#7"},
				"east": {"uv": [10, 14.4, 10.3, 14.7], "texture": "#7"},
				"south": {"uv": [1.6, 14.4, 2.1, 14.7], "texture": "#7"},
				"up": {"uv": [14.7, 3.7, 14.4, 3.2], "rotation": 90, "texture": "#7"},
				"down": {"uv": [4.3, 14.4, 4, 14.9], "rotation": 270, "texture": "#7"}
			}
		},
		{
			"from": [21.85667, 15.53142, 0.9687],
			"to": [22.60667, 16.53142, 1.7187],
			"rotation": {"angle": 22.5, "axis": "z", "origin": [20.9, 15.01997, 1.3437]},
			"faces": {
				"north": {"uv": [8, 14.4, 8.3, 14.8], "texture": "#7"},
				"east": {"uv": [14.4, 4.4, 14.7, 4.8], "texture": "#7"},
				"south": {"uv": [4.8, 14.4, 5.1, 14.8], "texture": "#7"},
				"west": {"uv": [14.4, 5.2, 14.7, 5.6], "texture": "#7"},
				"up": {"uv": [11.1, 14.7, 10.8, 14.4], "rotation": 90, "texture": "#7"}
			}
		},
		{
			"from": [21.35667, 16.03142, 0.9687],
			"to": [21.85667, 16.53142, 1.7187],
			"rotation": {"angle": 22.5, "axis": "z", "origin": [20.9, 15.01997, 1.3437]},
			"faces": {
				"north": {"uv": [0, 14.8, 0.2, 15], "texture": "#7"},
				"south": {"uv": [14.4, 13.2, 14.6, 13.4], "texture": "#7"},
				"west": {"uv": [14.4, 10.8, 14.7, 11], "texture": "#7"},
				"up": {"uv": [14.7, 11.8, 14.4, 11.6], "rotation": 90, "texture": "#7"},
				"down": {"uv": [14.7, 12.4, 14.4, 12.6], "rotation": 270, "texture": "#7"}
			}
		},
		{
			"from": [20.31243, 13.62517, 0.7187],
			"to": [21.56243, 14.87517, 1.9687],
			"rotation": {"angle": -22.5, "axis": "z", "origin": [20.9, 15.01997, 1.3437]},
			"faces": {
				"north": {"uv": [12, 12.8, 12.5, 13.3], "rotation": 90, "texture": "#7"},
				"east": {"uv": [13.7, 3.2, 13.2, 3.7], "rotation": 180, "texture": "#7"},
				"south": {"uv": [12.8, 8.8, 13.3, 9.3], "rotation": 270, "texture": "#7"},
				"west": {"uv": [1.3, 13.7, 0.8, 13.2], "texture": "#7"},
				"up": {"uv": [12.8, 7.6, 13.3, 8.1], "rotation": 270, "texture": "#7"}
			}
		},
		{
			"from": [21.35667, 15.78142, 0.9687],
			"to": [21.60667, 16.03142, 1.7187],
			"rotation": {"angle": 22.5, "axis": "z", "origin": [20.9, 15.01997, 1.3437]},
			"faces": {
				"north": {"uv": [5.6, 14.8, 5.7, 14.9], "texture": "#7"},
				"east": {"uv": [14.8, 0, 15.1, 0.1], "texture": "#7"},
				"south": {"uv": [14.8, 2.4, 14.9, 2.5], "texture": "#7"},
				"west": {"uv": [14.8, 0.8, 15.1, 0.9], "texture": "#7"},
				"down": {"uv": [15.1, 1.6, 14.8, 1.7], "rotation": 270, "texture": "#7"}
			}
		},
		{
			"from": [-7.5, 12.75, 14.685],
			"to": [-5.5, 14.75, 14.715],
			"rotation": {"angle": -45, "axis": "z", "origin": [-6.5, 13.75, 14.7]},
			"faces": {
				"north": {"uv": [4.8, 6, 5.6, 5.2], "rotation": 270, "texture": "#7"},
				"south": {"uv": [5.6, 6, 4.8, 5.2], "rotation": 90, "texture": "#7"}
			}
		},
		{
			"from": [-4.5, 8, -0.5],
			"to": [20.5, 9.5, 16.5],
			"rotation": {"angle": 0, "axis": "y", "origin": [8.75, 7.99929, 15.48886]},
			"faces": {
				"north": {"uv": [9.71429, 6.09524, 14.47619, 6.38095], "texture": "#3"},
				"east": {"uv": [12.19048, 10.66667, 15.42857, 10.95238], "texture": "#3"},
				"south": {"uv": [9.71429, 6.66667, 14.47619, 6.95238], "texture": "#3"},
				"west": {"uv": [0, 12.38095, 3.2381, 12.66667], "texture": "#3"},
				"up": {"uv": [4.7619, 3.2381, 0, 0], "texture": "#3"},
				"down": {"uv": [4.7619, 3.42857, 0, 6.66667], "texture": "#3"}
			}
		},
		{
			"from": [-4, 9.5, 0.60896],
			"to": [20, 14.5, 2.10896],
			"rotation": {"angle": 0, "axis": "y", "origin": [0, 9.5, 0.60896]},
			"faces": {
				"north": {"uv": [9.33333, 0, 13.90476, 0.95238], "texture": "#3"},
				"east": {"uv": [7.42857, 12.95238, 7.71429, 13.90476], "texture": "#3"},
				"south": {"uv": [9.33333, 1.14286, 13.90476, 2.09524], "texture": "#3"},
				"west": {"uv": [8, 12.95238, 8.28571, 13.90476], "texture": "#3"},
				"up": {"uv": [7.2381, 10.95238, 2.66667, 10.66667], "texture": "#3"}
			}
		},
		{
			"from": [-4, 9.5, 13.89104],
			"to": [20, 14.5, 15.39104],
			"rotation": {"angle": 0, "axis": "y", "origin": [0, 9.5, 15.39104]},
			"faces": {
				"north": {"uv": [9.33333, 2.28571, 13.90476, 3.2381], "texture": "#3"},
				"east": {"uv": [8.57143, 12.95238, 8.85714, 13.90476], "texture": "#3"},
				"south": {"uv": [9.33333, 3.42857, 13.90476, 4.38095], "texture": "#3"},
				"west": {"uv": [9.14286, 12.95238, 9.42857, 13.90476], "texture": "#3"},
				"up": {"uv": [7.2381, 11.52381, 2.66667, 11.2381], "texture": "#3"}
			}
		},
		{
			"from": [-3.9865, 13, 7.39104],
			"to": [19.9865, 14.5, 15.39104],
			"rotation": {"angle": 22.5, "axis": "x", "origin": [0.0135, 14.5, 15.39104]},
			"faces": {
				"north": {"uv": [7.42857, 10.66667, 12, 10.95238], "texture": "#3"},
				"east": {"uv": [1.71429, 12.95238, 3.2381, 13.2381], "texture": "#3"},
				"west": {"uv": [3.42857, 12.95238, 4.95238, 13.2381], "texture": "#3"},
				"up": {"uv": [9.33333, 8.95238, 4.7619, 7.42857], "texture": "#3"},
				"down": {"uv": [4.57143, 8.57143, 0, 10.09524], "texture": "#3"}
			}
		},
		{
			"from": [-3.9915, 13, 0.60896],
			"to": [19.9915, 14.5, 8.60896],
			"rotation": {"angle": -22.5, "axis": "x", "origin": [0.0085, 14.5, 0.60896]},
			"faces": {
				"east": {"uv": [12.57143, 5.14286, 14.09524, 5.42857], "texture": "#3"},
				"west": {"uv": [0, 12.95238, 1.52381, 13.2381], "texture": "#3"},
				"up": {"uv": [9.52381, 7.2381, 4.95238, 5.71429], "texture": "#3"},
				"down": {"uv": [4.57143, 6.85714, 0, 8.38095], "texture": "#3"}
			}
		},
		{
			"from": [19, 9.5, 1.5],
			"to": [19, 16.5, 14.5],
			"rotation": {"angle": 0, "axis": "y", "origin": [0, 9.5, 14.5]},
			"faces": {
				"east": {"uv": [0, 10.28571, 2.47619, 11.61905], "texture": "#3"}
			}
		},
		{
			"from": [-3, 9.5, 1.5],
			"to": [-3, 16.5, 14.5],
			"rotation": {"angle": 0, "axis": "y", "origin": [16, 9.5, 14.5]},
			"faces": {
				"west": {"uv": [2.47619, 10.28571, 0, 11.61905], "texture": "#3"}
			}
		},
		{
			"from": [21.35667, 15.78142, 14.2813],
			"to": [21.60667, 16.03142, 15.0313],
			"rotation": {"angle": 22.5, "axis": "z", "origin": [20.9, 15.01997, 14.6563]},
			"faces": {
				"north": {"uv": [14.9, 2.4, 14.8, 2.5], "texture": "#7"},
				"east": {"uv": [15.1, 0, 14.8, 0.1], "texture": "#7"},
				"south": {"uv": [5.7, 14.8, 5.6, 14.9], "texture": "#7"},
				"west": {"uv": [15.1, 0.8, 14.8, 0.9], "texture": "#7"},
				"down": {"uv": [14.8, 1.6, 15.1, 1.7], "rotation": 270, "texture": "#7"}
			}
		},
		{
			"from": [20.31243, 13.62517, 14.0313],
			"to": [21.56243, 14.87517, 15.2813],
			"rotation": {"angle": -22.5, "axis": "z", "origin": [20.9, 15.01997, 14.6563]},
			"faces": {
				"north": {"uv": [12.8, 9.3, 13.3, 8.8], "rotation": 270, "texture": "#7"},
				"east": {"uv": [13.2, 3.2, 13.7, 3.7], "rotation": 180, "texture": "#7"},
				"south": {"uv": [12, 13.3, 12.5, 12.8], "rotation": 90, "texture": "#7"},
				"west": {"uv": [0.8, 13.7, 1.3, 13.2], "texture": "#7"},
				"up": {"uv": [13.3, 7.6, 12.8, 8.1], "rotation": 270, "texture": "#7"}
			}
		},
		{
			"from": [21.35667, 16.03142, 14.2813],
			"to": [21.85667, 16.53142, 15.0313],
			"rotation": {"angle": 22.5, "axis": "z", "origin": [20.9, 15.01997, 14.6563]},
			"faces": {
				"north": {"uv": [14.6, 13.2, 14.4, 13.4], "texture": "#7"},
				"south": {"uv": [0.2, 14.8, 0, 15], "texture": "#7"},
				"west": {"uv": [14.7, 10.8, 14.4, 11], "texture": "#7"},
				"up": {"uv": [14.4, 11.8, 14.7, 11.6], "rotation": 90, "texture": "#7"},
				"down": {"uv": [14.4, 12.4, 14.7, 12.6], "rotation": 270, "texture": "#7"}
			}
		},
		{
			"from": [21.85667, 15.53142, 14.2813],
			"to": [22.60667, 16.53142, 15.0313],
			"rotation": {"angle": 22.5, "axis": "z", "origin": [20.9, 15.01997, 14.6563]},
			"faces": {
				"north": {"uv": [5.1, 14.4, 4.8, 14.8], "texture": "#7"},
				"east": {"uv": [14.7, 4.4, 14.4, 4.8], "texture": "#7"},
				"south": {"uv": [8.3, 14.4, 8, 14.8], "texture": "#7"},
				"west": {"uv": [14.7, 5.2, 14.4, 5.6], "texture": "#7"},
				"up": {"uv": [10.8, 14.7, 11.1, 14.4], "rotation": 90, "texture": "#7"}
			}
		},
		{
			"from": [21.35667, 14.78142, 14.2813],
			"to": [22.60667, 15.53142, 15.0313],
			"rotation": {"angle": 22.5, "axis": "z", "origin": [20.9, 15.01997, 14.6563]},
			"faces": {
				"north": {"uv": [2.1, 14.4, 1.6, 14.7], "texture": "#7"},
				"east": {"uv": [10.3, 14.4, 10, 14.7], "texture": "#7"},
				"south": {"uv": [3.3, 14.4, 2.8, 14.7], "texture": "#7"},
				"up": {"uv": [14.4, 3.7, 14.7, 3.2], "rotation": 90, "texture": "#7"},
				"down": {"uv": [4, 14.4, 4.3, 14.9], "rotation": 270, "texture": "#7"}
			}
		},
		{
			"from": [20.54973, 14.41191, 14.1563],
			"to": [21.54973, 15.41191, 15.1563],
			"rotation": {"angle": 45, "axis": "z", "origin": [20.9, 15.01997, 14.6563]},
			"faces": {
				"north": {"uv": [12.8, 14, 12.4, 14.4], "texture": "#7"},
				"east": {"uv": [12, 14, 11.6, 14.4], "texture": "#7"},
				"south": {"uv": [13.6, 14, 13.2, 14.4], "texture": "#7"},
				"up": {"uv": [14, 14.4, 14.4, 14], "rotation": 90, "texture": "#7"},
				"down": {"uv": [0.8, 14.4, 1.2, 14.8], "rotation": 270, "texture": "#7"}
			}
		},
		{
			"from": [18.74825, 12.69916, 14.0288],
			"to": [20.74825, 14.44916, 15.2838],
			"rotation": {"angle": 22.5, "axis": "z", "origin": [20.9, 15.01997, 14.6563]},
			"faces": {
				"north": {"uv": [8, 3.2, 7.2, 3.9], "texture": "#7"},
				"east": {"uv": [9.7, 10.8, 9.2, 11.5], "texture": "#7"},
				"south": {"uv": [4.4, 7.2, 3.6, 7.9], "texture": "#7"},
				"up": {"uv": [4.8, 10, 5.3, 9.2], "rotation": 90, "texture": "#7"},
				"down": {"uv": [9.2, 5.2, 9.7, 6], "rotation": 270, "texture": "#7"}
			}
		},
		{
			"from": [-4.74825, 12.69916, 14.0288],
			"to": [-2.74825, 14.44916, 15.2838],
			"rotation": {"angle": -22.5, "axis": "z", "origin": [-4.9, 15.01997, 14.6563]},
			"faces": {
				"north": {"uv": [7.2, 3.2, 8, 3.9], "texture": "#7"},
				"south": {"uv": [3.6, 7.2, 4.4, 7.9], "texture": "#7"},
				"west": {"uv": [9.2, 10.8, 9.7, 11.5], "texture": "#7"},
				"up": {"uv": [4.8, 9.2, 5.3, 10], "rotation": 90, "texture": "#7"},
				"down": {"uv": [9.2, 6, 9.7, 5.2], "rotation": 270, "texture": "#7"}
			}
		},
		{
			"from": [-5.54973, 14.41191, 14.1563],
			"to": [-4.54973, 15.41191, 15.1563],
			"rotation": {"angle": -45, "axis": "z", "origin": [-4.9, 15.01997, 14.6563]},
			"faces": {
				"north": {"uv": [12.4, 14, 12.8, 14.4], "texture": "#7"},
				"south": {"uv": [13.2, 14, 13.6, 14.4], "texture": "#7"},
				"west": {"uv": [11.6, 14, 12, 14.4], "texture": "#7"},
				"up": {"uv": [14, 14, 14.4, 14.4], "rotation": 90, "texture": "#7"},
				"down": {"uv": [0.8, 14.8, 1.2, 14.4], "rotation": 270, "texture": "#7"}
			}
		},
		{
			"from": [-6.60667, 14.78142, 14.2813],
			"to": [-5.35667, 15.53142, 15.0313],
			"rotation": {"angle": -22.5, "axis": "z", "origin": [-4.9, 15.01997, 14.6563]},
			"faces": {
				"north": {"uv": [1.6, 14.4, 2.1, 14.7], "texture": "#7"},
				"south": {"uv": [2.8, 14.4, 3.3, 14.7], "texture": "#7"},
				"west": {"uv": [10, 14.4, 10.3, 14.7], "texture": "#7"},
				"up": {"uv": [14.4, 3.2, 14.7, 3.7], "rotation": 90, "texture": "#7"},
				"down": {"uv": [4, 14.9, 4.3, 14.4], "rotation": 270, "texture": "#7"}
			}
		},
		{
			"from": [-6.60667, 15.53142, 14.2813],
			"to": [-5.85667, 16.53142, 15.0313],
			"rotation": {"angle": -22.5, "axis": "z", "origin": [-4.9, 15.01997, 14.6563]},
			"faces": {
				"north": {"uv": [4.8, 14.4, 5.1, 14.8], "texture": "#7"},
				"east": {"uv": [14.4, 5.2, 14.7, 5.6], "texture": "#7"},
				"south": {"uv": [8, 14.4, 8.3, 14.8], "texture": "#7"},
				"west": {"uv": [14.4, 4.4, 14.7, 4.8], "texture": "#7"},
				"up": {"uv": [10.8, 14.4, 11.1, 14.7], "rotation": 90, "texture": "#7"}
			}
		},
		{
			"from": [-5.85667, 16.03142, 14.2813],
			"to": [-5.35667, 16.53142, 15.0313],
			"rotation": {"angle": -22.5, "axis": "z", "origin": [-4.9, 15.01997, 14.6563]},
			"faces": {
				"north": {"uv": [14.4, 13.2, 14.6, 13.4], "texture": "#7"},
				"east": {"uv": [14.4, 10.8, 14.7, 11], "texture": "#7"},
				"south": {"uv": [0, 14.8, 0.2, 15], "texture": "#7"},
				"up": {"uv": [14.4, 11.6, 14.7, 11.8], "rotation": 90, "texture": "#7"},
				"down": {"uv": [14.4, 12.6, 14.7, 12.4], "rotation": 270, "texture": "#7"}
			}
		},
		{
			"from": [-5.56243, 13.62517, 14.0313],
			"to": [-4.31243, 14.87517, 15.2813],
			"rotation": {"angle": 22.5, "axis": "z", "origin": [-4.9, 15.01997, 14.6563]},
			"faces": {
				"north": {"uv": [12.8, 8.8, 13.3, 9.3], "rotation": 270, "texture": "#7"},
				"east": {"uv": [1.3, 13.7, 0.8, 13.2], "texture": "#7"},
				"south": {"uv": [12, 12.8, 12.5, 13.3], "rotation": 90, "texture": "#7"},
				"west": {"uv": [13.7, 3.2, 13.2, 3.7], "rotation": 180, "texture": "#7"},
				"up": {"uv": [13.3, 8.1, 12.8, 7.6], "rotation": 270, "texture": "#7"}
			}
		},
		{
			"from": [-5.60667, 15.78142, 14.2813],
			"to": [-5.35667, 16.03142, 15.0313],
			"rotation": {"angle": -22.5, "axis": "z", "origin": [-4.9, 15.01997, 14.6563]},
			"faces": {
				"north": {"uv": [14.8, 2.4, 14.9, 2.5], "texture": "#7"},
				"east": {"uv": [14.8, 0.8, 15.1, 0.9], "texture": "#7"},
				"south": {"uv": [5.6, 14.8, 5.7, 14.9], "texture": "#7"},
				"west": {"uv": [14.8, 0, 15.1, 0.1], "texture": "#7"},
				"down": {"uv": [14.8, 1.7, 15.1, 1.6], "rotation": 270, "texture": "#7"}
			}
		},
		{
			"from": [-5.60667, 15.78142, 0.9687],
			"to": [-5.35667, 16.03142, 1.7187],
			"rotation": {"angle": -22.5, "axis": "z", "origin": [-4.9, 15.01997, 1.3437]},
			"faces": {
				"north": {"uv": [5.7, 14.8, 5.6, 14.9], "texture": "#7"},
				"east": {"uv": [15.1, 0.8, 14.8, 0.9], "texture": "#7"},
				"south": {"uv": [14.9, 2.4, 14.8, 2.5], "texture": "#7"},
				"west": {"uv": [15.1, 0, 14.8, 0.1], "texture": "#7"},
				"down": {"uv": [15.1, 1.7, 14.8, 1.6], "rotation": 270, "texture": "#7"}
			}
		},
		{
			"from": [-5.56243, 13.62517, 0.7187],
			"to": [-4.31243, 14.87517, 1.9687],
			"rotation": {"angle": 22.5, "axis": "z", "origin": [-4.9, 15.01997, 1.3437]},
			"faces": {
				"north": {"uv": [12, 13.3, 12.5, 12.8], "rotation": 90, "texture": "#7"},
				"east": {"uv": [0.8, 13.7, 1.3, 13.2], "texture": "#7"},
				"south": {"uv": [12.8, 9.3, 13.3, 8.8], "rotation": 270, "texture": "#7"},
				"west": {"uv": [13.2, 3.2, 13.7, 3.7], "rotation": 180, "texture": "#7"},
				"up": {"uv": [12.8, 8.1, 13.3, 7.6], "rotation": 270, "texture": "#7"}
			}
		},
		{
			"from": [-5.85667, 16.03142, 0.9687],
			"to": [-5.35667, 16.53142, 1.7187],
			"rotation": {"angle": -22.5, "axis": "z", "origin": [-4.9, 15.01997, 1.3437]},
			"faces": {
				"north": {"uv": [0.2, 14.8, 0, 15], "texture": "#7"},
				"east": {"uv": [14.7, 10.8, 14.4, 11], "texture": "#7"},
				"south": {"uv": [14.6, 13.2, 14.4, 13.4], "texture": "#7"},
				"up": {"uv": [14.7, 11.6, 14.4, 11.8], "rotation": 90, "texture": "#7"},
				"down": {"uv": [14.7, 12.6, 14.4, 12.4], "rotation": 270, "texture": "#7"}
			}
		},
		{
			"from": [-6.60667, 15.53142, 0.9687],
			"to": [-5.85667, 16.53142, 1.7187],
			"rotation": {"angle": -22.5, "axis": "z", "origin": [-4.9, 15.01997, 1.3437]},
			"faces": {
				"north": {"uv": [8.3, 14.4, 8, 14.8], "texture": "#7"},
				"east": {"uv": [14.7, 5.2, 14.4, 5.6], "texture": "#7"},
				"south": {"uv": [5.1, 14.4, 4.8, 14.8], "texture": "#7"},
				"west": {"uv": [14.7, 4.4, 14.4, 4.8], "texture": "#7"},
				"up": {"uv": [11.1, 14.4, 10.8, 14.7], "rotation": 90, "texture": "#7"}
			}
		},
		{
			"from": [-6.60667, 14.78142, 0.9687],
			"to": [-5.35667, 15.53142, 1.7187],
			"rotation": {"angle": -22.5, "axis": "z", "origin": [-4.9, 15.01997, 1.3437]},
			"faces": {
				"north": {"uv": [3.3, 14.4, 2.8, 14.7], "texture": "#7"},
				"south": {"uv": [2.1, 14.4, 1.6, 14.7], "texture": "#7"},
				"west": {"uv": [10.3, 14.4, 10, 14.7], "texture": "#7"},
				"up": {"uv": [14.7, 3.2, 14.4, 3.7], "rotation": 90, "texture": "#7"},
				"down": {"uv": [4.3, 14.9, 4, 14.4], "rotation": 270, "texture": "#7"}
			}
		},
		{
			"from": [-5.54973, 14.41191, 0.8437],
			"to": [-4.54973, 15.41191, 1.8437],
			"rotation": {"angle": -45, "axis": "z", "origin": [-4.9, 15.01997, 1.3437]},
			"faces": {
				"north": {"uv": [13.6, 14, 13.2, 14.4], "texture": "#7"},
				"south": {"uv": [12.8, 14, 12.4, 14.4], "texture": "#7"},
				"west": {"uv": [12, 14, 11.6, 14.4], "texture": "#7"},
				"up": {"uv": [14.4, 14, 14, 14.4], "rotation": 90, "texture": "#7"},
				"down": {"uv": [1.2, 14.8, 0.8, 14.4], "rotation": 270, "texture": "#7"}
			}
		},
		{
			"from": [-4.74825, 12.69916, 0.7162],
			"to": [-2.74825, 14.44916, 1.9712],
			"rotation": {"angle": -22.5, "axis": "z", "origin": [-4.9, 15.01997, 1.3437]},
			"faces": {
				"north": {"uv": [4.4, 7.2, 3.6, 7.9], "texture": "#7"},
				"south": {"uv": [8, 3.2, 7.2, 3.9], "texture": "#7"},
				"west": {"uv": [9.7, 10.8, 9.2, 11.5], "texture": "#7"},
				"up": {"uv": [5.3, 9.2, 4.8, 10], "rotation": 90, "texture": "#7"},
				"down": {"uv": [9.7, 6, 9.2, 5.2], "rotation": 270, "texture": "#7"}
			}
		},
		{
			"from": [7.01202, 2.56824, 0.2475],
			"to": [9.51202, 3.56824, 1.7525],
			"rotation": {"angle": 22.5, "axis": "z", "origin": [8, 4.95343, 1]},
			"faces": {
				"north": {"uv": [8.4, 2, 9.4, 2.4], "texture": "#7"},
				"east": {"uv": [9.2, 13.2, 9.8, 13.6], "texture": "#7"},
				"south": {"uv": [8.4, 1.2, 9.4, 1.6], "texture": "#7"},
				"west": {"uv": [13.2, 11.6, 13.8, 12], "texture": "#7"},
				"up": {"uv": [6.6, 5.8, 6, 4.8], "rotation": 90, "texture": "#7"},
				"down": {"uv": [0.6, 6.4, 0, 7.4], "rotation": 270, "texture": "#7"}
			}
		},
		{
			"from": [9.3097, 3.32843, 0.25],
			"to": [10.3097, 6.57843, 1.75],
			"rotation": {"angle": 0, "axis": "y", "origin": [8, 4.95343, 1]},
			"faces": {
				"north": {"uv": [7.2, 6.4, 7.6, 7.7], "texture": "#7"},
				"east": {"uv": [3.6, 4, 4.2, 5.3], "texture": "#7"},
				"south": {"uv": [7.2, 4.4, 7.6, 5.7], "texture": "#7"},
				"west": {"uv": [0, 4.4, 0.6, 5.7], "texture": "#7"}
			}
		},
		{
			"from": [7.01203, 6.33862, 0.2475],
			"to": [9.51203, 7.33862, 1.7525],
			"rotation": {"angle": -22.5, "axis": "z", "origin": [8, 4.95343, 1]},
			"faces": {
				"north": {"uv": [8.4, 2.8, 9.4, 3.2], "texture": "#7"},
				"east": {"uv": [13.2, 12.4, 13.8, 12.8], "texture": "#7"},
				"south": {"uv": [2.8, 8.4, 3.8, 8.8], "texture": "#7"},
				"west": {"uv": [13.2, 13.2, 13.8, 13.6], "texture": "#7"},
				"up": {"uv": [1.8, 7.4, 1.2, 6.4], "rotation": 90, "texture": "#7"},
				"down": {"uv": [3, 6.4, 2.4, 7.4], "rotation": 270, "texture": "#7"}
			}
		},
		{
			"from": [6.48797, 6.33862, 0.2485],
			"to": [8.98797, 7.33862, 1.7515],
			"rotation": {"angle": 22.5, "axis": "z", "origin": [8, 4.95343, 1]},
			"faces": {
				"north": {"uv": [1.6, 9.2, 2.6, 9.6], "texture": "#7"},
				"south": {"uv": [8.4, 3.6, 9.4, 4], "texture": "#7"},
				"west": {"uv": [13.6, 0.8, 14.2, 1.2], "texture": "#7"},
				"up": {"uv": [5.4, 7.4, 4.8, 6.4], "rotation": 90, "texture": "#7"},
				"down": {"uv": [6.6, 6.4, 6, 7.4], "rotation": 270, "texture": "#7"}
			}
		},
		{
			"from": [5.6903, 3.32843, 0.25],
			"to": [6.6903, 6.57843, 1.75],
			"rotation": {"angle": 0, "axis": "y", "origin": [8, 4.95343, 1]},
			"faces": {
				"north": {"uv": [0.8, 8, 1.2, 9.3], "texture": "#7"},
				"east": {"uv": [1.2, 4.4, 1.8, 5.7], "texture": "#7"},
				"south": {"uv": [0, 8, 0.4, 9.3], "texture": "#7"},
				"west": {"uv": [2.4, 4.4, 3, 5.7], "texture": "#7"}
			}
		},
		{
			"from": [6.48798, 2.56824, 0.2485],
			"to": [8.98798, 3.56824, 1.7515],
			"rotation": {"angle": -22.5, "axis": "z", "origin": [8, 4.95343, 1]},
			"faces": {
				"north": {"uv": [9.2, 4.4, 10.2, 4.8], "texture": "#7"},
				"south": {"uv": [3.2, 9.2, 4.2, 9.6], "texture": "#7"},
				"west": {"uv": [13.6, 1.6, 14.2, 2], "texture": "#7"},
				"up": {"uv": [7.8, 1, 7.2, 0], "rotation": 90, "texture": "#7"},
				"down": {"uv": [7.8, 1.6, 7.2, 2.6], "rotation": 270, "texture": "#7"}
			}
		},
		{
			"from": [6.5, 3.35, 0.5],
			"to": [9.5, 6.6, 1.5],
			"rotation": {"angle": 0, "axis": "y", "origin": [8, 4.95343, 1]},
			"faces": {
				"north": {"uv": [1.6, 0, 2.8, 1.3], "texture": "#7"},
				"south": {"uv": [0, 0, 1.2, 1.3], "texture": "#7"}
			}
		},
		{
			"from": [7.25, 3.4, 15],
			"to": [8.75, 4.9, 15.5],
			"rotation": {"angle": 0, "axis": "y", "origin": [8, 4.15, 15.25]},
			"faces": {
				"north": {"uv": [10, 1.2, 10.6, 1.8], "texture": "#7"},
				"south": {"uv": [0.8, 10, 1.4, 10.6], "texture": "#7"}
			}
		},
		{
			"from": [8.61679, 3.025, 14.75],
			"to": [9.61679, 5.275, 15.75],
			"rotation": {"angle": 0, "axis": "y", "origin": [8, 4.15, 15.25]},
			"faces": {
				"north": {"uv": [3.6, 10, 4, 10.9], "texture": "#7"},
				"east": {"uv": [2, 10, 2.4, 10.9], "texture": "#7"},
				"south": {"uv": [10, 2.4, 10.4, 3.3], "texture": "#7"},
				"west": {"uv": [2.8, 10, 3.2, 10.9], "texture": "#7"}
			}
		},
		{
			"from": [6.38321, 3.025, 14.75],
			"to": [7.38321, 5.275, 15.75],
			"rotation": {"angle": 0, "axis": "y", "origin": [8, 4.15, 15.25]},
			"faces": {
				"north": {"uv": [5.2, 10.4, 5.6, 11.3], "texture": "#7"},
				"east": {"uv": [10, 7.6, 10.4, 8.5], "texture": "#7"},
				"south": {"uv": [10, 9.2, 10.4, 10.1], "texture": "#7"},
				"west": {"uv": [4.4, 10.4, 4.8, 11.3], "texture": "#7"}
			}
		},
		{
			"from": [6.9368, 2.49192, 14.7485],
			"to": [8.6868, 3.49192, 15.7515],
			"rotation": {"angle": -22.5, "axis": "z", "origin": [8, 4.15, 15.25]},
			"faces": {
				"north": {"uv": [11.6, 7.2, 12.3, 7.6], "texture": "#7"},
				"south": {"uv": [11.6, 6.4, 12.3, 6.8], "texture": "#7"},
				"west": {"uv": [7.2, 8.4, 7.6, 8.8], "texture": "#7"},
				"up": {"uv": [6.8, 3.1, 6.4, 2.4], "rotation": 90, "texture": "#7"},
				"down": {"uv": [0.4, 11.6, 0, 12.3], "rotation": 270, "texture": "#7"}
			}
		},
		{
			"from": [7.3132, 2.49192, 14.7475],
			"to": [9.0632, 3.49192, 15.7525],
			"rotation": {"angle": 22.5, "axis": "z", "origin": [8, 4.15, 15.25]},
			"faces": {
				"north": {"uv": [11.6, 8.8, 12.3, 9.2], "texture": "#7"},
				"east": {"uv": [13.6, 10.8, 14, 11.2], "texture": "#7"},
				"south": {"uv": [11.6, 8, 12.3, 8.4], "texture": "#7"},
				"west": {"uv": [0, 14, 0.4, 14.4], "texture": "#7"},
				"up": {"uv": [12, 11.9, 11.6, 11.2], "rotation": 90, "texture": "#7"},
				"down": {"uv": [12.4, 0, 12, 0.7], "rotation": 270, "texture": "#7"}
			}
		},
		{
			"from": [6.9368, 4.80808, 14.7485],
			"to": [8.6868, 5.80808, 15.7515],
			"rotation": {"angle": 22.5, "axis": "z", "origin": [8, 4.15, 15.25]},
			"faces": {
				"north": {"uv": [4.4, 12, 5.1, 12.4], "texture": "#7"},
				"south": {"uv": [12, 3.6, 12.7, 4], "texture": "#7"},
				"west": {"uv": [14, 0, 14.4, 0.4], "texture": "#7"},
				"up": {"uv": [6, 12.7, 5.6, 12], "rotation": 90, "texture": "#7"},
				"down": {"uv": [6.8, 12, 6.4, 12.7], "rotation": 270, "texture": "#7"}
			}
		},
		{
			"from": [7.3132, 4.80808, 14.7475],
			"to": [9.0632, 5.80808, 15.7525],
			"rotation": {"angle": -22.5, "axis": "z", "origin": [8, 4.15, 15.25]},
			"faces": {
				"north": {"uv": [7.2, 12, 7.9, 12.4], "texture": "#7"},
				"east": {"uv": [5.6, 14, 6, 14.4], "texture": "#7"},
				"south": {"uv": [12, 4.4, 12.7, 4.8], "texture": "#7"},
				"west": {"uv": [6.4, 14, 6.8, 14.4], "texture": "#7"},
				"up": {"uv": [9.6, 12.7, 9.2, 12], "rotation": 90, "texture": "#7"},
				"down": {"uv": [12.4, 9.6, 12, 10.3], "rotation": 270, "texture": "#7"}
			}
		},
		{
			"from": [-3.75, 3.02843, 6.38321],
			"to": [-2.75, 5.27843, 7.38321],
			"rotation": {"angle": 0, "axis": "y", "origin": [-3.25, 6.29804, 7.88137]},
			"faces": {
				"north": {"uv": [10.4, 5.2, 10.8, 6.1], "texture": "#7"},
				"east": {"uv": [6, 10.4, 6.4, 11.3], "texture": "#7"},
				"south": {"uv": [6.8, 10.4, 7.2, 11.3], "texture": "#7"},
				"west": {"uv": [7.6, 10.4, 8, 11.3], "texture": "#7"}
			}
		},
		{
			"from": [-3.7525, 4.79484, 6.4794],
			"to": [-2.7475, 5.79484, 8.2294],
			"rotation": {"angle": -22.5, "axis": "x", "origin": [-3.2525, 5.29484, 7.7294]},
			"faces": {
				"north": {"uv": [7.2, 14, 7.6, 14.4], "texture": "#7"},
				"east": {"uv": [0.8, 12.4, 1.5, 12.8], "texture": "#7"},
				"south": {"uv": [14, 7.6, 14.4, 8], "texture": "#7"},
				"west": {"uv": [12.4, 1.2, 13.1, 1.6], "texture": "#7"},
				"up": {"uv": [12.8, 5.9, 12.4, 5.2], "texture": "#7"},
				"down": {"uv": [8.8, 12.4, 8.4, 13.1], "texture": "#7"}
			}
		},
		{
			"from": [-3.7515, 4.79484, 7.7706],
			"to": [-2.7485, 5.79484, 9.5206],
			"rotation": {"angle": 22.5, "axis": "x", "origin": [-3.2515, 5.29484, 8.2706]},
			"faces": {
				"east": {"uv": [10, 12.4, 10.7, 12.8], "texture": "#7"},
				"south": {"uv": [14, 8.4, 14.4, 8.8], "texture": "#7"},
				"west": {"uv": [12.4, 10.8, 13.1, 11.2], "texture": "#7"},
				"up": {"uv": [11.6, 13.1, 11.2, 12.4], "texture": "#7"},
				"down": {"uv": [12.8, 11.6, 12.4, 12.3], "texture": "#7"}
			}
		},
		{
			"from": [-3.75, 3.02843, 8.61679],
			"to": [-2.75, 5.27843, 9.61679],
			"rotation": {"angle": 0, "axis": "y", "origin": [-3.25, 6.29804, 8.11863]},
			"faces": {
				"north": {"uv": [10.8, 2.4, 11.2, 3.3], "texture": "#7"},
				"east": {"uv": [10.8, 6.8, 11.2, 7.7], "texture": "#7"},
				"south": {"uv": [8.4, 10.8, 8.8, 11.7], "texture": "#7"},
				"west": {"uv": [10.8, 8.4, 11.2, 9.3], "texture": "#7"}
			}
		},
		{
			"from": [-3.7515, 2.51202, 7.7706],
			"to": [-2.7485, 3.51202, 9.5206],
			"rotation": {"angle": -22.5, "axis": "x", "origin": [-3.2515, 3.01202, 8.2706]},
			"faces": {
				"east": {"uv": [12.8, 0, 13.5, 0.4], "texture": "#7"},
				"south": {"uv": [9.2, 14, 9.6, 14.4], "texture": "#7"},
				"west": {"uv": [2, 12.8, 2.7, 13.2], "texture": "#7"},
				"up": {"uv": [0.4, 13.5, 0, 12.8], "texture": "#7"},
				"down": {"uv": [13.2, 2, 12.8, 2.7], "texture": "#7"}
			}
		},
		{
			"from": [-3.7525, 2.51202, 6.4794],
			"to": [-2.7475, 3.51202, 8.2294],
			"rotation": {"angle": 22.5, "axis": "x", "origin": [-3.2525, 3.01202, 7.7294]},
			"faces": {
				"north": {"uv": [14, 9.2, 14.4, 9.6], "texture": "#7"},
				"east": {"uv": [3.2, 12.8, 3.9, 13.2], "texture": "#7"},
				"south": {"uv": [14, 10, 14.4, 10.4], "texture": "#7"},
				"west": {"uv": [4.4, 12.8, 5.1, 13.2], "texture": "#7"},
				"up": {"uv": [13.2, 7.1, 12.8, 6.4], "texture": "#7"},
				"down": {"uv": [7.6, 12.8, 7.2, 13.5], "texture": "#7"}
			}
		},
		{
			"from": [-3.5, 3.40343, 7.25],
			"to": [-3, 4.90343, 8.75],
			"rotation": {"angle": 0, "axis": "y", "origin": [-3.75, 3.15343, 7]},
			"faces": {
				"east": {"uv": [10.8, 0, 11.4, 0.6], "texture": "#7"},
				"west": {"uv": [10.8, 4, 11.4, 4.6], "texture": "#7"}
			}
		},
		{
			"from": [-3, 0.5, 1],
			"to": [19, 7.5, 15],
			"rotation": {"angle": 0, "axis": "y", "origin": [0, 0.5, 0]},
			"faces": {
				"north": {"uv": [4.7619, 9.14286, 8.95238, 10.47619], "texture": "#3"},
				"east": {"uv": [9.52381, 7.42857, 12.19048, 8.7619], "texture": "#3"},
				"south": {"uv": [9.14286, 9.14286, 13.33333, 10.47619], "texture": "#3"},
				"west": {"uv": [9.71429, 4.57143, 12.38095, 5.90476], "texture": "#3"},
				"up": {"uv": [9.14286, 2.66667, 4.95238, 0], "texture": "#3"},
				"down": {"uv": [9.14286, 2.85714, 4.95238, 5.52381], "texture": "#3"}
			}
		},
		{
			"from": [-1.5, 0.25, 0.5],
			"to": [17.5, 1.5, 2],
			"rotation": {"angle": 0, "axis": "y", "origin": [14.5, 0.75, 1.25]},
			"faces": {
				"north": {"uv": [3.42857, 12.38095, 7.04762, 12.61905], "texture": "#3"},
				"south": {"uv": [7.2381, 12.38095, 10.85714, 12.61905], "texture": "#3"},
				"up": {"uv": [11.61905, 12.09524, 8, 11.80952], "texture": "#3"},
				"down": {"uv": [15.42857, 11.80952, 11.80952, 12.09524], "texture": "#3"}
			}
		},
		{
			"from": [17.5, 0, 0],
			"to": [20, 1.75, 2.5],
			"rotation": {"angle": 0, "axis": "y", "origin": [19.5, 0, -0.5]},
			"faces": {
				"north": {"uv": [3.80952, 13.52381, 4.28571, 13.85714], "texture": "#3"},
				"east": {"uv": [13.52381, 8.95238, 14, 9.28571], "texture": "#3"},
				"south": {"uv": [13.52381, 9.52381, 14, 9.85714], "texture": "#3"},
				"west": {"uv": [13.52381, 10.09524, 14, 10.42857], "texture": "#3"},
				"up": {"uv": [13.80952, 13.61905, 13.33333, 13.14286], "texture": "#3"},
				"down": {"uv": [0.47619, 13.52381, 0, 14], "texture": "#3"}
			}
		},
		{
			"from": [17.75, 1.75, 0.25],
			"to": [19.75, 6.25, 2.25],
			"rotation": {"angle": 0, "axis": "y", "origin": [19, 0, 0]},
			"faces": {
				"north": {"uv": [5.14286, 12.95238, 5.52381, 13.80952], "texture": "#3"},
				"east": {"uv": [5.71429, 12.95238, 6.09524, 13.80952], "texture": "#3"},
				"south": {"uv": [6.28571, 12.95238, 6.66667, 13.80952], "texture": "#3"},
				"west": {"uv": [6.85714, 12.95238, 7.2381, 13.80952], "texture": "#3"}
			}
		},
		{
			"from": [18, 6.5, 2.25],
			"to": [19.5, 8, 13.75],
			"rotation": {"angle": 0, "axis": "y", "origin": [12, 7.25, 8]},
			"faces": {
				"east": {"uv": [12.38095, 7.2381, 14.57143, 7.52381], "texture": "#3"},
				"west": {"uv": [12.38095, 7.80952, 14.57143, 8.09524], "texture": "#3"},
				"up": {"uv": [11.33333, 14.57143, 11.04762, 12.38095], "texture": "#3"},
				"down": {"uv": [11.90476, 12.38095, 11.61905, 14.57143], "texture": "#3"}
			}
		},
		{
			"from": [-1.75, 6.5, 0.5],
			"to": [17.75, 8, 2],
			"rotation": {"angle": 0, "axis": "y", "origin": [18, 7.5, 0]},
			"faces": {
				"north": {"uv": [7.42857, 11.2381, 11.14286, 11.52381], "texture": "#3"},
				"south": {"uv": [11.42857, 11.2381, 15.14286, 11.52381], "texture": "#3"},
				"up": {"uv": [3.71429, 12.09524, 0, 11.80952], "texture": "#3"},
				"down": {"uv": [7.71429, 11.80952, 4, 12.09524], "texture": "#3"}
			}
		},
		{
			"from": [18, 0.25, 2.5],
			"to": [19.5, 1.5, 13.5],
			"rotation": {"angle": 0, "axis": "y", "origin": [19.25, 1.25, 10.5]},
			"faces": {
				"east": {"uv": [12.38095, 8.38095, 14.47619, 8.61905], "texture": "#3"},
				"west": {"uv": [12.57143, 4.57143, 14.66667, 4.80952], "texture": "#3"},
				"up": {"uv": [12.47619, 14.47619, 12.19048, 12.38095], "texture": "#3"},
				"down": {"uv": [13.04762, 12.38095, 12.7619, 14.47619], "texture": "#3"}
			}
		},
		{
			"from": [17.5, 6.25, 0],
			"to": [20, 8.25, 2.5],
			"rotation": {"angle": 0, "axis": "y", "origin": [19.5, 6.25, -0.5]},
			"faces": {
				"north": {"uv": [0.7619, 13.52381, 1.2381, 13.90476], "texture": "#3"},
				"east": {"uv": [1.52381, 13.52381, 2, 13.90476], "texture": "#3"},
				"south": {"uv": [2.28571, 13.52381, 2.7619, 13.90476], "texture": "#3"},
				"west": {"uv": [3.04762, 13.52381, 3.52381, 13.90476], "texture": "#3"},
				"up": {"uv": [10.19048, 13.42857, 9.71429, 12.95238], "texture": "#3"},
				"down": {"uv": [13.80952, 12.38095, 13.33333, 12.85714], "texture": "#3"}
			}
		},
		{
			"from": [18.75, 3.02843, 6.38321],
			"to": [19.75, 5.27843, 7.38321],
			"rotation": {"angle": 0, "axis": "y", "origin": [19.25, 6.29804, 7.88137]},
			"faces": {
				"north": {"uv": [10.8, 5.2, 10.4, 6.1], "texture": "#7"},
				"east": {"uv": [8, 10.4, 7.6, 11.3], "texture": "#7"},
				"south": {"uv": [7.2, 10.4, 6.8, 11.3], "texture": "#7"},
				"west": {"uv": [6.4, 10.4, 6, 11.3], "texture": "#7"}
			}
		},
		{
			"from": [18.7475, 2.51202, 6.4794],
			"to": [19.7525, 3.51202, 8.2294],
			"rotation": {"angle": 22.5, "axis": "x", "origin": [19.2525, 3.01202, 7.7294]},
			"faces": {
				"north": {"uv": [14.4, 9.2, 14, 9.6], "texture": "#7"},
				"east": {"uv": [5.1, 12.8, 4.4, 13.2], "texture": "#7"},
				"south": {"uv": [14.4, 10, 14, 10.4], "texture": "#7"},
				"west": {"uv": [3.9, 12.8, 3.2, 13.2], "texture": "#7"},
				"up": {"uv": [12.8, 7.1, 13.2, 6.4], "texture": "#7"},
				"down": {"uv": [7.2, 12.8, 7.6, 13.5], "texture": "#7"}
			}
		},
		{
			"from": [18.7485, 2.51202, 7.7706],
			"to": [19.7515, 3.51202, 9.5206],
			"rotation": {"angle": -22.5, "axis": "x", "origin": [19.2515, 3.01202, 8.2706]},
			"faces": {
				"east": {"uv": [2.7, 12.8, 2, 13.2], "texture": "#7"},
				"south": {"uv": [9.6, 14, 9.2, 14.4], "texture": "#7"},
				"west": {"uv": [13.5, 0, 12.8, 0.4], "texture": "#7"},
				"up": {"uv": [0, 13.5, 0.4, 12.8], "texture": "#7"},
				"down": {"uv": [12.8, 2, 13.2, 2.7], "texture": "#7"}
			}
		},
		{
			"from": [19, 3.40343, 7.25],
			"to": [19.5, 4.90343, 8.75],
			"rotation": {"angle": 0, "axis": "y", "origin": [19.75, 3.15343, 7]},
			"faces": {
				"east": {"uv": [11.4, 4, 10.8, 4.6], "texture": "#7"},
				"west": {"uv": [11.4, 0, 10.8, 0.6], "texture": "#7"}
			}
		},
		{
			"from": [18.75, 3.02843, 8.61679],
			"to": [19.75, 5.27843, 9.61679],
			"rotation": {"angle": 0, "axis": "y", "origin": [19.25, 6.29804, 8.11863]},
			"faces": {
				"north": {"uv": [11.2, 2.4, 10.8, 3.3], "texture": "#7"},
				"east": {"uv": [11.2, 8.4, 10.8, 9.3], "texture": "#7"},
				"south": {"uv": [8.8, 10.8, 8.4, 11.7], "texture": "#7"},
				"west": {"uv": [11.2, 6.8, 10.8, 7.7], "texture": "#7"}
			}
		},
		{
			"from": [18.7475, 4.79484, 6.4794],
			"to": [19.7525, 5.79484, 8.2294],
			"rotation": {"angle": -22.5, "axis": "x", "origin": [19.2525, 5.29484, 7.7294]},
			"faces": {
				"north": {"uv": [7.6, 14, 7.2, 14.4], "texture": "#7"},
				"east": {"uv": [13.1, 1.2, 12.4, 1.6], "texture": "#7"},
				"south": {"uv": [14.4, 7.6, 14, 8], "texture": "#7"},
				"west": {"uv": [1.5, 12.4, 0.8, 12.8], "texture": "#7"},
				"up": {"uv": [12.4, 5.9, 12.8, 5.2], "texture": "#7"},
				"down": {"uv": [8.4, 12.4, 8.8, 13.1], "texture": "#7"}
			}
		},
		{
			"from": [18.7485, 4.79484, 7.7706],
			"to": [19.7515, 5.79484, 9.5206],
			"rotation": {"angle": 22.5, "axis": "x", "origin": [19.2515, 5.29484, 8.2706]},
			"faces": {
				"east": {"uv": [13.1, 10.8, 12.4, 11.2], "texture": "#7"},
				"south": {"uv": [14.4, 8.4, 14, 8.8], "texture": "#7"},
				"west": {"uv": [10.7, 12.4, 10, 12.8], "texture": "#7"},
				"up": {"uv": [11.2, 13.1, 11.6, 12.4], "texture": "#7"},
				"down": {"uv": [12.4, 11.6, 12.8, 12.3], "texture": "#7"}
			}
		},
		{
			"from": [17.5, 0, 13.5],
			"to": [20, 1.75, 16],
			"rotation": {"angle": 0, "axis": "y", "origin": [19.5, 0, 16.5]},
			"faces": {
				"north": {"uv": [14, 9.52381, 13.52381, 9.85714], "texture": "#3"},
				"east": {"uv": [14, 8.95238, 13.52381, 9.28571], "texture": "#3"},
				"south": {"uv": [4.28571, 13.52381, 3.80952, 13.85714], "texture": "#3"},
				"west": {"uv": [14, 10.09524, 13.52381, 10.42857], "texture": "#3"},
				"up": {"uv": [13.80952, 13.14286, 13.33333, 13.61905], "texture": "#3"},
				"down": {"uv": [0.47619, 14, 0, 13.52381], "texture": "#3"}
			}
		},
		{
			"from": [17.75, 1.75, 13.75],
			"to": [19.75, 6.25, 15.75],
			"rotation": {"angle": 0, "axis": "y", "origin": [19, 0, 16]},
			"faces": {
				"north": {"uv": [6.66667, 12.95238, 6.28571, 13.80952], "texture": "#3"},
				"east": {"uv": [6.09524, 12.95238, 5.71429, 13.80952], "texture": "#3"},
				"south": {"uv": [5.52381, 12.95238, 5.14286, 13.80952], "texture": "#3"},
				"west": {"uv": [7.2381, 12.95238, 6.85714, 13.80952], "texture": "#3"}
			}
		},
		{
			"from": [17.5, 6.25, 13.5],
			"to": [20, 8.25, 16],
			"rotation": {"angle": 0, "axis": "y", "origin": [19.5, 6.25, 16.5]},
			"faces": {
				"north": {"uv": [2.7619, 13.52381, 2.28571, 13.90476], "texture": "#3"},
				"east": {"uv": [2, 13.52381, 1.52381, 13.90476], "texture": "#3"},
				"south": {"uv": [1.2381, 13.52381, 0.7619, 13.90476], "texture": "#3"},
				"west": {"uv": [3.52381, 13.52381, 3.04762, 13.90476], "texture": "#3"},
				"up": {"uv": [10.19048, 12.95238, 9.71429, 13.42857], "texture": "#3"},
				"down": {"uv": [13.80952, 12.85714, 13.33333, 12.38095], "texture": "#3"}
			}
		},
		{
			"from": [-4, 0, 0],
			"to": [-1.5, 1.75, 2.5],
			"rotation": {"angle": 0, "axis": "y", "origin": [-3.5, 0, -0.5]},
			"faces": {
				"north": {"uv": [4.28571, 13.52381, 3.80952, 13.85714], "texture": "#3"},
				"east": {"uv": [14, 10.09524, 13.52381, 10.42857], "texture": "#3"},
				"south": {"uv": [14, 9.52381, 13.52381, 9.85714], "texture": "#3"},
				"west": {"uv": [14, 8.95238, 13.52381, 9.28571], "texture": "#3"},
				"up": {"uv": [13.33333, 13.61905, 13.80952, 13.14286], "texture": "#3"},
				"down": {"uv": [0, 13.52381, 0.47619, 14], "texture": "#3"}
			}
		},
		{
			"from": [-3.75, 1.75, 0.25],
			"to": [-1.75, 6.25, 2.25],
			"rotation": {"angle": 0, "axis": "y", "origin": [-3, 0, 0]},
			"faces": {
				"north": {"uv": [5.52381, 12.95238, 5.14286, 13.80952], "texture": "#3"},
				"east": {"uv": [7.2381, 12.95238, 6.85714, 13.80952], "texture": "#3"},
				"south": {"uv": [6.66667, 12.95238, 6.28571, 13.80952], "texture": "#3"},
				"west": {"uv": [6.09524, 12.95238, 5.71429, 13.80952], "texture": "#3"}
			}
		},
		{
			"from": [-4, 6.25, 0],
			"to": [-1.5, 8.25, 2.5],
			"rotation": {"angle": 0, "axis": "y", "origin": [-3.5, 6.25, -0.5]},
			"faces": {
				"north": {"uv": [1.2381, 13.52381, 0.7619, 13.90476], "texture": "#3"},
				"east": {"uv": [3.52381, 13.52381, 3.04762, 13.90476], "texture": "#3"},
				"south": {"uv": [2.7619, 13.52381, 2.28571, 13.90476], "texture": "#3"},
				"west": {"uv": [2, 13.52381, 1.52381, 13.90476], "texture": "#3"},
				"up": {"uv": [9.71429, 13.42857, 10.19048, 12.95238], "texture": "#3"},
				"down": {"uv": [13.33333, 12.38095, 13.80952, 12.85714], "texture": "#3"}
			}
		},
		{
			"from": [-4, 0, 13.5],
			"to": [-1.5, 1.75, 16],
			"rotation": {"angle": 0, "axis": "y", "origin": [-3.5, 0, 16.5]},
			"faces": {
				"north": {"uv": [13.52381, 9.52381, 14, 9.85714], "texture": "#3"},
				"east": {"uv": [13.52381, 10.09524, 14, 10.42857], "texture": "#3"},
				"south": {"uv": [3.80952, 13.52381, 4.28571, 13.85714], "texture": "#3"},
				"west": {"uv": [13.52381, 8.95238, 14, 9.28571], "texture": "#3"},
				"up": {"uv": [13.33333, 13.14286, 13.80952, 13.61905], "texture": "#3"},
				"down": {"uv": [0, 14, 0.47619, 13.52381], "texture": "#3"}
			}
		},
		{
			"from": [-3.75, 1.75, 13.75],
			"to": [-1.75, 6.25, 15.75],
			"rotation": {"angle": 0, "axis": "y", "origin": [-3, 0, 16]},
			"faces": {
				"north": {"uv": [6.28571, 12.95238, 6.66667, 13.80952], "texture": "#3"},
				"east": {"uv": [6.85714, 12.95238, 7.2381, 13.80952], "texture": "#3"},
				"south": {"uv": [5.14286, 12.95238, 5.52381, 13.80952], "texture": "#3"},
				"west": {"uv": [5.71429, 12.95238, 6.09524, 13.80952], "texture": "#3"}
			}
		},
		{
			"from": [-4, 6.25, 13.5],
			"to": [-1.5, 8.25, 16],
			"rotation": {"angle": 0, "axis": "y", "origin": [-3.5, 6.25, 16.5]},
			"faces": {
				"north": {"uv": [2.28571, 13.52381, 2.7619, 13.90476], "texture": "#3"},
				"east": {"uv": [3.04762, 13.52381, 3.52381, 13.90476], "texture": "#3"},
				"south": {"uv": [0.7619, 13.52381, 1.2381, 13.90476], "texture": "#3"},
				"west": {"uv": [1.52381, 13.52381, 2, 13.90476], "texture": "#3"},
				"up": {"uv": [9.71429, 12.95238, 10.19048, 13.42857], "texture": "#3"},
				"down": {"uv": [13.33333, 12.85714, 13.80952, 12.38095], "texture": "#3"}
			}
		},
		{
			"from": [-3.5, 0.25, 2.5],
			"to": [-2, 1.5, 13.5],
			"rotation": {"angle": 0, "axis": "y", "origin": [-3.25, 1.25, 10.5]},
			"faces": {
				"east": {"uv": [14.66667, 4.57143, 12.57143, 4.80952], "texture": "#3"},
				"west": {"uv": [14.47619, 8.38095, 12.38095, 8.61905], "texture": "#3"},
				"up": {"uv": [12.19048, 14.47619, 12.47619, 12.38095], "texture": "#3"},
				"down": {"uv": [12.7619, 12.38095, 13.04762, 14.47619], "texture": "#3"}
			}
		},
		{
			"from": [-3.5, 6.5, 2.25],
			"to": [-2, 8, 13.75],
			"rotation": {"angle": 0, "axis": "y", "origin": [4, 7.25, 8]},
			"faces": {
				"east": {"uv": [14.57143, 7.80952, 12.38095, 8.09524], "texture": "#3"},
				"west": {"uv": [14.57143, 7.2381, 12.38095, 7.52381], "texture": "#3"},
				"up": {"uv": [11.04762, 14.57143, 11.33333, 12.38095], "texture": "#3"},
				"down": {"uv": [11.61905, 12.38095, 11.90476, 14.57143], "texture": "#3"}
			}
		},
		{
			"from": [-1.5, 0.25, 14],
			"to": [17.5, 1.5, 15.5],
			"rotation": {"angle": 0, "axis": "y", "origin": [14.5, 0.75, 14.75]},
			"faces": {
				"north": {"uv": [10.85714, 12.38095, 7.2381, 12.61905], "texture": "#3"},
				"south": {"uv": [7.04762, 12.38095, 3.42857, 12.61905], "texture": "#3"},
				"up": {"uv": [11.61905, 11.80952, 8, 12.09524], "texture": "#3"},
				"down": {"uv": [15.42857, 12.09524, 11.80952, 11.80952], "texture": "#3"}
			}
		},
		{
			"from": [-1.75, 6.5, 14],
			"to": [17.75, 8, 15.5],
			"rotation": {"angle": 0, "axis": "y", "origin": [18, 7.5, 16]},
			"faces": {
				"north": {"uv": [15.14286, 11.2381, 11.42857, 11.52381], "texture": "#3"},
				"south": {"uv": [11.14286, 11.2381, 7.42857, 11.52381], "texture": "#3"},
				"up": {"uv": [3.71429, 11.80952, 0, 12.09524], "texture": "#3"},
				"down": {"uv": [7.71429, 12.09524, 4, 11.80952], "texture": "#3"}
			}
		}
	],
	"gui_light": "front",
	"display": {
		"thirdperson_righthand": {
			"rotation": [-125, 0, -180],
			"translation": [0, 4.75, 1.75],
			"scale": [0.5, 0.5, 0.5]
		},
		"thirdperson_lefthand": {
			"rotation": [-125, 0, -180],
			"translation": [0, 4.75, 1.75],
			"scale": [0.5, 0.5, 0.5]
		},
		"firstperson_righthand": {
			"rotation": [163.5, 0, -180],
			"translation": [-1, 4.75, 1.5],
			"scale": [0.4, 0.4, 0.4]
		},
		"firstperson_lefthand": {
			"rotation": [163.5, 0, -180],
			"translation": [-1, 4.75, 1.5],
			"scale": [0.4, 0.4, 0.4]
		},
		"ground": {
			"translation": [0, 5, 0],
			"scale": [0.6, 0.6, 0.6]
		},
		"gui": {
			"rotation": [35, 135, 0],
			"translation": [0, 0.25, 0],
			"scale": [0.61, 0.61, 0.61]
		},
		"head": {
			"rotation": [0, 180, 0],
			"translation": [0, -30.5, 0],
			"scale": [1.6, 1.6, 1.6]
		},
		"fixed": {
			"rotation": [-90, 0, 0],
			"translation": [0, 0, -16],
			"scale": [2, 2, 2]
		}
	},
	"groups": [
		{
			"name": "chest",
			"origin": [8, 8, 8],
			"color": 0,
			"children": [
				{
					"name": "bee",
					"origin": [28, 11.81127, 3.96246],
					"color": 0,
					"children": [0, 1, 2, 3, 4, 5, 6, 7, 8, 9, 10, 11, 12, 13, 14]
				},
				{
					"name": "bee",
					"origin": [28, 11.81127, 3.96246],
					"color": 0,
					"children": [15, 16, 17, 18, 19, 20, 21, 22, 23, 24, 25, 26, 27, 28, 29]
				},
				{
					"name": "bee",
					"origin": [28, 11.81127, 3.96246],
					"color": 0,
					"children": [30, 31, 32, 33, 34, 35, 36, 37, 38, 39, 40, 41, 42, 43, 44]
				},
				{
					"name": "animated",
					"origin": [7.2225, 8.56891, 6.98473],
					"color": 0,
					"children": [45, 46, 47, 48, 49, 50]
				},
				{
					"name": "group",
					"origin": [-4.9, 25.01997, 1.3437],
					"color": 0,
					"children": [51, 52, 53, 54, 55, 56, 57, 58, 59, 60, 61, 62, 63, 64, 65, 66, 67, 68, 69, 70, 71, 72, 73, 74, 75, 76, 77, 78, 79, 80, 81, 82, 83, 84, 85, 86, 87]
				},
				{
					"name": "group",
					"origin": [4, 7.25, 8],
					"color": 0,
					"children": [
						{
							"name": "group",
							"origin": [18, 7.5, 16],
							"color": 0,
							"children": [
								88,
								89,
								90,
								91,
								92,
								93,
								94,
								95,
								96,
								97,
								98,
								99,
								100,
								101,
								102,
								103,
								104,
								105,
								106,
								107,
								108,
								109,
								110,
								111,
								112,
								113,
								114,
								115,
								116,
								117,
								118,
								119,
								120,
								121,
								122,
								123,
								124,
								125,
								126,
								127,
								128,
								129,
								130,
								131,
								132,
								133,
								134,
								135,
								136
							]
						}
					]
				}
			]
		}
	],
	"USER": "3651",
	"NONCE": "bfb4c915faef5206ff204a286bd92aa6",
	"TIMESTAMP": "1743274920",
	"RESOURCE": "13656",
	"MCMODELS": "1",
	"mcmodels": "bfb4c915faef5206ff204a286bd92aa6"
}