{
	"credit": "Pologony Creation Co.,Ltd.",
	"texture_size": [48, 48],
	"textures": {
		"2": "item/fool_crate/animated/honey_1",
		"4": "item/fool_crate/animated/bee_animated",
		"7": "item/fool_crate/tool",
		"8": "item/fool_crate/crossbow",
		"particle": "item/fool_crate/animated/bee_animated"
	},
	"elements": [
		{
			"from": [8.625, 9.25, 1.5],
			"to": [9.875, 11.25, 3.5],
			"rotation": {"angle": 22.5, "axis": "x", "origin": [9.25, 10.25, 2.5]},
			"faces": {
				"north": {"uv": [12, 8.33333, 12.41667, 9], "texture": "#8"},
				"east": {"uv": [10.66667, 6.33333, 11.33333, 7], "texture": "#8"},
				"south": {"uv": [12, 9.33333, 12.41667, 10], "texture": "#8"},
				"west": {"uv": [10.66667, 7.33333, 11.33333, 8], "texture": "#8"},
				"up": {"uv": [12.41667, 12, 12, 11.33333], "texture": "#8"},
				"down": {"uv": [12.75, 2.33333, 12.33333, 3], "texture": "#8"}
			}
		},
		{
			"from": [8.375, 9.5, 1.75],
			"to": [10.125, 11, 3.25],
			"rotation": {"angle": 22.5, "axis": "x", "origin": [9.25, 10.25, 2.5]},
			"faces": {
				"north": {"uv": [11.66667, 10.33333, 12.25, 10.83333], "texture": "#8"},
				"east": {"uv": [13, 0, 13.5, 0.5], "texture": "#8"},
				"south": {"uv": [1, 12, 1.58333, 12.5], "texture": "#8"},
				"west": {"uv": [1, 13, 1.5, 13.5], "texture": "#8"},
				"up": {"uv": [12.58333, 1.83333, 12, 1.33333], "texture": "#8"},
				"down": {"uv": [2.58333, 12, 2, 12.5], "texture": "#8"}
			}
		},
		{
			"from": [6.125, 9.25, 1.5],
			"to": [7.375, 11.25, 3.5],
			"rotation": {"angle": 22.5, "axis": "x", "origin": [6.75, 10.25, 2.5]},
			"faces": {
				"north": {"uv": [12.41667, 8.33333, 12, 9], "texture": "#8"},
				"east": {"uv": [11.33333, 7.33333, 10.66667, 8], "texture": "#8"},
				"south": {"uv": [12.41667, 9.33333, 12, 10], "texture": "#8"},
				"west": {"uv": [11.33333, 6.33333, 10.66667, 7], "texture": "#8"},
				"up": {"uv": [12, 12, 12.41667, 11.33333], "texture": "#8"},
				"down": {"uv": [12.33333, 2.33333, 12.75, 3], "texture": "#8"}
			}
		},
		{
			"from": [5.875, 9.5, 1.75],
			"to": [7.625, 11, 3.25],
			"rotation": {"angle": 22.5, "axis": "x", "origin": [6.75, 10.25, 2.5]},
			"faces": {
				"north": {"uv": [12.25, 10.33333, 11.66667, 10.83333], "texture": "#8"},
				"east": {"uv": [1.5, 13, 1, 13.5], "texture": "#8"},
				"south": {"uv": [1.58333, 12, 1, 12.5], "texture": "#8"},
				"west": {"uv": [13.5, 0, 13, 0.5], "texture": "#8"},
				"up": {"uv": [12, 1.83333, 12.58333, 1.33333], "texture": "#8"},
				"down": {"uv": [2, 12, 2.58333, 12.5], "texture": "#8"}
			}
		},
		{
			"from": [6.9975, 7.06201, 11.78649],
			"to": [9.0025, 8.06201, 14.28649],
			"rotation": {"angle": 22.5, "axis": "x", "origin": [7.9975, 7.56201, 13.03649]},
			"faces": {
				"north": {"uv": [13, 11.33333, 13.66667, 11.66667], "texture": "#8"},
				"east": {"uv": [7.33333, 12.33333, 8.16667, 12.66667], "texture": "#8"},
				"south": {"uv": [0, 13.33333, 0.66667, 13.66667], "texture": "#8"},
				"west": {"uv": [12.33333, 7.33333, 13.16667, 7.66667], "texture": "#8"},
				"up": {"uv": [10.33333, 8.5, 9.66667, 7.66667], "texture": "#8"},
				"down": {"uv": [10.33333, 9, 9.66667, 9.83333], "texture": "#8"}
			}
		},
		{
			"from": [7, 7.57843, 11.6903],
			"to": [9, 10.82843, 12.6903],
			"rotation": {"angle": 0, "axis": "y", "origin": [8, 10.84803, 13.18846]},
			"faces": {
				"north": {"uv": [2.33333, 8.66667, 3, 9.75], "texture": "#8"},
				"east": {"uv": [5, 11.33333, 5.33333, 12.41667], "texture": "#8"},
				"south": {"uv": [3.33333, 8.66667, 4, 9.75], "texture": "#8"},
				"west": {"uv": [5.66667, 11.33333, 6, 12.41667], "texture": "#8"}
			}
		},
		{
			"from": [6.9975, 10.3672, 11.89889],
			"to": [9.0025, 11.3672, 14.39889],
			"rotation": {"angle": -22.5, "axis": "x", "origin": [7.9975, 10.57348, 13.14889]},
			"faces": {
				"north": {"uv": [9.33333, 13, 10, 13.33333], "texture": "#8"},
				"east": {"uv": [12.33333, 6, 13.16667, 6.33333], "texture": "#8"},
				"south": {"uv": [13, 9.33333, 13.66667, 9.66667], "texture": "#8"},
				"west": {"uv": [12.33333, 6.66667, 13.16667, 7], "texture": "#8"},
				"up": {"uv": [0.66667, 10.16667, 0, 9.33333], "texture": "#8"},
				"down": {"uv": [10.33333, 6.33333, 9.66667, 7.16667], "texture": "#8"}
			}
		},
		{
			"from": [6.9985, 10.37291, 13.57241],
			"to": [9.0015, 11.37291, 16.07241],
			"rotation": {"angle": 22.5, "axis": "x", "origin": [7.9985, 10.50419, 14.82241]},
			"faces": {
				"east": {"uv": [12.33333, 4.66667, 13.16667, 5], "texture": "#8"},
				"south": {"uv": [13, 8.66667, 13.66667, 9], "texture": "#8"},
				"west": {"uv": [12.33333, 5.33333, 13.16667, 5.66667], "texture": "#8"},
				"up": {"uv": [7, 9.83333, 6.33333, 9], "texture": "#8"},
				"down": {"uv": [9.33333, 9, 8.66667, 9.83333], "texture": "#8"}
			}
		},
		{
			"from": [7, 7.57843, 15.3097],
			"to": [9, 10.82843, 16.3097],
			"rotation": {"angle": 0, "axis": "y", "origin": [8, 10.84803, 14.81154]},
			"faces": {
				"north": {"uv": [8, 2, 8.66667, 3.08333], "texture": "#8"},
				"east": {"uv": [5, 7, 5.33333, 8.08333], "texture": "#8"},
				"south": {"uv": [7.66667, 8.33333, 8.33333, 9.41667], "texture": "#8"},
				"west": {"uv": [6.66667, 10.33333, 7, 11.41667], "texture": "#8"}
			}
		},
		{
			"from": [6.9985, 7.06201, 13.71351],
			"to": [9.0015, 8.06201, 16.21351],
			"rotation": {"angle": -22.5, "axis": "x", "origin": [7.9985, 7.56201, 14.96351]},
			"faces": {
				"east": {"uv": [12.33333, 3.33333, 13.16667, 3.66667], "texture": "#8"},
				"south": {"uv": [13, 8, 13.66667, 8.33333], "texture": "#8"},
				"west": {"uv": [12.33333, 4, 13.16667, 4.33333], "texture": "#8"},
				"up": {"uv": [9.66667, 2.16667, 9, 1.33333], "texture": "#8"},
				"down": {"uv": [6, 9, 5.33333, 9.83333], "texture": "#8"}
			}
		},
		{
			"from": [7.25, 7.6, 12.5],
			"to": [8.75, 10.85, 15.5],
			"rotation": {"angle": 0, "axis": "y", "origin": [7.5, 7.6, 12.5]},
			"faces": {
				"east": {"uv": [2.33333, 7, 3.33333, 8.08333], "texture": "#8"},
				"west": {"uv": [3.66667, 7, 4.66667, 8.08333], "texture": "#8"}
			}
		},
		{
			"from": [15.40583, 9.79766, -0.3382],
			"to": [16.40583, 11.80266, 1.4118],
			"rotation": {"angle": 22.5, "axis": "y", "origin": [14.74775, 10.80016, 0.725]},
			"faces": {
				"north": {"uv": [2, 13, 2.66667, 13.33333], "rotation": 270, "texture": "#8"},
				"east": {"uv": [11.33333, 10.91667, 10.66667, 10.33333], "rotation": 90, "texture": "#8"},
				"south": {"uv": [3, 13, 3.66667, 13.33333], "rotation": 90, "texture": "#8"},
				"west": {"uv": [11.66667, 0, 11, 0.58333], "rotation": 90, "texture": "#8"},
				"up": {"uv": [12.66667, 13.33333, 13.25, 13.66667], "rotation": 90, "texture": "#8"},
				"down": {"uv": [13.33333, 2.33333, 13.91667, 2.66667], "rotation": 90, "texture": "#8"}
			}
		},
		{
			"from": [15.40583, 9.79866, 0.0382],
			"to": [16.40583, 11.80166, 1.7882],
			"rotation": {"angle": -22.5, "axis": "y", "origin": [14.74775, 10.80016, 0.725]},
			"faces": {
				"east": {"uv": [11.66667, 1.58333, 11, 1], "rotation": 90, "texture": "#8"},
				"south": {"uv": [4.66667, 13, 5.33333, 13.33333], "rotation": 90, "texture": "#8"},
				"west": {"uv": [2.66667, 11, 2, 11.58333], "rotation": 90, "texture": "#8"},
				"up": {"uv": [3, 13.66667, 3.58333, 14], "rotation": 90, "texture": "#8"},
				"down": {"uv": [2, 13.66667, 2.58333, 14], "rotation": 90, "texture": "#8"}
			}
		},
		{
			"from": [13.62275, 9.80016, 1.34179],
			"to": [15.87275, 11.80016, 2.34179],
			"rotation": {"angle": 0, "axis": "y", "origin": [14.74775, 10.80016, 0.725]},
			"faces": {
				"north": {"uv": [10, 0, 10.66667, 0.75], "rotation": 270, "texture": "#8"},
				"south": {"uv": [10, 1.33333, 10.66667, 2.08333], "rotation": 90, "texture": "#8"},
				"up": {"uv": [12, 12.33333, 12.33333, 13.08333], "rotation": 90, "texture": "#8"},
				"down": {"uv": [8.66667, 12.33333, 9, 13.08333], "rotation": 90, "texture": "#8"}
			}
		},
		{
			"from": [13.99775, 10.05016, -0.025],
			"to": [15.49775, 11.55016, 1.475],
			"rotation": {"angle": 0, "axis": "y", "origin": [14.74775, 10.80016, 0.725]},
			"faces": {
				"up": {"uv": [12.66667, 12.33333, 13.16667, 12.83333], "rotation": 90, "texture": "#8"},
				"down": {"uv": [12.66667, 10.33333, 13.16667, 10.83333], "rotation": 90, "texture": "#8"}
			}
		},
		{
			"from": [13.62275, 9.80016, -0.89179],
			"to": [15.87275, 11.80016, 0.10821],
			"rotation": {"angle": 0, "axis": "y", "origin": [14.74775, 10.80016, 0.725]},
			"faces": {
				"north": {"uv": [4.33333, 10, 5, 10.75], "rotation": 270, "texture": "#8"},
				"south": {"uv": [7.33333, 10, 8, 10.75], "rotation": 90, "texture": "#8"},
				"up": {"uv": [11.33333, 12.66667, 11.66667, 13.41667], "rotation": 90, "texture": "#8"},
				"down": {"uv": [10.66667, 12.66667, 11, 13.41667], "rotation": 90, "texture": "#8"}
			}
		},
		{
			"from": [13.08967, 9.79766, -0.3382],
			"to": [14.08967, 11.80266, 1.4118],
			"rotation": {"angle": -22.5, "axis": "y", "origin": [14.74775, 10.80016, 0.725]},
			"faces": {
				"north": {"uv": [5.66667, 13, 6.33333, 13.33333], "rotation": 270, "texture": "#8"},
				"east": {"uv": [11.66667, 2.58333, 11, 2], "rotation": 90, "texture": "#8"},
				"south": {"uv": [6.66667, 13, 7.33333, 13.33333], "rotation": 90, "texture": "#8"},
				"west": {"uv": [3.66667, 11, 3, 11.58333], "rotation": 90, "texture": "#8"},
				"up": {"uv": [13.66667, 3.66667, 14.25, 4], "rotation": 90, "texture": "#8"},
				"down": {"uv": [13.66667, 3, 14.25, 3.33333], "rotation": 90, "texture": "#8"}
			}
		},
		{
			"from": [13.08967, 9.79866, 0.0382],
			"to": [14.08967, 11.80166, 1.7882],
			"rotation": {"angle": 22.5, "axis": "y", "origin": [14.74775, 10.80016, 0.725]},
			"faces": {
				"east": {"uv": [4.66667, 11.91667, 4, 11.33333], "rotation": 90, "texture": "#8"},
				"south": {"uv": [7.66667, 13, 8.33333, 13.33333], "rotation": 90, "texture": "#8"},
				"west": {"uv": [12, 4.66667, 11.33333, 5.25], "rotation": 90, "texture": "#8"},
				"up": {"uv": [13.66667, 4.33333, 14.25, 4.66667], "rotation": 90, "texture": "#8"},
				"down": {"uv": [4, 13.66667, 4.58333, 14], "rotation": 90, "texture": "#8"}
			}
		},
		{
			"from": [-0.40583, 9.79766, -0.3382],
			"to": [0.59417, 11.80266, 1.4118],
			"rotation": {"angle": -22.5, "axis": "y", "origin": [1.25225, 10.80016, 0.725]},
			"faces": {
				"north": {"uv": [2, 13.33333, 2.66667, 13], "rotation": 270, "texture": "#8"},
				"east": {"uv": [11.66667, 0.58333, 11, 0], "rotation": 90, "texture": "#8"},
				"south": {"uv": [3, 13.33333, 3.66667, 13], "rotation": 90, "texture": "#8"},
				"west": {"uv": [11.33333, 10.33333, 10.66667, 10.91667], "rotation": 90, "texture": "#8"},
				"up": {"uv": [12.66667, 13.66667, 13.25, 13.33333], "rotation": 90, "texture": "#8"},
				"down": {"uv": [13.33333, 2.66667, 13.91667, 2.33333], "rotation": 90, "texture": "#8"}
			}
		},
		{
			"from": [-0.40583, 9.79866, 0.0382],
			"to": [0.59417, 11.80166, 1.7882],
			"rotation": {"angle": 22.5, "axis": "y", "origin": [1.25225, 10.80016, 0.725]},
			"faces": {
				"east": {"uv": [2.66667, 11.58333, 2, 11], "rotation": 90, "texture": "#8"},
				"south": {"uv": [4.66667, 13.33333, 5.33333, 13], "rotation": 90, "texture": "#8"},
				"west": {"uv": [11.66667, 1, 11, 1.58333], "rotation": 90, "texture": "#8"},
				"up": {"uv": [3, 14, 3.58333, 13.66667], "rotation": 90, "texture": "#8"},
				"down": {"uv": [2, 14, 2.58333, 13.66667], "rotation": 90, "texture": "#8"}
			}
		},
		{
			"from": [0.12725, 9.80016, 1.34179],
			"to": [2.37725, 11.80016, 2.34179],
			"rotation": {"angle": 0, "axis": "y", "origin": [1.25225, 10.80016, 0.725]},
			"faces": {
				"north": {"uv": [10, 0.75, 10.66667, 0], "rotation": 270, "texture": "#8"},
				"south": {"uv": [10, 2.08333, 10.66667, 1.33333], "rotation": 90, "texture": "#8"},
				"up": {"uv": [12, 13.08333, 12.33333, 12.33333], "rotation": 90, "texture": "#8"},
				"down": {"uv": [8.66667, 13.08333, 9, 12.33333], "rotation": 90, "texture": "#8"}
			}
		},
		{
			"from": [0.12725, 9.80016, -0.89179],
			"to": [2.37725, 11.80016, 0.10821],
			"rotation": {"angle": 0, "axis": "y", "origin": [1.25225, 10.80016, 0.725]},
			"faces": {
				"north": {"uv": [4.33333, 10.75, 5, 10], "rotation": 270, "texture": "#8"},
				"south": {"uv": [7.33333, 10.75, 8, 10], "rotation": 90, "texture": "#8"},
				"up": {"uv": [11.33333, 13.41667, 11.66667, 12.66667], "rotation": 90, "texture": "#8"},
				"down": {"uv": [10.66667, 13.41667, 11, 12.66667], "rotation": 90, "texture": "#8"}
			}
		},
		{
			"from": [1.91033, 9.79766, -0.3382],
			"to": [2.91033, 11.80266, 1.4118],
			"rotation": {"angle": 22.5, "axis": "y", "origin": [1.25225, 10.80016, 0.725]},
			"faces": {
				"north": {"uv": [5.66667, 13.33333, 6.33333, 13], "rotation": 270, "texture": "#8"},
				"east": {"uv": [3.66667, 11.58333, 3, 11], "rotation": 90, "texture": "#8"},
				"south": {"uv": [6.66667, 13.33333, 7.33333, 13], "rotation": 90, "texture": "#8"},
				"west": {"uv": [11.66667, 2, 11, 2.58333], "rotation": 90, "texture": "#8"},
				"up": {"uv": [13.66667, 4, 14.25, 3.66667], "rotation": 90, "texture": "#8"},
				"down": {"uv": [13.66667, 3.33333, 14.25, 3], "rotation": 90, "texture": "#8"}
			}
		},
		{
			"from": [1.91033, 9.79866, 0.0382],
			"to": [2.91033, 11.80166, 1.7882],
			"rotation": {"angle": -22.5, "axis": "y", "origin": [1.25225, 10.80016, 0.725]},
			"faces": {
				"east": {"uv": [12, 5.25, 11.33333, 4.66667], "rotation": 90, "texture": "#8"},
				"south": {"uv": [7.66667, 13.33333, 8.33333, 13], "rotation": 90, "texture": "#8"},
				"west": {"uv": [4.66667, 11.33333, 4, 11.91667], "rotation": 90, "texture": "#8"},
				"up": {"uv": [13.66667, 4.66667, 14.25, 4.33333], "rotation": 90, "texture": "#8"},
				"down": {"uv": [4, 14, 4.58333, 13.66667], "rotation": 90, "texture": "#8"}
			}
		},
		{
			"from": [0.50225, 10.05016, -0.025],
			"to": [2.00225, 11.55016, 1.475],
			"rotation": {"angle": 0, "axis": "y", "origin": [1.25225, 10.80016, 0.725]},
			"faces": {
				"up": {"uv": [12.66667, 12.83333, 13.16667, 12.33333], "rotation": 90, "texture": "#8"},
				"down": {"uv": [12.66667, 10.83333, 13.16667, 10.33333], "rotation": 90, "texture": "#8"}
			}
		},
		{
			"from": [13.68159, 9.80016, 0.21844],
			"to": [14.43159, 11.80016, 2.21844],
			"rotation": {"angle": 22.5, "axis": "y", "origin": [13.45, 10.80016, 3.4541]},
			"faces": {
				"north": {"uv": [13.6, 6.3, 14.4, 6], "rotation": 90, "texture": "#7"},
				"east": {"uv": [4.4, 6, 3.6, 6.8], "rotation": 270, "texture": "#7"},
				"south": {"uv": [8, 13.9, 8.8, 13.6], "rotation": 270, "texture": "#7"},
				"west": {"uv": [6.8, 4.4, 6, 3.6], "rotation": 270, "texture": "#7"},
				"up": {"uv": [13.6, 7.1, 14.4, 6.8], "rotation": 270, "texture": "#7"},
				"down": {"uv": [10.4, 13.9, 11.2, 13.6], "rotation": 270, "texture": "#7"}
			}
		},
		{
			"from": [15.74775, 10.78516, 6.3],
			"to": [17.74775, 10.81516, 8.3],
			"rotation": {"angle": 0, "axis": "y", "origin": [13.45, 10.80016, 3.4541]},
			"faces": {
				"up": {"uv": [4.8, 6, 5.6, 5.2], "rotation": 270, "texture": "#7"},
				"down": {"uv": [5.6, 6, 4.8, 5.2], "rotation": 270, "texture": "#7"}
			}
		},
		{
			"from": [16.58965, 10.42516, 4.16813],
			"to": [17.08965, 11.17516, 4.66813],
			"rotation": {"angle": -22.5, "axis": "y", "origin": [13.45, 10.80016, 3.4541]},
			"faces": {
				"north": {"uv": [14.7, 11, 14.4, 10.8], "rotation": 90, "texture": "#7"},
				"east": {"uv": [14.7, 11.8, 14.4, 11.6], "rotation": 270, "texture": "#7"},
				"west": {"uv": [14.7, 12.4, 14.4, 12.6], "rotation": 270, "texture": "#7"},
				"up": {"uv": [14.6, 13.4, 14.4, 13.2], "rotation": 270, "texture": "#7"},
				"down": {"uv": [0.2, 15, 0, 14.8], "rotation": 270, "texture": "#7"}
			}
		},
		{
			"from": [16.08965, 10.42516, 4.66813],
			"to": [17.08965, 11.17516, 5.41813],
			"rotation": {"angle": -22.5, "axis": "y", "origin": [13.45, 10.80016, 3.4541]},
			"faces": {
				"north": {"uv": [14.7, 5.6, 14.4, 5.2], "rotation": 90, "texture": "#7"},
				"east": {"uv": [11.1, 14.7, 10.8, 14.4], "rotation": 270, "texture": "#7"},
				"south": {"uv": [14.7, 4.8, 14.4, 4.4], "rotation": 270, "texture": "#7"},
				"up": {"uv": [5.1, 14.8, 4.8, 14.4], "rotation": 270, "texture": "#7"},
				"down": {"uv": [8.3, 14.8, 8, 14.4], "rotation": 270, "texture": "#7"}
			}
		},
		{
			"from": [16.33965, 10.42516, 4.16813],
			"to": [16.58965, 11.17516, 4.41813],
			"rotation": {"angle": -22.5, "axis": "y", "origin": [13.45, 10.80016, 3.4541]},
			"faces": {
				"north": {"uv": [15.1, 0.9, 14.8, 0.8], "rotation": 90, "texture": "#7"},
				"south": {"uv": [15.1, 0.1, 14.8, 0], "rotation": 270, "texture": "#7"},
				"west": {"uv": [15.1, 1.6, 14.8, 1.7], "rotation": 270, "texture": "#7"},
				"up": {"uv": [14.9, 2.5, 14.8, 2.4], "rotation": 270, "texture": "#7"},
				"down": {"uv": [5.7, 14.9, 5.6, 14.8], "rotation": 270, "texture": "#7"}
			}
		},
		{
			"from": [15.33965, 10.42516, 4.16813],
			"to": [16.08965, 11.17516, 5.41813],
			"rotation": {"angle": -22.5, "axis": "y", "origin": [13.45, 10.80016, 3.4541]},
			"faces": {
				"east": {"uv": [14.7, 3.7, 14.4, 3.2], "rotation": 270, "texture": "#7"},
				"south": {"uv": [10.3, 14.7, 10, 14.4], "rotation": 270, "texture": "#7"},
				"west": {"uv": [4.3, 14.4, 4, 14.9], "rotation": 270, "texture": "#7"},
				"up": {"uv": [2.1, 14.7, 1.6, 14.4], "rotation": 270, "texture": "#7"},
				"down": {"uv": [3.3, 14.7, 2.8, 14.4], "rotation": 270, "texture": "#7"}
			}
		},
		{
			"from": [14.70966, 10.30016, 4.15603],
			"to": [15.70966, 11.30016, 5.15603],
			"rotation": {"angle": 0, "axis": "y", "origin": [13.45, 10.80016, 3.4541]},
			"faces": {
				"east": {"uv": [14.4, 14.4, 14, 14], "rotation": 270, "texture": "#7"},
				"south": {"uv": [12, 14.4, 11.6, 14], "rotation": 270, "texture": "#7"},
				"west": {"uv": [1.2, 14.4, 0.8, 14.8], "rotation": 270, "texture": "#7"},
				"up": {"uv": [12.8, 14.4, 12.4, 14], "rotation": 270, "texture": "#7"},
				"down": {"uv": [13.6, 14.4, 13.2, 14], "rotation": 270, "texture": "#7"}
			}
		},
		{
			"from": [14.11045, 10.17516, 3.74615],
			"to": [15.36045, 11.42516, 4.99615],
			"rotation": {"angle": 22.5, "axis": "y", "origin": [13.45, 10.80016, 3.4541]},
			"faces": {
				"east": {"uv": [1.3, 13.7, 0.8, 13.2], "rotation": 270, "texture": "#7"},
				"south": {"uv": [13.3, 8.1, 12.8, 7.6], "rotation": 270, "texture": "#7"},
				"west": {"uv": [13.7, 3.2, 13.2, 3.7], "rotation": 270, "texture": "#7"},
				"up": {"uv": [13.3, 9.3, 12.8, 8.8], "rotation": 270, "texture": "#7"},
				"down": {"uv": [12.5, 13.3, 12, 12.8], "rotation": 270, "texture": "#7"}
			}
		},
		{
			"from": [13.25739, 10.17266, 1.55971],
			"to": [15.00739, 11.42766, 3.55971],
			"rotation": {"angle": -22.5, "axis": "y", "origin": [13.45, 10.80016, 3.4541]},
			"faces": {
				"east": {"uv": [5.3, 10, 4.8, 9.2], "rotation": 270, "texture": "#7"},
				"south": {"uv": [9.7, 11.5, 9.2, 10.8], "rotation": 270, "texture": "#7"},
				"west": {"uv": [9.7, 5.2, 9.2, 6], "rotation": 270, "texture": "#7"},
				"up": {"uv": [8, 3.9, 7.2, 3.2], "rotation": 270, "texture": "#7"},
				"down": {"uv": [4.4, 7.9, 3.6, 7.2], "rotation": 270, "texture": "#7"}
			}
		},
		{
			"from": [11.18159, 10.05016, 0.46844],
			"to": [13.68159, 11.55016, 1.96844],
			"rotation": {"angle": 22.5, "axis": "y", "origin": [13.45, 10.80016, 3.4541]},
			"faces": {
				"north": {"uv": [3.6, 1, 4.2, 0], "rotation": 90, "texture": "#7"},
				"south": {"uv": [1.2, 3, 1.8, 2], "rotation": 270, "texture": "#7"},
				"up": {"uv": [0, 3, 0.6, 2], "rotation": 270, "texture": "#7"},
				"down": {"uv": [2.4, 3, 3, 2], "rotation": 270, "texture": "#7"}
			}
		},
		{
			"from": [10.43159, 9.80016, 0.21844],
			"to": [11.18159, 11.80016, 2.21844],
			"rotation": {"angle": 22.5, "axis": "y", "origin": [13.45, 10.80016, 3.4541]},
			"faces": {
				"north": {"uv": [2, 13.9, 2.8, 13.6], "rotation": 90, "texture": "#7"},
				"east": {"uv": [6.8, 0, 6, 0.8], "rotation": 270, "texture": "#7"},
				"south": {"uv": [3.2, 13.9, 4, 13.6], "rotation": 270, "texture": "#7"},
				"west": {"uv": [6.8, 2, 6, 1.2], "rotation": 270, "texture": "#7"},
				"up": {"uv": [13.6, 2.7, 14.4, 2.4], "rotation": 270, "texture": "#7"},
				"down": {"uv": [4.4, 13.9, 5.2, 13.6], "rotation": 270, "texture": "#7"}
			}
		},
		{
			"from": [1.56841, 9.80016, 0.21844],
			"to": [2.31841, 11.80016, 2.21844],
			"rotation": {"angle": -22.5, "axis": "y", "origin": [2.55, 10.80016, 3.4541]},
			"faces": {
				"north": {"uv": [13.6, 6, 14.4, 6.3], "rotation": 90, "texture": "#7"},
				"east": {"uv": [6.8, 3.6, 6, 4.4], "rotation": 270, "texture": "#7"},
				"south": {"uv": [8, 13.6, 8.8, 13.9], "rotation": 270, "texture": "#7"},
				"west": {"uv": [4.4, 6.8, 3.6, 6], "rotation": 270, "texture": "#7"},
				"up": {"uv": [13.6, 6.8, 14.4, 7.1], "rotation": 270, "texture": "#7"},
				"down": {"uv": [10.4, 13.6, 11.2, 13.9], "rotation": 270, "texture": "#7"}
			}
		},
		{
			"from": [-1.74775, 10.78516, 6.3],
			"to": [0.25225, 10.81516, 8.3],
			"rotation": {"angle": 0, "axis": "y", "origin": [2.55, 10.80016, 3.4541]},
			"faces": {
				"up": {"uv": [4.8, 5.2, 5.6, 6], "rotation": 270, "texture": "#7"},
				"down": {"uv": [5.6, 5.2, 4.8, 6], "rotation": 270, "texture": "#7"}
			}
		},
		{
			"from": [-1.08965, 10.42516, 4.16813],
			"to": [-0.58965, 11.17516, 4.66813],
			"rotation": {"angle": 22.5, "axis": "y", "origin": [2.55, 10.80016, 3.4541]},
			"faces": {
				"north": {"uv": [14.7, 10.8, 14.4, 11], "rotation": 90, "texture": "#7"},
				"east": {"uv": [14.7, 12.6, 14.4, 12.4], "rotation": 270, "texture": "#7"},
				"west": {"uv": [14.7, 11.6, 14.4, 11.8], "rotation": 270, "texture": "#7"},
				"up": {"uv": [14.6, 13.2, 14.4, 13.4], "rotation": 270, "texture": "#7"},
				"down": {"uv": [0.2, 14.8, 0, 15], "rotation": 270, "texture": "#7"}
			}
		},
		{
			"from": [-1.08965, 10.42516, 4.66813],
			"to": [-0.08965, 11.17516, 5.41813],
			"rotation": {"angle": 22.5, "axis": "y", "origin": [2.55, 10.80016, 3.4541]},
			"faces": {
				"north": {"uv": [14.7, 5.2, 14.4, 5.6], "rotation": 90, "texture": "#7"},
				"south": {"uv": [14.7, 4.4, 14.4, 4.8], "rotation": 270, "texture": "#7"},
				"west": {"uv": [11.1, 14.4, 10.8, 14.7], "rotation": 270, "texture": "#7"},
				"up": {"uv": [5.1, 14.4, 4.8, 14.8], "rotation": 270, "texture": "#7"},
				"down": {"uv": [8.3, 14.4, 8, 14.8], "rotation": 270, "texture": "#7"}
			}
		},
		{
			"from": [-0.58965, 10.42516, 4.16813],
			"to": [-0.33965, 11.17516, 4.41813],
			"rotation": {"angle": 22.5, "axis": "y", "origin": [2.55, 10.80016, 3.4541]},
			"faces": {
				"north": {"uv": [15.1, 0.8, 14.8, 0.9], "rotation": 90, "texture": "#7"},
				"east": {"uv": [15.1, 1.7, 14.8, 1.6], "rotation": 270, "texture": "#7"},
				"south": {"uv": [15.1, 0, 14.8, 0.1], "rotation": 270, "texture": "#7"},
				"up": {"uv": [14.9, 2.4, 14.8, 2.5], "rotation": 270, "texture": "#7"},
				"down": {"uv": [5.7, 14.8, 5.6, 14.9], "rotation": 270, "texture": "#7"}
			}
		},
		{
			"from": [-0.08965, 10.42516, 4.16813],
			"to": [0.66035, 11.17516, 5.41813],
			"rotation": {"angle": 22.5, "axis": "y", "origin": [2.55, 10.80016, 3.4541]},
			"faces": {
				"east": {"uv": [4.3, 14.9, 4, 14.4], "rotation": 270, "texture": "#7"},
				"south": {"uv": [10.3, 14.4, 10, 14.7], "rotation": 270, "texture": "#7"},
				"west": {"uv": [14.7, 3.2, 14.4, 3.7], "rotation": 270, "texture": "#7"},
				"up": {"uv": [2.1, 14.4, 1.6, 14.7], "rotation": 270, "texture": "#7"},
				"down": {"uv": [3.3, 14.4, 2.8, 14.7], "rotation": 270, "texture": "#7"}
			}
		},
		{
			"from": [0.29034, 10.30016, 4.15603],
			"to": [1.29034, 11.30016, 5.15603],
			"rotation": {"angle": 0, "axis": "y", "origin": [2.55, 10.80016, 3.4541]},
			"faces": {
				"east": {"uv": [1.2, 14.8, 0.8, 14.4], "rotation": 270, "texture": "#7"},
				"south": {"uv": [12, 14, 11.6, 14.4], "rotation": 270, "texture": "#7"},
				"west": {"uv": [14.4, 14, 14, 14.4], "rotation": 270, "texture": "#7"},
				"up": {"uv": [12.8, 14, 12.4, 14.4], "rotation": 270, "texture": "#7"},
				"down": {"uv": [13.6, 14, 13.2, 14.4], "rotation": 270, "texture": "#7"}
			}
		},
		{
			"from": [0.63955, 10.17516, 3.74615],
			"to": [1.88955, 11.42516, 4.99615],
			"rotation": {"angle": -22.5, "axis": "y", "origin": [2.55, 10.80016, 3.4541]},
			"faces": {
				"east": {"uv": [13.7, 3.7, 13.2, 3.2], "rotation": 270, "texture": "#7"},
				"south": {"uv": [13.3, 7.6, 12.8, 8.1], "rotation": 270, "texture": "#7"},
				"west": {"uv": [1.3, 13.2, 0.8, 13.7], "rotation": 270, "texture": "#7"},
				"up": {"uv": [13.3, 8.8, 12.8, 9.3], "rotation": 270, "texture": "#7"},
				"down": {"uv": [12.5, 12.8, 12, 13.3], "rotation": 270, "texture": "#7"}
			}
		},
		{
			"from": [0.99261, 10.17266, 1.55971],
			"to": [2.74261, 11.42766, 3.55971],
			"rotation": {"angle": 22.5, "axis": "y", "origin": [2.55, 10.80016, 3.4541]},
			"faces": {
				"east": {"uv": [9.7, 6, 9.2, 5.2], "rotation": 270, "texture": "#7"},
				"south": {"uv": [9.7, 10.8, 9.2, 11.5], "rotation": 270, "texture": "#7"},
				"west": {"uv": [5.3, 9.2, 4.8, 10], "rotation": 270, "texture": "#7"},
				"up": {"uv": [8, 3.2, 7.2, 3.9], "rotation": 270, "texture": "#7"},
				"down": {"uv": [4.4, 7.2, 3.6, 7.9], "rotation": 270, "texture": "#7"}
			}
		},
		{
			"from": [2.31841, 10.05016, 0.46844],
			"to": [4.81841, 11.55016, 1.96844],
			"rotation": {"angle": -22.5, "axis": "y", "origin": [2.55, 10.80016, 3.4541]},
			"faces": {
				"north": {"uv": [3.6, 0, 4.2, 1], "rotation": 90, "texture": "#7"},
				"south": {"uv": [1.2, 2, 1.8, 3], "rotation": 270, "texture": "#7"},
				"up": {"uv": [0, 2, 0.6, 3], "rotation": 270, "texture": "#7"},
				"down": {"uv": [2.4, 2, 3, 3], "rotation": 270, "texture": "#7"}
			}
		},
		{
			"from": [4.81841, 9.80016, 0.21844],
			"to": [5.56841, 11.80016, 2.21844],
			"rotation": {"angle": -22.5, "axis": "y", "origin": [2.55, 10.80016, 3.4541]},
			"faces": {
				"north": {"uv": [2, 13.6, 2.8, 13.9], "rotation": 90, "texture": "#7"},
				"east": {"uv": [6.8, 1.2, 6, 2], "rotation": 270, "texture": "#7"},
				"south": {"uv": [3.2, 13.6, 4, 13.9], "rotation": 270, "texture": "#7"},
				"west": {"uv": [6.8, 0.8, 6, 0], "rotation": 270, "texture": "#7"},
				"up": {"uv": [13.6, 2.4, 14.4, 2.7], "rotation": 270, "texture": "#7"},
				"down": {"uv": [4.4, 13.6, 5.2, 13.9], "rotation": 270, "texture": "#7"}
			}
		},
		{
			"from": [6.9225, 8.16574, 12.75312],
			"to": [7.4225, 8.16574, 14.00312],
			"rotation": {"angle": 22.5, "axis": "x", "origin": [8.0975, 8.16574, 13.37812]},
			"faces": {
				"up": {"uv": [0, 4, 5, 6], "rotation": 90, "texture": "#2"},
				"down": {"uv": [5, 4, 0, 6], "rotation": 90, "texture": "#2"}
			}
		},
		{
			"from": [6.9225, 7.7523, 12.32298],
			"to": [6.9225, 8.2523, 13.57298],
			"rotation": {"angle": 22.5, "axis": "x", "origin": [6.9725, 7.1273, 12.94798]},
			"faces": {
				"east": {"uv": [5, 6, 0, 8], "texture": "#2"},
				"west": {"uv": [0, 6, 5, 8], "texture": "#2"}
			}
		},
		{
			"from": [6.925, 5.848, 12.60973],
			"to": [6.925, 7.848, 13.76473],
			"rotation": {"angle": 0, "axis": "y", "origin": [6.9725, 7.81891, 13.23473]},
			"faces": {
				"east": {"uv": [5, 8, 0, 16], "texture": "#2"},
				"west": {"uv": [0, 8, 5, 16], "texture": "#2"}
			}
		},
		{
			"from": [7.125, 12.35, 13.375],
			"to": [8.875, 14.1, 15.875],
			"rotation": {"angle": 22.5, "axis": "x", "origin": [6.875, 12.1, 13.375]},
			"faces": {
				"north": {"uv": [0, 5.33333, 2.33333, 7.66667], "texture": "#4"},
				"east": {"uv": [0, 0, 3.33333, 2.33333], "texture": "#4"},
				"south": {"uv": [6.66667, 0, 9, 2.33333], "texture": "#4"},
				"west": {"uv": [0, 2.66667, 3.33333, 5], "texture": "#4"},
				"up": {"uv": [6.33333, 3.33333, 4, 0], "texture": "#4"},
				"down": {"uv": [6.33333, 4, 4, 7.33333], "texture": "#4"}
			}
		},
		{
			"from": [8.375, 13.64402, 14.79713],
			"to": [10.125, 13.65402, 16.29713],
			"rotation": {"angle": 0, "axis": "y", "origin": [8.625, 13.64902, 15.29713]},
			"faces": {
				"up": {"uv": [2.33333, 13.66667, 0, 11.66667], "texture": "#4"},
				"down": {"uv": [2.33333, 11.66667, 0, 13.66667], "texture": "#4"}
			}
		},
		{
			"from": [8.375, 13.64402, 14.79713],
			"to": [10.125, 13.65402, 16.29713],
			"rotation": {"angle": 22.5, "axis": "z", "origin": [8.625, 13.64902, 15.29713]},
			"faces": {
				"up": {"uv": [5, 13.66667, 2.66667, 11.66667], "texture": "#4"},
				"down": {"uv": [5, 11.66667, 2.66667, 13.66667], "texture": "#4"}
			}
		},
		{
			"from": [8.375, 13.64402, 14.79713],
			"to": [10.125, 13.65402, 16.29713],
			"rotation": {"angle": 45, "axis": "z", "origin": [8.625, 13.64902, 15.29713]},
			"faces": {
				"up": {"uv": [7.66667, 13.66667, 5.33333, 11.66667], "texture": "#4"},
				"down": {"uv": [7.66667, 11.66667, 5.33333, 13.66667], "texture": "#4"}
			}
		},
		{
			"from": [8.62, 13.39902, 14.79713],
			"to": [8.63, 15.14902, 16.29713],
			"rotation": {"angle": -22.5, "axis": "z", "origin": [8.625, 13.64902, 15.29713]},
			"faces": {
				"east": {"uv": [10, 11.33333, 8, 13.66667], "texture": "#4"},
				"west": {"uv": [8, 11.33333, 10, 13.66667], "texture": "#4"}
			}
		},
		{
			"from": [5.875, 13.64402, 14.79713],
			"to": [7.625, 13.65402, 16.29713],
			"rotation": {"angle": 0, "axis": "y", "origin": [7.375, 13.64902, 15.29713]},
			"faces": {
				"up": {"uv": [0, 13.66667, 2.33333, 11.66667], "texture": "#4"},
				"down": {"uv": [0, 11.66667, 2.33333, 13.66667], "texture": "#4"}
			}
		},
		{
			"from": [5.875, 13.64402, 14.79713],
			"to": [7.625, 13.65402, 16.29713],
			"rotation": {"angle": -22.5, "axis": "z", "origin": [7.375, 13.64902, 15.29713]},
			"faces": {
				"up": {"uv": [2.66667, 13.66667, 5, 11.66667], "texture": "#4"},
				"down": {"uv": [2.66667, 11.66667, 5, 13.66667], "texture": "#4"}
			}
		},
		{
			"from": [5.875, 13.64402, 14.79713],
			"to": [7.625, 13.65402, 16.29713],
			"rotation": {"angle": -45, "axis": "z", "origin": [7.375, 13.64902, 15.29713]},
			"faces": {
				"up": {"uv": [5.33333, 13.66667, 7.66667, 11.66667], "texture": "#4"},
				"down": {"uv": [5.33333, 11.66667, 7.66667, 13.66667], "texture": "#4"}
			}
		},
		{
			"from": [7.37, 13.39902, 14.79713],
			"to": [7.38, 15.14902, 16.29713],
			"rotation": {"angle": 22.5, "axis": "z", "origin": [7.375, 13.64902, 15.29713]},
			"faces": {
				"east": {"uv": [10, 11.33333, 8, 13.66667], "texture": "#4"},
				"west": {"uv": [8, 11.33333, 10, 13.66667], "texture": "#4"}
			}
		},
		{
			"from": [8.375, 13.6, 12.625],
			"to": [8.385, 14.1, 13.375],
			"rotation": {"angle": 22.5, "axis": "x", "origin": [7, 12.1, 13.375]},
			"faces": {
				"east": {"uv": [2.66667, 5.33333, 3.66667, 6], "texture": "#4"},
				"west": {"uv": [2.66667, 6.66667, 3.66667, 7.33333], "texture": "#4"}
			}
		},
		{
			"from": [7.985, 13.1, 15.875],
			"to": [8.015, 13.35, 16.375],
			"rotation": {"angle": 22.5, "axis": "x", "origin": [9.36, 12.1, 13.375]},
			"faces": {
				"east": {"uv": [6.66667, 9.33333, 7.33333, 9.66667], "texture": "#4"},
				"west": {"uv": [9.33333, 6.66667, 10, 7], "texture": "#4"}
			}
		},
		{
			"from": [7.625, 11.54396, 14.16358],
			"to": [8.375, 12.04396, 14.17358],
			"rotation": {"angle": 45, "axis": "x", "origin": [8, 12.04396, 14.16358]},
			"faces": {
				"north": {"uv": [5.33333, 9.33333, 6.33333, 10], "texture": "#4"},
				"south": {"uv": [9.33333, 5.33333, 10.33333, 6], "texture": "#4"}
			}
		},
		{
			"from": [7.615, 13.6, 12.625],
			"to": [7.625, 14.1, 13.375],
			"rotation": {"angle": 22.5, "axis": "x", "origin": [9, 12.1, 13.375]},
			"faces": {
				"east": {"uv": [9.33333, 2.66667, 10.33333, 3.33333], "texture": "#4"},
				"west": {"uv": [9.33333, 4, 10.33333, 4.66667], "texture": "#4"}
			}
		},
		{
			"from": [7.375, 11.35262, 14.62552],
			"to": [8.625, 11.85262, 14.63552],
			"rotation": {"angle": 22.5, "axis": "x", "origin": [8, 11.85262, 14.62552]},
			"faces": {
				"north": {"uv": [5.33333, 8, 7, 8.66667], "texture": "#4"},
				"south": {"uv": [8, 8, 9.66667, 8.66667], "texture": "#4"}
			}
		},
		{
			"from": [7.375, 11.16127, 15.08746],
			"to": [8.625, 11.66127, 15.09746],
			"rotation": {"angle": -22.5, "axis": "x", "origin": [8, 11.66127, 15.08746]},
			"faces": {
				"north": {"uv": [9.33333, 0, 11, 0.66667], "texture": "#4"},
				"south": {"uv": [9.33333, 1.33333, 11, 2], "texture": "#4"}
			}
		},
		{
			"from": [0, 10.75, 6],
			"to": [16, 10.76, 12],
			"rotation": {"angle": 0, "axis": "z", "origin": [8, 3.75, 6.5]},
			"faces": {
				"up": {"uv": [5.33333, 6.66667, 0, 4.66667], "texture": "#8"},
				"down": {"uv": [5.33333, 4.66667, 0, 6.66667], "texture": "#8"}
			}
		},
		{
			"from": [7.125, 9.5, 2],
			"to": [8.875, 10.5, 11.75],
			"rotation": {"angle": 0, "axis": "y", "origin": [7.125, 9.5, 4]},
			"faces": {
				"north": {"uv": [5, 13.66667, 5.58333, 14], "texture": "#8"},
				"east": {"uv": [7, 3.66667, 10.25, 4], "texture": "#8"},
				"south": {"uv": [13.66667, 5, 14.25, 5.33333], "texture": "#8"},
				"west": {"uv": [7, 4.33333, 10.25, 4.66667], "texture": "#8"},
				"up": {"uv": [6.25, 8.58333, 5.66667, 5.33333], "texture": "#8"},
				"down": {"uv": [7.25, 5.33333, 6.66667, 8.58333], "texture": "#8"}
			}
		},
		{
			"from": [7.125, 8.5, 16.25],
			"to": [8.875, 9.5, 18],
			"rotation": {"angle": 0, "axis": "y", "origin": [7.125, 9.5, 4]},
			"faces": {
				"north": {"uv": [13.66667, 6.33333, 14.25, 6.66667], "texture": "#8"},
				"east": {"uv": [7, 13.66667, 7.58333, 14], "texture": "#8"},
				"south": {"uv": [13.66667, 7, 14.25, 7.33333], "texture": "#8"},
				"west": {"uv": [8, 13.66667, 8.58333, 14], "texture": "#8"},
				"up": {"uv": [7.91667, 11.91667, 7.33333, 11.33333], "texture": "#8"},
				"down": {"uv": [8.91667, 11.33333, 8.33333, 11.91667], "texture": "#8"}
			}
		},
		{
			"from": [7.125, 6.75, 18],
			"to": [8.875, 9.75, 19],
			"rotation": {"angle": 0, "axis": "x", "origin": [8, 8.125, 18.5]},
			"faces": {
				"north": {"uv": [4.33333, 8.66667, 4.91667, 9.66667], "texture": "#8"},
				"east": {"uv": [11.66667, 3, 12, 4], "texture": "#8"},
				"south": {"uv": [8.66667, 6.33333, 9.25, 7.33333], "texture": "#8"},
				"west": {"uv": [11.66667, 5.66667, 12, 6.66667], "texture": "#8"},
				"up": {"uv": [9.58333, 14, 9, 13.66667], "texture": "#8"},
				"down": {"uv": [14.25, 10, 13.66667, 10.33333], "texture": "#8"}
			}
		},
		{
			"from": [7.125, 6.75, 20],
			"to": [8.875, 9.75, 21],
			"rotation": {"angle": 0, "axis": "x", "origin": [8, 8.125, 16.5]},
			"faces": {
				"north": {"uv": [8.66667, 7.66667, 9.25, 8.66667], "texture": "#8"},
				"east": {"uv": [11.66667, 7, 12, 8], "texture": "#8"},
				"south": {"uv": [9, 0, 9.58333, 1], "texture": "#8"},
				"west": {"uv": [9.33333, 11.66667, 9.66667, 12.66667], "texture": "#8"},
				"up": {"uv": [14.25, 11, 13.66667, 10.66667], "texture": "#8"},
				"down": {"uv": [14.25, 12, 13.66667, 12.33333], "texture": "#8"}
			}
		},
		{
			"from": [7.375, 7, 19],
			"to": [8.625, 9.5, 20],
			"rotation": {"angle": 0, "axis": "x", "origin": [8, 8.125, 18.5]},
			"faces": {
				"east": {"uv": [10, 11.66667, 10.33333, 12.5], "texture": "#8"},
				"west": {"uv": [4, 12.33333, 4.33333, 13.16667], "texture": "#8"},
				"up": {"uv": [11.08333, 14.33333, 10.66667, 14], "texture": "#8"},
				"down": {"uv": [14.41667, 11.33333, 14, 11.66667], "texture": "#8"}
			}
		},
		{
			"from": [7.375, 7.5, 15.75],
			"to": [8.625, 8.5, 18],
			"rotation": {"angle": 0, "axis": "y", "origin": [7.125, 9.5, 4]},
			"faces": {
				"north": {"uv": [14, 7.66667, 14.41667, 8], "texture": "#8"},
				"east": {"uv": [13, 1, 13.75, 1.33333], "texture": "#8"},
				"south": {"uv": [14, 8.33333, 14.41667, 8.66667], "texture": "#8"},
				"west": {"uv": [13, 1.66667, 13.75, 2], "texture": "#8"},
				"up": {"uv": [0.41667, 12.75, 0, 12], "texture": "#8"},
				"down": {"uv": [12.41667, 0, 12, 0.75], "texture": "#8"}
			}
		},
		{
			"from": [7.3775, 6.8776, 16.7045],
			"to": [8.6225, 7.8776, 17.7045],
			"rotation": {"angle": -45, "axis": "x", "origin": [8.0025, 8.5026, 17.2045]},
			"faces": {
				"north": {"uv": [14, 9, 14.41667, 9.33333], "texture": "#8"},
				"east": {"uv": [12.66667, 14, 13, 14.33333], "texture": "#8"},
				"west": {"uv": [13.33333, 14, 13.66667, 14.33333], "texture": "#8"}
			}
		},
		{
			"from": [7.375, 8.5, 2],
			"to": [8.625, 9.5, 11.75],
			"rotation": {"angle": 0, "axis": "y", "origin": [7.125, 8.5, 4]},
			"faces": {
				"north": {"uv": [14, 0, 14.41667, 0.33333], "texture": "#8"},
				"east": {"uv": [7.66667, 5, 10.91667, 5.33333], "texture": "#8"},
				"south": {"uv": [0.66667, 14, 1.08333, 14.33333], "texture": "#8"},
				"west": {"uv": [7.66667, 5.66667, 10.91667, 6], "texture": "#8"},
				"up": {"uv": [7.41667, 3.25, 7, 0], "texture": "#8"},
				"down": {"uv": [1.75, 7, 1.33333, 10.25], "texture": "#8"}
			}
		},
		{
			"from": [7.125, 8.25, 2.25],
			"to": [8.875, 9.25, 6.75],
			"rotation": {"angle": 0, "axis": "y", "origin": [7.125, 8.25, 4]},
			"faces": {
				"north": {"uv": [13.66667, 5.66667, 14.25, 6], "texture": "#8"},
				"east": {"uv": [9, 2.66667, 10.5, 3], "texture": "#8"},
				"south": {"uv": [6, 13.66667, 6.58333, 14], "texture": "#8"},
				"west": {"uv": [2.33333, 10.33333, 3.83333, 10.66667], "texture": "#8"},
				"up": {"uv": [8.25, 7.83333, 7.66667, 6.33333], "texture": "#8"},
				"down": {"uv": [8.58333, 0, 8, 1.5], "texture": "#8"}
			}
		},
		{
			"from": [7.125, 7.75, 9.25],
			"to": [8.875, 9.25, 11.75],
			"rotation": {"angle": 0, "axis": "y", "origin": [7.125, 8.25, 9]},
			"faces": {
				"north": {"uv": [3, 12, 3.58333, 12.5], "texture": "#8"},
				"east": {"uv": [10.66667, 8.33333, 11.5, 8.83333], "texture": "#8"},
				"south": {"uv": [6.33333, 12, 6.91667, 12.5], "texture": "#8"},
				"west": {"uv": [10.66667, 9.33333, 11.5, 9.83333], "texture": "#8"},
				"up": {"uv": [10.25, 11.16667, 9.66667, 10.33333], "texture": "#8"},
				"down": {"uv": [0.58333, 10.66667, 0, 11.5], "texture": "#8"}
			}
		},
		{
			"from": [7.5, 7.75, 10.75],
			"to": [8.5, 9.25, 13.75],
			"rotation": {"angle": 45, "axis": "x", "origin": [7.5, 7.75, 10.75]},
			"faces": {
				"north": {"uv": [10, 13.66667, 10.33333, 14.16667], "texture": "#8"},
				"east": {"uv": [5.33333, 10.33333, 6.33333, 10.83333], "texture": "#8"},
				"south": {"uv": [12, 13.66667, 12.33333, 14.16667], "texture": "#8"},
				"west": {"uv": [8.33333, 10.33333, 9.33333, 10.83333], "texture": "#8"},
				"up": {"uv": [11, 12.33333, 10.66667, 11.33333], "texture": "#8"},
				"down": {"uv": [11.66667, 11.33333, 11.33333, 12.33333], "texture": "#8"}
			}
		},
		{
			"from": [7.25, 7.5, 13.75],
			"to": [8.75, 10.25, 14.25],
			"rotation": {"angle": 45, "axis": "x", "origin": [7.5, 7.75, 10.75]},
			"faces": {
				"north": {"uv": [1, 10.66667, 1.5, 11.58333], "texture": "#8"},
				"east": {"uv": [13.66667, 12.66667, 13.83333, 13.58333], "texture": "#8"},
				"south": {"uv": [10.66667, 3.33333, 11.16667, 4.25], "texture": "#8"},
				"west": {"uv": [0, 14, 0.16667, 14.91667], "texture": "#8"},
				"up": {"uv": [14.5, 14.16667, 14, 14], "texture": "#8"},
				"down": {"uv": [14.83333, 0.66667, 14.33333, 0.83333], "texture": "#8"}
			}
		}
	],
	"gui_light": "front",
	"display": {
		"thirdperson_righthand": {
			"translation": [0, 0.5, -2]
		},
		"thirdperson_lefthand": {
			"translation": [0, 0.5, -2]
		},
		"firstperson_righthand": {
			"rotation": [0, -18.25, 0],
			"translation": [11.25, 1, -0.75],
			"scale": [0.7, 0.7, 0.7]
		},
		"firstperson_lefthand": {
			"rotation": [0, -18.25, 0],
			"translation": [11.25, 1, -0.75],
			"scale": [0.7, 0.7, 0.7]
		},
		"ground": {
			"rotation": [15, 0, 0],
			"translation": [0, 5, 0],
			"scale": [0.7, 0.7, 0.7]
		},
		"gui": {
			"rotation": [90, 45, 0],
			"translation": [0.5, -0.5, 0],
			"scale": [0.8, 0.8, 0.8]
		},
		"fixed": {
			"rotation": [-90, 0, 0],
			"translation": [0, -1.25, -1.75],
			"scale": [2, 2, 2]
		}
	},
	"groups": [
		{
			"name": "crossbow",
			"origin": [8, 10.59815, 3.71139],
			"color": 0,
			"children": [
				0,
				1,
				2,
				3,
				4,
				5,
				6,
				7,
				8,
				9,
				10,
				11,
				12,
				13,
				14,
				15,
				16,
				17,
				18,
				19,
				20,
				21,
				22,
				23,
				24,
				25,
				26,
				27,
				28,
				29,
				30,
				31,
				32,
				33,
				34,
				35,
				36,
				37,
				38,
				39,
				40,
				41,
				42,
				43,
				44,
				45,
				46,
				{
					"name": "animated",
					"origin": [7.2225, 8.56891, 6.98473],
					"color": 0,
					"children": [47, 48, 49]
				},
				{
					"name": "bee",
					"origin": [17, 11.81127, 3.96246],
					"color": 0,
					"children": [50, 51, 52, 53, 54, 55, 56, 57, 58, 59, 60, 61, 62, 63, 64]
				},
				65,
				66,
				67,
				68,
				69,
				70,
				71,
				72,
				73,
				74,
				75,
				76,
				77
			]
		}
	],
	"USER": "3651",
	"NONCE": "bfb4c915faef5206ff204a286bd92aa6",
	"TIMESTAMP": "1743274920",
	"RESOURCE": "13656",
	"MCMODELS": "1",
	"mcmodels": "bfb4c915faef5206ff204a286bd92aa6"
}