{
	"credit": "Made with Blockbench",
	"texture_size": [128, 128],
	"textures": {
		"3": "item/furniture/2025/january/royal_table"
	},
	"elements": [
		{
			"from": [-10, 0, 0],
			"to": [-8, 14, 2],
			"faces": {
				"north": {"uv": [6.125, 3, 6.375, 4.75], "texture": "#3", "tintindex": 0},
				"east": {"uv": [2.5, 6.25, 2.75, 8], "texture": "#3", "tintindex": 0},
				"south": {"uv": [2.75, 6.25, 3, 8], "texture": "#3", "tintindex": 0},
				"west": {"uv": [3, 6.25, 3.25, 8], "texture": "#3", "tintindex": 0},
				"down": {"uv": [6.375, 4.75, 6.125, 5], "texture": "#3", "tintindex": 0}
			}
		},
		{
			"from": [-10, 0, 14],
			"to": [-8, 14, 16],
			"rotation": {"angle": 0, "axis": "y", "origin": [0, 0, 16]},
			"faces": {
				"north": {"uv": [3, 6.25, 2.75, 8], "texture": "#3", "tintindex": 0},
				"east": {"uv": [2.75, 6.25, 2.5, 8], "texture": "#3", "tintindex": 0},
				"south": {"uv": [6.375, 3, 6.125, 4.75], "texture": "#3", "tintindex": 0},
				"west": {"uv": [3.25, 6.25, 3, 8], "texture": "#3", "tintindex": 0},
				"down": {"uv": [6.375, 5, 6.125, 4.75], "texture": "#3", "tintindex": 0}
			}
		},
		{
			"from": [24, 0, 14],
			"to": [26, 14, 16],
			"rotation": {"angle": 0, "axis": "y", "origin": [16, 0, 16]},
			"faces": {
				"north": {"uv": [2.75, 6.25, 3, 8], "texture": "#3", "tintindex": 0},
				"east": {"uv": [3, 6.25, 3.25, 8], "texture": "#3", "tintindex": 0},
				"south": {"uv": [6.125, 3, 6.375, 4.75], "texture": "#3", "tintindex": 0},
				"west": {"uv": [2.5, 6.25, 2.75, 8], "texture": "#3", "tintindex": 0},
				"down": {"uv": [6.125, 5, 6.375, 4.75], "texture": "#3", "tintindex": 0}
			}
		},
		{
			"from": [24, 0, 0],
			"to": [26, 14, 2],
			"rotation": {"angle": 0, "axis": "y", "origin": [16, 0, 0]},
			"faces": {
				"north": {"uv": [6.375, 3, 6.125, 4.75], "texture": "#3", "tintindex": 0},
				"east": {"uv": [3.25, 6.25, 3, 8], "texture": "#3", "tintindex": 0},
				"south": {"uv": [3, 6.25, 2.75, 8], "texture": "#3", "tintindex": 0},
				"west": {"uv": [2.75, 6.25, 2.5, 8], "texture": "#3", "tintindex": 0},
				"down": {"uv": [6.125, 4.75, 6.375, 5], "texture": "#3", "tintindex": 0}
			}
		},
		{
			"from": [-11, 14, -1],
			"to": [27, 16, 17],
			"faces": {
				"north": {"uv": [2.5, 5.75, 7.25, 6], "texture": "#3", "tintindex": 0},
				"east": {"uv": [6, 2.5, 8.25, 2.75], "texture": "#3", "tintindex": 0},
				"south": {"uv": [2.5, 6, 7.25, 6.25], "texture": "#3", "tintindex": 0},
				"west": {"uv": [6, 2.75, 8.25, 3], "texture": "#3", "tintindex": 0},
				"up": {"uv": [4.75, 2.25, 0, 0], "texture": "#3", "tintindex": 0},
				"down": {"uv": [4.75, 2.25, 0, 4.5], "texture": "#3", "tintindex": 0}
			}
		},
		{
			"from": [-11.25, 16.25, 3],
			"to": [27.25, 16.25, 13],
			"faces": {
				"east": {"uv": [0, 0, 1.25, 0], "texture": "#3", "tintindex": 0},
				"south": {"uv": [0, 0, 4.875, 0], "texture": "#3", "tintindex": 0},
				"west": {"uv": [0, 0, 1.25, 0], "texture": "#3", "tintindex": 0},
				"up": {"uv": [4.875, 5.75, 0, 4.5], "texture": "#3", "tintindex": 0}
			}
		},
		{
			"from": [-11.25, 3, 3],
			"to": [-11.25, 16.25, 13],
			"faces": {
				"east": {"uv": [4.75, 2.5, 6, 4.125], "texture": "#3", "tintindex": 0},
				"south": {"uv": [0, 0, 0, 1.625], "texture": "#3", "tintindex": 0},
				"west": {"uv": [4.875, 4.125, 6.125, 5.75], "texture": "#3", "tintindex": 0},
				"up": {"uv": [0, 1.25, 0, 0], "texture": "#3", "tintindex": 0},
				"down": {"uv": [0, 0, 0, 1.25], "texture": "#3", "tintindex": 0}
			}
		},
		{
			"from": [-11.25, 3, 3],
			"to": [-11.25, 16.25, 13],
			"faces": {
				"east": {"uv": [0, 5.75, 1.25, 7.375], "texture": "#3", "tintindex": 0},
				"south": {"uv": [0, 0, 0, 1.625], "texture": "#3", "tintindex": 0},
				"west": {"uv": [1.25, 5.75, 2.5, 7.375], "texture": "#3", "tintindex": 0},
				"up": {"uv": [0, 1.25, 0, 0], "texture": "#3", "tintindex": 0},
				"down": {"uv": [0, 0, 0, 1.25], "texture": "#3", "tintindex": 0}
			}
		},
		{
			"from": [27.25, 3, 3],
			"to": [27.25, 16.25, 13],
			"rotation": {"angle": 0, "axis": "y", "origin": [16, 0, 0]},
			"faces": {
				"east": {"uv": [6.125, 4.125, 4.875, 5.75], "texture": "#3", "tintindex": 0},
				"south": {"uv": [0, 0, 0, 1.625], "texture": "#3", "tintindex": 0},
				"west": {"uv": [6, 2.5, 4.75, 4.125], "texture": "#3", "tintindex": 0},
				"up": {"uv": [0, 1.25, 0, 0], "texture": "#3", "tintindex": 0},
				"down": {"uv": [0, 0, 0, 1.25], "texture": "#3", "tintindex": 0}
			}
		},
		{
			"from": [27.25, 3, 3],
			"to": [27.25, 16.25, 13],
			"rotation": {"angle": 0, "axis": "y", "origin": [16, 0, 0]},
			"faces": {
				"east": {"uv": [2.5, 5.75, 1.25, 7.375], "texture": "#3", "tintindex": 0},
				"south": {"uv": [0, 0, 0, 1.625], "texture": "#3", "tintindex": 0},
				"west": {"uv": [1.25, 5.75, 0, 7.375], "texture": "#3", "tintindex": 0},
				"up": {"uv": [0, 1.25, 0, 0], "texture": "#3", "tintindex": 0},
				"down": {"uv": [0, 0, 0, 1.25], "texture": "#3", "tintindex": 0}
			}
		},
		{
			"from": [-11.25, 16.25, 3],
			"to": [27.25, 16.25, 13],
			"faces": {
				"east": {"uv": [0, 0, 1.25, 0], "texture": "#3", "tintindex": 0},
				"south": {"uv": [0, 0, 4.875, 0], "texture": "#3", "tintindex": 0},
				"west": {"uv": [0, 0, 1.25, 0], "texture": "#3", "tintindex": 0},
				"up": {"uv": [9.625, 1.25, 4.75, 0], "texture": "#3", "tintindex": 0},
				"down": {"uv": [9.625, 1.25, 4.75, 2.5], "texture": "#3", "tintindex": 0}
			}
		}
	],
	"display": {
		"thirdperson_righthand": {
			"rotation": [75, 45, 0],
			"translation": [4.25, 2.5, -3.5],
			"scale": [0.375, 0.375, 0.375]
		},
		"thirdperson_lefthand": {
			"rotation": [75, 45, 0],
			"translation": [4.25, 2.5, -3.5],
			"scale": [0.375, 0.375, 0.375]
		},
		"firstperson_righthand": {
			"rotation": [0, 45, 0],
			"translation": [2, 0, 0],
			"scale": [0.4, 0.4, 0.4]
		},
		"firstperson_lefthand": {
			"rotation": [0, 45, 0],
			"translation": [2, 0, 0],
			"scale": [0.4, 0.4, 0.4]
		},
		"ground": {
			"translation": [0, 3, 0],
			"scale": [0.25, 0.25, 0.25]
		},
		"gui": {
			"rotation": [30, 225, 0],
			"scale": [0.33594, 0.33594, 0.33594]
		},
		"head": {
			"translation": [0, -27, 0],
			"scale": [1.86914, 1.86914, 1.86914]
		},
		"fixed": {
			"rotation": [-90, 0, 0],
			"translation": [0, 0, -16],
			"scale": [2, 2, 2]
		}
	},
	"mcmodels": "536262bb27e7a43d83e4638efaa4dabe"
}