{
	"credit": "Made with Blockbench",
	"texture_size": [64, 64],
	"textures": {
		"0": "item/furniture/2025/january/vintage_night_stand",
		"particle": "item/furniture/2025/january/vintage_night_stand"
	},
	"elements": [
		{
			"from": [-1, 0, 3],
			"to": [1, 4, 5],
			"faces": {
				"north": {"uv": [4.5, 6, 5, 7], "texture": "#0"},
				"east": {"uv": [3.5, 8.5, 4, 9.5], "texture": "#0"},
				"south": {"uv": [4, 8.5, 4.5, 9.5], "texture": "#0"},
				"west": {"uv": [3.5, 9.5, 4, 10.5], "texture": "#0"},
				"up": {"uv": [5, 7.5, 4.5, 7], "texture": "#0"},
				"down": {"uv": [2.5, 10, 2, 10.5], "texture": "#0"}
			}
		},
		{
			"from": [-1, 0, 11],
			"to": [1, 4, 13],
			"faces": {
				"north": {"uv": [9.5, 3.5, 10, 4.5], "texture": "#0"},
				"east": {"uv": [4, 9.5, 4.5, 10.5], "texture": "#0"},
				"south": {"uv": [9.5, 4.5, 10, 5.5], "texture": "#0"},
				"west": {"uv": [9.5, 5.5, 10, 6.5], "texture": "#0"},
				"up": {"uv": [3, 10.5, 2.5, 10], "texture": "#0"},
				"down": {"uv": [3.5, 10, 3, 10.5], "texture": "#0"}
			}
		},
		{
			"from": [15, 0, 11],
			"to": [17, 4, 13],
			"faces": {
				"north": {"uv": [9.5, 6.5, 10, 7.5], "texture": "#0"},
				"east": {"uv": [9.5, 7.5, 10, 8.5], "texture": "#0"},
				"south": {"uv": [9.5, 8.5, 10, 9.5], "texture": "#0"},
				"west": {"uv": [9.5, 9.5, 10, 10.5], "texture": "#0"},
				"up": {"uv": [10.5, 4, 10, 3.5], "texture": "#0"},
				"down": {"uv": [10.5, 4, 10, 4.5], "texture": "#0"}
			}
		},
		{
			"from": [15, 0, 3],
			"to": [17, 4, 5],
			"faces": {
				"north": {"uv": [0, 10, 0.5, 11], "texture": "#0"},
				"east": {"uv": [0.5, 10, 1, 11], "texture": "#0"},
				"south": {"uv": [1, 10, 1.5, 11], "texture": "#0"},
				"west": {"uv": [1.5, 10, 2, 11], "texture": "#0"},
				"up": {"uv": [5, 10.5, 4.5, 10], "texture": "#0"},
				"down": {"uv": [10.5, 4.5, 10, 5], "texture": "#0"}
			}
		},
		{
			"from": [1, 1, 3],
			"to": [15, 4, 3],
			"faces": {
				"north": {"uv": [0, 8.5, 3.5, 9.25], "texture": "#0"},
				"east": {"uv": [0, 0, 0, 0.75], "texture": "#0"},
				"south": {"uv": [0, 9.25, 3.5, 10], "texture": "#0"},
				"west": {"uv": [0, 0, 0, 0.75], "texture": "#0"},
				"up": {"uv": [3.5, 0, 0, 0], "texture": "#0"},
				"down": {"uv": [3.5, 0, 0, 0], "texture": "#0"}
			}
		},
		{
			"from": [1, 1, 13],
			"to": [15, 4, 13],
			"faces": {
				"north": {"uv": [9.5, 0, 13, 0.75], "texture": "#0"},
				"east": {"uv": [0, 0, 0, 0.75], "texture": "#0"},
				"south": {"uv": [9.5, 0.75, 13, 1.5], "texture": "#0"},
				"west": {"uv": [0, 0, 0, 0.75], "texture": "#0"},
				"up": {"uv": [3.5, 0, 0, 0], "texture": "#0"},
				"down": {"uv": [3.5, 0, 0, 0], "texture": "#0"}
			}
		},
		{
			"from": [-1, 4, 3],
			"to": [17, 14, 13],
			"faces": {
				"north": {"uv": [5, 0, 9.5, 2.5], "texture": "#0"},
				"east": {"uv": [4.5, 7.5, 7, 10], "texture": "#0"},
				"south": {"uv": [5, 2.5, 9.5, 5], "texture": "#0"},
				"west": {"uv": [7, 7.5, 9.5, 10], "texture": "#0"},
				"up": {"uv": [9.5, 7.5, 5, 5], "texture": "#0"},
				"down": {"uv": [4.5, 6, 0, 8.5], "texture": "#0"}
			}
		},
		{
			"from": [-2, 14, 2],
			"to": [18, 16, 14],
			"faces": {
				"north": {"uv": [9.5, 1.5, 14.5, 2], "texture": "#0"},
				"east": {"uv": [9.5, 2.5, 12.5, 3], "texture": "#0"},
				"south": {"uv": [9.5, 2, 14.5, 2.5], "texture": "#0"},
				"west": {"uv": [9.5, 3, 12.5, 3.5], "texture": "#0"},
				"up": {"uv": [5, 3, 0, 0], "texture": "#0"},
				"down": {"uv": [5, 3, 0, 6], "texture": "#0"}
			}
		}
	],
	"gui_light": "front",
	"display": {
		"thirdperson_righthand": {
			"translation": [0, 2, 0],
			"scale": [0.5, 0.5, 0.5]
		},
		"thirdperson_lefthand": {
			"translation": [0, 2, 0],
			"scale": [0.5, 0.5, 0.5]
		},
		"firstperson_righthand": {
			"rotation": [0, 155, 0],
			"translation": [-2, 2.5, 0],
			"scale": [0.5, 0.5, 0.5]
		},
		"firstperson_lefthand": {
			"rotation": [0, 155, 0],
			"translation": [-2, 2.5, 0],
			"scale": [0.5, 0.5, 0.5]
		},
		"ground": {
			"translation": [0, 0.5, 0],
			"scale": [0.5, 0.5, 0.5]
		},
		"gui": {
			"rotation": [0, 180, 0],
			"scale": [0.75, 0.75, 0.75]
		},
		"head": {
			"translation": [0, -27.25, 0],
			"scale": [2, 2, 2]
		}
	},
	"groups": [
		{
			"name": "bone",
			"origin": [8, 8, 8],
			"color": 0,
			"children": [0, 1, 2, 3, 4, 5, 6, 7]
		}
	],
	"mcmodels": "95b7f3b0f276b6829452c1a04e503b7e"
}