{
	"credit": "Made with Blockbench",
	"texture_size": [8, 8],
	"textures": {
		"0": "item/monstertower/earth_base/texture",
		"2": "item/monstertower/earth_base/animation",
		"particle": "item/monstertower/earth_base/texture"
	},
	"elements": [
		{
			"from": [7.75, 1, 6.5],
			"to": [8.25, 13, 9.5],
			"rotation": {"angle": 0, "axis": "y", "origin": [8, 7, 8]},
			"faces": {
				"north": {"uv": [9.5, 3.75, 9.75, 9.75], "texture": "#0"},
				"east": {"uv": [8.25, 3.75, 9.75, 9.75], "texture": "#0"},
				"south": {"uv": [8.25, 3.75, 8.5, 9.75], "texture": "#0"},
				"west": {"uv": [9.75, 3.75, 8.25, 9.75], "texture": "#0"}
			}
		},
		{
			"from": [7.75, 13, 6.5],
			"to": [8.25, 17, 9.5],
			"rotation": {"angle": 0, "axis": "y", "origin": [8, 10, 8]},
			"faces": {
				"north": {"uv": [9.5, 3.75, 9.75, 6], "texture": "#0"},
				"east": {"uv": [8.25, 3.75, 9.75, 6], "texture": "#0"},
				"south": {"uv": [8.25, 3.75, 8.5, 6], "texture": "#0"},
				"west": {"uv": [9.75, 3.75, 8.25, 6], "texture": "#0"}
			}
		},
		{
			"from": [7.725, 15.95, 6.95],
			"to": [8.275, 18.05, 9.05],
			"rotation": {"angle": -45, "axis": "x", "origin": [8, 17, 8]},
			"faces": {
				"east": {"uv": [6.75, 1, 7.75, 2], "rotation": 180, "texture": "#0"},
				"south": {"uv": [7.75, 2, 7.5, 1], "texture": "#0"},
				"west": {"uv": [7.75, 1, 6.75, 2], "rotation": 180, "texture": "#0"},
				"up": {"uv": [7.75, 1, 7.5, 2], "texture": "#0"}
			}
		},
		{
			"from": [7.975, 14, 4],
			"to": [8.025, 24, 12],
			"rotation": {"angle": 0, "axis": "y", "origin": [8, 14, 8]},
			"faces": {
				"east": {"uv": [0, 0, 6, 7.5], "texture": "#0"},
				"west": {"uv": [6, 0, 0, 7.5], "texture": "#0"}
			}
		},
		{
			"from": [7.975, 10, 4],
			"to": [8.025, 14, 12],
			"rotation": {"angle": 0, "axis": "y", "origin": [8, 8, 8]},
			"faces": {
				"east": {"uv": [0, 6.75, 6, 9.5], "texture": "#0"},
				"west": {"uv": [6, 6.75, 0, 9.5], "texture": "#0"}
			}
		},
		{
			"from": [7.975, 0, 4],
			"to": [8.025, 10, 12],
			"rotation": {"angle": 0, "axis": "y", "origin": [8, 0, 8]},
			"faces": {
				"east": {"uv": [0, 7.5, 6, 15], "texture": "#0"},
				"west": {"uv": [6, 7.5, 0, 15], "texture": "#0"}
			}
		},
		{
			"from": [7, -8.4, 7.20711],
			"to": [9, -6.4, 9.20711],
			"rotation": {"angle": -45, "axis": "x", "origin": [8.5, -7.9, 8.70711]},
			"faces": {
				"north": {"uv": [16, 12, 15, 13], "texture": "#0"},
				"east": {"uv": [14.5, 15, 13.5, 16], "texture": "#0"},
				"south": {"uv": [16, 14, 15, 15], "texture": "#0"},
				"west": {"uv": [13.5, 15, 14.5, 16], "texture": "#0"},
				"up": {"uv": [16, 15, 15, 14], "texture": "#0"},
				"down": {"uv": [16, 12, 15, 13], "texture": "#0"}
			}
		},
		{
			"from": [7, 0.6, 10.60711],
			"to": [9, 2.6, 12.60711],
			"rotation": {"angle": -45, "axis": "x", "origin": [8.5, 1.1, 12.10711]},
			"faces": {
				"north": {"uv": [16, 12, 15, 13], "texture": "#0"},
				"east": {"uv": [14.5, 15, 13.5, 16], "texture": "#0"},
				"south": {"uv": [16, 14, 15, 15], "texture": "#0"},
				"west": {"uv": [13.5, 15, 14.5, 16], "texture": "#0"},
				"up": {"uv": [16, 15, 15, 14], "texture": "#0"},
				"down": {"uv": [16, 12, 15, 13], "texture": "#0"}
			}
		},
		{
			"from": [7, 0.6, 3.39289],
			"to": [9, 2.6, 5.39289],
			"rotation": {"angle": 45, "axis": "x", "origin": [8.5, 1.1, 3.89289]},
			"faces": {
				"north": {"uv": [15, 14, 16, 15], "texture": "#0"},
				"east": {"uv": [13.5, 15, 14.5, 16], "texture": "#0"},
				"south": {"uv": [15, 12, 16, 13], "texture": "#0"},
				"west": {"uv": [14.5, 15, 13.5, 16], "texture": "#0"},
				"up": {"uv": [16, 14, 15, 15], "texture": "#0"},
				"down": {"uv": [16, 13, 15, 12], "texture": "#0"}
			}
		},
		{
			"from": [7.5, -8, 7.5],
			"to": [8.5, 0, 8.5],
			"rotation": {"angle": 0, "axis": "y", "origin": [6.5, -5, 6.5]},
			"faces": {
				"north": {"uv": [15, 4.5, 14.5, 8.5], "texture": "#0"},
				"east": {"uv": [14.5, 4.5, 15, 8.5], "texture": "#0"},
				"south": {"uv": [15, 4.5, 14.5, 8.5], "texture": "#0"},
				"west": {"uv": [14.5, 4.5, 15, 8.5], "texture": "#0"}
			}
		},
		{
			"from": [7, -0.1, 7.20711],
			"to": [9, 2.9, 10.20711],
			"rotation": {"angle": -45, "axis": "x", "origin": [8.5, 0.4, 8.70711]},
			"faces": {
				"north": {"uv": [14, 3, 15, 4.5], "texture": "#0"},
				"east": {"uv": [15, 1.5, 13.5, 3], "texture": "#0"},
				"south": {"uv": [15, 1.5, 16, 3], "texture": "#0"},
				"west": {"uv": [13.5, 1.5, 15, 3], "texture": "#0"},
				"up": {"uv": [16, 4.5, 15, 3], "texture": "#0"},
				"down": {"uv": [16, 0, 15, 1.5], "texture": "#0"}
			}
		},
		{
			"from": [7.5, -1.1, 10.20711],
			"to": [8.5, 0.9, 13.20711],
			"rotation": {"angle": 22.5, "axis": "x", "origin": [9, -0.6, 11.70711]},
			"faces": {
				"north": {"uv": [14, 3, 15, 4], "texture": "#0"},
				"east": {"uv": [15, 1.5, 13.5, 2.5], "texture": "#0"},
				"south": {"uv": [15, 1.5, 16, 2.5], "texture": "#0"},
				"west": {"uv": [13.5, 1.5, 15, 2.5], "texture": "#0"},
				"up": {"uv": [16, 4.5, 15, 3], "texture": "#0"},
				"down": {"uv": [15, 2.5, 13.5, 2.25], "rotation": 90, "texture": "#0"}
			}
		},
		{
			"from": [7.75, 0.2, 11.90711],
			"to": [8.25, 1.7, 14.90711],
			"rotation": {"angle": -45, "axis": "x", "origin": [6.75, 0.2, 13.40711]},
			"faces": {
				"north": {"uv": [15, 3, 14, 3.75], "texture": "#0"},
				"east": {"uv": [15, 1.5, 13.5, 2.25], "texture": "#0"},
				"south": {"uv": [16, 1.5, 15, 2.25], "texture": "#0"},
				"west": {"uv": [13.5, 1.5, 15, 2.25], "texture": "#0"},
				"up": {"uv": [15, 4.5, 16, 3], "texture": "#0"},
				"down": {"uv": [15, 2, 13.5, 2.25], "rotation": 90, "texture": "#0"}
			}
		},
		{
			"from": [7.75, 0.2, 1.09289],
			"to": [8.25, 1.7, 4.09289],
			"rotation": {"angle": 45, "axis": "x", "origin": [6.75, 0.2, 2.59289]},
			"faces": {
				"north": {"uv": [15, 1.5, 16, 2.25], "texture": "#0"},
				"east": {"uv": [13.5, 1.5, 15, 2.25], "texture": "#0"},
				"south": {"uv": [14, 3, 15, 3.75], "texture": "#0"},
				"west": {"uv": [15, 1.5, 13.5, 2.25], "texture": "#0"},
				"up": {"uv": [15, 3, 16, 4.5], "texture": "#0"},
				"down": {"uv": [13.5, 2, 15, 2.25], "rotation": 90, "texture": "#0"}
			}
		},
		{
			"from": [7.75, -10.03566, 6.5],
			"to": [8.25, -8.53566, 8],
			"rotation": {"angle": 45, "axis": "x", "origin": [6.75, -10.03566, 8]},
			"faces": {
				"north": {"uv": [15.75, 1.5, 16, 2.25], "texture": "#0"},
				"east": {"uv": [14.25, 1.5, 15, 2.25], "texture": "#0"},
				"south": {"uv": [14.25, 1.5, 14.5, 2.25], "texture": "#0"},
				"west": {"uv": [15, 1.5, 14.25, 2.25], "texture": "#0"},
				"up": {"uv": [15.75, 3, 16, 3.75], "texture": "#0"},
				"down": {"uv": [14.25, 2, 15, 2.25], "rotation": 90, "texture": "#0"}
			}
		},
		{
			"from": [7.75, -9.52132, 4.58579],
			"to": [8.25, -8.02132, 6.08579],
			"rotation": {"angle": 45, "axis": "x", "origin": [6.75, -10.02132, 6.58579]},
			"faces": {
				"north": {"uv": [15.75, 1.5, 16, 2.25], "texture": "#0"},
				"east": {"uv": [14.25, 1.5, 15, 2.25], "texture": "#0"},
				"south": {"uv": [14.25, 1.5, 14.5, 2.25], "texture": "#0"},
				"west": {"uv": [15, 1.5, 14.25, 2.25], "texture": "#0"},
				"up": {"uv": [15.75, 3, 16, 3.75], "texture": "#0"},
				"down": {"uv": [14.25, 2, 15, 2.25], "rotation": 90, "texture": "#0"}
			}
		},
		{
			"from": [7.75, -9.52132, 9.91421],
			"to": [8.25, -8.02132, 11.41421],
			"rotation": {"angle": -45, "axis": "x", "origin": [6.75, -10.02132, 9.41421]},
			"faces": {
				"north": {"uv": [14.5, 1.5, 14.25, 2.25], "texture": "#0"},
				"east": {"uv": [15, 1.5, 14.25, 2.25], "texture": "#0"},
				"south": {"uv": [16, 1.5, 15.75, 2.25], "texture": "#0"},
				"west": {"uv": [14.25, 1.5, 15, 2.25], "texture": "#0"},
				"up": {"uv": [15.75, 3.75, 16, 3], "texture": "#0"},
				"down": {"uv": [15, 2, 14.25, 2.25], "rotation": 90, "texture": "#0"}
			}
		},
		{
			"from": [7.75, 0.7, 3.59289],
			"to": [8.25, 3.7, 5.09289],
			"rotation": {"angle": -22.5, "axis": "x", "origin": [6.75, 2.2, 3.59289]},
			"faces": {
				"north": {"uv": [13.5, 2, 15, 2.25], "rotation": 270, "texture": "#0"},
				"east": {"uv": [13.5, 1.5, 15, 2.25], "rotation": 270, "texture": "#0"},
				"south": {"uv": [15, 3, 16, 4.5], "texture": "#0"},
				"west": {"uv": [15, 1.5, 13.5, 2.25], "rotation": 90, "texture": "#0"},
				"up": {"uv": [15, 1.5, 16, 2.25], "rotation": 180, "texture": "#0"},
				"down": {"uv": [14, 3, 15, 3.75], "texture": "#0"}
			}
		},
		{
			"from": [7.75, 0.7, 10.90711],
			"to": [8.25, 3.7, 12.40711],
			"rotation": {"angle": 22.5, "axis": "x", "origin": [6.75, 2.2, 12.40711]},
			"faces": {
				"north": {"uv": [16, 3, 15, 4.5], "texture": "#0"},
				"east": {"uv": [13.5, 2.25, 15, 1.5], "rotation": 270, "texture": "#0"},
				"south": {"uv": [13.5, 2.25, 15, 2], "rotation": 270, "texture": "#0"},
				"west": {"uv": [15, 2.25, 13.5, 1.5], "rotation": 90, "texture": "#0"},
				"up": {"uv": [15, 2.25, 16, 1.5], "rotation": 180, "texture": "#0"},
				"down": {"uv": [14, 3.75, 15, 3], "texture": "#0"}
			}
		},
		{
			"from": [7.5, -1.1, 2.79289],
			"to": [8.5, 0.9, 5.79289],
			"rotation": {"angle": -22.5, "axis": "x", "origin": [9, -0.6, 4.29289]},
			"faces": {
				"north": {"uv": [16, 1.5, 15, 2.5], "texture": "#0"},
				"east": {"uv": [13.5, 1.5, 15, 2.5], "texture": "#0"},
				"south": {"uv": [15, 3, 14, 4], "texture": "#0"},
				"west": {"uv": [15, 1.5, 13.5, 2.5], "texture": "#0"},
				"up": {"uv": [16, 3, 15, 4.5], "texture": "#0"},
				"down": {"uv": [13.5, 2.5, 15, 2.25], "rotation": 90, "texture": "#0"}
			}
		},
		{
			"from": [6.5, 0.6, 7.20711],
			"to": [9.5, 2.6, 9.20711],
			"rotation": {"angle": -45, "axis": "x", "origin": [9, 1.1, 8.70711]},
			"faces": {
				"north": {"uv": [14.5, 13, 16, 14], "texture": "#0"},
				"east": {"uv": [14.5, 15, 13.5, 16], "texture": "#0"},
				"south": {"uv": [14.5, 15, 16, 16], "texture": "#0"},
				"west": {"uv": [13.5, 15, 14.5, 16], "texture": "#0"},
				"up": {"uv": [16, 15, 14.5, 14], "texture": "#0"},
				"down": {"uv": [16, 12, 14.5, 13], "texture": "#0"}
			}
		},
		{
			"from": [6.5, 1.1, 9.5],
			"to": [9.5, 3.1, 11.5],
			"rotation": {"angle": 22.5, "axis": "x", "origin": [8, 2.1, 10.5]},
			"faces": {
				"north": {"uv": [16, 15, 14.5, 14], "rotation": 180, "texture": "#0"},
				"east": {"uv": [14.5, 15, 13.5, 16], "rotation": 90, "texture": "#0"},
				"south": {"uv": [16, 12, 14.5, 13], "texture": "#0"},
				"west": {"uv": [13.5, 15, 14.5, 16], "rotation": 270, "texture": "#0"},
				"up": {"uv": [14.5, 15, 16, 16], "texture": "#0"},
				"down": {"uv": [14.5, 13, 16, 14], "rotation": 180, "texture": "#0"}
			}
		},
		{
			"from": [6.5, 1.1, 4.5],
			"to": [9.5, 3.1, 6.5],
			"rotation": {"angle": -22.5, "axis": "x", "origin": [8, 2.1, 5.5]},
			"faces": {
				"north": {"uv": [14.5, 12, 16, 13], "texture": "#0"},
				"east": {"uv": [14.5, 16, 13.5, 15], "rotation": 90, "texture": "#0"},
				"south": {"uv": [14.5, 15, 16, 14], "rotation": 180, "texture": "#0"},
				"west": {"uv": [13.5, 16, 14.5, 15], "rotation": 270, "texture": "#0"},
				"up": {"uv": [14.5, 16, 16, 15], "texture": "#0"},
				"down": {"uv": [14.5, 14, 16, 13], "rotation": 180, "texture": "#0"}
			}
		},
		{
			"from": [7.95, -15.8, 6.2],
			"to": [8.05, -8.8, 10.2],
			"rotation": {"angle": 0, "axis": "y", "origin": [8, -12.3, 8.2]},
			"faces": {
				"east": {"uv": [0, 0, 8, 14], "texture": "#2"},
				"west": {"uv": [8, 0, 0, 14], "texture": "#2"}
			}
		}
	],
	"gui_light": "front",
	"display": {
		"thirdperson_righthand": {
			"translation": [0, 9.25, 1.25]
		},
		"thirdperson_lefthand": {
			"translation": [0, 9.25, 1.25]
		},
		"firstperson_righthand": {
			"rotation": [-18, 0, 0],
			"translation": [0.75, 3, 1.5],
			"scale": [0.7, 0.7, 0.7]
		},
		"firstperson_lefthand": {
			"rotation": [-18, 0, 0],
			"translation": [0.75, 3, 1.5],
			"scale": [0.7, 0.7, 0.7]
		},
		"ground": {
			"rotation": [90, 90, 0]
		},
		"gui": {
			"rotation": [-90, -45, -90],
			"translation": [1, 1, 0],
			"scale": [0.61, 0.61, 0.61]
		},
		"head": {
			"rotation": [90, 64, 90],
			"translation": [0.75, -20, 5.25],
			"scale": [1.4, 1.4, 1.4]
		},
		"fixed": {
			"rotation": [-90, 45, 90],
			"translation": [-2.5, 2.5, 0]
		}
	},
	"groups": [
		{
			"name": "stone",
			"origin": [0, 0, 0],
			"color": 0,
			"children": [
				{
					"name": "blade",
					"origin": [8, 11.5, 8],
					"color": 0,
					"children": [0, 1, 2, 3, 4, 5]
				},
				{
					"name": "handle",
					"origin": [9, 5, 8.70711],
					"color": 0,
					"children": [6, 7, 8, 9, 10, 11, 12, 13, 14, 15, 16, 17, 18, 19, 20, 21, 22]
				},
				{
					"name": "animation",
					"origin": [0, 0, 0],
					"color": 0,
					"children": [23]
				}
			]
		}
	]
}