{
	"credit": "Made with Blockbench",
	"texture_size": [32, 32],
	"textures": {
		"1": "item/monstertower/fire_base/fire_animation",
		"4": "item/monstertower/fire_base/fire_base",
		"particle": "item/monstertower/fire_base/fire_animation"
	},
	"elements": [
		{
			"from": [7.5, -8.3, 8.70711],
			"to": [8.5, -7.3, 9.70711],
			"rotation": {"angle": 45, "axis": "x", "origin": [8, -8.3, 8.70711]},
			"faces": {
				"north": {"uv": [7.33334, 6.66667, 8, 7.33333], "texture": "#4"},
				"east": {"uv": [9.66667, 4.33333, 9, 5], "texture": "#4"},
				"south": {"uv": [8.66666, 0, 8, 0.66666], "texture": "#4"},
				"west": {"uv": [9, 4.33333, 9.66667, 5], "texture": "#4"},
				"up": {"uv": [8.66666, 0.66666, 8, 0], "texture": "#4"},
				"down": {"uv": [7.33334, 6.66667, 8, 7.33333], "texture": "#4"}
			}
		},
		{
			"from": [7, -9.3, 7],
			"to": [9, -7.3, 9],
			"rotation": {"angle": -45, "axis": "x", "origin": [8, -8.3, 8]},
			"faces": {
				"north": {"uv": [3.33333, 8, 4.66667, 9.33333], "texture": "#4"},
				"east": {"uv": [8, 8, 6.66667, 9.33333], "texture": "#4"},
				"south": {"uv": [9.33333, 8, 8, 9.33333], "texture": "#4"},
				"west": {"uv": [6.66667, 8, 8, 9.33333], "texture": "#4"},
				"up": {"uv": [9.33333, 9.33333, 8, 8], "texture": "#4"},
				"down": {"uv": [3.33333, 8, 4.66667, 9.33333], "texture": "#4"}
			}
		},
		{
			"from": [7.5, -8.3, 6.29289],
			"to": [8.5, -7.3, 7.29289],
			"rotation": {"angle": -45, "axis": "x", "origin": [8, -8.3, 7.29289]},
			"faces": {
				"north": {"uv": [8.66666, 0.66666, 8, 0], "rotation": 180, "texture": "#4"},
				"east": {"uv": [9.66667, 5, 9, 4.33333], "rotation": 180, "texture": "#4"},
				"south": {"uv": [7.33334, 7.33333, 8, 6.66667], "rotation": 180, "texture": "#4"},
				"west": {"uv": [9, 5, 9.66667, 4.33333], "rotation": 180, "texture": "#4"},
				"up": {"uv": [8, 0.66666, 8.66666, 0], "rotation": 180, "texture": "#4"},
				"down": {"uv": [8, 6.66667, 7.33334, 7.33333], "rotation": 180, "texture": "#4"}
			}
		},
		{
			"from": [7.5, -10.21421, 7.5],
			"to": [8.5, -9.21421, 8.5],
			"rotation": {"angle": 45, "axis": "x", "origin": [8, -9.71421, 8]},
			"faces": {
				"north": {"uv": [7.33334, 6.66667, 8, 7.33333], "rotation": 180, "texture": "#4"},
				"east": {"uv": [9.66667, 4.33333, 9, 5], "rotation": 270, "texture": "#4"},
				"south": {"uv": [8.66666, 0.66666, 8, 0], "texture": "#4"},
				"west": {"uv": [9, 4.33333, 9.66667, 5], "rotation": 90, "texture": "#4"},
				"up": {"uv": [7.33334, 6.66667, 8, 7.33333], "rotation": 180, "texture": "#4"},
				"down": {"uv": [8.66666, 0, 8, 0.66666], "texture": "#4"}
			}
		},
		{
			"from": [7.5, -8.3, 7.5],
			"to": [8.5, -0.3, 8.5],
			"rotation": {"angle": 0, "axis": "y", "origin": [8.5, -7.3, 7.5]},
			"faces": {
				"north": {"uv": [5.33333, 6, 6, 11.33333], "texture": "#4"},
				"east": {"uv": [6.66667, 0, 7.33333, 5.33333], "texture": "#4"},
				"south": {"uv": [5.33333, 6, 6, 11.33333], "texture": "#4"},
				"west": {"uv": [6.66667, 0, 7.33333, 5.33333], "texture": "#4"}
			}
		},
		{
			"from": [7.5, -2.3, 4],
			"to": [8.5, -0.3, 8],
			"rotation": {"angle": 45, "axis": "x", "origin": [8.5, -0.3, 8]},
			"faces": {
				"north": {"uv": [9.33333, 0, 10, 1.33333], "texture": "#4"},
				"east": {"uv": [9.33333, 5.33333, 6.66667, 6.66667], "texture": "#4"},
				"south": {"uv": [9.33333, 1.33333, 10, 2.66667], "texture": "#4"},
				"west": {"uv": [6.66667, 5.33333, 9.33333, 6.66667], "texture": "#4"},
				"up": {"uv": [5.33333, 10.66667, 4.66667, 8], "texture": "#4"},
				"down": {"uv": [9.33333, 1.33333, 8.66667, 4], "texture": "#4"}
			}
		},
		{
			"from": [7.5, -2.3, 8],
			"to": [8.5, -0.3, 12],
			"rotation": {"angle": -45, "axis": "x", "origin": [8.5, -0.3, 8]},
			"faces": {
				"north": {"uv": [10, 1.33333, 9.33333, 2.66667], "texture": "#4"},
				"east": {"uv": [6.66667, 5.33333, 9.33333, 6.66667], "texture": "#4"},
				"south": {"uv": [10, 0, 9.33333, 1.33333], "texture": "#4"},
				"west": {"uv": [9.33333, 5.33333, 6.66667, 6.66667], "texture": "#4"},
				"up": {"uv": [5.33333, 8, 4.66667, 10.66667], "texture": "#4"},
				"down": {"uv": [9.33333, 4, 8.66667, 1.33333], "texture": "#4"}
			}
		},
		{
			"from": [7.5, 2.75, 9.175],
			"to": [8.5, 6.75, 11.175],
			"rotation": {"angle": 22.5, "axis": "x", "origin": [8.5, 2.65, 10.175]},
			"faces": {
				"north": {"uv": [5.33333, 8, 4.66667, 10.66667], "rotation": 180, "texture": "#4"},
				"east": {"uv": [6.66667, 5.33333, 9.33333, 6.66667], "rotation": 90, "texture": "#4"},
				"south": {"uv": [9.33333, 4, 8.66667, 1.33333], "texture": "#4"},
				"west": {"uv": [9.33333, 5.33333, 6.66667, 6.66667], "rotation": 270, "texture": "#4"},
				"up": {"uv": [10, 0, 9.33333, 1.33333], "texture": "#4"},
				"down": {"uv": [10, 1.33333, 9.33333, 2.66667], "rotation": 180, "texture": "#4"}
			}
		},
		{
			"from": [7.5, 2.75, 4.825],
			"to": [8.5, 6.75, 6.825],
			"rotation": {"angle": -22.5, "axis": "x", "origin": [8.5, 2.65, 5.825]},
			"faces": {
				"north": {"uv": [8.66667, 4, 9.33333, 1.33333], "texture": "#4"},
				"east": {"uv": [6.66667, 6.66667, 9.33333, 5.33333], "rotation": 90, "texture": "#4"},
				"south": {"uv": [4.66667, 8, 5.33333, 10.66667], "rotation": 180, "texture": "#4"},
				"west": {"uv": [9.33333, 6.66667, 6.66667, 5.33333], "rotation": 270, "texture": "#4"},
				"up": {"uv": [10, 1.33333, 9.33333, 0], "texture": "#4"},
				"down": {"uv": [10, 2.66667, 9.33333, 1.33333], "rotation": 180, "texture": "#4"}
			}
		},
		{
			"from": [7.75, -2.3, 10],
			"to": [8.25, -0.3, 14],
			"rotation": {"angle": -22.5, "axis": "x", "origin": [8.75, -0.3, 8]},
			"faces": {
				"north": {"uv": [9.66667, 1.33333, 9.33333, 2.66667], "texture": "#4"},
				"east": {"uv": [6.66667, 5.33333, 9.33333, 6.66667], "texture": "#4"},
				"south": {"uv": [9.66667, 0, 9.33333, 1.33333], "texture": "#4"},
				"west": {"uv": [9.33333, 5.33333, 6.66667, 6.66667], "texture": "#4"},
				"up": {"uv": [5, 8, 4.66667, 10.66667], "texture": "#4"},
				"down": {"uv": [9, 4, 8.66667, 1.33333], "texture": "#4"}
			}
		},
		{
			"from": [7.75, 1.1, 9],
			"to": [8.25, 5.1, 11],
			"rotation": {"angle": 22.5, "axis": "x", "origin": [8.75, -0.9, 9]},
			"faces": {
				"north": {"uv": [5, 8, 4.66667, 10.66667], "rotation": 180, "texture": "#4"},
				"east": {"uv": [6.66667, 5.33333, 9.33333, 6.66667], "rotation": 90, "texture": "#4"},
				"south": {"uv": [9, 4, 8.66667, 1.33333], "texture": "#4"},
				"west": {"uv": [9.33333, 5.33333, 6.66667, 6.66667], "rotation": 270, "texture": "#4"},
				"up": {"uv": [9.66667, 0, 9.33333, 1.33333], "texture": "#4"},
				"down": {"uv": [9.66667, 1.33333, 9.33333, 2.66667], "rotation": 180, "texture": "#4"}
			}
		},
		{
			"from": [7.75, 4.1, 9.5],
			"to": [8.25, 8.1, 11.5],
			"rotation": {"angle": 0, "axis": "x", "origin": [8.75, -0.9, 9]},
			"faces": {
				"north": {"uv": [5, 8, 4.66667, 10.66667], "rotation": 180, "texture": "#4"},
				"east": {"uv": [6.66667, 5.33333, 9.33333, 6.66667], "rotation": 90, "texture": "#4"},
				"south": {"uv": [9, 4, 8.66667, 1.33333], "texture": "#4"},
				"west": {"uv": [9.33333, 5.33333, 6.66667, 6.66667], "rotation": 270, "texture": "#4"},
				"up": {"uv": [9.66667, 0, 9.33333, 1.33333], "texture": "#4"},
				"down": {"uv": [9.66667, 1.33333, 9.33333, 2.66667], "rotation": 180, "texture": "#4"}
			}
		},
		{
			"from": [7.75, 4.1, 4.5],
			"to": [8.25, 8.1, 6.5],
			"rotation": {"angle": 0, "axis": "x", "origin": [8.75, -0.9, 7]},
			"faces": {
				"north": {"uv": [8.66667, 4, 9, 1.33333], "texture": "#4"},
				"east": {"uv": [6.66667, 6.66667, 9.33333, 5.33333], "rotation": 90, "texture": "#4"},
				"south": {"uv": [4.66667, 8, 5, 10.66667], "rotation": 180, "texture": "#4"},
				"west": {"uv": [9.33333, 6.66667, 6.66667, 5.33333], "rotation": 270, "texture": "#4"},
				"up": {"uv": [9.66667, 1.33333, 9.33333, 0], "texture": "#4"},
				"down": {"uv": [9.66667, 2.66667, 9.33333, 1.33333], "rotation": 180, "texture": "#4"}
			}
		},
		{
			"from": [7.75, 1.1, 5],
			"to": [8.25, 5.1, 7],
			"rotation": {"angle": -22.5, "axis": "x", "origin": [8.75, -0.9, 7]},
			"faces": {
				"north": {"uv": [8.66667, 4, 9, 1.33333], "texture": "#4"},
				"east": {"uv": [6.66667, 6.66667, 9.33333, 5.33333], "rotation": 90, "texture": "#4"},
				"south": {"uv": [4.66667, 8, 5, 10.66667], "rotation": 180, "texture": "#4"},
				"west": {"uv": [9.33333, 6.66667, 6.66667, 5.33333], "rotation": 270, "texture": "#4"},
				"up": {"uv": [9.66667, 1.33333, 9.33333, 0], "texture": "#4"},
				"down": {"uv": [9.66667, 2.66667, 9.33333, 1.33333], "rotation": 180, "texture": "#4"}
			}
		},
		{
			"from": [7.75, -2.3, 2],
			"to": [8.25, -0.3, 6],
			"rotation": {"angle": 22.5, "axis": "x", "origin": [8.75, -0.3, 8]},
			"faces": {
				"north": {"uv": [9.33333, 0, 9.66667, 1.33333], "texture": "#4"},
				"east": {"uv": [9.33333, 5.33333, 6.66667, 6.66667], "texture": "#4"},
				"south": {"uv": [9.33333, 1.33333, 9.66667, 2.66667], "texture": "#4"},
				"west": {"uv": [6.66667, 5.33333, 9.33333, 6.66667], "texture": "#4"},
				"up": {"uv": [5, 10.66667, 4.66667, 8], "texture": "#4"},
				"down": {"uv": [9, 1.33333, 8.66667, 4], "texture": "#4"}
			}
		},
		{
			"from": [6.5, -1.3, 7],
			"to": [9.5, 0.7, 9],
			"rotation": {"angle": -45, "axis": "x", "origin": [8.5, -0.3, 8]},
			"faces": {
				"north": {"uv": [6.66667, 6.66667, 8.66667, 8], "texture": "#4"},
				"east": {"uv": [10, 4, 8.66667, 5.33333], "texture": "#4"},
				"south": {"uv": [9.33333, 0, 7.33333, 1.33333], "texture": "#4"},
				"west": {"uv": [8.66667, 4, 10, 5.33333], "texture": "#4"},
				"up": {"uv": [9.33333, 1.33333, 7.33333, 0], "texture": "#4"},
				"down": {"uv": [6.66667, 6.66667, 8.66667, 8], "texture": "#4"}
			}
		},
		{
			"from": [7, -1.3, 11],
			"to": [9, 0.7, 13],
			"rotation": {"angle": -22.5, "axis": "x", "origin": [9, -0.3, 8]},
			"faces": {
				"north": {"uv": [7, 6.66667, 8.33334, 8], "texture": "#4"},
				"east": {"uv": [10, 4, 8.66667, 5.33333], "texture": "#4"},
				"south": {"uv": [9, 0, 7.66666, 1.33333], "texture": "#4"},
				"west": {"uv": [8.66667, 4, 10, 5.33333], "texture": "#4"},
				"up": {"uv": [9, 1.33333, 7.66666, 0], "texture": "#4"},
				"down": {"uv": [7, 6.66667, 8.33334, 8], "texture": "#4"}
			}
		},
		{
			"from": [7.25, 1.7, 7],
			"to": [8.75, 3.7, 9],
			"rotation": {"angle": 22.5, "axis": "x", "origin": [9.25, -1.3, 8]},
			"faces": {
				"north": {"uv": [8.66666, 1.33333, 7.66666, 0], "rotation": 180, "texture": "#4"},
				"east": {"uv": [10, 4, 8.66667, 5.33333], "rotation": 90, "texture": "#4"},
				"south": {"uv": [7, 6.66667, 8, 8], "texture": "#4"},
				"west": {"uv": [8.66667, 4, 10, 5.33333], "rotation": 270, "texture": "#4"},
				"up": {"uv": [8.66666, 0, 7.66666, 1.33333], "texture": "#4"},
				"down": {"uv": [7, 6.66667, 8, 8], "rotation": 180, "texture": "#4"}
			}
		},
		{
			"from": [7.25, 1.7, 7],
			"to": [8.75, 3.7, 9],
			"rotation": {"angle": -22.5, "axis": "x", "origin": [9.25, -1.3, 8]},
			"faces": {
				"north": {"uv": [8, 6.66667, 7, 8], "texture": "#4"},
				"east": {"uv": [10, 5.33333, 8.66667, 4], "rotation": 90, "texture": "#4"},
				"south": {"uv": [7.66666, 1.33333, 8.66666, 0], "rotation": 180, "texture": "#4"},
				"west": {"uv": [8.66667, 5.33333, 10, 4], "rotation": 270, "texture": "#4"},
				"up": {"uv": [8.66666, 1.33333, 7.66666, 0], "texture": "#4"},
				"down": {"uv": [7, 8, 8, 6.66667], "rotation": 180, "texture": "#4"}
			}
		},
		{
			"from": [7.5, -0.2, 13.71421],
			"to": [8.5, 0.8, 14.71421],
			"rotation": {"angle": 45, "axis": "x", "origin": [8, 0.3, 14.21421]},
			"faces": {
				"north": {"uv": [7.33334, 6.66667, 8, 7.33333], "texture": "#4"},
				"east": {"uv": [9.66667, 4.33333, 9, 5], "texture": "#4"},
				"south": {"uv": [8.66666, 0, 8, 0.66666], "texture": "#4"},
				"west": {"uv": [9, 4.33333, 9.66667, 5], "texture": "#4"},
				"up": {"uv": [8.66666, 0.66666, 8, 0], "texture": "#4"},
				"down": {"uv": [7.33334, 6.66667, 8, 7.33333], "texture": "#4"}
			}
		},
		{
			"from": [7.5, -0.2, 1.28579],
			"to": [8.5, 0.8, 2.28579],
			"rotation": {"angle": -45, "axis": "x", "origin": [8, 0.3, 1.78579]},
			"faces": {
				"north": {"uv": [8.66666, 0.66666, 8, 0], "rotation": 180, "texture": "#4"},
				"east": {"uv": [9.66667, 5, 9, 4.33333], "rotation": 180, "texture": "#4"},
				"south": {"uv": [7.33334, 7.33333, 8, 6.66667], "rotation": 180, "texture": "#4"},
				"west": {"uv": [9, 5, 9.66667, 4.33333], "rotation": 180, "texture": "#4"},
				"up": {"uv": [8, 0.66666, 8.66666, 0], "rotation": 180, "texture": "#4"},
				"down": {"uv": [8, 6.66667, 7.33334, 7.33333], "rotation": 180, "texture": "#4"}
			}
		},
		{
			"from": [7, -1.3, 3],
			"to": [9, 0.7, 5],
			"rotation": {"angle": 22.5, "axis": "x", "origin": [9, -0.3, 8]},
			"faces": {
				"north": {"uv": [7.66666, 0, 9, 1.33333], "texture": "#4"},
				"east": {"uv": [8.66667, 4, 10, 5.33333], "texture": "#4"},
				"south": {"uv": [8.33334, 6.66667, 7, 8], "texture": "#4"},
				"west": {"uv": [10, 4, 8.66667, 5.33333], "texture": "#4"},
				"up": {"uv": [9, 0, 7.66666, 1.33333], "texture": "#4"},
				"down": {"uv": [7, 8, 8.33334, 6.66667], "texture": "#4"}
			}
		},
		{
			"from": [7, -1.3, 8],
			"to": [9, 1.7, 11],
			"rotation": {"angle": -45, "axis": "x", "origin": [9, -1.3, 8]},
			"faces": {
				"north": {"uv": [7.33333, 1.33333, 8.66667, 3.33333], "texture": "#4"},
				"east": {"uv": [5.33333, 6, 3.33333, 8], "texture": "#4"},
				"south": {"uv": [8.66667, 3.33333, 7.33333, 5.33333], "texture": "#4"},
				"west": {"uv": [3.33333, 6, 5.33333, 8], "texture": "#4"},
				"up": {"uv": [8.66667, 5.33333, 7.33333, 3.33333], "texture": "#4"},
				"down": {"uv": [7.33333, 1.33333, 8.66667, 3.33333], "texture": "#4"}
			}
		},
		{
			"from": [7.9, 5.9, 5.5],
			"to": [8.1, 27.9, 10.5],
			"rotation": {"angle": 0, "axis": "x", "origin": [8, 16.9, 8]},
			"faces": {
				"north": {"uv": [6, 0, 6.33333, 14.66667], "texture": "#4"},
				"east": {"uv": [0, 0, 3.33333, 14.66667], "texture": "#4"},
				"south": {"uv": [6, 0, 6.33333, 14.66667], "texture": "#4"},
				"west": {"uv": [0, 0, 3.33333, 14.66667], "texture": "#4"}
			}
		},
		{
			"from": [7.5, 0.9, 6.5],
			"to": [8.5, 5.9, 9.5],
			"rotation": {"angle": 0, "axis": "x", "origin": [7.5, 1.02132, 8]},
			"faces": {
				"north": {"uv": [5.33333, 0, 6, 3.33333], "texture": "#4"},
				"east": {"uv": [3.33333, 0, 5.33333, 3.33333], "texture": "#4"},
				"south": {"uv": [5.33333, 0, 6, 3.33333], "texture": "#4"},
				"west": {"uv": [3.33333, 0, 5.33333, 3.33333], "texture": "#4"}
			}
		},
		{
			"from": [7.45, 4.36079, 7.91161],
			"to": [8.55, 6.48579, 10.03661],
			"rotation": {"angle": -45, "axis": "x", "origin": [8.45, 4.48579, 7.91161]},
			"faces": {
				"north": {"uv": [9.33333, 2.66667, 10, 4], "texture": "#4"},
				"east": {"uv": [10, 6.66667, 8.66667, 8], "texture": "#4"},
				"south": {"uv": [4, 9.33333, 3.33333, 10.66667], "texture": "#4"},
				"west": {"uv": [8.66667, 6.66667, 10, 8], "texture": "#4"},
				"up": {"uv": [4, 10.66667, 3.33333, 9.33333], "texture": "#4"},
				"down": {"uv": [9.33333, 2.66667, 10, 4], "texture": "#4"}
			}
		},
		{
			"from": [7.85, 25.4, 6.5253],
			"to": [8.15, 28.95, 10.0753],
			"rotation": {"angle": 45, "axis": "x", "origin": [7.95, 27.9, 9.0253]},
			"faces": {
				"north": {"uv": [4, 9.33333, 4.33333, 11.66667], "texture": "#4"},
				"east": {"uv": [5.66667, 3.33333, 3.33333, 5.66667], "texture": "#4"},
				"south": {"uv": [7, 11.66667, 6.66667, 9.33333], "texture": "#4"},
				"west": {"uv": [3.33333, 3.33333, 5.66667, 5.66667], "texture": "#4"},
				"up": {"uv": [4, 9.33333, 4.33333, 11.66667], "texture": "#4"},
				"down": {"uv": [7, 9.33333, 6.66667, 11.66667], "texture": "#4"}
			}
		},
		{
			"from": [7.975, -13.59047, 6.96976],
			"to": [8.025, -8.39296, 9.03024],
			"rotation": {"angle": 0, "axis": "z", "origin": [8, 13.80828, 8.5]},
			"faces": {
				"east": {"uv": [3, 4, 1.5, 0], "texture": "#1"},
				"west": {"uv": [1.5, 3, 3, 0], "texture": "#1"}
			}
		},
		{
			"from": [6.73467, 2.09296, 4.4395],
			"to": [6.78467, 20.29047, 6.36266],
			"rotation": {"angle": -22.5, "axis": "y", "origin": [6.73467, 9.12382, 7.74815]},
			"faces": {
				"west": {"uv": [0, 0, 1.25, 12.25], "texture": "#1"}
			}
		},
		{
			"from": [6.73467, 2.09296, 9.63734],
			"to": [6.78467, 20.29047, 11.5605],
			"rotation": {"angle": 22.5, "axis": "y", "origin": [6.73467, 9.12382, 8.25185]},
			"faces": {
				"west": {"uv": [3.25, 0, 4.5, 12.25], "texture": "#1"}
			}
		},
		{
			"from": [7.26487, 2.09296, 6.46812],
			"to": [7.31487, 20.29047, 9.5286],
			"rotation": {"angle": 0, "axis": "y", "origin": [13.74036, 3.66457, 13.97203]},
			"faces": {
				"west": {"uv": [1.25, 0, 3.25, 12.25], "texture": "#1"}
			}
		},
		{
			"from": [7.26487, 1.09296, 6.46812],
			"to": [7.31487, 8.29047, 9.5286],
			"rotation": {"angle": 22.5, "axis": "z", "origin": [7.26487, 2.19172, 7.99836]},
			"faces": {
				"east": {"uv": [3.25, 0, 1.25, 4], "texture": "#1"},
				"west": {"uv": [1.25, 0, 3.25, 4], "texture": "#1"}
			}
		},
		{
			"from": [6.73467, -3.17864, 4.4395],
			"to": [6.78467, 2.09296, 6.36266],
			"rotation": {"angle": -22.5, "axis": "y", "origin": [6.73467, 4.67939, 7.74815]},
			"faces": {
				"north": {"uv": [0, 0, 0, 0], "texture": "#1"},
				"east": {"uv": [0, 0, 0, 0], "texture": "#1"},
				"south": {"uv": [0, 0, 0, 0], "texture": "#1"},
				"west": {"uv": [4.75, 2, 6, 5], "texture": "#1"},
				"up": {"uv": [0, 0, 0, 0], "texture": "#1"},
				"down": {"uv": [0, 0, 0, 0], "texture": "#1"}
			}
		},
		{
			"from": [7.26487, -3.17864, 6.46812],
			"to": [7.31487, 2.09296, 9.5286],
			"rotation": {"angle": 0, "axis": "y", "origin": [13.74036, -0.77987, 13.97203]},
			"faces": {
				"north": {"uv": [0, 0, 0, 0], "texture": "#1"},
				"east": {"uv": [0, 0, 0, 0], "texture": "#1"},
				"south": {"uv": [0, 0, 0, 0], "texture": "#1"},
				"west": {"uv": [6, 2, 8, 5], "texture": "#1"},
				"up": {"uv": [0, 0, 0, 0], "texture": "#1"},
				"down": {"uv": [0, 0, 0, 0], "texture": "#1"}
			}
		},
		{
			"from": [6.73467, -3.17864, 9.63734],
			"to": [6.78467, 2.09296, 11.5605],
			"rotation": {"angle": 22.5, "axis": "y", "origin": [6.73467, 4.67939, 8.25185]},
			"faces": {
				"north": {"uv": [0, 0, 0, 0], "texture": "#1"},
				"east": {"uv": [0, 0, 0, 0], "texture": "#1"},
				"south": {"uv": [0, 0, 0, 0], "texture": "#1"},
				"west": {"uv": [8, 2, 9.25, 5], "texture": "#1"},
				"up": {"uv": [0, 0, 0, 0], "texture": "#1"},
				"down": {"uv": [0, 0, 0, 0], "texture": "#1"}
			}
		},
		{
			"from": [7.97583, 1.09296, 11.30864],
			"to": [8.02583, 9.36456, 13.23179],
			"rotation": {"angle": 0, "axis": "y", "origin": [8.00083, 4.72876, 10.57022]},
			"faces": {
				"east": {"uv": [9.25, 5, 8, 0.5], "texture": "#1"},
				"west": {"uv": [8, 5, 9.25, 0.5], "texture": "#1"}
			}
		},
		{
			"from": [9.21533, 2.09296, 4.4395],
			"to": [9.26533, 20.29047, 6.36266],
			"rotation": {"angle": 22.5, "axis": "y", "origin": [9.26533, 9.12382, 7.74815]},
			"faces": {
				"east": {"uv": [1.25, 0, 0, 12.25], "texture": "#1"}
			}
		},
		{
			"from": [9.21533, 2.09296, 9.63734],
			"to": [9.26533, 20.29047, 11.5605],
			"rotation": {"angle": -22.5, "axis": "y", "origin": [9.26533, 9.12382, 8.25185]},
			"faces": {
				"east": {"uv": [4.5, 0, 3.25, 12.25], "texture": "#1"}
			}
		},
		{
			"from": [8.68513, 2.09296, 6.46812],
			"to": [8.73513, 20.29047, 9.5286],
			"rotation": {"angle": 0, "axis": "y", "origin": [2.25964, 3.66457, 13.97203]},
			"faces": {
				"east": {"uv": [3.25, 0, 1.25, 12.25], "texture": "#1"}
			}
		},
		{
			"from": [8.68513, 1.09296, 6.46812],
			"to": [8.73513, 8.29047, 9.5286],
			"rotation": {"angle": -22.5, "axis": "z", "origin": [8.73513, 2.19172, 7.99836]},
			"faces": {
				"east": {"uv": [3.25, 0, 1.25, 4], "texture": "#1"},
				"west": {"uv": [1.25, 0, 3.25, 4], "texture": "#1"}
			}
		},
		{
			"from": [9.21533, -3.17864, 9.63734],
			"to": [9.26533, 2.09296, 11.5605],
			"rotation": {"angle": -22.5, "axis": "y", "origin": [9.26533, 4.67939, 8.25185]},
			"faces": {
				"north": {"uv": [0, 0, 0, 0], "texture": "#1"},
				"east": {"uv": [9.25, 2, 8, 5], "texture": "#1"},
				"south": {"uv": [0, 0, 0, 0], "texture": "#1"},
				"west": {"uv": [0, 0, 0, 0], "texture": "#1"},
				"up": {"uv": [0, 0, 0, 0], "texture": "#1"},
				"down": {"uv": [0, 0, 0, 0], "texture": "#1"}
			}
		},
		{
			"from": [8.68513, -3.17864, 6.46812],
			"to": [8.73513, 2.09296, 9.5286],
			"rotation": {"angle": 0, "axis": "y", "origin": [2.25964, -0.77987, 13.97203]},
			"faces": {
				"north": {"uv": [0, 0, 0, 0], "texture": "#1"},
				"east": {"uv": [8, 2, 6, 5], "texture": "#1"},
				"south": {"uv": [0, 0, 0, 0], "texture": "#1"},
				"west": {"uv": [0, 0, 0, 0], "texture": "#1"},
				"up": {"uv": [0, 0, 0, 0], "texture": "#1"},
				"down": {"uv": [0, 0, 0, 0], "texture": "#1"}
			}
		},
		{
			"from": [9.21533, -3.17864, 4.4395],
			"to": [9.26533, 2.09296, 6.36266],
			"rotation": {"angle": 22.5, "axis": "y", "origin": [9.26533, 4.67939, 7.74815]},
			"faces": {
				"north": {"uv": [0, 0, 0, 0], "texture": "#1"},
				"east": {"uv": [6, 2, 4.75, 5], "texture": "#1"},
				"south": {"uv": [0, 0, 0, 0], "texture": "#1"},
				"west": {"uv": [0, 0, 0, 0], "texture": "#1"},
				"up": {"uv": [0, 0, 0, 0], "texture": "#1"},
				"down": {"uv": [0, 0, 0, 0], "texture": "#1"}
			}
		},
		{
			"from": [7.97583, 1.09296, 2.76821],
			"to": [8.02583, 9.36456, 4.69136],
			"rotation": {"angle": 0, "axis": "y", "origin": [8.00083, 4.72876, 5.42978]},
			"faces": {
				"east": {"uv": [4.75, 5, 6, 0.5], "texture": "#1"},
				"west": {"uv": [6, 5, 4.75, 0.5], "texture": "#1"}
			}
		}
	],
	"gui_light": "front",
	"display": {
		"thirdperson_righthand": {
			"translation": [0, 10, 1.75]
		},
		"thirdperson_lefthand": {
			"translation": [0, 10, 1.75]
		},
		"firstperson_righthand": {
			"rotation": [-18, 0, 0],
			"translation": [0.75, 3, 1.5],
			"scale": [0.7, 0.7, 0.7]
		},
		"firstperson_lefthand": {
			"rotation": [-18, 0, 0],
			"translation": [0.75, 3, 1.5],
			"scale": [0.7, 0.7, 0.7]
		},
		"ground": {
			"rotation": [90, 90, 0],
			"translation": [0, 0, -4.25]
		},
		"gui": {
			"rotation": [90, -135, 90],
			"translation": [-1, -1, 0],
			"scale": [0.6, 0.6, 0.6]
		},
		"head": {
			"rotation": [90, 65, 90],
			"translation": [2.5, -15.75, 3.75],
			"scale": [1.4, 1.4, 1.4]
		},
		"fixed": {
			"rotation": [90, -45, 90],
			"translation": [2.5, -2.5, 0],
			"scale": [1.2, 1.2, 1.2]
		}
	},
	"groups": [
		{
			"name": "fire",
			"origin": [7.1, 11.12132, 8],
			"color": 0,
			"children": [
				{
					"name": "sword_handle",
					"origin": [8, 8, 8],
					"color": 0,
					"children": [
						{
							"name": "group",
							"origin": [8, -5.71421, 8],
							"color": 0,
							"children": [0, 1, 2, 3]
						},
						4,
						5,
						6,
						7,
						8,
						9,
						10,
						11,
						12,
						13,
						14,
						15,
						16,
						17,
						18,
						19,
						20,
						21,
						22
					]
				},
				{
					"name": "blade",
					"origin": [8, 8, 8],
					"color": 0,
					"children": [23, 24, 25, 26]
				},
				{
					"name": "animation",
					"origin": [8, 8, 8],
					"color": 0,
					"children": [
						{
							"name": "animation",
							"origin": [8, 8, 8],
							"color": 0,
							"children": [
								27,
								{
									"name": "group",
									"origin": [9.52973, 18.4, 7.69552],
									"color": 0,
									"children": [28, 29, 30, 31]
								},
								{
									"name": "group",
									"origin": [9.52973, 18.4, 8.30448],
									"color": 0,
									"children": [32, 33, 34, 35]
								}
							]
						},
						{
							"name": "animation",
							"origin": [8, 8, 8],
							"color": 0,
							"children": [
								{
									"name": "group",
									"origin": [9.52973, 18.4, 7.69552],
									"color": 0,
									"children": [36, 37, 38, 39]
								},
								{
									"name": "group",
									"origin": [9.52973, 18.4, 8.30448],
									"color": 0,
									"children": [40, 41, 42, 43]
								}
							]
						}
					]
				}
			]
		}
	]
}