{
	"credit": "Made with Blockbench",
	"texture_size": [24, 24],
	"textures": {
		"1": "item/monstertower/wind_base/wind",
		"2": "item/monstertower/wind_base/animation",
		"particle": "item/monstertower/wind_base/animation"
	},
	"elements": [
		{
			"from": [7.5, -3, 7.5],
			"to": [8.5, 2, 8.5],
			"rotation": {"angle": 0, "axis": "y", "origin": [8, 0.5, 8]},
			"faces": {
				"north": {"uv": [4, 2.66667, 4.66667, 6], "texture": "#1"},
				"east": {"uv": [4.66667, 2.66667, 4, 6], "texture": "#1"},
				"south": {"uv": [4, 2.66667, 4.66667, 6], "texture": "#1"},
				"west": {"uv": [4.66667, 2.66667, 4, 6], "texture": "#1"},
				"down": {"uv": [3.33333, 14, 2.66667, 14.66667], "texture": "#1"}
			}
		},
		{
			"from": [7.5, 2, 7.5],
			"to": [8.5, 4, 8.5],
			"rotation": {"angle": 0, "axis": "y", "origin": [8, 0.5, 8]},
			"faces": {
				"north": {"uv": [4, 2.66667, 4.66667, 4], "texture": "#1"},
				"east": {"uv": [4.66667, 2.66667, 4, 4], "texture": "#1"},
				"south": {"uv": [4, 2.66667, 4.66667, 4], "texture": "#1"},
				"west": {"uv": [4.66667, 2.66667, 4, 4], "texture": "#1"},
				"down": {"uv": [3.33333, 14, 2.66667, 14.66667], "texture": "#1"}
			}
		},
		{
			"from": [7.5, 4, 7.5],
			"to": [8.5, 5, 8.5],
			"rotation": {"angle": 0, "axis": "y", "origin": [8, 0.5, 8]},
			"faces": {
				"north": {"uv": [4, 2, 4.66667, 2.66667], "texture": "#1"},
				"east": {"uv": [4.66667, 2, 4, 2.66667], "texture": "#1"},
				"south": {"uv": [4, 2, 4.66667, 2.66667], "texture": "#1"},
				"west": {"uv": [4.66667, 2, 4, 2.66667], "texture": "#1"},
				"down": {"uv": [3.33333, 14, 2.66667, 14.66667], "texture": "#1"}
			}
		},
		{
			"from": [6, 5, 7],
			"to": [10, 6, 9],
			"rotation": {"angle": 0, "axis": "y", "origin": [8, 4.5, 7.5]},
			"faces": {
				"north": {"uv": [0, 12.66667, 2.66667, 13.33333], "texture": "#1"},
				"east": {"uv": [2.66667, 12.66667, 4, 13.33333], "texture": "#1"},
				"south": {"uv": [2.66667, 12.66667, 0, 13.33333], "texture": "#1"},
				"west": {"uv": [2.66667, 13.33333, 4, 14], "texture": "#1"},
				"up": {"uv": [2.66667, 14.66667, 0, 13.33333], "texture": "#1"},
				"down": {"uv": [5.33333, 14.66667, 2.66667, 16], "texture": "#1"}
			}
		},
		{
			"from": [5, 5.25, 6.5],
			"to": [11, 5.75, 9.5],
			"rotation": {"angle": 0, "axis": "y", "origin": [7.5, 4.5, 8]},
			"faces": {
				"north": {"uv": [2, 0, 6, 0.06667], "texture": "#1"},
				"east": {"uv": [2, 0, 2.06667, 2], "rotation": 90, "texture": "#1"},
				"south": {"uv": [6, 0, 2, 0.06667], "texture": "#1"},
				"west": {"uv": [5.66667, 0, 5.73333, 2], "rotation": 90, "texture": "#1"},
				"up": {"uv": [6, 2, 2, 0], "texture": "#1"},
				"down": {"uv": [6, 2, 2, 0], "texture": "#1"}
			}
		},
		{
			"from": [6.4, 6, 7.4],
			"to": [9.6, 7, 8.6],
			"rotation": {"angle": 0, "axis": "y", "origin": [7.5, 4.5, 8]},
			"faces": {
				"north": {"uv": [0, 14.66667, 2, 15.33333], "texture": "#1"},
				"east": {"uv": [3.33333, 14, 4, 14.66667], "texture": "#1"},
				"south": {"uv": [2, 14.66667, 0, 15.33333], "texture": "#1"},
				"west": {"uv": [2, 14.66667, 2.66667, 15.33333], "texture": "#1"},
				"up": {"uv": [2, 16, 0, 15.33333], "texture": "#1"}
			}
		},
		{
			"from": [7.96879, 7.8, 7.4],
			"to": [11.16879, 8.8, 8.6],
			"rotation": {"angle": 22.5, "axis": "z", "origin": [9.06879, 4.3, 8]},
			"faces": {
				"north": {"uv": [0, 14.66667, 2, 15.33333], "texture": "#1"},
				"east": {"uv": [3.33333, 14, 4, 14.66667], "texture": "#1"},
				"south": {"uv": [2, 14.66667, 0, 15.33333], "texture": "#1"},
				"west": {"uv": [2, 14.66667, 2.66667, 15.33333], "texture": "#1"}
			}
		},
		{
			"from": [4.83121, 7.8, 7.45],
			"to": [8.03121, 8.8, 8.55],
			"rotation": {"angle": -22.5, "axis": "z", "origin": [6.93121, 4.3, 8.05]},
			"faces": {
				"north": {"uv": [2, 14.66667, 0, 15.33333], "texture": "#1"},
				"east": {"uv": [2.66667, 14.66667, 2, 15.33333], "texture": "#1"},
				"south": {"uv": [0, 14.66667, 2, 15.33333], "texture": "#1"},
				"west": {"uv": [4, 14, 3.33333, 14.66667], "texture": "#1"}
			}
		},
		{
			"from": [7.96879, 9.4, 7.4],
			"to": [11.16879, 10.4, 8.6],
			"rotation": {"angle": 22.5, "axis": "z", "origin": [9.06879, 5.9, 8]},
			"faces": {
				"north": {"uv": [0, 14.66667, 2, 15.33333], "texture": "#1"},
				"east": {"uv": [3.33333, 14, 4, 14.66667], "texture": "#1"},
				"south": {"uv": [2, 14.66667, 0, 15.33333], "texture": "#1"},
				"west": {"uv": [2, 14.66667, 2.66667, 15.33333], "texture": "#1"}
			}
		},
		{
			"from": [5.43121, -2.2, 7.4],
			"to": [7.43121, -1.2, 8.6],
			"rotation": {"angle": -22.5, "axis": "z", "origin": [6.93121, -5.7, 8]},
			"faces": {
				"north": {"uv": [0.33333, 14.66667, 1.66667, 15.33333], "texture": "#1"},
				"east": {"uv": [3.66667, 15, 4.33333, 15.66667], "rotation": 270, "texture": "#1"},
				"south": {"uv": [1.66667, 14.66667, 0.33333, 15.33333], "texture": "#1"},
				"west": {"uv": [1.33333, 16, 2, 15.33333], "rotation": 90, "texture": "#1"}
			}
		},
		{
			"from": [7.25, -4.5, 7.25],
			"to": [8.75, -3, 8.75],
			"rotation": {"angle": 0, "axis": "y", "origin": [7.45, 4.5, 7.85]},
			"faces": {
				"north": {"uv": [4, 12.66667, 5, 13.66667], "texture": "#1"},
				"east": {"uv": [5, 12.66667, 4, 13.66667], "texture": "#1"},
				"south": {"uv": [4, 12.66667, 5, 13.66667], "texture": "#1"},
				"west": {"uv": [5, 12.66667, 4, 13.66667], "texture": "#1"},
				"up": {"uv": [5, 14.66667, 4, 13.66667], "texture": "#1"},
				"down": {"uv": [6, 14.66667, 5, 13.66667], "texture": "#1"}
			}
		},
		{
			"from": [7.25, 4, 7.25],
			"to": [8.75, 5.5, 8.75],
			"rotation": {"angle": 0, "axis": "y", "origin": [7.45, 13, 7.85]},
			"faces": {
				"north": {"uv": [4, 12.66667, 5, 13.66667], "texture": "#1"},
				"east": {"uv": [5, 12.66667, 4, 13.66667], "texture": "#1"},
				"south": {"uv": [4, 12.66667, 5, 13.66667], "texture": "#1"},
				"west": {"uv": [5, 12.66667, 4, 13.66667], "texture": "#1"},
				"up": {"uv": [5, 14.66667, 4, 13.66667], "texture": "#1"},
				"down": {"uv": [6, 14.66667, 5, 13.66667], "texture": "#1"}
			}
		},
		{
			"from": [6.75, 20, 7.85],
			"to": [9.2, 31, 8.15],
			"rotation": {"angle": 0, "axis": "y", "origin": [8, 16, 7.95]},
			"faces": {
				"north": {"uv": [0, 0, 1.66667, 7.33333], "texture": "#1"},
				"east": {"uv": [0, 0, 0.06667, 7.33333], "texture": "#1"},
				"south": {"uv": [1.66667, 0, 0, 7.33333], "texture": "#1"},
				"west": {"uv": [1.66667, 0, 1.4, 7.33333], "texture": "#1"}
			}
		},
		{
			"from": [6.75, 7, 7.85],
			"to": [9.2, 14, 8.15],
			"rotation": {"angle": 0, "axis": "y", "origin": [6.775, 10.5, 8]},
			"faces": {
				"north": {"uv": [0, 8, 1.66667, 12.66667], "texture": "#1"},
				"east": {"uv": [0, 8, 0.06667, 12.66667], "texture": "#1"},
				"south": {"uv": [1.66667, 8, 0, 12.66667], "texture": "#1"},
				"west": {"uv": [1.66667, 8, 1.4, 12.66667], "texture": "#1"}
			}
		},
		{
			"from": [6.75, 14, 7.85],
			"to": [9.2, 20, 8.15],
			"rotation": {"angle": 0, "axis": "y", "origin": [8, 16, 7.95]},
			"faces": {
				"north": {"uv": [0, 5.66667, 1.66667, 9.66667], "texture": "#1"},
				"east": {"uv": [0, 5.66667, 0.06667, 9.66667], "texture": "#1"},
				"south": {"uv": [1.66667, 5.66667, 0, 9.66667], "texture": "#1"},
				"west": {"uv": [1.66667, 5.66667, 1.4, 9.66667], "texture": "#1"}
			}
		},
		{
			"from": [8.25, 11, 7.5],
			"to": [9.25, 26, 8.5],
			"rotation": {"angle": 0, "axis": "y", "origin": [9, 15, 8]},
			"faces": {
				"north": {"uv": [2, 2, 2.66667, 12], "texture": "#1"},
				"east": {"uv": [2.66667, 2, 3.33333, 12], "texture": "#1"},
				"south": {"uv": [2.66667, 2, 2, 12], "texture": "#1"},
				"west": {"uv": [3.33333, 2, 4, 12], "texture": "#1"},
				"up": {"uv": [2.66667, 16, 2, 15.33333], "texture": "#1"}
			}
		},
		{
			"from": [8.25, 7, 7.5],
			"to": [9.25, 11, 8.5],
			"rotation": {"angle": 0, "axis": "y", "origin": [9, 15, 8]},
			"faces": {
				"north": {"uv": [2, 9.33333, 2.66667, 12], "texture": "#1"},
				"east": {"uv": [2.66667, 9.33333, 3.33333, 12], "texture": "#1"},
				"south": {"uv": [2.66667, 9.33333, 2, 12], "texture": "#1"},
				"west": {"uv": [3.33333, 9.33333, 4, 12], "texture": "#1"},
				"up": {"uv": [2.66667, 16, 2, 15.33333], "texture": "#1"}
			}
		},
		{
			"from": [7.125, 27.825, 7.8],
			"to": [7.625, 29.825, 8.2],
			"rotation": {"angle": -22.5, "axis": "z", "origin": [7.375, 28.825, 8]},
			"faces": {
				"north": {"uv": [6.66667, 0, 8, 0.33333], "rotation": 90, "texture": "#1"},
				"east": {"uv": [6.66667, 0, 8, 0.26667], "rotation": 270, "texture": "#1"},
				"south": {"uv": [6.66667, 0, 8, 0.33333], "rotation": 270, "texture": "#1"},
				"west": {"uv": [6.66667, 0, 8, 0.26667], "rotation": 270, "texture": "#1"},
				"up": {"uv": [6.66667, 0, 6.93333, 0.33333], "rotation": 270, "texture": "#1"},
				"down": {"uv": [6.66667, 0, 6.93333, 0.33333], "rotation": 270, "texture": "#1"}
			}
		},
		{
			"from": [7.80704, 29.52133, 7.8],
			"to": [8.30704, 31.57133, 8.2],
			"rotation": {"angle": -45, "axis": "z", "origin": [8.05704, 30.02133, 8]},
			"faces": {
				"north": {"uv": [6.66667, 0, 7.76667, 0.33333], "rotation": 90, "texture": "#1"},
				"east": {"uv": [6.66667, 0, 7.76667, 0.26667], "rotation": 270, "texture": "#1"},
				"south": {"uv": [6.66667, 0, 7.76667, 0.33333], "rotation": 270, "texture": "#1"},
				"west": {"uv": [6.66667, 0, 7.76667, 0.26667], "rotation": 270, "texture": "#1"},
				"up": {"uv": [6.66667, 0, 6.93333, 0.33333], "rotation": 270, "texture": "#1"},
				"down": {"uv": [6.66667, 0, 6.93333, 0.33333], "rotation": 270, "texture": "#1"}
			}
		},
		{
			"from": [6.75, 7, 7.85],
			"to": [11.75, 28, 7.9],
			"rotation": {"angle": 22.5, "axis": "y", "origin": [6.75, 8, 7.875]},
			"faces": {
				"north": {"uv": [0, 0, 3.33333, 14], "texture": "#2"},
				"south": {"uv": [3.33333, 0, 0, 14], "texture": "#2"}
			}
		},
		{
			"from": [6.75, 7, 8.1],
			"to": [11.75, 28, 8.15],
			"rotation": {"angle": -22.5, "axis": "y", "origin": [6.75, 8, 8.125]},
			"faces": {
				"north": {"uv": [0, 0, 3.33333, 14], "texture": "#2"},
				"south": {"uv": [3.33333, 0, 0, 14], "texture": "#2"}
			}
		}
	],
	"gui_light": "front",
	"display": {
		"thirdperson_righthand": {
			"rotation": [0, -90, 0],
			"translation": [0, 4.75, 1.5]
		},
		"thirdperson_lefthand": {
			"rotation": [0, 90, 0],
			"translation": [0, 4.75, 1.5]
		},
		"firstperson_righthand": {
			"rotation": [-18, -90, 0],
			"translation": [0.75, 3, 1.5],
			"scale": [0.7, 0.7, 0.7]
		},
		"firstperson_lefthand": {
			"rotation": [-18, 90, 0],
			"translation": [0.75, 3, 1.5],
			"scale": [0.7, 0.7, 0.7]
		},
		"ground": {
			"rotation": [90, 0, 0],
			"translation": [0, 0, -4.5]
		},
		"gui": {
			"rotation": [0, 180, 45],
			"translation": [-2.5, -2.25, 0.75],
			"scale": [0.59, 0.59, 0.59]
		},
		"head": {
			"rotation": [0, 0, 149],
			"translation": [5, -10.75, 4.5],
			"scale": [1.4, 1.4, 1.4]
		},
		"fixed": {
			"rotation": [0, 0, 45],
			"translation": [3.25, -3.75, 0]
		}
	},
	"groups": [
		{
			"name": "wind",
			"origin": [6.5, 0, 8],
			"color": 0,
			"children": [
				{
					"name": "handle",
					"origin": [7.5, 5.5, 8],
					"color": 0,
					"children": [0, 1, 2, 3, 4, 5, 6, 7, 8, 9, 10, 11]
				},
				{
					"name": "blade",
					"origin": [9, 16, 8],
					"color": 0,
					"children": [12, 13, 14, 15, 16, 17, 18]
				},
				{
					"name": "animation",
					"origin": [6.5, 0, 8],
					"color": 0,
					"children": [19, 20]
				}
			]
		}
	]
}