{
	"credit": "Made with Blockbench",
	"texture_size": [64, 64],
	"textures": {
		"1": "item/black_friday/marvel/captainamerica_shield",
		"particle": "item/black_friday/marvel/captainamerica_shield"
	},
	"elements": [
		{
			"from": [4, -3, 0.5],
			"to": [6, 10, 13.5],
			"rotation": {"angle": 0, "axis": "y", "origin": [2, 2, 5.5]},
			"faces": {
				"north": {"uv": [3.25, 6.5, 3.75, 9.75], "texture": "#1"},
				"east": {"uv": [0, 0, 3.25, 3.25], "texture": "#1"},
				"south": {"uv": [6.5, 3.25, 7, 6.5], "texture": "#1"},
				"west": {"uv": [0, 3.25, 3.25, 6.5], "texture": "#1"},
				"up": {"uv": [4.25, 9.75, 3.75, 6.5], "texture": "#1"},
				"down": {"uv": [4.75, 6.5, 4.25, 9.75], "texture": "#1"}
			}
		},
		{
			"from": [3.75, -3.25, 0.25],
			"to": [6, 10.25, 13.75],
			"rotation": {"angle": 0, "axis": "y", "origin": [2, 2, 5.5]},
			"faces": {
				"north": {"uv": [4.75, 6.5, 5.25, 9.75], "texture": "#1"},
				"east": {"uv": [3.25, 0, 6.5, 3.25], "texture": "#1"},
				"south": {"uv": [5.25, 6.5, 5.75, 9.75], "texture": "#1"},
				"west": {"uv": [3.25, 3.25, 6.5, 6.5], "texture": "#1"},
				"up": {"uv": [6.25, 9.75, 5.75, 6.5], "texture": "#1"},
				"down": {"uv": [6.75, 6.5, 6.25, 9.75], "texture": "#1"}
			}
		},
		{
			"from": [3.5, -0.25, 3.5],
			"to": [3.5, 6.75, 10.5],
			"rotation": {"angle": 0, "axis": "y", "origin": [1.5, 1.75, 5.5]},
			"faces": {
				"north": {"uv": [0, 0, 0, 3.25], "texture": "#1"},
				"east": {"uv": [0, 6.5, 3.25, 9.75], "texture": "#1"},
				"south": {"uv": [0, 0, 0, 3.25], "texture": "#1"},
				"west": {"uv": [6.5, 0, 9.75, 3.25], "texture": "#1"},
				"up": {"uv": [0, 3.25, 0, 0], "texture": "#1"},
				"down": {"uv": [0, 0, 0, 3.25], "texture": "#1"}
			}
		},
		{
			"from": [6, 1, 5],
			"to": [10, 4, 9],
			"rotation": {"angle": 0, "axis": "y", "origin": [6, -1, 5]},
			"faces": {
				"north": {"uv": [7, 4.25, 8, 5], "texture": "#1"},
				"east": {"uv": [7, 5, 8, 5.75], "texture": "#1"},
				"south": {"uv": [7, 5.75, 8, 6.5], "texture": "#1"},
				"west": {"uv": [6.75, 7.5, 7.75, 8.25], "texture": "#1"},
				"up": {"uv": [7.75, 7.5, 6.75, 6.5], "texture": "#1"},
				"down": {"uv": [8, 3.25, 7, 4.25], "texture": "#1"}
			}
		},
		{
			"from": [6, 6, 5],
			"to": [10, 9, 9],
			"rotation": {"angle": 0, "axis": "y", "origin": [6, 4, 5]},
			"faces": {
				"north": {"uv": [7, 4.25, 8, 5], "texture": "#1"},
				"east": {"uv": [7, 5, 8, 5.75], "texture": "#1"},
				"south": {"uv": [7, 5.75, 8, 6.5], "texture": "#1"},
				"west": {"uv": [6.75, 7.5, 7.75, 8.25], "texture": "#1"},
				"up": {"uv": [7.75, 7.5, 6.75, 6.5], "texture": "#1"},
				"down": {"uv": [8, 3.25, 7, 4.25], "texture": "#1"}
			}
		}
	],
	"gui_light": "front",
	"display": {
		"thirdperson_righthand": {
			"rotation": [90, 180, 0],
			"translation": [0, 0, 7]
		},
		"thirdperson_lefthand": {
			"rotation": [90, 0, 0],
			"translation": [-0.25, -3, 7.5],
			"scale": [1.05, 1.05, 1.05]
		},
		"firstperson_righthand": {
			"rotation": [0, -90, 0],
			"translation": [5.25, 1.75, -0.75]
		},
		"firstperson_lefthand": {
			"rotation": [0, 90, 0],
			"translation": [6.5, 2.75, 0.5]
		},
		"ground": {
			"rotation": [4.54, 21.76, -38.53],
			"translation": [0, 4.5, 0]
		},
		"gui": {
			"rotation": [24.34, 42.45, -33.8],
			"translation": [4.75, 2.75, 0]
		}
	},
	"groups": [
		{
			"name": "group",
			"origin": [6, 0, 5],
			"color": 0,
			"children": [0, 1, 2, 3, 4]
		}
	]
}