{
	"credit": "This is rxx7mc copy!",
	"texture_size": [64, 64],
	"textures": {
		"0": "item/fishing_crate/cosmetics/blossom_hat_texture",
		"particle": "item/fishing_crate/cosmetics/blossom_hat_texture"
	},
	"elements": [
		{
			"from": [5.5, 7, 10.5],
			"to": [10.5, 13, 10.5],
			"rotation": {"angle": 22.5, "axis": "x", "origin": [8, 7, 10.5]},
			"faces": {
				"north": {"uv": [5.75, 1.5, 4.5, 3], "texture": "#0"},
				"east": {"uv": [5.75, 9.5, 5.75, 11], "texture": "#0"},
				"south": {"uv": [4.5, 1.5, 5.75, 3], "texture": "#0"},
				"west": {"uv": [6.75, 9.5, 6.75, 11], "texture": "#0"},
				"up": {"uv": [10.5, 7.25, 9.25, 7.25], "texture": "#0"},
				"down": {"uv": [10.5, 7.5, 9.25, 7.5], "texture": "#0"}
			}
		},
		{
			"from": [5.5, 7, 5.5],
			"to": [5.5, 13, 10.5],
			"rotation": {"angle": 45, "axis": "z", "origin": [5.5, 7, 8]},
			"faces": {
				"north": {"uv": [7.5, 8.25, 7.5, 9.75], "texture": "#0"},
				"east": {"uv": [4.5, 1.5, 5.75, 3], "texture": "#0"},
				"south": {"uv": [9.25, 8.75, 9.25, 10.25], "texture": "#0"},
				"west": {"uv": [5.75, 1.5, 4.5, 3], "texture": "#0"},
				"up": {"uv": [6, 8, 6, 6.75], "texture": "#0"},
				"down": {"uv": [4.5, 9.5, 4.5, 10.75], "texture": "#0"}
			}
		},
		{
			"from": [5.5, 7, 5.5],
			"to": [10.5, 13, 5.5],
			"rotation": {"angle": -22.5, "axis": "x", "origin": [8, 7, 5.5]},
			"faces": {
				"north": {"uv": [4.5, 1.5, 5.75, 3], "texture": "#0"},
				"east": {"uv": [7, 9.5, 7, 11], "texture": "#0"},
				"south": {"uv": [5.75, 1.5, 4.5, 3], "texture": "#0"},
				"west": {"uv": [7.25, 9.5, 7.25, 11], "texture": "#0"},
				"up": {"uv": [10.5, 7.75, 9.25, 7.75], "texture": "#0"},
				"down": {"uv": [10.75, 4.75, 9.5, 4.75], "texture": "#0"}
			}
		},
		{
			"from": [10.5, 7, 5.5],
			"to": [10.5, 13, 10.5],
			"rotation": {"angle": -45, "axis": "z", "origin": [10.5, 7, 8]},
			"faces": {
				"north": {"uv": [4.75, 9.5, 4.75, 11], "texture": "#0"},
				"east": {"uv": [5.75, 1.5, 4.5, 3], "texture": "#0"},
				"south": {"uv": [5, 9.5, 5, 11], "texture": "#0"},
				"west": {"uv": [4.5, 1.5, 5.75, 3], "texture": "#0"},
				"up": {"uv": [5.25, 10.75, 5.25, 9.5], "texture": "#0"},
				"down": {"uv": [5.5, 9.5, 5.5, 10.75], "texture": "#0"}
			}
		},
		{
			"from": [10.50038, 7.02408, 5.5],
			"to": [16.50038, 7.02408, 10.5],
			"rotation": {"angle": 22.5, "axis": "z", "origin": [10.50038, 7.02408, 8]},
			"faces": {
				"north": {"uv": [9.5, 6.25, 11, 6.25], "texture": "#0"},
				"east": {"uv": [9.5, 8.75, 10.75, 8.75], "texture": "#0"},
				"south": {"uv": [9.5, 9, 11, 9], "texture": "#0"},
				"west": {"uv": [9.5, 9.25, 10.75, 9.25], "texture": "#0"},
				"up": {"uv": [3, 5.25, 4.5, 4], "texture": "#0"},
				"down": {"uv": [3, 4, 4.5, 5.25], "texture": "#0"}
			}
		},
		{
			"from": [16.04366, 9.32018, 5.5],
			"to": [18.04366, 9.32018, 10.5],
			"rotation": {"angle": -22.5, "axis": "z", "origin": [16.04366, 9.32018, 8]},
			"faces": {
				"north": {"uv": [7.75, 9.5, 8.25, 9.5], "texture": "#0"},
				"east": {"uv": [9.5, 9.5, 10.75, 9.5], "texture": "#0"},
				"south": {"uv": [9.75, 1.5, 10.25, 1.5], "texture": "#0"},
				"west": {"uv": [9.75, 1.75, 11, 1.75], "texture": "#0"},
				"up": {"uv": [8, 1.25, 8.5, 0], "texture": "#0"},
				"down": {"uv": [8, 0, 8.5, 1.25], "texture": "#0"}
			}
		},
		{
			"from": [5.5, 7.02408, -0.50038],
			"to": [10.5, 7.02408, 5.49962],
			"rotation": {"angle": 22.5, "axis": "x", "origin": [8, 7.02408, 5.49962]},
			"faces": {
				"north": {"uv": [3, 10, 4.25, 10], "texture": "#0"},
				"east": {"uv": [10, 3, 11.5, 3], "texture": "#0"},
				"south": {"uv": [10, 3.25, 11.25, 3.25], "texture": "#0"},
				"west": {"uv": [10, 3.5, 11.5, 3.5], "texture": "#0"},
				"up": {"uv": [4.25, 8.75, 3, 7.25], "texture": "#0"},
				"down": {"uv": [4.25, 7.25, 3, 8.75], "texture": "#0"}
			}
		},
		{
			"from": [5.5, 9.32018, -2.04366],
			"to": [10.5, 9.32018, -0.04366],
			"rotation": {"angle": -22.5, "axis": "x", "origin": [8, 9.32018, -0.04366]},
			"faces": {
				"north": {"uv": [10, 3.75, 11.25, 3.75], "texture": "#0"},
				"east": {"uv": [10, 4, 10.5, 4], "texture": "#0"},
				"south": {"uv": [7.5, 10, 8.75, 10], "texture": "#0"},
				"west": {"uv": [6, 10, 6.5, 10], "texture": "#0"},
				"up": {"uv": [10, 0.5, 8.75, 0], "texture": "#0"},
				"down": {"uv": [10, 0, 8.75, 0.5], "texture": "#0"}
			}
		},
		{
			"from": [-0.50038, 7.02408, 5.5],
			"to": [5.49962, 7.02408, 10.5],
			"rotation": {"angle": -22.5, "axis": "z", "origin": [5.49962, 7.02408, 8]},
			"faces": {
				"north": {"uv": [9.25, 6.5, 10.75, 6.5], "texture": "#0"},
				"east": {"uv": [4.5, 9.25, 5.75, 9.25], "texture": "#0"},
				"south": {"uv": [9.25, 6.75, 10.75, 6.75], "texture": "#0"},
				"west": {"uv": [9.25, 7, 10.5, 7], "texture": "#0"},
				"up": {"uv": [4.5, 5.25, 3, 4], "texture": "#0"},
				"down": {"uv": [4.5, 4, 3, 5.25], "texture": "#0"}
			}
		},
		{
			"from": [-2.04366, 9.32018, 5.5],
			"to": [-0.04366, 9.32018, 10.5],
			"rotation": {"angle": 22.5, "axis": "z", "origin": [-0.04366, 9.32018, 8]},
			"faces": {
				"north": {"uv": [9.5, 5, 10, 5], "texture": "#0"},
				"east": {"uv": [9.5, 5.25, 10.75, 5.25], "texture": "#0"},
				"south": {"uv": [9.5, 5.5, 10, 5.5], "texture": "#0"},
				"west": {"uv": [9.5, 5.75, 10.75, 5.75], "texture": "#0"},
				"up": {"uv": [8.5, 1.25, 8, 0], "texture": "#0"},
				"down": {"uv": [8.5, 0, 8, 1.25], "texture": "#0"}
			}
		},
		{
			"from": [5.5, 7.02408, 10.50038],
			"to": [10.5, 7.02408, 16.50038],
			"rotation": {"angle": -22.5, "axis": "x", "origin": [8, 7.02408, 10.50038]},
			"faces": {
				"north": {"uv": [9.75, 2, 11, 2], "texture": "#0"},
				"east": {"uv": [9.75, 2.25, 11.25, 2.25], "texture": "#0"},
				"south": {"uv": [9.75, 2.5, 11, 2.5], "texture": "#0"},
				"west": {"uv": [9.5, 9.75, 11, 9.75], "texture": "#0"},
				"up": {"uv": [3, 7.25, 4.25, 8.75], "texture": "#0"},
				"down": {"uv": [4.25, 8.75, 3, 7.25], "texture": "#0"}
			}
		},
		{
			"from": [5.5, 9.32018, 16.04366],
			"to": [10.5, 9.32018, 18.04366],
			"rotation": {"angle": 22.5, "axis": "x", "origin": [8, 9.32018, 16.04366]},
			"faces": {
				"north": {"uv": [1.5, 10, 2.75, 10], "texture": "#0"},
				"east": {"uv": [6, 9.75, 6.5, 9.75], "texture": "#0"},
				"south": {"uv": [10, 2.75, 11.25, 2.75], "texture": "#0"},
				"west": {"uv": [7.75, 9.75, 8.25, 9.75], "texture": "#0"},
				"up": {"uv": [8.75, 0, 10, 0.5], "texture": "#0"},
				"down": {"uv": [10, 0.5, 8.75, 0], "texture": "#0"}
			}
		},
		{
			"from": [2, 7, 1],
			"to": [7, 7, 8],
			"rotation": {"angle": 45, "axis": "y", "origin": [4.5, 7, 4.5]},
			"faces": {
				"north": {"uv": [8, 6.25, 9.25, 6.25], "texture": "#0"},
				"east": {"uv": [8.75, 6, 10.5, 6], "texture": "#0"},
				"south": {"uv": [9.25, 4.25, 10.5, 4.25], "texture": "#0"},
				"west": {"uv": [9.25, 4.5, 11, 4.5], "texture": "#0"},
				"up": {"uv": [4.25, 0, 3, 1.75], "texture": "#0"},
				"down": {"uv": [4.25, 1.75, 3, 0], "texture": "#0"}
			}
		},
		{
			"from": [2, 7, 8],
			"to": [7, 7, 15],
			"rotation": {"angle": -45, "axis": "y", "origin": [4.5, 7, 11.5]},
			"faces": {
				"north": {"uv": [10.25, 0.75, 11.5, 0.75], "texture": "#0"},
				"east": {"uv": [10.25, 1, 12, 1], "texture": "#0"},
				"south": {"uv": [10.25, 1.25, 11.5, 1.25], "texture": "#0"},
				"west": {"uv": [1.5, 10.25, 3.25, 10.25], "texture": "#0"},
				"up": {"uv": [4.25, 1.75, 3, 0], "texture": "#0"},
				"down": {"uv": [4.25, 0, 3, 1.75], "texture": "#0"}
			}
		},
		{
			"from": [9, 7, 8],
			"to": [14, 7, 15],
			"rotation": {"angle": 45, "axis": "y", "origin": [11.5, 7, 11.5]},
			"faces": {
				"north": {"uv": [0, 10.25, 1.25, 10.25], "texture": "#0"},
				"east": {"uv": [10.25, 0, 12, 0], "texture": "#0"},
				"south": {"uv": [10.25, 0.25, 11.5, 0.25], "texture": "#0"},
				"west": {"uv": [10.25, 0.5, 12, 0.5], "texture": "#0"},
				"up": {"uv": [4.25, 1.75, 3, 0], "texture": "#0"},
				"down": {"uv": [4.25, 0, 3, 1.75], "texture": "#0"}
			}
		},
		{
			"from": [9, 7, 1],
			"to": [14, 7, 8],
			"rotation": {"angle": -45, "axis": "y", "origin": [11.5, 7, 4.5]},
			"faces": {
				"north": {"uv": [10, 8, 11.25, 8], "texture": "#0"},
				"east": {"uv": [10, 8.25, 11.75, 8.25], "texture": "#0"},
				"south": {"uv": [10, 8.5, 11.25, 8.5], "texture": "#0"},
				"west": {"uv": [9.5, 10, 11.25, 10], "texture": "#0"},
				"up": {"uv": [4.25, 0, 3, 1.75], "texture": "#0"},
				"down": {"uv": [4.25, 1.75, 3, 0], "texture": "#0"}
			}
		},
		{
			"from": [7, 4, 7],
			"to": [9, 7, 9],
			"rotation": {"angle": 0, "axis": "y", "origin": [6, 5, 8]},
			"faces": {
				"north": {"uv": [3, 9, 3.5, 9.75], "texture": "#0"},
				"east": {"uv": [3.75, 9, 4.25, 9.75], "texture": "#0"},
				"south": {"uv": [0, 9.25, 0.5, 10], "texture": "#0"},
				"west": {"uv": [0.75, 9.25, 1.25, 10], "texture": "#0"},
				"up": {"uv": [2, 9.75, 1.5, 9.25], "texture": "#0"},
				"down": {"uv": [2.75, 9.25, 2.25, 9.75], "texture": "#0"}
			}
		},
		{
			"from": [7, 0.53492, 6.31075],
			"to": [9, 4.53492, 8.31075],
			"rotation": {"angle": 22.5, "axis": "x", "origin": [6, 2.53492, 7.31075]},
			"faces": {
				"north": {"uv": [6.75, 8.25, 7.25, 9.25], "texture": "#0"},
				"east": {"uv": [8.75, 4.75, 9.25, 5.75], "texture": "#0"},
				"south": {"uv": [8.5, 8.75, 9, 9.75], "texture": "#0"},
				"west": {"uv": [9, 1.5, 9.5, 2.5], "texture": "#0"},
				"up": {"uv": [9.75, 3.25, 9.25, 2.75], "texture": "#0"},
				"down": {"uv": [9.75, 3.5, 9.25, 4], "texture": "#0"}
			}
		},
		{
			"name": "center",
			"from": [5.5, 7.025, 5.5],
			"to": [10.5, 9.025, 10.5],
			"rotation": {"angle": 0, "axis": "y", "origin": [6, 7.025, 8]},
			"faces": {
				"north": {"uv": [7.75, 3.25, 9, 3.75], "texture": "#0"},
				"east": {"uv": [7.75, 4, 9, 4.5], "texture": "#0"},
				"south": {"uv": [7.75, 6.5, 9, 7], "texture": "#0"},
				"west": {"uv": [7.75, 7.25, 9, 7.75], "texture": "#0"},
				"up": {"uv": [1.25, 9, 0, 7.75], "texture": "#0"},
				"down": {"uv": [2.75, 7.75, 1.5, 9], "texture": "#0"}
			}
		}
	],
	"gui_light": "front",
	"display": {
		"thirdperson_righthand": {
			"rotation": [-11.5, 0, 0],
			"translation": [0, 4, 1.25]
		},
		"thirdperson_lefthand": {
			"rotation": [-11.5, 0, 0],
			"translation": [0, 4, 1.25]
		},
		"firstperson_righthand": {
			"rotation": [22.5, 180, 0],
			"translation": [3.25, 1.75, -7.25]
		},
		"firstperson_lefthand": {
			"rotation": [22.5, 180, 0],
			"translation": [3.25, 1.75, -7.25]
		},
		"ground": {
			"translation": [0, 4.5, 0],
			"scale": [0.9, 0.9, 0.9]
		},
		"gui": {
			"rotation": [44, 168, 0],
			"scale": [0.9, 0.9, 0.9]
		},
		"head": {
			"rotation": [-34, 0, 0],
			"translation": [0, 17, -5],
			"scale": [1.6, 1.6, 1.6]
		},
		"fixed": {
			"rotation": [-90, 0, 0],
			"translation": [0, 0, -13.75],
			"scale": [2, 2, 2]
		}
	},
	"groups": [
		{
			"name": "blossom_hat",
			"origin": [4.5, 13, 11.5],
			"color": 0,
			"children": [
				{
					"name": "pollen_sacks",
					"origin": [10.5, 13, 8],
					"color": 0,
					"children": [0, 1, 2, 3]
				},
				{
					"name": "blue_leaves",
					"origin": [8, 15.2961, 15.54328],
					"color": 0,
					"children": [4, 5, 6, 7, 8, 9, 10, 11]
				},
				{
					"name": "green_leaves",
					"origin": [11.5, 13, 4.5],
					"color": 0,
					"children": [12, 13, 14, 15]
				},
				{
					"name": "stem",
					"origin": [6, 8.53492, 7.31075],
					"color": 0,
					"children": [16, 17]
				},
				18
			]
		}
	],
	"mcmodels": "9d54318151ea2aa1f7356424daba44a2"
}