{
	"credit": "Made with Blockbench",
	"texture_size": [64, 64],
	"textures": {
		"2": "item/easter_crate/cosmetics/12"
	},
	"elements": [
		{
			"from": [1.8, 11.8, 1.8],
			"to": [14.2, 16.2, 14.2],
			"rotation": {"angle": 0, "axis": "y", "origin": [2, 13, 2]},
			"faces": {
				"north": {"uv": [7, 1.25, 10, 2.25], "texture": "#2"},
				"east": {"uv": [7, 1.25, 10, 2.25], "texture": "#2"},
				"south": {"uv": [7, 1.25, 10, 2.25], "texture": "#2"},
				"west": {"uv": [7, 1.25, 10, 2.25], "texture": "#2"}
			}
		},
		{
			"from": [0.8, 3.8, 0.8],
			"to": [15.2, 12.2, 15.2],
			"rotation": {"angle": 0, "axis": "y", "origin": [8, 8, 8]},
			"faces": {
				"north": {"uv": [3.75, 3.25, 7.25, 5.25], "texture": "#2"},
				"east": {"uv": [3.75, 3.25, 7.25, 5.25], "texture": "#2"},
				"south": {"uv": [3.75, 3.25, 7.25, 5.25], "texture": "#2"},
				"west": {"uv": [3.75, 3.25, 7.25, 5.25], "texture": "#2"}
			}
		},
		{
			"from": [1, 8, 1],
			"to": [15, 12, 15],
			"rotation": {"angle": 0, "axis": "y", "origin": [0, 5, 0]},
			"faces": {
				"north": {"uv": [6, 5.5, 9.5, 6.5], "texture": "#2", "tintindex": 0},
				"east": {"uv": [6, 5.5, 9.5, 6.5], "texture": "#2", "tintindex": 0},
				"south": {"uv": [6, 5.5, 9.5, 6.5], "texture": "#2", "tintindex": 0},
				"west": {"uv": [6, 5.5, 9.5, 6.5], "texture": "#2", "tintindex": 0},
				"up": {"uv": [3.5, 3.5, 0, 0], "texture": "#2", "tintindex": 0},
				"down": {"uv": [3.5, 3.75, 0, 7.25], "texture": "#2", "tintindex": 0}
			}
		},
		{
			"from": [1, 4, 1],
			"to": [15, 8, 15],
			"rotation": {"angle": 0, "axis": "y", "origin": [0, 1, 0]},
			"faces": {
				"north": {"uv": [6, 6.75, 9.5, 7.75], "texture": "#2", "tintindex": 0},
				"east": {"uv": [6, 6.75, 9.5, 7.75], "texture": "#2", "tintindex": 0},
				"south": {"uv": [6, 6.75, 9.5, 7.75], "texture": "#2", "tintindex": 0},
				"west": {"uv": [6, 6.75, 9.5, 7.75], "texture": "#2", "tintindex": 0}
			}
		},
		{
			"from": [15, 4, 1],
			"to": [1, 8, 15],
			"rotation": {"angle": 0, "axis": "y", "origin": [14, 1, 0]},
			"faces": {
				"north": {"uv": [6, 6.75, 9.5, 7.75], "texture": "#2", "tintindex": 0},
				"east": {"uv": [6, 6.75, 9.5, 7.75], "texture": "#2", "tintindex": 0},
				"south": {"uv": [6, 6.75, 9.5, 7.75], "texture": "#2", "tintindex": 0},
				"west": {"uv": [6, 6.75, 9.5, 7.75], "texture": "#2", "tintindex": 0}
			}
		},
		{
			"from": [2, 12, 2],
			"to": [14, 16, 14],
			"rotation": {"angle": 0, "axis": "y", "origin": [2, 13, 2]},
			"faces": {
				"north": {"uv": [7, 0, 10, 1], "texture": "#2", "tintindex": 0},
				"east": {"uv": [7, 0, 10, 1], "texture": "#2", "tintindex": 0},
				"south": {"uv": [7, 0, 10, 1], "texture": "#2", "tintindex": 0},
				"west": {"uv": [7, 0, 10, 1], "texture": "#2", "tintindex": 0},
				"up": {"uv": [6.75, 3, 3.75, 0], "texture": "#2", "tintindex": 0}
			}
		},
		{
			"from": [4, 16, 4],
			"to": [12, 18, 12],
			"rotation": {"angle": 0, "axis": "y", "origin": [4, 16, 4]},
			"faces": {
				"north": {"uv": [7, 2.5, 9, 3], "texture": "#2", "tintindex": 0},
				"east": {"uv": [7, 2.5, 9, 3], "texture": "#2", "tintindex": 0},
				"south": {"uv": [7, 2.5, 9, 3], "texture": "#2", "tintindex": 0},
				"west": {"uv": [7, 2.5, 9, 3], "texture": "#2", "tintindex": 0},
				"up": {"uv": [5.75, 7.5, 3.75, 5.5], "texture": "#2", "tintindex": 0}
			}
		},
		{
			"from": [7, 8, -0.2],
			"to": [9, 10, 0.8],
			"rotation": {"angle": 0, "axis": "y", "origin": [7, 8, -3.2]},
			"faces": {
				"north": {"uv": [7.5, 4.5, 8, 5], "texture": "#2"},
				"east": {"uv": [8.5, 3.75, 8.75, 4.25], "texture": "#2"},
				"south": {"uv": [5.25, 7.75, 5.75, 8.25], "texture": "#2"},
				"west": {"uv": [5.25, 8.5, 5.5, 9], "texture": "#2"},
				"up": {"uv": [8.5, 8.75, 8, 8.5], "texture": "#2"},
				"down": {"uv": [0.5, 8.75, 0, 9], "texture": "#2"}
			}
		},
		{
			"from": [9, 7, -0.2],
			"to": [12, 11, 0.8],
			"rotation": {"angle": 0, "axis": "y", "origin": [10.5, 9, -1.7]},
			"faces": {
				"north": {"uv": [2.25, 7.5, 3, 8.5], "texture": "#2"},
				"east": {"uv": [6, 8, 6.25, 9], "texture": "#2"},
				"south": {"uv": [7.5, 3.25, 8.25, 4.25], "texture": "#2"},
				"west": {"uv": [6.5, 8, 6.75, 9], "texture": "#2"},
				"up": {"uv": [8.75, 8.25, 8, 8], "texture": "#2"},
				"down": {"uv": [9, 4.5, 8.25, 4.75], "texture": "#2"}
			}
		},
		{
			"from": [4, 7, -0.2],
			"to": [7, 11, 0.8],
			"rotation": {"angle": 0, "axis": "y", "origin": [5.5, 9, -1.7]},
			"faces": {
				"north": {"uv": [3.25, 7.75, 4, 8.75], "texture": "#2"},
				"east": {"uv": [7, 8, 7.25, 9], "texture": "#2"},
				"south": {"uv": [4.25, 7.75, 5, 8.75], "texture": "#2"},
				"west": {"uv": [7.5, 8, 7.75, 9], "texture": "#2"},
				"up": {"uv": [9, 5.25, 8.25, 5], "texture": "#2"},
				"down": {"uv": [9.25, 3.25, 8.5, 3.5], "texture": "#2"}
			}
		},
		{
			"from": [4, 3.10857, 0.22586],
			"to": [12, 7.10857, 0.22586],
			"rotation": {"angle": 0, "axis": "x", "origin": [5.5, 5.10857, -2.27414]},
			"faces": {
				"north": {"uv": [0, 7.5, 2, 8.5], "texture": "#2"},
				"south": {"uv": [0, 7.5, 2, 8.5], "texture": "#2"}
			}
		}
	],
	"gui_light": "front",
	"display": {
		"thirdperson_righthand": {
			"rotation": [75, 45, 0],
			"translation": [0, 2.5, 0],
			"scale": [0.375, 0.375, 0.375]
		},
		"thirdperson_lefthand": {
			"rotation": [75, 45, 0],
			"translation": [0, 2.5, 0],
			"scale": [0.375, 0.375, 0.375]
		},
		"firstperson_righthand": {
			"translation": [15.25, -8, -16.25]
		},
		"firstperson_lefthand": {
			"translation": [15.5, -9.25, -17.75]
		},
		"gui": {
			"rotation": [15, 135, 0],
			"translation": [-0.25, -2, 0],
			"scale": [0.75, 0.75, 0.75]
		},
		"head": {
			"rotation": [12, 0, 0],
			"translation": [0, 4, 0.5],
			"scale": [1.6, 1.6, 1.6]
		}
	},
	"groups": [
		{
			"name": "group",
			"origin": [8, 8, 8],
			"color": 0,
			"children": [
				{
					"name": "group",
					"origin": [4, 12, 4],
					"color": 0,
					"children": [
						{
							"name": "group",
							"origin": [8, 8, 8],
							"color": 0,
							"children": [0, 1]
						},
						2,
						3,
						4,
						5,
						6
					]
				},
				{
					"name": "group",
					"origin": [5.5, 6.20857, -3.07414],
					"color": 0,
					"children": [7, 8, 9, 10]
				}
			]
		}
	],
	"mcmodels": "dc94c5fb90542d46c8d3446efb3b8cd8"
}