{
	"credit": "Made with Blockbench",
	"texture_size": [64, 64],
	"textures": {
		"1": "item/easter_crate/cosmetics/16",
		"2": "item/easter_crate/cosmetics/016"
	},
	"elements": [
		{
			"from": [2.5, 0, 4],
			"to": [13.5, 9, 16],
			"rotation": {"angle": 0, "axis": "y", "origin": [4.5, 0, 4]},
			"faces": {
				"north": {"uv": [6, 2.5, 8.75, 4.75], "texture": "#2"},
				"east": {"uv": [0, 6, 3, 8.25], "texture": "#2"},
				"south": {"uv": [3.25, 6, 6, 8.25], "texture": "#2"},
				"west": {"uv": [6, 0, 9, 2.25], "texture": "#2"},
				"up": {"uv": [2.75, 3, 0, 0], "texture": "#2"},
				"down": {"uv": [5.75, 0, 3, 3], "texture": "#2"}
			}
		},
		{
			"from": [4.5, 3, 16],
			"to": [11.5, 9, 19],
			"rotation": {"angle": 0, "axis": "y", "origin": [4.5, 0, 16]},
			"faces": {
				"north": {"uv": [6, 9.5, 7.75, 11], "texture": "#2"},
				"east": {"uv": [8, 12.75, 8.75, 14.25], "texture": "#2"},
				"south": {"uv": [4, 10.75, 5.75, 12.25], "texture": "#2"},
				"west": {"uv": [12.75, 8.25, 13.5, 9.75], "texture": "#2"},
				"up": {"uv": [3.75, 13.5, 2, 12.75], "texture": "#2"},
				"down": {"uv": [14.5, 4, 12.75, 4.75], "texture": "#2"}
			}
		},
		{
			"from": [7, 4.5, 18.5],
			"to": [9, 10.5, 25.5],
			"rotation": {"angle": -45, "axis": "x", "origin": [8.5, 7, 20.5]},
			"faces": {
				"north": {"uv": [6.5, 14, 7, 15.5], "texture": "#2"},
				"east": {"uv": [10.75, 4.25, 12.5, 5.75], "texture": "#2"},
				"south": {"uv": [7.25, 14, 7.75, 15.5], "texture": "#2"},
				"west": {"uv": [10.75, 9, 12.5, 10.5], "texture": "#2"},
				"up": {"uv": [14.25, 9.75, 13.75, 8], "texture": "#2"},
				"down": {"uv": [14.25, 12.25, 13.75, 14], "texture": "#2"}
			}
		},
		{
			"from": [9, 4.5, 18.5],
			"to": [7, 10.5, 25.5],
			"rotation": {"angle": -45, "axis": "x", "origin": [10.5, 7, 20.5]},
			"faces": {
				"north": {"uv": [6.5, 14, 7, 15.5], "texture": "#2"},
				"east": {"uv": [10.75, 4.25, 12.5, 5.75], "texture": "#2"},
				"south": {"uv": [7.25, 14, 7.75, 15.5], "texture": "#2"},
				"west": {"uv": [10.75, 9, 12.5, 10.5], "texture": "#2"},
				"up": {"uv": [14.25, 9.75, 13.75, 8], "texture": "#2"},
				"down": {"uv": [14.25, 12.25, 13.75, 14], "texture": "#2"}
			}
		},
		{
			"from": [4.5, 3.00722, -0.65285],
			"to": [11.5, 11.00722, 8.34715],
			"rotation": {"angle": 22.5, "axis": "x", "origin": [8, 8.064, -0.3403]},
			"faces": {
				"north": {"uv": [4, 8.5, 5.75, 10.5], "texture": "#2"},
				"east": {"uv": [6.25, 5, 8.5, 7], "texture": "#2"},
				"south": {"uv": [8.75, 5, 10.5, 7], "texture": "#2"},
				"west": {"uv": [6.25, 7.25, 8.5, 9.25], "texture": "#2"},
				"up": {"uv": [1.75, 10.75, 0, 8.5], "texture": "#2"},
				"down": {"uv": [3.75, 8.5, 2, 10.75], "texture": "#2"}
			}
		},
		{
			"from": [6.5, 6.18787, -7.86341],
			"to": [9.5, 10.18787, 0.13659],
			"rotation": {"angle": 45, "axis": "x", "origin": [8, 8.064, -0.3403]},
			"faces": {
				"north": {"uv": [13.75, 5.75, 14.5, 6.75], "texture": "#2"},
				"east": {"uv": [11.25, 1, 13.25, 2], "texture": "#2"},
				"south": {"uv": [5.5, 14, 6.25, 15], "texture": "#2"},
				"west": {"uv": [11.25, 7, 13.25, 8], "texture": "#2"},
				"up": {"uv": [0.75, 14.75, 0, 12.75], "texture": "#2"},
				"down": {"uv": [1.75, 12.75, 1, 14.75], "texture": "#2"}
			}
		},
		{
			"from": [3.5, -2.04805, 13.31075],
			"to": [5.5, -0.04805, 21.31075],
			"rotation": {"angle": 22.5, "axis": "x", "origin": [3, -1.20656, 18.5412]},
			"faces": {
				"north": {"uv": [12.25, 14, 12.75, 14.5], "texture": "#2"},
				"east": {"uv": [12.75, 10.75, 14.75, 11.25], "texture": "#2"},
				"south": {"uv": [14.5, 2, 15, 2.5], "texture": "#2"},
				"west": {"uv": [12.75, 11.5, 14.75, 12], "texture": "#2"},
				"up": {"uv": [9.5, 14.75, 9, 12.75], "texture": "#2"},
				"down": {"uv": [13.5, 12.25, 13, 14.25], "texture": "#2"}
			}
		},
		{
			"from": [2, -7.50894, 21.38476],
			"to": [7, -1.50894, 21.38476],
			"rotation": {"angle": -22.5, "axis": "x", "origin": [4.5, -4.50894, 21.38476]},
			"faces": {
				"north": {"uv": [11.5, 2.25, 12.75, 3.75], "texture": "#2"},
				"east": {"uv": [13, 14.5, 13, 16], "texture": "#2"},
				"south": {"uv": [11.5, 2.25, 12.75, 3.75], "texture": "#2"},
				"west": {"uv": [13.25, 14.5, 13.25, 16], "texture": "#2"},
				"up": {"uv": [15, 3.75, 13.75, 3.75], "texture": "#2"},
				"down": {"uv": [15.75, 12.75, 14.5, 12.75], "texture": "#2"}
			}
		},
		{
			"from": [10.5, -2.04805, 13.31075],
			"to": [12.5, -0.04805, 21.31075],
			"rotation": {"angle": 22.5, "axis": "x", "origin": [13, -1.20656, 18.5412]},
			"faces": {
				"north": {"uv": [12.75, 14, 12.25, 14.5], "texture": "#2"},
				"east": {"uv": [14.75, 11.5, 12.75, 12], "texture": "#2"},
				"south": {"uv": [15, 2, 14.5, 2.5], "texture": "#2"},
				"west": {"uv": [14.75, 10.75, 12.75, 11.25], "texture": "#2"},
				"up": {"uv": [9, 14.75, 9.5, 12.75], "texture": "#2"},
				"down": {"uv": [13, 12.25, 13.5, 14.25], "texture": "#2"}
			}
		},
		{
			"from": [9, -7.50894, 21.38476],
			"to": [14, -1.50894, 21.38476],
			"rotation": {"angle": -22.5, "axis": "x", "origin": [11.5, -4.50894, 21.38476]},
			"faces": {
				"north": {"uv": [12.75, 2.25, 11.5, 3.75], "texture": "#2"},
				"east": {"uv": [13.25, 14.5, 13.25, 16], "texture": "#2"},
				"south": {"uv": [12.75, 2.25, 11.5, 3.75], "texture": "#2"},
				"west": {"uv": [13, 14.5, 13, 16], "texture": "#2"},
				"up": {"uv": [13.75, 3.75, 15, 3.75], "texture": "#2"},
				"down": {"uv": [14.5, 12.75, 15.75, 12.75], "texture": "#2"}
			}
		},
		{
			"from": [4.5, 11, -9],
			"to": [11.5, 17, -2],
			"rotation": {"angle": 0, "axis": "y", "origin": [8, 11.92283, -6.34515]},
			"faces": {
				"north": {"uv": [10.75, 10.75, 12.5, 12.25], "texture": "#2"},
				"east": {"uv": [0, 11, 1.75, 12.5], "texture": "#2"},
				"south": {"uv": [2, 11, 3.75, 12.5], "texture": "#2"},
				"west": {"uv": [8, 11, 9.75, 12.5], "texture": "#2"},
				"up": {"uv": [10.5, 10.75, 8.75, 9], "texture": "#2"},
				"down": {"uv": [11, 0, 9.25, 1.75], "texture": "#2"}
			}
		},
		{
			"from": [5.5, 11, -14],
			"to": [10.5, 14, -9],
			"rotation": {"angle": 0, "axis": "y", "origin": [8, 11.92283, -6.34515]},
			"faces": {
				"north": {"uv": [13, 2.25, 14.25, 3], "texture": "#2"},
				"east": {"uv": [13.5, 1, 14.75, 1.75], "texture": "#2"},
				"south": {"uv": [13.5, 7, 14.75, 7.75], "texture": "#2"},
				"west": {"uv": [2, 13.75, 3.25, 14.5], "texture": "#2"},
				"up": {"uv": [11.25, 13.75, 10, 12.5], "texture": "#2"},
				"down": {"uv": [12.75, 12.5, 11.5, 13.75], "texture": "#2"}
			}
		},
		{
			"from": [2.5, 9.21503, -4.23033],
			"to": [13.5, 19.21503, -1.23033],
			"rotation": {"angle": -22.5, "axis": "x", "origin": [8, 11.92283, -6.34515]},
			"faces": {
				"north": {"uv": [0, 3.25, 2.75, 5.75], "texture": "#2", "tintindex": 0},
				"east": {"uv": [6, 11.25, 6.75, 13.75], "texture": "#2", "tintindex": 0},
				"south": {"uv": [3, 3.25, 5.75, 5.75], "texture": "#2", "tintindex": 0},
				"west": {"uv": [7, 11.25, 7.75, 13.75], "texture": "#2", "tintindex": 0},
				"up": {"uv": [13.5, 6.75, 10.75, 6], "texture": "#2", "tintindex": 0},
				"down": {"uv": [14, 0, 11.25, 0.75], "texture": "#2", "tintindex": 0}
			}
		},
		{
			"from": [3.5, 10.21503, -1.23033],
			"to": [12.5, 16.21503, 0.76967],
			"rotation": {"angle": -22.5, "axis": "x", "origin": [8, 11.92283, -6.34515]},
			"faces": {
				"north": {"uv": [8.75, 7.25, 11, 8.75], "texture": "#2", "tintindex": 0},
				"east": {"uv": [9.75, 14, 10.25, 15.5], "texture": "#2", "tintindex": 0},
				"south": {"uv": [9, 2.5, 11.25, 4], "texture": "#2", "tintindex": 0},
				"west": {"uv": [10.5, 14, 11, 15.5], "texture": "#2", "tintindex": 0},
				"up": {"uv": [15, 5.5, 12.75, 5], "texture": "#2", "tintindex": 0},
				"down": {"uv": [15, 10, 12.75, 10.5], "texture": "#2", "tintindex": 0}
			}
		},
		{
			"from": [6.3, 5.98787, -4.06341],
			"to": [9.7, 10.38787, -1.66341],
			"rotation": {"angle": 45, "axis": "x", "origin": [8, 8.064, -0.3403]},
			"faces": {
				"east": {"uv": [8, 9.5, 8.5, 10.5], "texture": "#2", "tintindex": 0},
				"west": {"uv": [10, 11, 10.5, 12], "texture": "#2", "tintindex": 0},
				"up": {"uv": [9.75, 4.75, 9, 4.25], "texture": "#2", "tintindex": 0},
				"down": {"uv": [12, 8.25, 11.25, 8.75], "texture": "#2", "tintindex": 0}
			}
		},
		{
			"from": [7, 5.18787, -3.86341],
			"to": [9, 6.18787, -1.86341],
			"rotation": {"angle": 45, "axis": "x", "origin": [8, 8.064, -0.3403]},
			"faces": {
				"north": {"uv": [10.5, 2, 11, 2.25], "texture": "#2", "tintindex": 0},
				"east": {"uv": [14.5, 9, 15, 9.25], "texture": "#2", "tintindex": 0},
				"south": {"uv": [14.5, 9.5, 15, 9.75], "texture": "#2", "tintindex": 0},
				"west": {"uv": [14.5, 12.25, 15, 12.5], "texture": "#2", "tintindex": 0},
				"up": {"uv": [10.5, 4.75, 10, 4.25], "texture": "#2", "tintindex": 0},
				"down": {"uv": [13.5, 3.25, 13, 3.75], "texture": "#2", "tintindex": 0}
			}
		},
		{
			"from": [9, 5.18787, -4.86341],
			"to": [12, 6.18787, -0.86341],
			"rotation": {"angle": 45, "axis": "x", "origin": [8, 8.064, -0.3403]},
			"faces": {
				"north": {"uv": [14.5, 2.75, 15.25, 3], "texture": "#2", "tintindex": 0},
				"east": {"uv": [9.25, 2, 10.25, 2.25], "texture": "#2", "tintindex": 0},
				"south": {"uv": [8, 14.5, 8.75, 14.75], "texture": "#2", "tintindex": 0},
				"west": {"uv": [13.75, 3.25, 14.75, 3.5], "texture": "#2", "tintindex": 0},
				"up": {"uv": [12, 15, 11.25, 14], "texture": "#2", "tintindex": 0},
				"down": {"uv": [4.25, 14.25, 3.5, 15.25], "texture": "#2", "tintindex": 0}
			}
		},
		{
			"from": [4, 5.18787, -4.86341],
			"to": [7, 6.18787, -0.86341],
			"rotation": {"angle": 45, "axis": "x", "origin": [8, 8.064, -0.3403]},
			"faces": {
				"north": {"uv": [14.5, 8, 15.25, 8.25], "texture": "#2", "tintindex": 0},
				"east": {"uv": [14.25, 0, 15.25, 0.25], "texture": "#2", "tintindex": 0},
				"south": {"uv": [14.5, 8.5, 15.25, 8.75], "texture": "#2", "tintindex": 0},
				"west": {"uv": [14.25, 0.5, 15.25, 0.75], "texture": "#2", "tintindex": 0},
				"up": {"uv": [5.25, 15.25, 4.5, 14.25], "texture": "#2", "tintindex": 0},
				"down": {"uv": [14.5, 14.25, 13.75, 15.25], "texture": "#2", "tintindex": 0}
			}
		},
		{
			"from": [12.5, 0, 5],
			"to": [14.5, 8, 12],
			"rotation": {"angle": 22.5, "axis": "z", "origin": [13.5, 8, 8.5]},
			"faces": {
				"north": {"uv": [0, 1, 1, 1.25], "rotation": 270, "texture": "#1"},
				"east": {"uv": [2.5, 0.875, 1.5, 0], "rotation": 90, "texture": "#1"},
				"south": {"uv": [1.125, 1, 2.125, 1.25], "rotation": 90, "texture": "#1"},
				"west": {"uv": [2.5, 0, 1.5, 0.875], "rotation": 90, "texture": "#1"},
				"up": {"uv": [0, 1.375, 0.875, 1.625], "rotation": 90, "texture": "#1"},
				"down": {"uv": [2.25, 1, 3.125, 1.25], "rotation": 90, "texture": "#1"}
			}
		},
		{
			"from": [13.5, -10.5, 5],
			"to": [13.5, 0, 12],
			"rotation": {"angle": 22.5, "axis": "z", "origin": [13.5, 8, 8.5]},
			"faces": {
				"north": {"uv": [1, 2.375, 2.375, 2.375], "rotation": 270, "texture": "#1"},
				"east": {"uv": [1.375, 0.875, 0, 0], "rotation": 90, "texture": "#1"},
				"south": {"uv": [2, 2.5, 3.375, 2.5], "rotation": 90, "texture": "#1"},
				"west": {"uv": [1.375, 0, 0, 0.875], "rotation": 90, "texture": "#1"},
				"up": {"uv": [2.5, 2.375, 3.375, 2.375], "rotation": 90, "texture": "#1"},
				"down": {"uv": [1, 2.5, 1.875, 2.5], "rotation": 90, "texture": "#1"}
			}
		},
		{
			"from": [13.5, 7, 5],
			"to": [21.5, 9, 12],
			"rotation": {"angle": -45, "axis": "z", "origin": [13.5, 8, 8.5]},
			"faces": {
				"north": {"uv": [4, 1, 5, 1.25], "texture": "#1"},
				"east": {"uv": [6.25, 1, 7.125, 1.25], "texture": "#1"},
				"south": {"uv": [5.125, 1, 6.125, 1.25], "texture": "#1"},
				"west": {"uv": [4, 1.375, 4.875, 1.625], "texture": "#1"},
				"up": {"uv": [6.5, 0.875, 5.5, 0], "texture": "#1"},
				"down": {"uv": [6.5, 0, 5.5, 0.875], "texture": "#1"}
			}
		},
		{
			"from": [21.5, 8, 5],
			"to": [32, 8, 12],
			"rotation": {"angle": -45, "axis": "z", "origin": [13.5, 8, 8.5]},
			"faces": {
				"north": {"uv": [5, 2.375, 6.375, 2.375], "texture": "#1"},
				"east": {"uv": [5, 2.5, 5.875, 2.5], "texture": "#1"},
				"south": {"uv": [6, 2.5, 7.375, 2.5], "texture": "#1"},
				"west": {"uv": [6.5, 2.375, 7.375, 2.375], "texture": "#1"},
				"up": {"uv": [5.375, 0.875, 4, 0], "texture": "#1"},
				"down": {"uv": [5.375, 0, 4, 0.875], "texture": "#1"}
			}
		},
		{
			"from": [13.5, 7, 5],
			"to": [21.5, 9, 12],
			"rotation": {"angle": -22.5, "axis": "z", "origin": [13.5, 8, 8.5]},
			"faces": {
				"north": {"uv": [8, 1, 9, 1.25], "texture": "#1"},
				"east": {"uv": [10.25, 1, 11.125, 1.25], "texture": "#1"},
				"south": {"uv": [9.125, 1, 10.125, 1.25], "texture": "#1"},
				"west": {"uv": [8, 1.375, 8.875, 1.625], "texture": "#1"},
				"up": {"uv": [10.5, 0.875, 9.5, 0], "texture": "#1"},
				"down": {"uv": [10.5, 0, 9.5, 0.875], "texture": "#1"}
			}
		},
		{
			"from": [21.5, 8, 5],
			"to": [32, 8, 12],
			"rotation": {"angle": -22.5, "axis": "z", "origin": [13.5, 8, 8.5]},
			"faces": {
				"north": {"uv": [9, 2.375, 10.375, 2.375], "texture": "#1"},
				"east": {"uv": [9, 2.5, 9.875, 2.5], "texture": "#1"},
				"south": {"uv": [10, 2.5, 11.375, 2.5], "texture": "#1"},
				"west": {"uv": [10.5, 2.375, 11.375, 2.375], "texture": "#1"},
				"up": {"uv": [9.375, 0.875, 8, 0], "texture": "#1"},
				"down": {"uv": [9.375, 0, 8, 0.875], "texture": "#1"}
			}
		},
		{
			"from": [13.5, 7, 5],
			"to": [21.5, 9, 12],
			"rotation": {"angle": 0, "axis": "y", "origin": [13.5, 8, 8.5]},
			"faces": {
				"north": {"uv": [12, 1, 13, 1.25], "texture": "#1"},
				"east": {"uv": [14.25, 1, 15.125, 1.25], "texture": "#1"},
				"south": {"uv": [13.125, 1, 14.125, 1.25], "texture": "#1"},
				"west": {"uv": [12, 1.375, 12.875, 1.625], "texture": "#1"},
				"up": {"uv": [14.5, 0.875, 13.5, 0], "texture": "#1"},
				"down": {"uv": [14.5, 0, 13.5, 0.875], "texture": "#1"}
			}
		},
		{
			"from": [21.5, 8, 5],
			"to": [32, 8, 12],
			"rotation": {"angle": 0, "axis": "y", "origin": [13.5, 8, 8.5]},
			"faces": {
				"north": {"uv": [13, 2.375, 14.375, 2.375], "texture": "#1"},
				"east": {"uv": [13, 2.5, 13.875, 2.5], "texture": "#1"},
				"south": {"uv": [14, 2.5, 15.375, 2.5], "texture": "#1"},
				"west": {"uv": [14.5, 2.375, 15.375, 2.375], "texture": "#1"},
				"up": {"uv": [13.375, 0.875, 12, 0], "texture": "#1"},
				"down": {"uv": [13.375, 0, 12, 0.875], "texture": "#1"}
			}
		},
		{
			"from": [13.5, 7, 5],
			"to": [21.5, 9, 12],
			"rotation": {"angle": 22.5, "axis": "z", "origin": [13.5, 8, 8.5]},
			"faces": {
				"north": {"uv": [0, 5, 1, 5.25], "texture": "#1"},
				"east": {"uv": [2.25, 5, 3.125, 5.25], "texture": "#1"},
				"south": {"uv": [1.125, 5, 2.125, 5.25], "texture": "#1"},
				"west": {"uv": [0, 5.375, 0.875, 5.625], "texture": "#1"},
				"up": {"uv": [2.5, 4.875, 1.5, 4], "texture": "#1"},
				"down": {"uv": [2.5, 4, 1.5, 4.875], "texture": "#1"}
			}
		},
		{
			"from": [21.5, 8, 5],
			"to": [32, 8, 12],
			"rotation": {"angle": 22.5, "axis": "z", "origin": [13.5, 8, 8.5]},
			"faces": {
				"north": {"uv": [1, 6.375, 2.375, 6.375], "texture": "#1"},
				"east": {"uv": [1, 6.5, 1.875, 6.5], "texture": "#1"},
				"south": {"uv": [2, 6.5, 3.375, 6.5], "texture": "#1"},
				"west": {"uv": [2.5, 6.375, 3.375, 6.375], "texture": "#1"},
				"up": {"uv": [1.375, 4.875, 0, 4], "texture": "#1"},
				"down": {"uv": [1.375, 4, 0, 4.875], "texture": "#1"}
			}
		},
		{
			"from": [13.5, 7, 5],
			"to": [21.5, 9, 12],
			"rotation": {"angle": 45, "axis": "z", "origin": [13.5, 8, 8.5]},
			"faces": {
				"north": {"uv": [4, 5, 5, 5.25], "texture": "#1"},
				"east": {"uv": [6.25, 5, 7.125, 5.25], "texture": "#1"},
				"south": {"uv": [5.125, 5, 6.125, 5.25], "texture": "#1"},
				"west": {"uv": [4, 5.375, 4.875, 5.625], "texture": "#1"},
				"up": {"uv": [6.5, 4.875, 5.5, 4], "texture": "#1"},
				"down": {"uv": [6.5, 4, 5.5, 4.875], "texture": "#1"}
			}
		},
		{
			"from": [21.5, 8, 5],
			"to": [32, 8, 12],
			"rotation": {"angle": 45, "axis": "z", "origin": [13.5, 8, 8.5]},
			"faces": {
				"north": {"uv": [5, 6.375, 6.375, 6.375], "texture": "#1"},
				"east": {"uv": [5, 6.5, 5.875, 6.5], "texture": "#1"},
				"south": {"uv": [6, 6.5, 7.375, 6.5], "texture": "#1"},
				"west": {"uv": [6.5, 6.375, 7.375, 6.375], "texture": "#1"},
				"up": {"uv": [5.375, 4.875, 4, 4], "texture": "#1"},
				"down": {"uv": [5.375, 4, 4, 4.875], "texture": "#1"}
			}
		},
		{
			"from": [12.5, 8, 5],
			"to": [14.5, 16, 12],
			"rotation": {"angle": -22.5, "axis": "z", "origin": [13.5, 8, 8.5]},
			"faces": {
				"north": {"uv": [8, 5, 9, 5.25], "rotation": 90, "texture": "#1"},
				"east": {"uv": [10.5, 4, 9.5, 4.875], "rotation": 270, "texture": "#1"},
				"south": {"uv": [9.125, 5, 10.125, 5.25], "rotation": 270, "texture": "#1"},
				"west": {"uv": [10.5, 4.875, 9.5, 4], "rotation": 270, "texture": "#1"},
				"up": {"uv": [10.25, 5, 11.125, 5.25], "rotation": 270, "texture": "#1"},
				"down": {"uv": [8, 5.375, 8.875, 5.625], "rotation": 270, "texture": "#1"}
			}
		},
		{
			"from": [13.5, 16, 5],
			"to": [13.5, 26.5, 12],
			"rotation": {"angle": -22.5, "axis": "z", "origin": [13.5, 8, 8.5]},
			"faces": {
				"north": {"uv": [9, 6.375, 10.375, 6.375], "rotation": 90, "texture": "#1"},
				"east": {"uv": [9.375, 4, 8, 4.875], "rotation": 270, "texture": "#1"},
				"south": {"uv": [10, 6.5, 11.375, 6.5], "rotation": 270, "texture": "#1"},
				"west": {"uv": [9.375, 4.875, 8, 4], "rotation": 270, "texture": "#1"},
				"up": {"uv": [9, 6.5, 9.875, 6.5], "rotation": 270, "texture": "#1"},
				"down": {"uv": [10.5, 6.375, 11.375, 6.375], "rotation": 270, "texture": "#1"}
			}
		},
		{
			"from": [1.5, 0, 5],
			"to": [3.5, 8, 12],
			"rotation": {"angle": -22.5, "axis": "z", "origin": [2.5, 8, 8.5]},
			"faces": {
				"north": {"uv": [0, 1.25, 1, 1], "rotation": 270, "texture": "#1"},
				"east": {"uv": [2.5, 0.875, 1.5, 0], "rotation": 90, "texture": "#1"},
				"south": {"uv": [1.125, 1.25, 2.125, 1], "rotation": 90, "texture": "#1"},
				"west": {"uv": [2.5, 0, 1.5, 0.875], "rotation": 90, "texture": "#1"},
				"up": {"uv": [0, 1.625, 0.875, 1.375], "rotation": 90, "texture": "#1"},
				"down": {"uv": [2.25, 1.25, 3.125, 1], "rotation": 90, "texture": "#1"}
			}
		},
		{
			"from": [2.5, -10.5, 5],
			"to": [2.5, 0, 12],
			"rotation": {"angle": -22.5, "axis": "z", "origin": [2.5, 8, 8.5]},
			"faces": {
				"north": {"uv": [1, 2.375, 2.375, 2.375], "rotation": 270, "texture": "#1"},
				"east": {"uv": [1.375, 0.875, 0, 0], "rotation": 90, "texture": "#1"},
				"south": {"uv": [2, 2.5, 3.375, 2.5], "rotation": 90, "texture": "#1"},
				"west": {"uv": [1.375, 0, 0, 0.875], "rotation": 90, "texture": "#1"},
				"up": {"uv": [2.5, 2.375, 3.375, 2.375], "rotation": 90, "texture": "#1"},
				"down": {"uv": [1, 2.5, 1.875, 2.5], "rotation": 90, "texture": "#1"}
			}
		},
		{
			"from": [-5.5, 7, 5],
			"to": [2.5, 9, 12],
			"rotation": {"angle": 45, "axis": "z", "origin": [2.5, 8, 8.5]},
			"faces": {
				"north": {"uv": [5, 1, 4, 1.25], "texture": "#1"},
				"east": {"uv": [4.875, 1.375, 4, 1.625], "texture": "#1"},
				"south": {"uv": [6.125, 1, 5.125, 1.25], "texture": "#1"},
				"west": {"uv": [7.125, 1, 6.25, 1.25], "texture": "#1"},
				"up": {"uv": [5.5, 0.875, 6.5, 0], "texture": "#1"},
				"down": {"uv": [5.5, 0, 6.5, 0.875], "texture": "#1"}
			}
		},
		{
			"from": [-16, 8, 5],
			"to": [-5.5, 8, 12],
			"rotation": {"angle": 45, "axis": "z", "origin": [2.5, 8, 8.5]},
			"faces": {
				"north": {"uv": [6.375, 2.375, 5, 2.375], "texture": "#1"},
				"east": {"uv": [7.375, 2.375, 6.5, 2.375], "texture": "#1"},
				"south": {"uv": [7.375, 2.5, 6, 2.5], "texture": "#1"},
				"west": {"uv": [5.875, 2.5, 5, 2.5], "texture": "#1"},
				"up": {"uv": [4, 0.875, 5.375, 0], "texture": "#1"},
				"down": {"uv": [4, 0, 5.375, 0.875], "texture": "#1"}
			}
		},
		{
			"from": [-5.5, 7, 5],
			"to": [2.5, 9, 12],
			"rotation": {"angle": 22.5, "axis": "z", "origin": [2.5, 8, 8.5]},
			"faces": {
				"north": {"uv": [9, 1, 8, 1.25], "texture": "#1"},
				"east": {"uv": [8.875, 1.375, 8, 1.625], "texture": "#1"},
				"south": {"uv": [10.125, 1, 9.125, 1.25], "texture": "#1"},
				"west": {"uv": [11.125, 1, 10.25, 1.25], "texture": "#1"},
				"up": {"uv": [9.5, 0.875, 10.5, 0], "texture": "#1"},
				"down": {"uv": [9.5, 0, 10.5, 0.875], "texture": "#1"}
			}
		},
		{
			"from": [-16, 8, 5],
			"to": [-5.5, 8, 12],
			"rotation": {"angle": 22.5, "axis": "z", "origin": [2.5, 8, 8.5]},
			"faces": {
				"north": {"uv": [10.375, 2.375, 9, 2.375], "texture": "#1"},
				"east": {"uv": [11.375, 2.375, 10.5, 2.375], "texture": "#1"},
				"south": {"uv": [11.375, 2.5, 10, 2.5], "texture": "#1"},
				"west": {"uv": [9.875, 2.5, 9, 2.5], "texture": "#1"},
				"up": {"uv": [8, 0.875, 9.375, 0], "texture": "#1"},
				"down": {"uv": [8, 0, 9.375, 0.875], "texture": "#1"}
			}
		},
		{
			"from": [-5.5, 7, 5],
			"to": [2.5, 9, 12],
			"rotation": {"angle": 0, "axis": "y", "origin": [2.5, 8, 8.5]},
			"faces": {
				"north": {"uv": [13, 1, 12, 1.25], "texture": "#1"},
				"east": {"uv": [12.875, 1.375, 12, 1.625], "texture": "#1"},
				"south": {"uv": [14.125, 1, 13.125, 1.25], "texture": "#1"},
				"west": {"uv": [15.125, 1, 14.25, 1.25], "texture": "#1"},
				"up": {"uv": [13.5, 0.875, 14.5, 0], "texture": "#1"},
				"down": {"uv": [13.5, 0, 14.5, 0.875], "texture": "#1"}
			}
		},
		{
			"from": [-16, 8, 5],
			"to": [-5.5, 8, 12],
			"rotation": {"angle": 0, "axis": "y", "origin": [2.5, 8, 8.5]},
			"faces": {
				"north": {"uv": [14.375, 2.375, 13, 2.375], "texture": "#1"},
				"east": {"uv": [15.375, 2.375, 14.5, 2.375], "texture": "#1"},
				"south": {"uv": [15.375, 2.5, 14, 2.5], "texture": "#1"},
				"west": {"uv": [13.875, 2.5, 13, 2.5], "texture": "#1"},
				"up": {"uv": [12, 0.875, 13.375, 0], "texture": "#1"},
				"down": {"uv": [12, 0, 13.375, 0.875], "texture": "#1"}
			}
		},
		{
			"from": [-5.5, 7, 5],
			"to": [2.5, 9, 12],
			"rotation": {"angle": -22.5, "axis": "z", "origin": [2.5, 8, 8.5]},
			"faces": {
				"north": {"uv": [1, 5, 0, 5.25], "texture": "#1"},
				"east": {"uv": [0.875, 5.375, 0, 5.625], "texture": "#1"},
				"south": {"uv": [2.125, 5, 1.125, 5.25], "texture": "#1"},
				"west": {"uv": [3.125, 5, 2.25, 5.25], "texture": "#1"},
				"up": {"uv": [1.5, 4.875, 2.5, 4], "texture": "#1"},
				"down": {"uv": [1.5, 4, 2.5, 4.875], "texture": "#1"}
			}
		},
		{
			"from": [-16, 8, 5],
			"to": [-5.5, 8, 12],
			"rotation": {"angle": -22.5, "axis": "z", "origin": [2.5, 8, 8.5]},
			"faces": {
				"north": {"uv": [2.375, 6.375, 1, 6.375], "texture": "#1"},
				"east": {"uv": [3.375, 6.375, 2.5, 6.375], "texture": "#1"},
				"south": {"uv": [3.375, 6.5, 2, 6.5], "texture": "#1"},
				"west": {"uv": [1.875, 6.5, 1, 6.5], "texture": "#1"},
				"up": {"uv": [0, 4.875, 1.375, 4], "texture": "#1"},
				"down": {"uv": [0, 4, 1.375, 4.875], "texture": "#1"}
			}
		},
		{
			"from": [-5.5, 7, 5],
			"to": [2.5, 9, 12],
			"rotation": {"angle": -45, "axis": "z", "origin": [2.5, 8, 8.5]},
			"faces": {
				"north": {"uv": [5, 5, 4, 5.25], "texture": "#1"},
				"east": {"uv": [4.875, 5.375, 4, 5.625], "texture": "#1"},
				"south": {"uv": [6.125, 5, 5.125, 5.25], "texture": "#1"},
				"west": {"uv": [7.125, 5, 6.25, 5.25], "texture": "#1"},
				"up": {"uv": [5.5, 4.875, 6.5, 4], "texture": "#1"},
				"down": {"uv": [5.5, 4, 6.5, 4.875], "texture": "#1"}
			}
		},
		{
			"from": [-16, 8, 5],
			"to": [-5.5, 8, 12],
			"rotation": {"angle": -45, "axis": "z", "origin": [2.5, 8, 8.5]},
			"faces": {
				"north": {"uv": [6.375, 6.375, 5, 6.375], "texture": "#1"},
				"east": {"uv": [7.375, 6.375, 6.5, 6.375], "texture": "#1"},
				"south": {"uv": [7.375, 6.5, 6, 6.5], "texture": "#1"},
				"west": {"uv": [5.875, 6.5, 5, 6.5], "texture": "#1"},
				"up": {"uv": [4, 4.875, 5.375, 4], "texture": "#1"},
				"down": {"uv": [4, 4, 5.375, 4.875], "texture": "#1"}
			}
		},
		{
			"from": [1.5, 8, 5],
			"to": [3.5, 16, 12],
			"rotation": {"angle": 22.5, "axis": "z", "origin": [2.5, 8, 8.5]},
			"faces": {
				"north": {"uv": [8, 5.25, 9, 5], "rotation": 90, "texture": "#1"},
				"east": {"uv": [10.5, 4, 9.5, 4.875], "rotation": 270, "texture": "#1"},
				"south": {"uv": [9.125, 5.25, 10.125, 5], "rotation": 270, "texture": "#1"},
				"west": {"uv": [10.5, 4.875, 9.5, 4], "rotation": 270, "texture": "#1"},
				"up": {"uv": [10.25, 5.25, 11.125, 5], "rotation": 270, "texture": "#1"},
				"down": {"uv": [8, 5.625, 8.875, 5.375], "rotation": 270, "texture": "#1"}
			}
		},
		{
			"from": [2.5, 16, 5],
			"to": [2.5, 26.5, 12],
			"rotation": {"angle": 22.5, "axis": "z", "origin": [2.5, 8, 8.5]},
			"faces": {
				"north": {"uv": [9, 6.375, 10.375, 6.375], "rotation": 90, "texture": "#1"},
				"east": {"uv": [9.375, 4, 8, 4.875], "rotation": 270, "texture": "#1"},
				"south": {"uv": [10, 6.5, 11.375, 6.5], "rotation": 270, "texture": "#1"},
				"west": {"uv": [9.375, 4.875, 8, 4], "rotation": 270, "texture": "#1"},
				"up": {"uv": [9, 6.5, 9.875, 6.5], "rotation": 270, "texture": "#1"},
				"down": {"uv": [10.5, 6.375, 11.375, 6.375], "rotation": 270, "texture": "#1"}
			}
		}
	],
	"gui_light": "front",
	"display": {
		"thirdperson_righthand": {
			"rotation": [75, 45, 0],
			"translation": [0, 2.5, 0],
			"scale": [0.375, 0.375, 0.375]
		},
		"thirdperson_lefthand": {
			"rotation": [75, 45, 0],
			"translation": [0, 2.5, 0],
			"scale": [0.375, 0.375, 0.375]
		},
		"firstperson_righthand": {
			"rotation": [0, 120, 0],
			"scale": [0.4, 0.4, 0.4]
		},
		"firstperson_lefthand": {
			"rotation": [0, 120, 0],
			"scale": [0.4, 0.4, 0.4]
		},
		"ground": {
			"translation": [0, 2, 0],
			"scale": [0.5, 0.5, 0.5]
		},
		"gui": {
			"rotation": [30, 135, 0],
			"translation": [0.5, 0.25, 0],
			"scale": [0.44, 0.44, 0.44]
		},
		"head": {
			"translation": [0, -6, 35],
			"scale": [3, 3, 3]
		},
		"fixed": {
			"rotation": [-90, 0, 0],
			"translation": [0, 0, -16],
			"scale": [2, 2, 2]
		}
	},
	"groups": [
		{
			"name": "group",
			"origin": [8, 8, 8],
			"color": 0,
			"children": [
				0,
				1,
				2,
				3,
				4,
				5,
				{
					"name": "group",
					"origin": [4.5, -4.50894, 21.38476],
					"color": 0,
					"children": [6, 7]
				},
				{
					"name": "group",
					"origin": [4.5, -4.50894, 21.38476],
					"color": 0,
					"children": [8, 9]
				},
				{
					"name": "group",
					"origin": [8, 15, -5],
					"color": 0,
					"children": [
						10,
						11,
						{
							"name": "group",
							"origin": [8, 19, 5.5],
							"color": 0,
							"children": [12, 13]
						}
					]
				},
				{
					"name": "group",
					"origin": [8, 10, 0],
					"color": 0,
					"children": [14, 15, 16, 17]
				}
			]
		},
		{
			"name": "group",
			"origin": [8, 8, 8],
			"color": 0,
			"children": [
				{
					"name": "group",
					"origin": [1.5, 5.5, 8],
					"color": 0,
					"children": [
						{
							"name": "group",
							"origin": [20.25, 6, 10],
							"color": 0,
							"children": [18, 19]
						},
						{
							"name": "group",
							"origin": [20.25, 6, 10],
							"color": 0,
							"children": [20, 21]
						},
						{
							"name": "group",
							"origin": [20.25, 6, 10],
							"color": 0,
							"children": [22, 23]
						},
						{
							"name": "group",
							"origin": [20.25, 6, 10],
							"color": 0,
							"children": [24, 25]
						},
						{
							"name": "group",
							"origin": [20.25, 6, 10],
							"color": 0,
							"children": [26, 27]
						},
						{
							"name": "group",
							"origin": [20.25, 6, 10],
							"color": 0,
							"children": [28, 29]
						},
						{
							"name": "group",
							"origin": [20.25, 6, 10],
							"color": 0,
							"children": [30, 31]
						}
					]
				},
				{
					"name": "group",
					"origin": [1.5, 5.5, 8],
					"color": 0,
					"children": [
						{
							"name": "group",
							"origin": [20.25, 6, 10],
							"color": 0,
							"children": [32, 33]
						},
						{
							"name": "group",
							"origin": [20.25, 6, 10],
							"color": 0,
							"children": [34, 35]
						},
						{
							"name": "group",
							"origin": [20.25, 6, 10],
							"color": 0,
							"children": [36, 37]
						},
						{
							"name": "group",
							"origin": [20.25, 6, 10],
							"color": 0,
							"children": [38, 39]
						},
						{
							"name": "group",
							"origin": [20.25, 6, 10],
							"color": 0,
							"children": [40, 41]
						},
						{
							"name": "group",
							"origin": [20.25, 6, 10],
							"color": 0,
							"children": [42, 43]
						},
						{
							"name": "group",
							"origin": [20.25, 6, 10],
							"color": 0,
							"children": [44, 45]
						}
					]
				}
			]
		}
	],
	"mcmodels": "dc94c5fb90542d46c8d3446efb3b8cd8"
}