{
	"credit": "Made with Blockbench",
	"texture_size": [64, 64],
	"textures": {
		"2": "item/easter_crate/cosmetics/4",
		"particle": "item/easter_crate/cosmetics/4"
	},
	"elements": [
		{
			"from": [3, 1, 3],
			"to": [13, 4, 13],
			"rotation": {"angle": 0, "axis": "y", "origin": [10, 9, 8]},
			"faces": {
				"north": {"uv": [7.75, 1.5, 10.25, 2.25], "texture": "#2"},
				"east": {"uv": [5, 8, 7.5, 8.75], "texture": "#2"},
				"south": {"uv": [7.75, 8, 10.25, 8.75], "texture": "#2"},
				"west": {"uv": [0, 9, 2.5, 9.75], "texture": "#2"},
				"up": {"uv": [2.5, 2.5, 0, 0], "texture": "#2"},
				"down": {"uv": [2.5, 2.75, 0, 5.25], "texture": "#2"}
			}
		},
		{
			"from": [3.5, 3, 3.5],
			"to": [12.5, 8, 12.5],
			"rotation": {"angle": 0, "axis": "y", "origin": [11, 12, 12]},
			"faces": {
				"north": {"uv": [5.25, 5, 7.5, 6.25], "texture": "#2", "tintindex": 0},
				"east": {"uv": [0, 5.5, 2.25, 6.75], "texture": "#2", "tintindex": 0},
				"south": {"uv": [5.25, 6.5, 7.5, 7.75], "texture": "#2", "tintindex": 0},
				"west": {"uv": [0, 7, 2.25, 8.25], "texture": "#2", "tintindex": 0},
				"up": {"uv": [5, 2.25, 2.75, 0], "texture": "#2", "tintindex": 0},
				"down": {"uv": [5, 2.5, 2.75, 4.75], "texture": "#2", "tintindex": 0}
			}
		},
		{
			"from": [3.5, 3, 3.5],
			"to": [12.5, 8, 12.5],
			"rotation": {"angle": 0, "axis": "y", "origin": [11, 12, 12]},
			"faces": {
				"north": {"uv": [2.5, 7.5, 4.75, 8.75], "texture": "#2"},
				"east": {"uv": [7.75, 0, 10, 1.25], "texture": "#2"},
				"south": {"uv": [7.75, 5, 10, 6.25], "texture": "#2"},
				"west": {"uv": [7.75, 6.5, 10, 7.75], "texture": "#2"},
				"up": {"uv": [5, 7.25, 2.75, 5], "texture": "#2"},
				"down": {"uv": [7.5, 0, 5.25, 2.25], "texture": "#2"}
			}
		},
		{
			"from": [1, 0, 3],
			"to": [15, 4, 3],
			"rotation": {"angle": 0, "axis": "y", "origin": [0, 1, 0]},
			"faces": {
				"north": {"uv": [5.25, 2.5, 8.75, 3.5], "texture": "#2"},
				"east": {"uv": [2.5, 5.5, 2.5, 6.5], "texture": "#2"},
				"south": {"uv": [5.25, 3.75, 8.75, 4.75], "texture": "#2"},
				"west": {"uv": [8.5, 9.5, 8.5, 10.5], "texture": "#2"},
				"up": {"uv": [12.5, 4.75, 9, 4.75], "texture": "#2"},
				"down": {"uv": [12.25, 9.5, 8.75, 9.5], "texture": "#2"}
			}
		},
		{
			"from": [9, 7, 8.5],
			"to": [13, 13, 9.5],
			"rotation": {"angle": 0, "axis": "y", "origin": [11, 11, 8]},
			"faces": {
				"north": {"uv": [9, 2.5, 10, 4], "texture": "#2", "tintindex": 0},
				"east": {"uv": [6.5, 9, 6.75, 10.5], "texture": "#2", "tintindex": 0},
				"south": {"uv": [2.75, 9, 3.75, 10.5], "texture": "#2", "tintindex": 0},
				"west": {"uv": [7, 9, 7.25, 10.5], "texture": "#2", "tintindex": 0},
				"up": {"uv": [1, 8.75, 0, 8.5], "texture": "#2", "tintindex": 0},
				"down": {"uv": [2.25, 8.5, 1.25, 8.75], "texture": "#2", "tintindex": 0}
			}
		},
		{
			"from": [9, 7, 8.5],
			"to": [13, 13, 9.5],
			"rotation": {"angle": 0, "axis": "y", "origin": [11, 11, 8]},
			"faces": {
				"north": {"uv": [4, 9, 5, 10.5], "texture": "#2"},
				"east": {"uv": [7.5, 9, 7.75, 10.5], "texture": "#2"},
				"south": {"uv": [5.25, 9, 6.25, 10.5], "texture": "#2"},
				"west": {"uv": [8, 9, 8.25, 10.5], "texture": "#2"},
				"up": {"uv": [10, 4.5, 9, 4.25], "texture": "#2"},
				"down": {"uv": [9.5, 9, 8.5, 9.25], "texture": "#2"}
			}
		},
		{
			"from": [3, 7, 8.5],
			"to": [7, 13, 9.5],
			"rotation": {"angle": -22.5, "axis": "x", "origin": [5, 8, 9]},
			"faces": {
				"north": {"uv": [10, 2.5, 9, 4], "texture": "#2", "tintindex": 0},
				"east": {"uv": [7.25, 9, 7, 10.5], "texture": "#2", "tintindex": 0},
				"south": {"uv": [3.75, 9, 2.75, 10.5], "texture": "#2", "tintindex": 0},
				"west": {"uv": [6.75, 9, 6.5, 10.5], "texture": "#2", "tintindex": 0},
				"up": {"uv": [0, 8.75, 1, 8.5], "texture": "#2", "tintindex": 0},
				"down": {"uv": [1.25, 8.5, 2.25, 8.75], "texture": "#2", "tintindex": 0}
			}
		},
		{
			"from": [3, 7, 8.5],
			"to": [7, 13, 9.5],
			"rotation": {"angle": -22.5, "axis": "x", "origin": [5, 8, 9]},
			"faces": {
				"north": {"uv": [5, 9, 4, 10.5], "texture": "#2"},
				"east": {"uv": [8.25, 9, 8, 10.5], "texture": "#2"},
				"south": {"uv": [6.25, 9, 5.25, 10.5], "texture": "#2"},
				"west": {"uv": [7.75, 9, 7.5, 10.5], "texture": "#2"},
				"up": {"uv": [9, 4.5, 10, 4.25], "texture": "#2"},
				"down": {"uv": [8.5, 9, 9.5, 9.25], "texture": "#2"}
			}
		}
	],
	"gui_light": "front",
	"display": {
		"thirdperson_righthand": {
			"rotation": [75, 45, 0],
			"translation": [0, 2.5, 0],
			"scale": [0.375, 0.375, 0.375]
		},
		"thirdperson_lefthand": {
			"rotation": [48, 55, 0],
			"translation": [0, 2, 1],
			"scale": [0.39, 0.39, 0.39]
		},
		"firstperson_righthand": {
			"rotation": [0, 120, 0],
			"translation": [0, 2.5, 0],
			"scale": [0.4, 0.4, 0.4]
		},
		"firstperson_lefthand": {
			"rotation": [0, 120, 0],
			"translation": [0, 2.5, 0],
			"scale": [0.4, 0.4, 0.4]
		},
		"ground": {
			"translation": [0, 3, 0],
			"scale": [0.39, 0.39, 0.39]
		},
		"gui": {
			"rotation": [15, 150, 0],
			"translation": [0.25, 1.25, 0],
			"scale": [0.85, 0.85, 0.85]
		},
		"head": {
			"rotation": [7, 0, 0],
			"translation": [0, 11.5, 1],
			"scale": [1.7, 1.7, 1.7]
		},
		"fixed": {
			"rotation": [-90, 0, 0],
			"translation": [0, 0, -16],
			"scale": [2.01, 2.01, 2.01]
		}
	},
	"groups": [
		{
			"name": "group",
			"origin": [8, 8, 8],
			"color": 0,
			"children": [
				0,
				1,
				2,
				3,
				{
					"name": "group",
					"origin": [11, 11, 8],
					"color": 0,
					"children": [4, 5]
				},
				{
					"name": "group",
					"origin": [11, 11, 8],
					"color": 0,
					"children": [6, 7]
				}
			]
		}
	],
	"mcmodels": "dc94c5fb90542d46c8d3446efb3b8cd8"
}