{
	"credit": "Made with Blockbench",
	"texture_size": [32, 32],
	"textures": {
		"0": "item/easter_crate/cosmetics/carrot_balloon",
		"particle": "item/easter_crate/cosmetics/carrot_balloon"
	},
	"elements": [
		{
			"from": [4, -0.5, 6.25],
			"to": [12, 7.5, 18.25],
			"rotation": {"angle": -22.5, "axis": "x", "origin": [8, 3.5, 7.25]},
			"faces": {
				"north": {"uv": [6, 0, 10, 4], "texture": "#0"},
				"east": {"uv": [0, 0, 6, 4], "texture": "#0"},
				"south": {"uv": [8, 4, 12, 8], "texture": "#0"},
				"west": {"uv": [6, 0, 0, 4], "texture": "#0"},
				"up": {"uv": [4, 10, 0, 4], "texture": "#0"},
				"down": {"uv": [8, 4, 4, 10], "texture": "#0"}
			}
		},
		{
			"from": [6, 6, 17.25],
			"to": [10, 10, 20.25],
			"rotation": {"angle": -22.5, "axis": "x", "origin": [8, 8, 18.75]},
			"faces": {
				"north": {"uv": [12, 6, 14, 8], "texture": "#0"},
				"south": {"uv": [12, 6, 14, 8], "texture": "#0"},
				"up": {"uv": [13.5, 14, 11.5, 12.5], "texture": "#0"},
				"down": {"uv": [15, 0, 13, 1.5], "texture": "#0"}
			}
		},
		{
			"from": [9.25, 7.75, 17.5],
			"to": [15.25, 12.75, 19.5],
			"rotation": {"angle": 22.5, "axis": "z", "origin": [11.25, 9.75, 19]},
			"faces": {
				"north": {"uv": [11.5, 11, 8.5, 13.5], "texture": "#0"},
				"east": {"uv": [13, 1.5, 14, 4], "texture": "#0"},
				"south": {"uv": [8.5, 11, 11.5, 13.5], "texture": "#0"},
				"west": {"uv": [13.5, 8, 14.5, 10.5], "texture": "#0"}
			}
		},
		{
			"from": [5, 0.5, -1.75],
			"to": [11, 6.5, 6.25],
			"rotation": {"angle": -22.5, "axis": "x", "origin": [8, 3.5, 7.25]},
			"faces": {
				"north": {"uv": [5.5, 11, 8.5, 14], "texture": "#0"},
				"east": {"uv": [8, 8, 12, 11], "texture": "#0"},
				"west": {"uv": [12, 8, 8, 11], "texture": "#0"},
				"up": {"uv": [3, 14, 0, 10], "texture": "#0"},
				"down": {"uv": [13, 0, 10, 4], "texture": "#0"}
			}
		},
		{
			"from": [6, -0.55, 19],
			"to": [11, 7.45, 19],
			"rotation": {"angle": 22.5, "axis": "z", "origin": [9.85, 6.45, 18.25]},
			"faces": {
				"north": {"uv": [5.5, 10, 3, 14], "texture": "#0"},
				"east": {"uv": [0, 0, 0, 4], "texture": "#0"},
				"south": {"uv": [3, 10, 5.5, 14], "texture": "#0"},
				"west": {"uv": [0, 0, 0, 4], "texture": "#0"},
				"up": {"uv": [2.5, 0, 0, 0], "texture": "#0"},
				"down": {"uv": [2.5, 0, 0, 0], "texture": "#0"}
			}
		},
		{
			"from": [7.07716, 3.88791, 19.15],
			"to": [14.07716, 6.88791, 19.15],
			"rotation": {"angle": -45, "axis": "z", "origin": [11.57716, 5.38791, 19]},
			"faces": {
				"north": {"uv": [15, 11, 11.5, 12.5], "texture": "#0"},
				"east": {"uv": [0, 0, 0, 1.5], "texture": "#0"},
				"south": {"uv": [11.5, 11, 15, 12.5], "texture": "#0"},
				"west": {"uv": [0, 0, 0, 1.5], "texture": "#0"},
				"up": {"uv": [3.5, 0, 0, 0], "texture": "#0"},
				"down": {"uv": [3.5, 0, 0, 0], "texture": "#0"}
			}
		},
		{
			"from": [0.75, 7.75, 17.5],
			"to": [6.75, 12.75, 19.5],
			"rotation": {"angle": -22.5, "axis": "z", "origin": [4.75, 9.75, 19]},
			"faces": {
				"north": {"uv": [8.5, 11, 11.5, 13.5], "texture": "#0"},
				"east": {"uv": [14.5, 8, 13.5, 10.5], "texture": "#0"},
				"south": {"uv": [11.5, 11, 8.5, 13.5], "texture": "#0"},
				"west": {"uv": [14, 1.5, 13, 4], "texture": "#0"}
			}
		},
		{
			"name": "cube inverted",
			"from": [15.25, 12.75, 19.5],
			"to": [9.25, 7.75, 17.5],
			"rotation": {"angle": 22.5, "axis": "z", "origin": [11.25, 9.75, 19]},
			"faces": {
				"north": {"uv": [8.5, 13.5, 11.5, 11], "texture": "#0"},
				"east": {"uv": [13.5, 10.5, 14.5, 8], "texture": "#0"},
				"south": {"uv": [11.5, 13.5, 8.5, 11], "texture": "#0"},
				"west": {"uv": [13, 4, 14, 1.5], "texture": "#0"}
			}
		},
		{
			"name": "cube inverted",
			"from": [6.75, 12.75, 19.5],
			"to": [0.75, 7.75, 17.5],
			"rotation": {"angle": -22.5, "axis": "z", "origin": [4.75, 9.75, 19]},
			"faces": {
				"north": {"uv": [11.5, 13.5, 8.5, 11], "texture": "#0"},
				"east": {"uv": [14, 4, 13, 1.5], "texture": "#0"},
				"south": {"uv": [8.5, 13.5, 11.5, 11], "texture": "#0"},
				"west": {"uv": [14.5, 10.5, 13.5, 8], "texture": "#0"}
			}
		},
		{
			"name": "cube inverted",
			"from": [10, 10, 20.25],
			"to": [6, 6, 17.25],
			"rotation": {"angle": -22.5, "axis": "x", "origin": [8, 8, 18.75]},
			"faces": {
				"north": {"uv": [12, 8, 14, 6], "texture": "#0"},
				"south": {"uv": [12, 8, 14, 6], "texture": "#0"},
				"up": {"uv": [13, 0, 15, 1.5], "texture": "#0"},
				"down": {"uv": [11.5, 14, 13.5, 12.5], "texture": "#0"}
			}
		},
		{
			"from": [1.92284, 3.88791, 19.15],
			"to": [8.92284, 6.88791, 19.15],
			"rotation": {"angle": 45, "axis": "z", "origin": [4.42284, 5.38791, 19]},
			"faces": {
				"north": {"uv": [11.5, 11, 15, 12.5], "texture": "#0"},
				"east": {"uv": [0, 0, 0, 1.5], "texture": "#0"},
				"south": {"uv": [15, 11, 11.5, 12.5], "texture": "#0"},
				"west": {"uv": [0, 0, 0, 1.5], "texture": "#0"},
				"up": {"uv": [0, 0, 3.5, 0], "texture": "#0"},
				"down": {"uv": [0, 0, 3.5, 0], "texture": "#0"}
			}
		},
		{
			"from": [5, -0.55, 19],
			"to": [10, 7.45, 19],
			"rotation": {"angle": -22.5, "axis": "z", "origin": [6.15, 6.45, 18.25]},
			"faces": {
				"north": {"uv": [3, 10, 5.5, 14], "texture": "#0"},
				"east": {"uv": [0, 0, 0, 4], "texture": "#0"},
				"south": {"uv": [5.5, 10, 3, 14], "texture": "#0"},
				"west": {"uv": [0, 0, 0, 4], "texture": "#0"},
				"up": {"uv": [0, 0, 2.5, 0], "texture": "#0"},
				"down": {"uv": [0, 0, 2.5, 0], "texture": "#0"}
			}
		},
		{
			"from": [6, -2, 8],
			"to": [10, 1, 8],
			"rotation": {"angle": -45, "axis": "y", "origin": [8, -0.5, 8]},
			"faces": {
				"north": {"uv": [2, 14, 0, 15.5], "texture": "#0"},
				"east": {"uv": [2, 14, 0, 15.5], "texture": "#0"},
				"south": {"uv": [2, 14, 0, 15.5], "texture": "#0"},
				"west": {"uv": [2, 14, 0, 15.5], "texture": "#0"},
				"up": {"uv": [0.5, 0, 0, 0], "texture": "#0"},
				"down": {"uv": [0.5, 0, 0, 0], "texture": "#0"}
			}
		},
		{
			"from": [6, -2, 8],
			"to": [10, 1, 8],
			"rotation": {"angle": 45, "axis": "y", "origin": [8, -0.5, 8]},
			"faces": {
				"north": {"uv": [2, 14, 0, 15.5], "texture": "#0"},
				"east": {"uv": [2, 14, 0, 15.5], "texture": "#0"},
				"south": {"uv": [2, 14, 0, 15.5], "texture": "#0"},
				"west": {"uv": [2, 14, 0, 15.5], "texture": "#0"},
				"up": {"uv": [0, 0, 0.5, 0], "texture": "#0"},
				"down": {"uv": [0, 0, 0.5, 0], "texture": "#0"}
			}
		}
	],
	"display": {
		"thirdperson_righthand": {
			"rotation": [75, 135, 0],
			"translation": [0, 1.5, 1],
			"scale": [0.375, 0.375, 0.375]
		},
		"thirdperson_lefthand": {
			"rotation": [75, 135, 0],
			"translation": [0, 1.5, 1],
			"scale": [0.375, 0.375, 0.375]
		},
		"firstperson_righthand": {
			"rotation": [0, 115, 0],
			"translation": [0, 3.75, 0],
			"scale": [0.4, 0.4, 0.4]
		},
		"firstperson_lefthand": {
			"rotation": [0, 115, 0],
			"translation": [0, 3.75, 0],
			"scale": [0.4, 0.4, 0.4]
		},
		"ground": {
			"translation": [0, 3, 0],
			"scale": [0.25, 0.25, 0.25]
		},
		"gui": {
			"rotation": [30, 135, 0],
			"translation": [-1.25, 0.5, 0],
			"scale": [0.60157, 0.60157, 0.60157]
		},
		"head": {
			"rotation": [0, -25, 0],
			"translation": [0, 4, -2]
		},
		"fixed": {
			"scale": [0.5, 0.5, 0.5]
		}
	},
	"mcmodels": "be7883822426c0e733891f62d0261981"
}