{
	"credit": "Made with Blockbench",
	"ambientocclusion": false,
	"texture_size": [64, 64],
	"textures": {
		"0": "item/easter_crate/cosmetics/easter_bag",
		"particle": "item/easter_crate/cosmetics/easter_bag"
	},
	"elements": [
		{
			"from": [8, 6, 8.25],
			"to": [11, 9, 11.25],
			"rotation": {"angle": 0, "axis": "y", "origin": [0, 13, 0]},
			"faces": {
				"north": {"uv": [4, 11.25, 4.75, 12], "texture": "#0"},
				"east": {"uv": [3.25, 11.25, 4, 12], "texture": "#0"},
				"south": {"uv": [5.5, 11.25, 6.25, 12], "texture": "#0"},
				"west": {"uv": [4.75, 11.25, 5.5, 12], "texture": "#0"},
				"up": {"uv": [4.75, 11.25, 4, 10.5], "texture": "#0"},
				"down": {"uv": [5.5, 10.5, 4.75, 11.25], "texture": "#0"}
			}
		},
		{
			"from": [7, 9, 9.75],
			"to": [12, 13, 9.75],
			"rotation": {"angle": 0, "axis": "y", "origin": [0, 13, 0]},
			"faces": {
				"north": {"uv": [0.5, 10.75, 1.75, 11.75], "texture": "#0"},
				"east": {"uv": [0.5, 10.75, 0.5, 11.75], "texture": "#0"},
				"south": {"uv": [1.75, 10.75, 3, 11.75], "texture": "#0"},
				"west": {"uv": [1.75, 10.75, 1.75, 11.75], "texture": "#0"},
				"up": {"uv": [1.75, 10.75, 0.5, 10.75], "texture": "#0"},
				"down": {"uv": [3, 10.75, 1.75, 10.75], "texture": "#0"}
			}
		},
		{
			"from": [9.5, 9, 7.25],
			"to": [9.5, 13, 12.25],
			"rotation": {"angle": 0, "axis": "y", "origin": [0, 13, 0]},
			"faces": {
				"north": {"uv": [1.75, 10.75, 1.75, 11.75], "texture": "#0"},
				"east": {"uv": [0.5, 10.75, 1.75, 11.75], "texture": "#0"},
				"south": {"uv": [3, 10.75, 3, 11.75], "texture": "#0"},
				"west": {"uv": [1.75, 10.75, 3, 11.75], "texture": "#0"},
				"up": {"uv": [1.75, 10.75, 1.75, 9.5], "texture": "#0"},
				"down": {"uv": [1.75, 9.5, 1.75, 10.75], "texture": "#0"}
			}
		},
		{
			"from": [5, 6.5, 3.75],
			"to": [8, 9.5, 6.75],
			"rotation": {"angle": 0, "axis": "y", "origin": [0, 13, 0]},
			"faces": {
				"north": {"uv": [4, 11.25, 4.75, 12], "texture": "#0"},
				"east": {"uv": [3.25, 11.25, 4, 12], "texture": "#0"},
				"south": {"uv": [5.5, 11.25, 6.25, 12], "texture": "#0"},
				"west": {"uv": [4.75, 11.25, 5.5, 12], "texture": "#0"},
				"up": {"uv": [4.75, 11.25, 4, 10.5], "texture": "#0"},
				"down": {"uv": [5.5, 10.5, 4.75, 11.25], "texture": "#0"}
			}
		},
		{
			"from": [4, 9.5, 5.25],
			"to": [9, 13.5, 5.25],
			"rotation": {"angle": 0, "axis": "y", "origin": [0, 13, 0]},
			"faces": {
				"north": {"uv": [0.5, 10.75, 1.75, 11.75], "texture": "#0"},
				"east": {"uv": [0.5, 10.75, 0.5, 11.75], "texture": "#0"},
				"south": {"uv": [1.75, 10.75, 3, 11.75], "texture": "#0"},
				"west": {"uv": [1.75, 10.75, 1.75, 11.75], "texture": "#0"},
				"up": {"uv": [1.75, 10.75, 0.5, 10.75], "texture": "#0"},
				"down": {"uv": [3, 10.75, 1.75, 10.75], "texture": "#0"}
			}
		},
		{
			"from": [6.5, 9.5, 2.75],
			"to": [6.5, 13.5, 7.75],
			"rotation": {"angle": 0, "axis": "y", "origin": [0, 13, 0]},
			"faces": {
				"north": {"uv": [1.75, 10.75, 1.75, 11.75], "texture": "#0"},
				"east": {"uv": [0.5, 10.75, 1.75, 11.75], "texture": "#0"},
				"south": {"uv": [3, 10.75, 3, 11.75], "texture": "#0"},
				"west": {"uv": [1.75, 10.75, 3, 11.75], "texture": "#0"},
				"up": {"uv": [1.75, 10.75, 1.75, 9.5], "texture": "#0"},
				"down": {"uv": [1.75, 9.5, 1.75, 10.75], "texture": "#0"}
			}
		},
		{
			"from": [4, 7, 6.5],
			"to": [12, 11, 8.5],
			"rotation": {"angle": 0, "axis": "y", "origin": [0, 13, 0]},
			"faces": {
				"north": {"uv": [9, 6.75, 11, 7.75], "texture": "#0"},
				"east": {"uv": [8.5, 6.75, 9, 7.75], "texture": "#0"},
				"south": {"uv": [11.5, 6.75, 13.5, 7.75], "texture": "#0"},
				"west": {"uv": [11, 6.75, 11.5, 7.75], "texture": "#0"},
				"up": {"uv": [11, 6.75, 9, 6.25], "texture": "#0"},
				"down": {"uv": [13, 6.25, 11, 6.75], "texture": "#0"}
			}
		},
		{
			"from": [3, 5, 2],
			"to": [13, 7, 13],
			"rotation": {"angle": 0, "axis": "y", "origin": [0, 13, 0]},
			"faces": {
				"north": {"uv": [2.75, 2.75, 5.25, 3.25], "texture": "#0"},
				"east": {"uv": [0, 2.75, 2.75, 3.25], "texture": "#0"},
				"south": {"uv": [8, 2.75, 10.5, 3.25], "texture": "#0"},
				"west": {"uv": [5.25, 2.75, 8, 3.25], "texture": "#0"},
				"up": {"uv": [5.25, 2.75, 2.75, 0], "texture": "#0"},
				"down": {"uv": [7.75, 0, 5.25, 2.75], "texture": "#0"}
			}
		},
		{
			"from": [7.67043, 7, 1.5475],
			"to": [7.67043, 11, 12.5475],
			"rotation": {"angle": 22.5, "axis": "y", "origin": [8, 13, 8]},
			"faces": {
				"north": {"uv": [11.5, 0, 11.5, 1], "texture": "#0"},
				"east": {"uv": [8.75, 0, 11.5, 1], "texture": "#0"},
				"south": {"uv": [14.25, 0, 14.25, 1], "texture": "#0"},
				"west": {"uv": [11.5, 0, 14.25, 1], "texture": "#0"},
				"up": {"uv": [11.5, 0, 11.5, -2.75], "texture": "#0"},
				"down": {"uv": [11.5, -2.75, 11.5, 0], "texture": "#0"}
			}
		},
		{
			"from": [7.67043, 7, 1.5475],
			"to": [7.67043, 11, 12.5475],
			"rotation": {"angle": -22.5, "axis": "y", "origin": [8, 13, 8]},
			"faces": {
				"north": {"uv": [11.5, 0, 11.5, 1], "texture": "#0"},
				"east": {"uv": [8.75, 0, 11.5, 1], "texture": "#0"},
				"south": {"uv": [14.25, 0, 14.25, 1], "texture": "#0"},
				"west": {"uv": [11.5, 0, 14.25, 1], "texture": "#0"},
				"up": {"uv": [11.5, 0, 11.5, -2.75], "texture": "#0"},
				"down": {"uv": [11.5, -2.75, 11.5, 0], "texture": "#0"}
			}
		},
		{
			"from": [7.67043, 7, 2.0475],
			"to": [7.67043, 11, 13.0475],
			"rotation": {"angle": -45, "axis": "y", "origin": [8, 13, 8]},
			"faces": {
				"north": {"uv": [11.5, 0, 11.5, 1], "texture": "#0"},
				"east": {"uv": [8.75, 0, 11.5, 1], "texture": "#0"},
				"south": {"uv": [14.25, 0, 14.25, 1], "texture": "#0"},
				"west": {"uv": [11.5, 0, 14.25, 1], "texture": "#0"},
				"up": {"uv": [11.5, 0, 11.5, -2.75], "texture": "#0"},
				"down": {"uv": [11.5, -2.75, 11.5, 0], "texture": "#0"}
			}
		},
		{
			"from": [4, 0, 3],
			"to": [12, 5, 12],
			"rotation": {"angle": 0, "axis": "y", "origin": [0, 13, 0]},
			"faces": {
				"north": {"uv": [2.25, 8.5, 4.25, 9.75], "texture": "#0"},
				"east": {"uv": [0, 8.5, 2.25, 9.75], "texture": "#0"},
				"south": {"uv": [6.5, 8.5, 8.5, 9.75], "texture": "#0"},
				"west": {"uv": [4.25, 8.5, 6.5, 9.75], "texture": "#0"},
				"up": {"uv": [4.25, 8.5, 2.25, 6.25], "texture": "#0"},
				"down": {"uv": [6.25, 6.25, 4.25, 8.5], "texture": "#0"}
			}
		},
		{
			"from": [3.5, 1.5, 2.5],
			"to": [12.5, 3.5, 12.5],
			"rotation": {"angle": 0, "axis": "y", "origin": [0, 13, 0]},
			"faces": {
				"north": {"uv": [2.5, 5.75, 4.75, 6.25], "texture": "#0"},
				"east": {"uv": [0, 5.75, 2.5, 6.25], "texture": "#0"},
				"south": {"uv": [7.25, 5.75, 9.5, 6.25], "texture": "#0"},
				"west": {"uv": [4.75, 5.75, 7.25, 6.25], "texture": "#0"},
				"up": {"uv": [4.75, 5.75, 2.5, 3.25], "texture": "#0"},
				"down": {"uv": [7, 3.25, 4.75, 5.75], "texture": "#0"}
			}
		},
		{
			"from": [3.5, -1, 2.35],
			"to": [12.5, 4, 2.35],
			"rotation": {"angle": 0, "axis": "y", "origin": [0, 13.5, -10.15]},
			"faces": {
				"north": {"uv": [3.25, 13.75, 5.5, 15], "texture": "#0"},
				"east": {"uv": [3.25, 13.75, 3.25, 15], "texture": "#0"},
				"south": {"uv": [5.5, 13.75, 7.75, 15], "texture": "#0"},
				"west": {"uv": [5.5, 13.75, 5.5, 15], "texture": "#0"},
				"up": {"uv": [5.5, 13.75, 3.25, 13.75], "texture": "#0"},
				"down": {"uv": [7.75, 13.75, 5.5, 13.75], "texture": "#0"}
			}
		},
		{
			"from": [9.5, 2, 2.425],
			"to": [13.5, 5, 2.425],
			"rotation": {"angle": -22.5, "axis": "z", "origin": [10, 16.25, -10.15]},
			"faces": {
				"north": {"uv": [0, 12.5, 1, 13.25], "texture": "#0"},
				"east": {"uv": [0, 12.5, 0, 13.25], "texture": "#0"},
				"south": {"uv": [1, 12.5, 2, 13.25], "texture": "#0"},
				"west": {"uv": [1, 12.5, 1, 13.25], "texture": "#0"},
				"up": {"uv": [1, 12.5, 0, 12.5], "texture": "#0"},
				"down": {"uv": [2, 12.5, 1, 12.5], "texture": "#0"}
			}
		},
		{
			"from": [2.5, 2, 2.4],
			"to": [6.5, 5, 2.4],
			"rotation": {"angle": 22.5, "axis": "z", "origin": [6, 16.25, -10.175]},
			"faces": {
				"north": {"uv": [1, 12.5, 0, 13.25], "texture": "#0"},
				"east": {"uv": [1, 12.5, 1, 13.25], "texture": "#0"},
				"south": {"uv": [2, 12.5, 1, 13.25], "texture": "#0"},
				"west": {"uv": [0, 12.5, 0, 13.25], "texture": "#0"},
				"up": {"uv": [0, 12.5, 1, 12.5], "texture": "#0"},
				"down": {"uv": [1, 12.5, 2, 12.5], "texture": "#0"}
			}
		}
	],
	"gui_light": "front",
	"display": {
		"thirdperson_righthand": {
			"rotation": [79.02, 2.35, 11.49],
			"translation": [2, -3, -1]
		},
		"thirdperson_lefthand": {
			"rotation": [79.02, 2.35, 11.49],
			"translation": [2, -3, -1]
		},
		"firstperson_righthand": {
			"translation": [5, 0.5, 0]
		},
		"firstperson_lefthand": {
			"translation": [7, 0, 0]
		},
		"ground": {
			"scale": [0.5, 0.5, 0.5]
		},
		"gui": {
			"rotation": [-155.5, -44.75, 180],
			"translation": [0, 2.75, 0]
		},
		"head": {
			"translation": [0, 19.25, 0],
			"scale": [1.6, 1.6, 1.6]
		},
		"fixed": {
			"translation": [0, 1.5, 0]
		}
	},
	"groups": [
		{
			"name": "group",
			"origin": [8, 8, 8],
			"color": 0,
			"children": [
				0,
				1,
				2,
				{
					"name": "group",
					"origin": [8, 8, 8],
					"color": 0,
					"children": [3, 4, 5]
				},
				{
					"name": "group",
					"origin": [8, 8, 8],
					"color": 0,
					"children": [6, 7, 8, 9, 10, 11, 12, 13, 14, 15]
				}
			]
		}
	],
	"mcmodels": "33f382e654d67576b6657dcef2ab92f3"
}