{
	"credit": "Made with Blockbench",
	"texture_size": [32, 32],
	"textures": {
		"1": "item/marvel_crate/deadpool_mask",
		"particle": "item/marvel_crate/deadpool_mask"
	},
	"elements": [
		{
			"from": [4, 0, 3.75],
			"to": [12, 8, 3.75],
			"rotation": {"angle": 0, "axis": "y", "origin": [7, 0, -0.25]},
			"faces": {
				"north": {"uv": [0, 0, 4, 4], "texture": "#1"},
				"east": {"uv": [0, 0, 0, 4], "texture": "#1"},
				"south": {"uv": [0, 4, 4, 8], "texture": "#1"},
				"west": {"uv": [0, 0, 0, 4], "texture": "#1"},
				"up": {"uv": [4, 0, 0, 0], "texture": "#1"},
				"down": {"uv": [4, 0, 0, 0], "texture": "#1"}
			}
		},
		{
			"from": [12.25, 0, 4],
			"to": [12.25, 8, 12],
			"rotation": {"angle": 0, "axis": "y", "origin": [12.25, 4, 8]},
			"faces": {
				"north": {"uv": [0, 0, 0, 4], "texture": "#1"},
				"east": {"uv": [4, 0, 8, 4], "texture": "#1"},
				"south": {"uv": [0, 0, 0, 4], "texture": "#1"},
				"west": {"uv": [4, 4, 8, 8], "texture": "#1"},
				"up": {"uv": [0, 4, 0, 0], "texture": "#1"},
				"down": {"uv": [0, 0, 0, 4], "texture": "#1"}
			}
		},
		{
			"from": [3.75, 0, 4],
			"to": [3.75, 8, 12],
			"rotation": {"angle": 0, "axis": "y", "origin": [3.75, 4, 8]},
			"faces": {
				"north": {"uv": [0, 0, 0, 4], "texture": "#1"},
				"east": {"uv": [0, 8, 4, 12], "texture": "#1"},
				"south": {"uv": [0, 0, 0, 4], "texture": "#1"},
				"west": {"uv": [8, 0, 12, 4], "texture": "#1"},
				"up": {"uv": [0, 4, 0, 0], "texture": "#1"},
				"down": {"uv": [0, 0, 0, 4], "texture": "#1"}
			}
		},
		{
			"from": [4, 0, 4],
			"to": [12, 8, 12],
			"rotation": {"angle": 0, "axis": "y", "origin": [7, 0, 8]},
			"faces": {
				"north": {"uv": [4, 8, 8, 12], "texture": "#1"},
				"east": {"uv": [8, 4, 12, 8], "texture": "#1"},
				"south": {"uv": [8, 8, 12, 12], "texture": "#1"},
				"west": {"uv": [0, 12, 4, 16], "texture": "#1"},
				"up": {"uv": [16, 4, 12, 0], "texture": "#1"},
				"down": {"uv": [8, 12, 4, 16], "texture": "#1"}
			}
		}
	],
	"gui_light": "front",
	"display": {
		"thirdperson_righthand": {
			"rotation": [67, 0, 0]
		},
		"gui": {
			"rotation": [-151.81, 33.3, 176.67],
			"translation": [0, 3.25, 0]
		},
		"head": {
			"translation": [0, 8.25, 0],
			"scale": [2, 2, 2]
		}
	},
	"groups": [
		{
			"name": "group",
			"origin": [7, 0, 8],
			"color": 0,
			"children": [
				{
					"name": "group",
					"origin": [3.75, 4, 7.75],
					"color": 0,
					"children": [0, 1, 2]
				},
				3
			]
		}
	]
}