{
	"credit": "Made with Blockbench",
	"texture_size": [64, 64],
	"textures": {
		"0": "item/marvel_crate/hawkeye_bow",
		"particle": "item/marvel_crate/hawkeye_bow"
	},
	"elements": [
		{
			"from": [7, 2, 4],
			"to": [9, 4, 12],
			"rotation": {"angle": 0, "axis": "y", "origin": [6, 0, 6]},
			"faces": {
				"north": {"uv": [4.5, 4, 5, 4.5], "texture": "#0"},
				"east": {"uv": [4.5, 2.5, 6.5, 3], "texture": "#0"},
				"south": {"uv": [8.25, 1.5, 8.75, 2], "texture": "#0"},
				"west": {"uv": [3, 4.5, 5, 5], "texture": "#0"},
				"up": {"uv": [0.5, 7, 0, 5], "texture": "#0"},
				"down": {"uv": [1, 5, 0.5, 7], "texture": "#0"}
			}
		},
		{
			"from": [6, 0.5, 0],
			"to": [10, 6.5, 4],
			"rotation": {"angle": 0, "axis": "y", "origin": [6, -0.5, 5]},
			"faces": {
				"north": {"uv": [4.5, 3, 5.5, 4], "texture": "#0"},
				"east": {"uv": [7, 0.5, 7.75, 1.5], "texture": "#0"},
				"south": {"uv": [5, 0.5, 6, 1.5], "texture": "#0"},
				"west": {"uv": [7, 1.5, 7.75, 2.5], "texture": "#0"},
				"up": {"uv": [5, 7.75, 4, 7], "texture": "#0"},
				"down": {"uv": [6.5, 7, 5.5, 7.75], "texture": "#0"}
			}
		},
		{
			"from": [6, 1, 11],
			"to": [10, 5, 14],
			"rotation": {"angle": 0, "axis": "y", "origin": [6, 0, 15]},
			"faces": {
				"north": {"uv": [1, 5, 2, 6], "texture": "#0"},
				"east": {"uv": [7.25, 4.5, 8, 5.5], "texture": "#0"},
				"south": {"uv": [3, 5, 4, 6], "texture": "#0"},
				"west": {"uv": [7.25, 5.5, 8, 6.5], "texture": "#0"},
				"up": {"uv": [7.5, 8, 6.5, 7.25], "texture": "#0"},
				"down": {"uv": [3, 7.5, 2, 8.25], "texture": "#0"}
			}
		},
		{
			"from": [7, 5.12245, -6.16478],
			"to": [9, 7.12245, 3.83522],
			"rotation": {"angle": 22.5, "axis": "x", "origin": [8, 6.84976, -5.82119]},
			"faces": {
				"north": {"uv": [1.75, 8.25, 2.25, 8.75], "texture": "#0"},
				"east": {"uv": [0, 0.5, 2.5, 1], "texture": "#0"},
				"south": {"uv": [8.25, 2, 8.75, 2.5], "texture": "#0"},
				"west": {"uv": [0, 1, 2.5, 1.5], "texture": "#0"},
				"up": {"uv": [0.5, 4, 0, 1.5], "texture": "#0"},
				"down": {"uv": [1, 1.5, 0.5, 4], "texture": "#0"}
			}
		},
		{
			"from": [7, 6.50618, -7.5485],
			"to": [9, 14.50618, -5.5485],
			"rotation": {"angle": -45, "axis": "x", "origin": [8, 6.84976, -5.82119]},
			"faces": {
				"north": {"uv": [4, 5, 4.5, 7], "texture": "#0"},
				"east": {"uv": [5, 4, 5.5, 6], "texture": "#0"},
				"south": {"uv": [4.5, 5, 5, 7], "texture": "#0"},
				"west": {"uv": [2, 5.5, 2.5, 7.5], "texture": "#0"},
				"up": {"uv": [2.75, 8.75, 2.25, 8.25], "texture": "#0"},
				"down": {"uv": [8.75, 3.5, 8.25, 4], "texture": "#0"}
			}
		},
		{
			"from": [7, 5.12245, 12.16478],
			"to": [9, 7.12245, 22.16478],
			"rotation": {"angle": -22.5, "axis": "x", "origin": [8, 6.84976, 21.82119]},
			"faces": {
				"north": {"uv": [8.25, 4, 8.75, 4.5], "texture": "#0"},
				"east": {"uv": [1, 1.5, 3.5, 2], "texture": "#0"},
				"south": {"uv": [5.5, 8.25, 6, 8.75], "texture": "#0"},
				"west": {"uv": [1, 2, 3.5, 2.5], "texture": "#0"},
				"up": {"uv": [1.5, 5, 1, 2.5], "texture": "#0"},
				"down": {"uv": [2, 2.5, 1.5, 5], "texture": "#0"}
			}
		},
		{
			"from": [7, 6.50618, 21.5485],
			"to": [9, 14.50618, 23.5485],
			"rotation": {"angle": 45, "axis": "x", "origin": [8, 6.84976, 21.82119]},
			"faces": {
				"north": {"uv": [2.5, 5.5, 3, 7.5], "texture": "#0"},
				"east": {"uv": [5.5, 3, 6, 5], "texture": "#0"},
				"south": {"uv": [5.5, 5, 6, 7], "texture": "#0"},
				"west": {"uv": [6, 0.5, 6.5, 2.5], "texture": "#0"},
				"up": {"uv": [8.75, 7, 8.25, 6.5], "texture": "#0"},
				"down": {"uv": [8.75, 7, 8.25, 7.5], "texture": "#0"}
			}
		},
		{
			"from": [5, 1, 6.5],
			"to": [7, 3, 8.5],
			"rotation": {"angle": 0, "axis": "y", "origin": [4, -1, 8.5]},
			"faces": {
				"north": {"uv": [7.25, 8.25, 7.75, 8.75], "texture": "#0"},
				"east": {"uv": [7.75, 8.25, 8.25, 8.75], "texture": "#0"},
				"south": {"uv": [8.25, 8.25, 8.75, 8.75], "texture": "#0"},
				"west": {"uv": [0, 8.5, 0.5, 9], "texture": "#0"},
				"up": {"uv": [1, 9, 0.5, 8.5], "texture": "#0"},
				"down": {"uv": [9, 0.5, 8.5, 1], "texture": "#0"}
			}
		},
		{
			"from": [6, 1, 4],
			"to": [6, 3, 11],
			"rotation": {"angle": 0, "axis": "y", "origin": [4, -1, 8]},
			"faces": {
				"north": {"uv": [0, 0, 0, 0.5], "texture": "#0"},
				"east": {"uv": [7.5, 2.5, 9, 3], "texture": "#0"},
				"south": {"uv": [0, 0, 0, 0.5], "texture": "#0"},
				"west": {"uv": [7.5, 3, 9, 3.5], "texture": "#0"},
				"up": {"uv": [0, 1.5, 0, 0], "texture": "#0"},
				"down": {"uv": [0, 0, 0, 1.5], "texture": "#0"}
			}
		},
		{
			"from": [8, 9.92096, -9.92096],
			"to": [8, 10.92096, 26.07904],
			"rotation": {"angle": 0, "axis": "x", "origin": [8, 9.92096, -8.92096]},
			"faces": {
				"north": {"uv": [0, 0, 0, 0.25], "texture": "#0"},
				"east": {"uv": [0, 0, 9, 0.25], "texture": "#0"},
				"south": {"uv": [0, 0, 0, 0.25], "texture": "#0"},
				"west": {"uv": [0, 0.25, 9, 0.5], "texture": "#0"},
				"up": {"uv": [0, 9, 0, 0], "texture": "#0"},
				"down": {"uv": [0, 0, 0, 9], "texture": "#0"}
			}
		},
		{
			"from": [8.05, -1.07904, 7.5],
			"to": [8.05, 22.92096, 8.5],
			"rotation": {"angle": 0, "axis": "x", "origin": [8.05, 14.92096, 7.5]},
			"faces": {
				"north": {"uv": [0, 0, 0, 9], "rotation": 180, "texture": "#0"},
				"east": {"uv": [0, 0, 9, 0.25], "rotation": 270, "texture": "#0"},
				"south": {"uv": [0, 9, 0, 0], "texture": "#0"},
				"west": {"uv": [0, 0.25, 9, 0.5], "rotation": 90, "texture": "#0"},
				"up": {"uv": [0, 0, 0, 0.25], "rotation": 180, "texture": "#0"},
				"down": {"uv": [0, 0, 0, 0.25], "texture": "#0"}
			}
		},
		{
			"from": [7, 10.45649, -14],
			"to": [9, 12.45649, -11],
			"rotation": {"angle": 0, "axis": "x", "origin": [8, 11.95649, -16.94134]},
			"faces": {
				"north": {"uv": [1, 8.5, 1.5, 9], "texture": "#0"},
				"east": {"uv": [7.75, 0.5, 8.5, 1], "texture": "#0"},
				"south": {"uv": [8.5, 1, 9, 1.5], "texture": "#0"},
				"west": {"uv": [7.75, 1, 8.5, 1.5], "texture": "#0"},
				"up": {"uv": [8.25, 2.25, 7.75, 1.5], "texture": "#0"},
				"down": {"uv": [4.5, 7.75, 4, 8.5], "texture": "#0"}
			}
		},
		{
			"from": [7, 9.68872, -15.85355],
			"to": [9, 11.68872, -12.85355],
			"rotation": {"angle": -45, "axis": "x", "origin": [8, 10.68872, -14.35355]},
			"faces": {
				"north": {"uv": [4, 8.5, 4.5, 9], "texture": "#0"},
				"east": {"uv": [5.5, 7.75, 6.25, 8.25], "texture": "#0"},
				"south": {"uv": [4.5, 8.5, 5, 9], "texture": "#0"},
				"west": {"uv": [1, 8, 1.75, 8.5], "texture": "#0"},
				"up": {"uv": [5, 8.5, 4.5, 7.75], "texture": "#0"},
				"down": {"uv": [3.5, 8, 3, 8.75], "texture": "#0"}
			}
		},
		{
			"from": [7, 10.45649, 27],
			"to": [9, 12.45649, 30],
			"rotation": {"angle": 0, "axis": "y", "origin": [8, 11.95649, 32.94134]},
			"faces": {
				"north": {"uv": [8.5, 7.5, 9, 8], "texture": "#0"},
				"east": {"uv": [8, 4.5, 8.75, 5], "texture": "#0"},
				"south": {"uv": [1.5, 8.75, 2, 9.25], "texture": "#0"},
				"west": {"uv": [8, 5, 8.75, 5.5], "texture": "#0"},
				"up": {"uv": [4, 8.75, 3.5, 8], "texture": "#0"},
				"down": {"uv": [5.5, 8, 5, 8.75], "texture": "#0"}
			}
		},
		{
			"from": [7.925, -3, 6.5],
			"to": [7.925, 0, 9.5],
			"rotation": {"angle": -45, "axis": "x", "origin": [8.925, -1.5, 7.94134]},
			"faces": {
				"north": {"uv": [8.5, 7.5, 9, 8], "texture": "#0"},
				"east": {"uv": [8, 4.5, 8.75, 5], "texture": "#0"},
				"south": {"uv": [1.5, 8.75, 2, 9.25], "texture": "#0"},
				"west": {"uv": [8, 5, 8.75, 5.5], "texture": "#0"},
				"up": {"uv": [4, 8.75, 3.5, 8], "texture": "#0"},
				"down": {"uv": [5.5, 8, 5, 8.75], "texture": "#0"}
			}
		},
		{
			"from": [8.075, 22, 6.5],
			"to": [8.075, 26, 9.5],
			"rotation": {"angle": 0, "axis": "y", "origin": [7.075, 23.5, 12.44134]},
			"faces": {
				"north": {"uv": [9, 7.5, 8.5, 8], "texture": "#0"},
				"east": {"uv": [8.75, 5, 8, 5.5], "texture": "#0"},
				"south": {"uv": [2, 8.75, 1.5, 9.25], "texture": "#0"},
				"west": {"uv": [8.75, 4.5, 8, 5], "texture": "#0"},
				"up": {"uv": [3.5, 8.75, 4, 8], "texture": "#0"},
				"down": {"uv": [5, 8, 5.5, 8.75], "texture": "#0"}
			}
		},
		{
			"from": [7, 9.68872, 28.85355],
			"to": [9, 11.68872, 31.85355],
			"rotation": {"angle": 45, "axis": "x", "origin": [8, 10.68872, 30.35355]},
			"faces": {
				"north": {"uv": [8.75, 1.5, 9.25, 2], "texture": "#0"},
				"east": {"uv": [8, 5.5, 8.75, 6], "texture": "#0"},
				"south": {"uv": [2, 8.75, 2.5, 9.25], "texture": "#0"},
				"west": {"uv": [8, 6, 8.75, 6.5], "texture": "#0"},
				"up": {"uv": [6.75, 8.75, 6.25, 8], "texture": "#0"},
				"down": {"uv": [7.25, 8, 6.75, 8.75], "texture": "#0"}
			}
		},
		{
			"from": [5.75, 0.25, -0.25],
			"to": [10.25, 6.75, 4.25],
			"rotation": {"angle": 0, "axis": "y", "origin": [6, -0.5, 5]},
			"faces": {
				"north": {"uv": [0, 4, 1, 5], "texture": "#0"},
				"east": {"uv": [6.5, 4.5, 7.25, 5.5], "texture": "#0"},
				"south": {"uv": [2, 4.5, 3, 5.5], "texture": "#0"},
				"west": {"uv": [6.5, 5.5, 7.25, 6.5], "texture": "#0"},
				"up": {"uv": [7.5, 7.25, 6.5, 6.5], "texture": "#0"},
				"down": {"uv": [1, 7, 0, 7.75], "texture": "#0"}
			}
		},
		{
			"from": [5.75, 0.75, 10.75],
			"to": [10.25, 5.25, 14.25],
			"rotation": {"angle": 0, "axis": "y", "origin": [6, 0, 15]},
			"faces": {
				"north": {"uv": [6.5, 2.5, 7.5, 3.5], "texture": "#0"},
				"east": {"uv": [7.5, 3.5, 8.25, 4.5], "texture": "#0"},
				"south": {"uv": [6.5, 3.5, 7.5, 4.5], "texture": "#0"},
				"west": {"uv": [7.5, 6.5, 8.25, 7.5], "texture": "#0"},
				"up": {"uv": [8.5, 8.25, 7.5, 7.5], "texture": "#0"},
				"down": {"uv": [1, 7.75, 0, 8.5], "texture": "#0"}
			}
		},
		{
			"from": [6.5, 6.50618, -7.5485],
			"to": [6.5, 14.50618, -5.5485],
			"rotation": {"angle": -45, "axis": "x", "origin": [7.5, 6.84976, -5.82119]},
			"faces": {
				"north": {"uv": [0, 0, 0, 2], "texture": "#0"},
				"east": {"uv": [6, 5, 6.5, 7], "texture": "#0"},
				"south": {"uv": [0, 0, 0, 2], "texture": "#0"},
				"west": {"uv": [6.5, 0.5, 7, 2.5], "texture": "#0"},
				"up": {"uv": [0, 0.5, 0, 0], "texture": "#0"},
				"down": {"uv": [0, 0, 0, 0.5], "texture": "#0"}
			}
		},
		{
			"from": [6.5, 5.12245, -6.16478],
			"to": [6.5, 7.12245, 3.83522],
			"rotation": {"angle": 22.5, "axis": "x", "origin": [7.5, 6.84976, -5.82119]},
			"faces": {
				"north": {"uv": [0, 0, 0, 0.5], "texture": "#0"},
				"east": {"uv": [3.5, 2, 6, 2.5], "texture": "#0"},
				"south": {"uv": [0, 0, 0, 0.5], "texture": "#0"},
				"west": {"uv": [2, 4, 4.5, 4.5], "texture": "#0"},
				"up": {"uv": [0, 2.5, 0, 0], "texture": "#0"},
				"down": {"uv": [0, 0, 0, 2.5], "texture": "#0"}
			}
		},
		{
			"from": [6.5, 6.50618, 21.5485],
			"to": [6.5, 14.50618, 23.5485],
			"rotation": {"angle": 45, "axis": "x", "origin": [7.5, 6.84976, 21.82119]},
			"faces": {
				"north": {"uv": [0, 0, 0, 2], "texture": "#0"},
				"east": {"uv": [3.5, 6, 4, 8], "texture": "#0"},
				"south": {"uv": [0, 0, 0, 2], "texture": "#0"},
				"west": {"uv": [5, 6, 5.5, 8], "texture": "#0"},
				"up": {"uv": [0, 0.5, 0, 0], "texture": "#0"},
				"down": {"uv": [0, 0, 0, 0.5], "texture": "#0"}
			}
		},
		{
			"from": [6.5, 5.12245, 12.16478],
			"to": [6.5, 7.12245, 22.16478],
			"rotation": {"angle": -22.5, "axis": "x", "origin": [7.5, 6.84976, 21.82119]},
			"faces": {
				"north": {"uv": [0, 0, 0, 0.5], "texture": "#0"},
				"east": {"uv": [3.5, 1.5, 6, 2], "texture": "#0"},
				"south": {"uv": [0, 0, 0, 0.5], "texture": "#0"},
				"west": {"uv": [2, 3.5, 4.5, 4], "texture": "#0"},
				"up": {"uv": [0, 2.5, 0, 0], "texture": "#0"},
				"down": {"uv": [0, 0, 0, 2.5], "texture": "#0"}
			}
		},
		{
			"from": [9.5, 6.50618, -7.5485],
			"to": [9.5, 14.50618, -5.5485],
			"rotation": {"angle": -45, "axis": "x", "origin": [10.5, 6.84976, -5.82119]},
			"faces": {
				"north": {"uv": [0, 0, 0, 2], "texture": "#0"},
				"east": {"uv": [3, 6, 3.5, 8], "texture": "#0"},
				"south": {"uv": [0, 0, 0, 2], "texture": "#0"},
				"west": {"uv": [6, 3, 6.5, 5], "texture": "#0"},
				"up": {"uv": [0, 0.5, 0, 0], "texture": "#0"},
				"down": {"uv": [0, 0, 0, 0.5], "texture": "#0"}
			}
		},
		{
			"from": [9.5, 5.12245, -6.16478],
			"to": [9.5, 7.12245, 3.83522],
			"rotation": {"angle": 22.5, "axis": "x", "origin": [10.5, 6.84976, -5.82119]},
			"faces": {
				"north": {"uv": [0, 0, 0, 0.5], "texture": "#0"},
				"east": {"uv": [2, 2.5, 4.5, 3], "texture": "#0"},
				"south": {"uv": [0, 0, 0, 0.5], "texture": "#0"},
				"west": {"uv": [2, 3, 4.5, 3.5], "texture": "#0"},
				"up": {"uv": [0, 2.5, 0, 0], "texture": "#0"},
				"down": {"uv": [0, 0, 0, 2.5], "texture": "#0"}
			}
		},
		{
			"from": [9.5, 6.50618, 21.5485],
			"to": [9.5, 14.50618, 23.5485],
			"rotation": {"angle": 45, "axis": "x", "origin": [10.5, 6.84976, 21.82119]},
			"faces": {
				"north": {"uv": [0, 0, 0, 2], "texture": "#0"},
				"east": {"uv": [1, 6, 1.5, 8], "texture": "#0"},
				"south": {"uv": [0, 0, 0, 2], "texture": "#0"},
				"west": {"uv": [1.5, 6, 2, 8], "texture": "#0"},
				"up": {"uv": [0, 0.5, 0, 0], "texture": "#0"},
				"down": {"uv": [0, 0, 0, 0.5], "texture": "#0"}
			}
		},
		{
			"from": [9.5, 5.12245, 12.16478],
			"to": [9.5, 7.12245, 22.16478],
			"rotation": {"angle": -22.5, "axis": "x", "origin": [10.5, 6.84976, 21.82119]},
			"faces": {
				"north": {"uv": [0, 0, 0, 0.5], "texture": "#0"},
				"east": {"uv": [2.5, 0.5, 5, 1], "texture": "#0"},
				"south": {"uv": [0, 0, 0, 0.5], "texture": "#0"},
				"west": {"uv": [2.5, 1, 5, 1.5], "texture": "#0"},
				"up": {"uv": [0, 2.5, 0, 0], "texture": "#0"},
				"down": {"uv": [0, 0, 0, 2.5], "texture": "#0"}
			}
		}
	],
	"gui_light": "front",
	"display": {
		"thirdperson_righthand": {
			"rotation": [89.64, 0.55, 8.68],
			"translation": [-1, -2.75, 6]
		},
		"thirdperson_lefthand": {
			"rotation": [90, 0, 13.5],
			"translation": [-0.75, -2.5, 5.5]
		},
		"firstperson_righthand": {
			"rotation": [106, 0, 0],
			"translation": [1.5, 2, 2.25],
			"scale": [0.5, 0.5, 0.5]
		},
		"firstperson_lefthand": {
			"rotation": [106, 0, 0],
			"scale": [0.5, 0.5, 0.5]
		},
		"gui": {
			"rotation": [49.99, 57.02, -98.52],
			"scale": [0.5, 0.5, 0.5]
		}
	},
	"groups": [
		{
			"name": "group",
			"origin": [8, 10.68872, 30.35355],
			"color": 0,
			"children": [
				0,
				1,
				2,
				3,
				4,
				5,
				6,
				7,
				8,
				9,
				10,
				11,
				12,
				13,
				14,
				15,
				16,
				{
					"name": "group",
					"origin": [6, 0, 15],
					"color": 0,
					"children": [17, 18, 19, 20, 21, 22, 23, 24, 25, 26]
				}
			]
		}
	]
}