{
	"credit": "Made with Blockbench",
	"texture_size": [32, 32],
	"textures": {
		"1": "item/marvel_crate/hulk_fist",
		"particle": "item/marvel_crate/hulk_fist"
	},
	"elements": [
		{
			"from": [3.97062, 2.38956, 5],
			"to": [9.97062, 6.38956, 11],
			"rotation": {"angle": -22.5, "axis": "z", "origin": [6.13108, 2.49252, 6]},
			"faces": {
				"north": {"uv": [3, 0, 6, 2], "texture": "#1"},
				"east": {"uv": [3, 2, 6, 4], "texture": "#1"},
				"south": {"uv": [3, 4, 6, 6], "texture": "#1"},
				"west": {"uv": [0, 6, 3, 8], "texture": "#1"},
				"up": {"uv": [3, 3, 0, 0], "texture": "#1"},
				"down": {"uv": [3, 3, 0, 6], "texture": "#1"}
			}
		},
		{
			"from": [3.45191, 1.59976, 4.25],
			"to": [5.45191, 3.59976, 6.25],
			"rotation": {"angle": -45, "axis": "z", "origin": [6.13108, 2.49252, 6]},
			"faces": {
				"north": {"uv": [9.5, 5, 10.5, 6], "texture": "#1"},
				"east": {"uv": [9.5, 6, 10.5, 7], "texture": "#1"},
				"south": {"uv": [9.5, 7, 10.5, 8], "texture": "#1"},
				"west": {"uv": [0, 10, 1, 11], "texture": "#1"},
				"up": {"uv": [11, 1, 10, 0], "texture": "#1"},
				"down": {"uv": [2, 10, 1, 11], "texture": "#1"}
			}
		},
		{
			"from": [3.97062, 0.38956, 5],
			"to": [7.97062, 2.38956, 11],
			"rotation": {"angle": -22.5, "axis": "z", "origin": [6.13108, 2.49252, 6]},
			"faces": {
				"north": {"uv": [8, 2, 10, 3], "texture": "#1"},
				"east": {"uv": [6.5, 6, 9.5, 7], "texture": "#1"},
				"south": {"uv": [6.5, 8, 8.5, 9], "texture": "#1"},
				"west": {"uv": [6.5, 7, 9.5, 8], "texture": "#1"},
				"up": {"uv": [8, 3, 6, 0], "texture": "#1"},
				"down": {"uv": [5, 6, 3, 9], "texture": "#1"}
			}
		},
		{
			"from": [5.94482, -0.29525, 4.999],
			"to": [8.77325, 1.70475, 10.999],
			"rotation": {"angle": 22.5, "axis": "z", "origin": [6.13108, 2.49252, 6]},
			"faces": {
				"north": {"uv": [6, 9, 7.5, 10], "texture": "#1"},
				"east": {"uv": [7.5, 3, 10.5, 4], "texture": "#1"},
				"south": {"uv": [7.5, 9, 9, 10], "texture": "#1"},
				"west": {"uv": [7.5, 4, 10.5, 5], "texture": "#1"},
				"up": {"uv": [7.5, 6, 6, 3], "texture": "#1"},
				"down": {"uv": [6.5, 6, 5, 9], "texture": "#1"}
			}
		},
		{
			"from": [3.45191, -0.40024, 4.25],
			"to": [7.45191, 1.59976, 6.25],
			"rotation": {"angle": -45, "axis": "z", "origin": [6.13108, 2.49252, 6]},
			"faces": {
				"north": {"uv": [8.5, 8, 10.5, 9], "texture": "#1"},
				"east": {"uv": [10, 1, 11, 2], "texture": "#1"},
				"south": {"uv": [0, 9, 2, 10], "texture": "#1"},
				"west": {"uv": [2, 10, 3, 11], "texture": "#1"},
				"up": {"uv": [4, 10, 2, 9], "texture": "#1"},
				"down": {"uv": [6, 9, 4, 10], "texture": "#1"}
			}
		},
		{
			"from": [5.48224, 0.06943, 4],
			"to": [6.98224, 1.06943, 4],
			"rotation": {"angle": -45, "axis": "z", "origin": [6.13108, 2.49252, 6]},
			"faces": {
				"north": {"uv": [10, 2, 11, 2.5], "texture": "#1"},
				"east": {"uv": [0, 0, 0, 0.5], "texture": "#1"},
				"south": {"uv": [10, 2.5, 11, 3], "texture": "#1"},
				"west": {"uv": [0, 0, 0, 0.5], "texture": "#1"},
				"up": {"uv": [1, 0, 0, 0], "texture": "#1"},
				"down": {"uv": [1, 0, 0, 0], "texture": "#1"}
			}
		}
	],
	"gui_light": "front",
	"display": {
		"thirdperson_righthand": {
			"rotation": [90, 5, 22.5],
			"translation": [-1, -2.25, 5.5]
		},
		"thirdperson_lefthand": {
			"rotation": [90, 0, -18],
			"translation": [0.75, -2, 5.75]
		},
		"firstperson_righthand": {
			"rotation": [137, 67, 12],
			"translation": [15, -7.5, -5.25]
		},
		"firstperson_lefthand": {
			"rotation": [130, 13, -44],
			"translation": [11.75, -6, -3.75]
		},
		"ground": {
			"translation": [0, 5.5, 0]
		},
		"gui": {
			"rotation": [-180, -43.25, -180],
			"translation": [-1.5, 6.25, 0],
			"scale": [1.5, 1.5, 1.5]
		}
	},
	"groups": [
		{
			"name": "group",
			"origin": [5.01956, 1.59149, 4.5],
			"color": 0,
			"children": [0, 1, 2, 3, 4, 5]
		}
	]
}