{
	"credit": "Made with Blockbench",
	"texture_size": [64, 64],
	"textures": {
		"1": "item/marvel_crate/loki_staff",
		"particle": "item/marvel_crate/loki_staff"
	},
	"elements": [
		{
			"from": [7, 1, -0.4588],
			"to": [9, 3, 25.5412],
			"rotation": {"angle": 0, "axis": "y", "origin": [7, 0, 4.5412]},
			"faces": {
				"north": {"uv": [1.5, 6.25, 2, 6.75], "texture": "#1"},
				"east": {"uv": [4.25, 1, 10.75, 1.5], "texture": "#1"},
				"south": {"uv": [2, 6.25, 2.5, 6.75], "texture": "#1"},
				"west": {"uv": [4.25, 1.5, 10.75, 2], "texture": "#1"},
				"up": {"uv": [0.5, 11, 0, 4.5], "texture": "#1"},
				"down": {"uv": [1, 4.5, 0.5, 11], "texture": "#1"}
			}
		},
		{
			"from": [7, -0.45461, 24.85403],
			"to": [9, 1.54539, 29.85403],
			"rotation": {"angle": 22.5, "axis": "x", "origin": [8, 0.54539, 28.85403]},
			"faces": {
				"north": {"uv": [3.5, 6.25, 4, 6.75], "texture": "#1"},
				"east": {"uv": [2, 4.5, 3.25, 5], "texture": "#1"},
				"south": {"uv": [6.25, 3.5, 6.75, 4], "texture": "#1"},
				"west": {"uv": [4.5, 3, 5.75, 3.5], "texture": "#1"},
				"up": {"uv": [3.75, 5.75, 3.25, 4.5], "texture": "#1"},
				"down": {"uv": [5, 3.5, 4.5, 4.75], "texture": "#1"}
			}
		},
		{
			"from": [7, -1.30237, 22.08866],
			"to": [9, -0.30237, 29.08866],
			"rotation": {"angle": 22.5, "axis": "x", "origin": [8, -1.30237, 28.08866]},
			"faces": {
				"north": {"uv": [3.75, 4.5, 4.25, 4.75], "texture": "#1"},
				"east": {"uv": [5.75, 3, 7.5, 3.25], "texture": "#1"},
				"south": {"uv": [2.75, 5.5, 3.25, 5.75], "texture": "#1"},
				"west": {"uv": [5.75, 3.25, 7.5, 3.5], "texture": "#1"},
				"up": {"uv": [1.5, 6.25, 1, 4.5], "texture": "#1"},
				"down": {"uv": [2, 4.5, 1.5, 6.25], "texture": "#1"}
			}
		},
		{
			"from": [6.5, 0.5, -4.4588],
			"to": [9.5, 3.5, -1.4588],
			"rotation": {"angle": 0, "axis": "y", "origin": [7.5, -0.5, 3.5412]},
			"faces": {
				"north": {"uv": [5, 4.5, 5.75, 5.25], "texture": "#1"},
				"east": {"uv": [3.75, 5.25, 4.5, 6], "texture": "#1"},
				"south": {"uv": [4.5, 5.25, 5.25, 6], "texture": "#1"},
				"west": {"uv": [5.25, 5.25, 6, 6], "texture": "#1"},
				"up": {"uv": [2.75, 6.25, 2, 5.5], "texture": "#1"},
				"down": {"uv": [3.5, 5.75, 2.75, 6.5], "texture": "#1"}
			}
		},
		{
			"from": [8, -1, -8.4588],
			"to": [8, 5, 8.5412],
			"rotation": {"angle": 0, "axis": "y", "origin": [7, 0, 6.5412]},
			"faces": {
				"north": {"uv": [0, 0, 0, 1.5], "texture": "#1"},
				"east": {"uv": [0, 0, 4.25, 1.5], "texture": "#1"},
				"south": {"uv": [0, 0, 0, 1.5], "texture": "#1"},
				"west": {"uv": [0, 1.5, 4.25, 3], "texture": "#1"},
				"up": {"uv": [0, 4.25, 0, 0], "texture": "#1"},
				"down": {"uv": [0, 0, 0, 4.25], "texture": "#1"}
			}
		},
		{
			"from": [8, -2.62286, -15.94252],
			"to": [8, 3.37714, -6.94252],
			"rotation": {"angle": -22.5, "axis": "x", "origin": [8, 0.37714, -11.77999]},
			"faces": {
				"north": {"uv": [0, 0, 0, 1.5], "texture": "#1"},
				"east": {"uv": [0, 3, 2.25, 4.5], "texture": "#1"},
				"south": {"uv": [0, 0, 0, 1.5], "texture": "#1"},
				"west": {"uv": [2.25, 3, 4.5, 4.5], "texture": "#1"},
				"up": {"uv": [0, 2.25, 0, 0], "texture": "#1"},
				"down": {"uv": [0, 0, 0, 2.25], "texture": "#1"}
			}
		},
		{
			"from": [9.30773, 0.5, -1.49725],
			"to": [9.30773, 3.5, 0.50275],
			"rotation": {"angle": -22.5, "axis": "y", "origin": [9.30773, 2, -0.99725]},
			"faces": {
				"north": {"uv": [0, 0, 0, 0.75], "texture": "#1"},
				"east": {"uv": [5.25, 6, 5.75, 6.75], "texture": "#1"},
				"south": {"uv": [0, 0, 0, 0.75], "texture": "#1"},
				"west": {"uv": [6, 5.25, 6.5, 6], "texture": "#1"},
				"up": {"uv": [0, 0.5, 0, 0], "texture": "#1"},
				"down": {"uv": [0, 0, 0, 0.5], "texture": "#1"}
			}
		},
		{
			"from": [6.88268, 0.5, -1.53492],
			"to": [6.88268, 3.5, 0.46508],
			"rotation": {"angle": 22.5, "axis": "y", "origin": [6.88268, 2, -0.53492]},
			"faces": {
				"north": {"uv": [0, 0, 0, 0.75], "texture": "#1"},
				"east": {"uv": [5.75, 6, 6.25, 6.75], "texture": "#1"},
				"south": {"uv": [0, 0, 0, 0.75], "texture": "#1"},
				"west": {"uv": [1, 6.25, 1.5, 7], "texture": "#1"},
				"up": {"uv": [0, 0.5, 0, 0], "texture": "#1"},
				"down": {"uv": [0, 0, 0, 0.5], "texture": "#1"}
			}
		},
		{
			"from": [9.25, 1, -0.4588],
			"to": [9.25, 3, 25.5412],
			"rotation": {"angle": 0, "axis": "y", "origin": [7, 0, 4.5412]},
			"faces": {
				"north": {"uv": [0, 0, 0, 0.5], "texture": "#1"},
				"east": {"uv": [4.25, 0, 10.75, 0.5], "texture": "#1"},
				"south": {"uv": [0, 0, 0, 0.5], "texture": "#1"},
				"west": {"uv": [4.25, 0.5, 10.75, 1], "texture": "#1"},
				"up": {"uv": [0, 6.5, 0, 0], "texture": "#1"},
				"down": {"uv": [0, 0, 0, 6.5], "texture": "#1"}
			}
		},
		{
			"from": [9.25, -0.45461, 24.85403],
			"to": [9.25, 1.54539, 29.85403],
			"rotation": {"angle": 22.5, "axis": "x", "origin": [8, 0.54539, 28.85403]},
			"faces": {
				"north": {"uv": [0, 0, 0, 0.5], "texture": "#1"},
				"east": {"uv": [3.75, 4.75, 5, 5.25], "texture": "#1"},
				"south": {"uv": [0, 0, 0, 0.5], "texture": "#1"},
				"west": {"uv": [2, 5, 3.25, 5.5], "texture": "#1"},
				"up": {"uv": [0, 1.25, 0, 0], "texture": "#1"},
				"down": {"uv": [0, 0, 0, 1.25], "texture": "#1"}
			}
		},
		{
			"from": [9.25, -1.30237, 22.08866],
			"to": [9.25, -0.30237, 29.08866],
			"rotation": {"angle": 22.5, "axis": "x", "origin": [8, -1.30237, 28.08866]},
			"faces": {
				"north": {"uv": [0, 0, 0, 0.25], "texture": "#1"},
				"east": {"uv": [5.75, 4.5, 7.5, 4.75], "texture": "#1"},
				"south": {"uv": [0, 0, 0, 0.25], "texture": "#1"},
				"west": {"uv": [5.75, 4.75, 7.5, 5], "texture": "#1"},
				"up": {"uv": [0, 1.75, 0, 0], "texture": "#1"},
				"down": {"uv": [0, 0, 0, 1.75], "texture": "#1"}
			}
		},
		{
			"from": [6.75, -1.30237, 22.08866],
			"to": [6.75, -0.30237, 29.08866],
			"rotation": {"angle": 22.5, "axis": "x", "origin": [8, -1.30237, 28.08866]},
			"faces": {
				"north": {"uv": [0, 0, 0, 0.25], "texture": "#1"},
				"east": {"uv": [5.75, 5, 7.5, 5.25], "texture": "#1"},
				"south": {"uv": [0, 0, 0, 0.25], "texture": "#1"},
				"west": {"uv": [3.5, 6, 5.25, 6.25], "texture": "#1"},
				"up": {"uv": [0, 1.75, 0, 0], "texture": "#1"},
				"down": {"uv": [0, 0, 0, 1.75], "texture": "#1"}
			}
		},
		{
			"from": [6.75, -0.45461, 24.85403],
			"to": [6.75, 1.54539, 29.85403],
			"rotation": {"angle": 22.5, "axis": "x", "origin": [8, 0.54539, 28.85403]},
			"faces": {
				"north": {"uv": [0, 0, 0, 0.5], "texture": "#1"},
				"east": {"uv": [5, 3.5, 6.25, 4], "texture": "#1"},
				"south": {"uv": [0, 0, 0, 0.5], "texture": "#1"},
				"west": {"uv": [5, 4, 6.25, 4.5], "texture": "#1"},
				"up": {"uv": [0, 1.25, 0, 0], "texture": "#1"},
				"down": {"uv": [0, 0, 0, 1.25], "texture": "#1"}
			}
		},
		{
			"from": [6.75, 1, -0.4588],
			"to": [6.75, 3, 25.5412],
			"rotation": {"angle": 0, "axis": "y", "origin": [7, 0, 4.5412]},
			"faces": {
				"north": {"uv": [0, 0, 0, 0.5], "texture": "#1"},
				"east": {"uv": [4.25, 2, 10.75, 2.5], "texture": "#1"},
				"south": {"uv": [0, 0, 0, 0.5], "texture": "#1"},
				"west": {"uv": [4.25, 2.5, 10.75, 3], "texture": "#1"},
				"up": {"uv": [0, 6.5, 0, 0], "texture": "#1"},
				"down": {"uv": [0, 0, 0, 6.5], "texture": "#1"}
			}
		}
	],
	"gui_light": "front",
	"display": {
		"thirdperson_righthand": {
			"rotation": [134, 0, 0],
			"translation": [0, -2, 9.25]
		},
		"thirdperson_lefthand": {
			"rotation": [113.5, 0, 0],
			"translation": [0, 0.75, 9]
		},
		"firstperson_righthand": {
			"rotation": [76.18, 7.51, -13.9],
			"translation": [20.25, -3.75, -6.75]
		},
		"firstperson_lefthand": {
			"rotation": [76.18, 7.51, -13.9],
			"translation": [20.25, -3.75, -6.75]
		},
		"gui": {
			"rotation": [90, 54, -90],
			"translation": [2, 2.5, 0],
			"scale": [0.5, 0.5, 0.5]
		}
	},
	"groups": [
		{
			"name": "group",
			"origin": [8, -1.30237, 28.08866],
			"color": 0,
			"children": [
				0,
				1,
				2,
				3,
				4,
				5,
				6,
				7,
				{
					"name": "group",
					"origin": [7, 0, 4.5412],
					"color": 0,
					"children": [8, 9, 10, 11, 12, 13]
				}
			]
		}
	]
}