{
	"credit": "Made with Blockbench",
	"texture_size": [32, 64],
	"textures": {
		"1": "item/marvel_crate/thanos_double_edge_sword",
		"particle": "item/marvel_crate/thanos_double_edge_sword"
	},
	"elements": [
		{
			"from": [7.51, 0.5, -15.37868],
			"to": [8.49, 4.74264, -12.37868],
			"rotation": {"angle": 45, "axis": "x", "origin": [8, 2, -13.87868]},
			"faces": {
				"north": {"uv": [1.5, 5.25, 2, 6.25], "texture": "#1"},
				"east": {"uv": [7.5, 0, 9, 1], "texture": "#1"},
				"south": {"uv": [2, 5.25, 2.5, 6.25], "texture": "#1"},
				"west": {"uv": [7.5, 1, 9, 2], "texture": "#1"},
				"up": {"uv": [10, 4.25, 9.5, 3.5], "texture": "#1"},
				"down": {"uv": [6, 5.25, 5.5, 6], "texture": "#1"}
			}
		},
		{
			"from": [7, 1, 3],
			"to": [9, 3, 13],
			"rotation": {"angle": 0, "axis": "y", "origin": [7, 0, 7]},
			"faces": {
				"north": {"uv": [6.5, 2.5, 7.5, 3], "texture": "#1"},
				"east": {"uv": [0, 3, 5, 3.5], "texture": "#1"},
				"south": {"uv": [10.5, 1, 11.5, 1.5], "texture": "#1"},
				"west": {"uv": [5, 3, 10, 3.5], "texture": "#1"},
				"up": {"uv": [7.5, 2.5, 6.5, 0], "texture": "#1"},
				"down": {"uv": [1, 3.5, 0, 6], "texture": "#1"}
			}
		},
		{
			"from": [7, 0, 1],
			"to": [9, 4, 3],
			"rotation": {"angle": 0, "axis": "y", "origin": [7, 0, -3]},
			"faces": {
				"north": {"uv": [1, 4.25, 2, 5.25], "texture": "#1"},
				"east": {"uv": [2, 4.25, 3, 5.25], "texture": "#1"},
				"south": {"uv": [3, 4.25, 4, 5.25], "texture": "#1"},
				"west": {"uv": [4, 4.25, 5, 5.25], "texture": "#1"},
				"up": {"uv": [3.5, 5.75, 2.5, 5.25], "texture": "#1"},
				"down": {"uv": [11.5, 1.5, 10.5, 2], "texture": "#1"}
			}
		},
		{
			"from": [7, -3.38896, 2.07193],
			"to": [9, 0.61104, 4.07193],
			"rotation": {"angle": -22.5, "axis": "x", "origin": [8, -2.38896, 3.07193]},
			"faces": {
				"north": {"uv": [5, 4.25, 6, 5.25], "texture": "#1"},
				"east": {"uv": [6, 4.25, 7, 5.25], "texture": "#1"},
				"south": {"uv": [8, 4.25, 9, 5.25], "texture": "#1"},
				"west": {"uv": [9, 0, 10, 1], "texture": "#1"},
				"up": {"uv": [4.5, 5.75, 3.5, 5.25], "texture": "#1"},
				"down": {"uv": [11.5, 2, 10.5, 2.5], "texture": "#1"}
			}
		},
		{
			"from": [7, 3.38896, 2.07193],
			"to": [9, 7.38896, 4.07193],
			"rotation": {"angle": 22.5, "axis": "x", "origin": [8, 6.38896, 3.07193]},
			"faces": {
				"north": {"uv": [9, 1, 10, 2], "texture": "#1"},
				"east": {"uv": [9, 2, 10, 3], "texture": "#1"},
				"south": {"uv": [9, 4.25, 10, 5.25], "texture": "#1"},
				"west": {"uv": [10, 0, 11, 1], "texture": "#1"},
				"up": {"uv": [5.5, 5.75, 4.5, 5.25], "texture": "#1"},
				"down": {"uv": [11.5, 2.5, 10.5, 3], "texture": "#1"}
			}
		},
		{
			"from": [7.5, -1, -10],
			"to": [8.5, 5, 3],
			"rotation": {"angle": 0, "axis": "y", "origin": [7.5, 0, -3]},
			"faces": {
				"north": {"uv": [10, 1, 10.5, 2.5], "texture": "#1"},
				"east": {"uv": [0, 0, 6.5, 1.5], "texture": "#1"},
				"south": {"uv": [10, 2.5, 10.5, 4], "texture": "#1"},
				"west": {"uv": [0, 1.5, 6.5, 3], "texture": "#1"},
				"up": {"uv": [7.5, 6.75, 7, 3.5], "texture": "#1"},
				"down": {"uv": [8, 3.5, 7.5, 6.75], "texture": "#1"}
			}
		},
		{
			"from": [7.5, -1, -16],
			"to": [8.5, 2, -10],
			"rotation": {"angle": 0, "axis": "y", "origin": [7.5, 0, -3]},
			"faces": {
				"north": {"uv": [6, 5.25, 6.5, 6], "texture": "#1"},
				"east": {"uv": [1, 3.5, 4, 4.25], "texture": "#1"},
				"south": {"uv": [10.5, 3, 11, 3.75], "texture": "#1"},
				"west": {"uv": [4, 3.5, 7, 4.25], "texture": "#1"},
				"up": {"uv": [10.5, 5.5, 10, 4], "texture": "#1"},
				"down": {"uv": [1.5, 5.25, 1, 6.75], "texture": "#1"}
			}
		},
		{
			"from": [7.5, 2, -13],
			"to": [8.5, 5, -10],
			"rotation": {"angle": 0, "axis": "y", "origin": [7.5, 0, -3]},
			"faces": {
				"north": {"uv": [6.5, 5.25, 7, 6], "texture": "#1"},
				"east": {"uv": [7.5, 2, 9, 2.75], "texture": "#1"},
				"south": {"uv": [10.5, 3.75, 11, 4.5], "texture": "#1"},
				"west": {"uv": [8, 3.5, 9.5, 4.25], "texture": "#1"},
				"up": {"uv": [8.5, 6, 8, 5.25], "texture": "#1"},
				"down": {"uv": [9, 5.25, 8.5, 6], "texture": "#1"}
			}
		},
		{
			"from": [8.75, -1, -10],
			"to": [8.75, 5, 3],
			"rotation": {"angle": 0, "axis": "y", "origin": [8.5, 0, -3]},
			"faces": {
				"north": {"uv": [0, 0, 0, 1.5], "texture": "#1"},
				"east": {"uv": [0, 14.5, 6.5, 16], "texture": "#1"},
				"south": {"uv": [0, 0, 0, 1.5], "texture": "#1"},
				"west": {"uv": [9.5, 14.5, 16, 16], "texture": "#1"},
				"up": {"uv": [0, 0, 0, 3.25], "texture": "#1"},
				"down": {"uv": [0, 0, 0, 3.25], "texture": "#1"}
			}
		},
		{
			"from": [8.75, -1, -16],
			"to": [8.75, 2, -10],
			"rotation": {"angle": 0, "axis": "y", "origin": [8.5, 0, -3]},
			"faces": {
				"north": {"uv": [0, 0, 0, 0.75], "texture": "#1"},
				"east": {"uv": [13, 0.25, 16, 1], "texture": "#1"},
				"south": {"uv": [0, 0, 0, 0.75], "texture": "#1"},
				"west": {"uv": [13, 2, 16, 2.75], "texture": "#1"},
				"up": {"uv": [0, 0, 0, 1.5], "texture": "#1"},
				"down": {"uv": [0, 0, 0, 1.5], "texture": "#1"}
			}
		},
		{
			"from": [8.75, 2, -13],
			"to": [8.75, 5, -10],
			"rotation": {"angle": 0, "axis": "y", "origin": [8.5, 0, -3]},
			"faces": {
				"north": {"uv": [0, 0, 0, 0.75], "texture": "#1"},
				"east": {"uv": [14.5, 9.75, 16, 10.5], "texture": "#1"},
				"south": {"uv": [0, 0, 0, 0.75], "texture": "#1"},
				"west": {"uv": [9.5, 6.75, 11, 7.5], "texture": "#1"},
				"up": {"uv": [0, 0, 0, 0.75], "texture": "#1"},
				"down": {"uv": [0, 0, 0, 0.75], "texture": "#1"}
			}
		},
		{
			"from": [8.76, 0.5, -15.37868],
			"to": [8.76, 4.74264, -12.37868],
			"rotation": {"angle": 45, "axis": "x", "origin": [9, 2, -13.87868]},
			"faces": {
				"north": {"uv": [0, 0, 0, 1.06066], "texture": "#1"},
				"east": {"uv": [0, 7.25, 1.5, 8.31066], "texture": "#1"},
				"south": {"uv": [0, 0, 0, 1.06066], "texture": "#1"},
				"west": {"uv": [3, 7.75, 4.5, 8.81066], "texture": "#1"},
				"up": {"uv": [0, 0, 0, 0.75], "texture": "#1"},
				"down": {"uv": [0, 0, 0, 0.75], "texture": "#1"}
			}
		},
		{
			"from": [7.25, -1, -10],
			"to": [7.25, 5, 3],
			"rotation": {"angle": 0, "axis": "y", "origin": [7.5, 0, -3]},
			"faces": {
				"north": {"uv": [0, 0, 0, 1.5], "texture": "#1"},
				"east": {"uv": [16, 14.5, 9.5, 16], "texture": "#1"},
				"south": {"uv": [0, 0, 0, 1.5], "texture": "#1"},
				"west": {"uv": [6.5, 14.5, 0, 16], "texture": "#1"},
				"up": {"uv": [0, 0, 0, 3.25], "texture": "#1"},
				"down": {"uv": [0, 0, 0, 3.25], "texture": "#1"}
			}
		},
		{
			"from": [7.25, -1, -16],
			"to": [7.25, 2, -10],
			"rotation": {"angle": 0, "axis": "y", "origin": [7.5, 0, -3]},
			"faces": {
				"north": {"uv": [0, 0, 0, 0.75], "texture": "#1"},
				"east": {"uv": [16, 2, 13, 2.75], "texture": "#1"},
				"south": {"uv": [0, 0, 0, 0.75], "texture": "#1"},
				"west": {"uv": [16, 0.25, 13, 1], "texture": "#1"},
				"up": {"uv": [0, 0, 0, 1.5], "texture": "#1"},
				"down": {"uv": [0, 0, 0, 1.5], "texture": "#1"}
			}
		},
		{
			"from": [7.25, 2, -13],
			"to": [7.25, 5, -10],
			"rotation": {"angle": 0, "axis": "y", "origin": [7.5, 0, -3]},
			"faces": {
				"north": {"uv": [0, 0, 0, 0.75], "texture": "#1"},
				"east": {"uv": [11, 6.75, 9.5, 7.5], "texture": "#1"},
				"south": {"uv": [0, 0, 0, 0.75], "texture": "#1"},
				"west": {"uv": [16, 9.75, 14.5, 10.5], "texture": "#1"},
				"up": {"uv": [0, 0, 0, 0.75], "texture": "#1"},
				"down": {"uv": [0, 0, 0, 0.75], "texture": "#1"}
			}
		},
		{
			"from": [7.24, 0.5, -15.37868],
			"to": [7.24, 4.74264, -12.37868],
			"rotation": {"angle": 45, "axis": "x", "origin": [7, 2, -13.87868]},
			"faces": {
				"north": {"uv": [0, 0, 0, 1.06066], "texture": "#1"},
				"east": {"uv": [4.5, 7.75, 3, 8.81066], "texture": "#1"},
				"south": {"uv": [0, 0, 0, 1.06066], "texture": "#1"},
				"west": {"uv": [1.5, 7.25, 0, 8.31066], "texture": "#1"},
				"up": {"uv": [0, 0, 0, 0.75], "texture": "#1"},
				"down": {"uv": [0, 0, 0, 0.75], "texture": "#1"}
			}
		},
		{
			"from": [7.5, -1, -10],
			"to": [8.5, 5, 3],
			"rotation": {"angle": 0, "axis": "y", "origin": [7.5, 0, -3]},
			"faces": {
				"north": {"uv": [10, 1, 10.5, 2.5], "texture": "#1"},
				"east": {"uv": [0, 0, 6.5, 1.5], "texture": "#1"},
				"south": {"uv": [10, 2.5, 10.5, 4], "texture": "#1"},
				"west": {"uv": [0, 1.5, 6.5, 3], "texture": "#1"},
				"up": {"uv": [7.5, 6.75, 7, 3.5], "texture": "#1"},
				"down": {"uv": [8, 3.5, 7.5, 6.75], "texture": "#1"}
			}
		},
		{
			"from": [7.5, -1, -16],
			"to": [8.5, 2, -10],
			"rotation": {"angle": 0, "axis": "y", "origin": [7.5, 0, -3]},
			"faces": {
				"north": {"uv": [6, 5.25, 6.5, 6], "texture": "#1"},
				"east": {"uv": [1, 3.5, 4, 4.25], "texture": "#1"},
				"south": {"uv": [10.5, 3, 11, 3.75], "texture": "#1"},
				"west": {"uv": [4, 3.5, 7, 4.25], "texture": "#1"},
				"up": {"uv": [10.5, 5.5, 10, 4], "texture": "#1"},
				"down": {"uv": [1.5, 5.25, 1, 6.75], "texture": "#1"}
			}
		},
		{
			"from": [7.5, 2, -13],
			"to": [8.5, 5, -10],
			"rotation": {"angle": 0, "axis": "y", "origin": [7.5, 0, -3]},
			"faces": {
				"north": {"uv": [6.5, 5.25, 7, 6], "texture": "#1"},
				"east": {"uv": [7.5, 2, 9, 2.75], "texture": "#1"},
				"south": {"uv": [10.5, 3.75, 11, 4.5], "texture": "#1"},
				"west": {"uv": [8, 3.5, 9.5, 4.25], "texture": "#1"},
				"up": {"uv": [8.5, 6, 8, 5.25], "texture": "#1"},
				"down": {"uv": [9, 5.25, 8.5, 6], "texture": "#1"}
			}
		},
		{
			"from": [7.51, 0.5, -15.37868],
			"to": [8.49, 4.74264, -12.37868],
			"rotation": {"angle": 45, "axis": "x", "origin": [8, 2, -13.87868]},
			"faces": {
				"north": {"uv": [1.5, 5.25, 2, 6.25], "texture": "#1"},
				"east": {"uv": [7.5, 0, 9, 1], "texture": "#1"},
				"south": {"uv": [2, 5.25, 2.5, 6.25], "texture": "#1"},
				"west": {"uv": [7.5, 1, 9, 2], "texture": "#1"},
				"up": {"uv": [10, 4.25, 9.5, 3.5], "texture": "#1"},
				"down": {"uv": [6, 5.25, 5.5, 6], "texture": "#1"}
			}
		},
		{
			"from": [8.75, -1, -10],
			"to": [8.75, 5, 3],
			"rotation": {"angle": 0, "axis": "y", "origin": [8.5, 0, -3]},
			"faces": {
				"north": {"uv": [0, 0, 0, 1.5], "texture": "#1"},
				"east": {"uv": [0, 14.5, 6.5, 16], "texture": "#1"},
				"south": {"uv": [0, 0, 0, 1.5], "texture": "#1"},
				"west": {"uv": [9.5, 14.5, 16, 16], "texture": "#1"},
				"up": {"uv": [0, 0, 0, 3.25], "texture": "#1"},
				"down": {"uv": [0, 0, 0, 3.25], "texture": "#1"}
			}
		},
		{
			"from": [8.75, -1, -16],
			"to": [8.75, 2, -10],
			"rotation": {"angle": 0, "axis": "y", "origin": [8.5, 0, -3]},
			"faces": {
				"north": {"uv": [0, 0, 0, 0.75], "texture": "#1"},
				"east": {"uv": [13, 0.25, 16, 1], "texture": "#1"},
				"south": {"uv": [0, 0, 0, 0.75], "texture": "#1"},
				"west": {"uv": [13, 2, 16, 2.75], "texture": "#1"},
				"up": {"uv": [0, 0, 0, 1.5], "texture": "#1"},
				"down": {"uv": [0, 0, 0, 1.5], "texture": "#1"}
			}
		},
		{
			"from": [8.75, 2, -13],
			"to": [8.75, 5, -10],
			"rotation": {"angle": 0, "axis": "y", "origin": [8.5, 0, -3]},
			"faces": {
				"north": {"uv": [0, 0, 0, 0.75], "texture": "#1"},
				"east": {"uv": [14.5, 9.75, 16, 10.5], "texture": "#1"},
				"south": {"uv": [0, 0, 0, 0.75], "texture": "#1"},
				"west": {"uv": [9.5, 6.75, 11, 7.5], "texture": "#1"},
				"up": {"uv": [0, 0, 0, 0.75], "texture": "#1"},
				"down": {"uv": [0, 0, 0, 0.75], "texture": "#1"}
			}
		},
		{
			"from": [8.76, 0.5, -15.37868],
			"to": [8.76, 4.74264, -12.37868],
			"rotation": {"angle": 45, "axis": "x", "origin": [9, 2, -13.87868]},
			"faces": {
				"north": {"uv": [0, 0, 0, 1.06066], "texture": "#1"},
				"east": {"uv": [0, 7.25, 1.5, 8.31066], "texture": "#1"},
				"south": {"uv": [0, 0, 0, 1.06066], "texture": "#1"},
				"west": {"uv": [3, 7.75, 4.5, 8.81066], "texture": "#1"},
				"up": {"uv": [0, 0, 0, 0.75], "texture": "#1"},
				"down": {"uv": [0, 0, 0, 0.75], "texture": "#1"}
			}
		},
		{
			"from": [7.25, -1, -10],
			"to": [7.25, 5, 3],
			"rotation": {"angle": 0, "axis": "y", "origin": [7.5, 0, -3]},
			"faces": {
				"north": {"uv": [0, 0, 0, 1.5], "texture": "#1"},
				"east": {"uv": [16, 14.5, 9.5, 16], "texture": "#1"},
				"south": {"uv": [0, 0, 0, 1.5], "texture": "#1"},
				"west": {"uv": [6.5, 14.5, 0, 16], "texture": "#1"},
				"up": {"uv": [0, 0, 0, 3.25], "texture": "#1"},
				"down": {"uv": [0, 0, 0, 3.25], "texture": "#1"}
			}
		},
		{
			"from": [7.25, -1, -16],
			"to": [7.25, 2, -10],
			"rotation": {"angle": 0, "axis": "y", "origin": [7.5, 0, -3]},
			"faces": {
				"north": {"uv": [0, 0, 0, 0.75], "texture": "#1"},
				"east": {"uv": [16, 2, 13, 2.75], "texture": "#1"},
				"south": {"uv": [0, 0, 0, 0.75], "texture": "#1"},
				"west": {"uv": [16, 0.25, 13, 1], "texture": "#1"},
				"up": {"uv": [0, 0, 0, 1.5], "texture": "#1"},
				"down": {"uv": [0, 0, 0, 1.5], "texture": "#1"}
			}
		},
		{
			"from": [7.25, 2, -13],
			"to": [7.25, 5, -10],
			"rotation": {"angle": 0, "axis": "y", "origin": [7.5, 0, -3]},
			"faces": {
				"north": {"uv": [0, 0, 0, 0.75], "texture": "#1"},
				"east": {"uv": [11, 6.75, 9.5, 7.5], "texture": "#1"},
				"south": {"uv": [0, 0, 0, 0.75], "texture": "#1"},
				"west": {"uv": [16, 9.75, 14.5, 10.5], "texture": "#1"},
				"up": {"uv": [0, 0, 0, 0.75], "texture": "#1"},
				"down": {"uv": [0, 0, 0, 0.75], "texture": "#1"}
			}
		},
		{
			"from": [7.24, 0.5, -15.37868],
			"to": [7.24, 4.74264, -12.37868],
			"rotation": {"angle": 45, "axis": "x", "origin": [7, 2, -13.87868]},
			"faces": {
				"north": {"uv": [0, 0, 0, 1.06066], "texture": "#1"},
				"east": {"uv": [4.5, 7.75, 3, 8.81066], "texture": "#1"},
				"south": {"uv": [0, 0, 0, 1.06066], "texture": "#1"},
				"west": {"uv": [1.5, 7.25, 0, 8.31066], "texture": "#1"},
				"up": {"uv": [0, 0, 0, 0.75], "texture": "#1"},
				"down": {"uv": [0, 0, 0, 0.75], "texture": "#1"}
			}
		},
		{
			"from": [7, 0, 13],
			"to": [9, 4, 15],
			"rotation": {"angle": 0, "axis": "y", "origin": [9, 4, 19]},
			"faces": {
				"north": {"uv": [3, 5.25, 4, 4.25], "texture": "#1"},
				"east": {"uv": [4, 5.25, 5, 4.25], "texture": "#1"},
				"south": {"uv": [1, 5.25, 2, 4.25], "texture": "#1"},
				"west": {"uv": [2, 5.25, 3, 4.25], "texture": "#1"},
				"up": {"uv": [10.5, 1.5, 11.5, 2], "texture": "#1"},
				"down": {"uv": [2.5, 5.75, 3.5, 5.25], "texture": "#1"}
			}
		},
		{
			"from": [7, 3.38896, 11.92807],
			"to": [9, 7.38896, 13.92807],
			"rotation": {"angle": -22.5, "axis": "x", "origin": [8, 6.38896, 12.92807]},
			"faces": {
				"north": {"uv": [8, 5.25, 9, 4.25], "texture": "#1"},
				"east": {"uv": [9, 1, 10, 0], "texture": "#1"},
				"south": {"uv": [5, 5.25, 6, 4.25], "texture": "#1"},
				"west": {"uv": [6, 5.25, 7, 4.25], "texture": "#1"},
				"up": {"uv": [10.5, 2, 11.5, 2.5], "texture": "#1"},
				"down": {"uv": [3.5, 5.75, 4.5, 5.25], "texture": "#1"}
			}
		},
		{
			"from": [7, -3.38896, 11.92807],
			"to": [9, 0.61104, 13.92807],
			"rotation": {"angle": 22.5, "axis": "x", "origin": [8, -2.38896, 12.92807]},
			"faces": {
				"north": {"uv": [9, 5.25, 10, 4.25], "texture": "#1"},
				"east": {"uv": [10, 1, 11, 0], "texture": "#1"},
				"south": {"uv": [9, 2, 10, 1], "texture": "#1"},
				"west": {"uv": [9, 3, 10, 2], "texture": "#1"},
				"up": {"uv": [10.5, 2.5, 11.5, 3], "texture": "#1"},
				"down": {"uv": [4.5, 5.75, 5.5, 5.25], "texture": "#1"}
			}
		},
		{
			"from": [7.5, -1, 13],
			"to": [8.5, 5, 26],
			"rotation": {"angle": 0, "axis": "y", "origin": [8.5, 4, 19]},
			"faces": {
				"north": {"uv": [10, 4, 10.5, 2.5], "texture": "#1"},
				"east": {"uv": [0, 3, 6.5, 1.5], "texture": "#1"},
				"south": {"uv": [10, 2.5, 10.5, 1], "texture": "#1"},
				"west": {"uv": [0, 1.5, 6.5, 0], "texture": "#1"},
				"up": {"uv": [7.5, 3.5, 8, 6.75], "texture": "#1"},
				"down": {"uv": [7, 6.75, 7.5, 3.5], "texture": "#1"}
			}
		},
		{
			"from": [7.5, 2, 26],
			"to": [8.5, 5, 32],
			"rotation": {"angle": 0, "axis": "y", "origin": [8.5, 4, 19]},
			"faces": {
				"north": {"uv": [10.5, 3.75, 11, 3], "texture": "#1"},
				"east": {"uv": [4, 4.25, 7, 3.5], "texture": "#1"},
				"south": {"uv": [6, 6, 6.5, 5.25], "texture": "#1"},
				"west": {"uv": [1, 4.25, 4, 3.5], "texture": "#1"},
				"up": {"uv": [1, 5.25, 1.5, 6.75], "texture": "#1"},
				"down": {"uv": [10, 5.5, 10.5, 4], "texture": "#1"}
			}
		},
		{
			"from": [7.5, -1, 26],
			"to": [8.5, 2, 29],
			"rotation": {"angle": 0, "axis": "y", "origin": [8.5, 4, 19]},
			"faces": {
				"north": {"uv": [10.5, 4.5, 11, 3.75], "texture": "#1"},
				"east": {"uv": [8, 4.25, 9.5, 3.5], "texture": "#1"},
				"south": {"uv": [6.5, 6, 7, 5.25], "texture": "#1"},
				"west": {"uv": [7.5, 2.75, 9, 2], "texture": "#1"},
				"up": {"uv": [8.5, 5.25, 9, 6], "texture": "#1"},
				"down": {"uv": [8, 6, 8.5, 5.25], "texture": "#1"}
			}
		},
		{
			"from": [7.51, -0.74264, 28.37868],
			"to": [8.49, 3.5, 31.37868],
			"rotation": {"angle": 45, "axis": "x", "origin": [8, 2, 29.87868]},
			"faces": {
				"north": {"uv": [2, 6.25, 2.5, 5.25], "texture": "#1"},
				"east": {"uv": [7.5, 2, 9, 1], "texture": "#1"},
				"south": {"uv": [1.5, 6.25, 2, 5.25], "texture": "#1"},
				"west": {"uv": [7.5, 1, 9, 0], "texture": "#1"},
				"up": {"uv": [5.5, 5.25, 6, 6], "texture": "#1"},
				"down": {"uv": [9.5, 4.25, 10, 3.5], "texture": "#1"}
			}
		},
		{
			"from": [7.25, -1, 13],
			"to": [7.25, 5, 26],
			"rotation": {"angle": 0, "axis": "y", "origin": [7.5, 4, 19]},
			"faces": {
				"north": {"uv": [0, 1.5, 0, 0], "texture": "#1"},
				"east": {"uv": [9.5, 16, 16, 14.5], "texture": "#1"},
				"south": {"uv": [0, 1.5, 0, 0], "texture": "#1"},
				"west": {"uv": [0, 16, 6.5, 14.5], "texture": "#1"},
				"up": {"uv": [0, 0, 0, 3.25], "texture": "#1"},
				"down": {"uv": [0, 0, 0, 3.25], "texture": "#1"}
			}
		},
		{
			"from": [7.25, 2, 26],
			"to": [7.25, 5, 32],
			"rotation": {"angle": 0, "axis": "y", "origin": [7.5, 4, 19]},
			"faces": {
				"north": {"uv": [0, 0.75, 0, 0], "texture": "#1"},
				"east": {"uv": [13, 2.75, 16, 2], "texture": "#1"},
				"south": {"uv": [0, 0.75, 0, 0], "texture": "#1"},
				"west": {"uv": [13, 1, 16, 0.25], "texture": "#1"},
				"up": {"uv": [0, 0, 0, 1.5], "texture": "#1"},
				"down": {"uv": [0, 0, 0, 1.5], "texture": "#1"}
			}
		},
		{
			"from": [7.25, -1, 26],
			"to": [7.25, 2, 29],
			"rotation": {"angle": 0, "axis": "y", "origin": [7.5, 4, 19]},
			"faces": {
				"north": {"uv": [0, 0.75, 0, 0], "texture": "#1"},
				"east": {"uv": [9.5, 7.5, 11, 6.75], "texture": "#1"},
				"south": {"uv": [0, 0.75, 0, 0], "texture": "#1"},
				"west": {"uv": [14.5, 10.5, 16, 9.75], "texture": "#1"},
				"up": {"uv": [0, 0, 0, 0.75], "texture": "#1"},
				"down": {"uv": [0, 0, 0, 0.75], "texture": "#1"}
			}
		},
		{
			"from": [7.24, -0.74264, 28.37868],
			"to": [7.24, 3.5, 31.37868],
			"rotation": {"angle": 45, "axis": "x", "origin": [7, 2, 29.87868]},
			"faces": {
				"north": {"uv": [0, 1.06066, 0, 0], "texture": "#1"},
				"east": {"uv": [3, 8.81066, 4.5, 7.75], "texture": "#1"},
				"south": {"uv": [0, 1.06066, 0, 0], "texture": "#1"},
				"west": {"uv": [0, 8.31066, 1.5, 7.25], "texture": "#1"},
				"up": {"uv": [0, 0, 0, 0.75], "texture": "#1"},
				"down": {"uv": [0, 0, 0, 0.75], "texture": "#1"}
			}
		},
		{
			"from": [8.75, -1, 13],
			"to": [8.75, 5, 26],
			"rotation": {"angle": 0, "axis": "y", "origin": [8.5, 4, 19]},
			"faces": {
				"north": {"uv": [0, 1.5, 0, 0], "texture": "#1"},
				"east": {"uv": [6.5, 16, 0, 14.5], "texture": "#1"},
				"south": {"uv": [0, 1.5, 0, 0], "texture": "#1"},
				"west": {"uv": [16, 16, 9.5, 14.5], "texture": "#1"},
				"up": {"uv": [0, 0, 0, 3.25], "texture": "#1"},
				"down": {"uv": [0, 0, 0, 3.25], "texture": "#1"}
			}
		},
		{
			"from": [8.75, 2, 26],
			"to": [8.75, 5, 32],
			"rotation": {"angle": 0, "axis": "y", "origin": [8.5, 4, 19]},
			"faces": {
				"north": {"uv": [0, 0.75, 0, 0], "texture": "#1"},
				"east": {"uv": [16, 1, 13, 0.25], "texture": "#1"},
				"south": {"uv": [0, 0.75, 0, 0], "texture": "#1"},
				"west": {"uv": [16, 2.75, 13, 2], "texture": "#1"},
				"up": {"uv": [0, 0, 0, 1.5], "texture": "#1"},
				"down": {"uv": [0, 0, 0, 1.5], "texture": "#1"}
			}
		},
		{
			"from": [8.75, -1, 26],
			"to": [8.75, 2, 29],
			"rotation": {"angle": 0, "axis": "y", "origin": [8.5, 4, 19]},
			"faces": {
				"north": {"uv": [0, 0.75, 0, 0], "texture": "#1"},
				"east": {"uv": [16, 10.5, 14.5, 9.75], "texture": "#1"},
				"south": {"uv": [0, 0.75, 0, 0], "texture": "#1"},
				"west": {"uv": [11, 7.5, 9.5, 6.75], "texture": "#1"},
				"up": {"uv": [0, 0, 0, 0.75], "texture": "#1"},
				"down": {"uv": [0, 0, 0, 0.75], "texture": "#1"}
			}
		},
		{
			"from": [8.76, -0.74264, 28.37868],
			"to": [8.76, 3.5, 31.37868],
			"rotation": {"angle": 45, "axis": "x", "origin": [9, 2, 29.87868]},
			"faces": {
				"north": {"uv": [0, 1.06066, 0, 0], "texture": "#1"},
				"east": {"uv": [1.5, 8.31066, 0, 7.25], "texture": "#1"},
				"south": {"uv": [0, 1.06066, 0, 0], "texture": "#1"},
				"west": {"uv": [4.5, 8.81066, 3, 7.75], "texture": "#1"},
				"up": {"uv": [0, 0, 0, 0.75], "texture": "#1"},
				"down": {"uv": [0, 0, 0, 0.75], "texture": "#1"}
			}
		},
		{
			"from": [7.5, -1, 13],
			"to": [8.5, 5, 26],
			"rotation": {"angle": 0, "axis": "y", "origin": [8.5, 4, 19]},
			"faces": {
				"north": {"uv": [10, 4, 10.5, 2.5], "texture": "#1"},
				"east": {"uv": [0, 3, 6.5, 1.5], "texture": "#1"},
				"south": {"uv": [10, 2.5, 10.5, 1], "texture": "#1"},
				"west": {"uv": [0, 1.5, 6.5, 0], "texture": "#1"},
				"up": {"uv": [7.5, 3.5, 8, 6.75], "texture": "#1"},
				"down": {"uv": [7, 6.75, 7.5, 3.5], "texture": "#1"}
			}
		},
		{
			"from": [7.5, 2, 26],
			"to": [8.5, 5, 32],
			"rotation": {"angle": 0, "axis": "y", "origin": [8.5, 4, 19]},
			"faces": {
				"north": {"uv": [10.5, 3.75, 11, 3], "texture": "#1"},
				"east": {"uv": [4, 4.25, 7, 3.5], "texture": "#1"},
				"south": {"uv": [6, 6, 6.5, 5.25], "texture": "#1"},
				"west": {"uv": [1, 4.25, 4, 3.5], "texture": "#1"},
				"up": {"uv": [1, 5.25, 1.5, 6.75], "texture": "#1"},
				"down": {"uv": [10, 5.5, 10.5, 4], "texture": "#1"}
			}
		},
		{
			"from": [7.5, -1, 26],
			"to": [8.5, 2, 29],
			"rotation": {"angle": 0, "axis": "y", "origin": [8.5, 4, 19]},
			"faces": {
				"north": {"uv": [10.5, 4.5, 11, 3.75], "texture": "#1"},
				"east": {"uv": [8, 4.25, 9.5, 3.5], "texture": "#1"},
				"south": {"uv": [6.5, 6, 7, 5.25], "texture": "#1"},
				"west": {"uv": [7.5, 2.75, 9, 2], "texture": "#1"},
				"up": {"uv": [8.5, 5.25, 9, 6], "texture": "#1"},
				"down": {"uv": [8, 6, 8.5, 5.25], "texture": "#1"}
			}
		},
		{
			"from": [7.51, -0.74264, 28.37868],
			"to": [8.49, 3.5, 31.37868],
			"rotation": {"angle": 45, "axis": "x", "origin": [8, 2, 29.87868]},
			"faces": {
				"north": {"uv": [2, 6.25, 2.5, 5.25], "texture": "#1"},
				"east": {"uv": [7.5, 2, 9, 1], "texture": "#1"},
				"south": {"uv": [1.5, 6.25, 2, 5.25], "texture": "#1"},
				"west": {"uv": [7.5, 1, 9, 0], "texture": "#1"},
				"up": {"uv": [5.5, 5.25, 6, 6], "texture": "#1"},
				"down": {"uv": [9.5, 4.25, 10, 3.5], "texture": "#1"}
			}
		},
		{
			"from": [7.25, -1, 13],
			"to": [7.25, 5, 26],
			"rotation": {"angle": 0, "axis": "y", "origin": [7.5, 4, 19]},
			"faces": {
				"north": {"uv": [0, 1.5, 0, 0], "texture": "#1"},
				"east": {"uv": [9.5, 16, 16, 14.5], "texture": "#1"},
				"south": {"uv": [0, 1.5, 0, 0], "texture": "#1"},
				"west": {"uv": [0, 16, 6.5, 14.5], "texture": "#1"},
				"up": {"uv": [0, 0, 0, 3.25], "texture": "#1"},
				"down": {"uv": [0, 0, 0, 3.25], "texture": "#1"}
			}
		},
		{
			"from": [7.25, 2, 26],
			"to": [7.25, 5, 32],
			"rotation": {"angle": 0, "axis": "y", "origin": [7.5, 4, 19]},
			"faces": {
				"north": {"uv": [0, 0.75, 0, 0], "texture": "#1"},
				"east": {"uv": [13, 2.75, 16, 2], "texture": "#1"},
				"south": {"uv": [0, 0.75, 0, 0], "texture": "#1"},
				"west": {"uv": [13, 1, 16, 0.25], "texture": "#1"},
				"up": {"uv": [0, 0, 0, 1.5], "texture": "#1"},
				"down": {"uv": [0, 0, 0, 1.5], "texture": "#1"}
			}
		},
		{
			"from": [7.25, -1, 26],
			"to": [7.25, 2, 29],
			"rotation": {"angle": 0, "axis": "y", "origin": [7.5, 4, 19]},
			"faces": {
				"north": {"uv": [0, 0.75, 0, 0], "texture": "#1"},
				"east": {"uv": [9.5, 7.5, 11, 6.75], "texture": "#1"},
				"south": {"uv": [0, 0.75, 0, 0], "texture": "#1"},
				"west": {"uv": [14.5, 10.5, 16, 9.75], "texture": "#1"},
				"up": {"uv": [0, 0, 0, 0.75], "texture": "#1"},
				"down": {"uv": [0, 0, 0, 0.75], "texture": "#1"}
			}
		},
		{
			"from": [7.24, -0.74264, 28.37868],
			"to": [7.24, 3.5, 31.37868],
			"rotation": {"angle": 45, "axis": "x", "origin": [7, 2, 29.87868]},
			"faces": {
				"north": {"uv": [0, 1.06066, 0, 0], "texture": "#1"},
				"east": {"uv": [3, 8.81066, 4.5, 7.75], "texture": "#1"},
				"south": {"uv": [0, 1.06066, 0, 0], "texture": "#1"},
				"west": {"uv": [0, 8.31066, 1.5, 7.25], "texture": "#1"},
				"up": {"uv": [0, 0, 0, 0.75], "texture": "#1"},
				"down": {"uv": [0, 0, 0, 0.75], "texture": "#1"}
			}
		},
		{
			"from": [8.75, -1, 13],
			"to": [8.75, 5, 26],
			"rotation": {"angle": 0, "axis": "y", "origin": [8.5, 4, 19]},
			"faces": {
				"north": {"uv": [0, 1.5, 0, 0], "texture": "#1"},
				"east": {"uv": [6.5, 16, 0, 14.5], "texture": "#1"},
				"south": {"uv": [0, 1.5, 0, 0], "texture": "#1"},
				"west": {"uv": [16, 16, 9.5, 14.5], "texture": "#1"},
				"up": {"uv": [0, 0, 0, 3.25], "texture": "#1"},
				"down": {"uv": [0, 0, 0, 3.25], "texture": "#1"}
			}
		},
		{
			"from": [8.75, 2, 26],
			"to": [8.75, 5, 32],
			"rotation": {"angle": 0, "axis": "y", "origin": [8.5, 4, 19]},
			"faces": {
				"north": {"uv": [0, 0.75, 0, 0], "texture": "#1"},
				"east": {"uv": [16, 1, 13, 0.25], "texture": "#1"},
				"south": {"uv": [0, 0.75, 0, 0], "texture": "#1"},
				"west": {"uv": [16, 2.75, 13, 2], "texture": "#1"},
				"up": {"uv": [0, 0, 0, 1.5], "texture": "#1"},
				"down": {"uv": [0, 0, 0, 1.5], "texture": "#1"}
			}
		},
		{
			"from": [8.75, -1, 26],
			"to": [8.75, 2, 29],
			"rotation": {"angle": 0, "axis": "y", "origin": [8.5, 4, 19]},
			"faces": {
				"north": {"uv": [0, 0.75, 0, 0], "texture": "#1"},
				"east": {"uv": [16, 10.5, 14.5, 9.75], "texture": "#1"},
				"south": {"uv": [0, 0.75, 0, 0], "texture": "#1"},
				"west": {"uv": [11, 7.5, 9.5, 6.75], "texture": "#1"},
				"up": {"uv": [0, 0, 0, 0.75], "texture": "#1"},
				"down": {"uv": [0, 0, 0, 0.75], "texture": "#1"}
			}
		},
		{
			"from": [8.76, -0.74264, 28.37868],
			"to": [8.76, 3.5, 31.37868],
			"rotation": {"angle": 45, "axis": "x", "origin": [9, 2, 29.87868]},
			"faces": {
				"north": {"uv": [0, 1.06066, 0, 0], "texture": "#1"},
				"east": {"uv": [1.5, 8.31066, 0, 7.25], "texture": "#1"},
				"south": {"uv": [0, 1.06066, 0, 0], "texture": "#1"},
				"west": {"uv": [4.5, 8.81066, 3, 7.75], "texture": "#1"},
				"up": {"uv": [0, 0, 0, 0.75], "texture": "#1"},
				"down": {"uv": [0, 0, 0, 0.75], "texture": "#1"}
			}
		}
	],
	"gui_light": "front",
	"display": {
		"thirdperson_righthand": {
			"rotation": [90, 180, 0],
			"translation": [0, -2, 7.5]
		},
		"thirdperson_lefthand": {
			"rotation": [90, 180, 0],
			"translation": [0, -2.25, 7.25]
		},
		"firstperson_righthand": {
			"rotation": [51, 180, 0],
			"translation": [7.25, -0.5, 0.5],
			"scale": [0.5, 0.5, 0.5]
		},
		"firstperson_lefthand": {
			"rotation": [51, 180, 0],
			"translation": [7.25, -0.5, 0.5],
			"scale": [0.5, 0.5, 0.5]
		},
		"ground": {
			"translation": [0, 8.75, 0]
		},
		"gui": {
			"rotation": [45.31, 41.37, -16.17],
			"translation": [0, 2.5, 0],
			"scale": [0.5, 0.5, 0.5]
		}
	},
	"groups": [
		{
			"name": "group",
			"origin": [7.5, 0, -3],
			"color": 0,
			"children": [
				0,
				1,
				2,
				3,
				4,
				5,
				6,
				7,
				{
					"name": "group",
					"origin": [9, 2, -13.87868],
					"color": 0,
					"children": [8, 9, 10, 11]
				},
				{
					"name": "group",
					"origin": [9, 2, -13.87868],
					"color": 0,
					"children": [12, 13, 14, 15]
				},
				16,
				17,
				18,
				19,
				20,
				21,
				22,
				23,
				24,
				25,
				26,
				27,
				28,
				29,
				30,
				31,
				32,
				33,
				34,
				35,
				36,
				37,
				38,
				39,
				40,
				41,
				42,
				43,
				44,
				45,
				46,
				47,
				48,
				49,
				50,
				51,
				52,
				53,
				54
			]
		}
	]
}