{
	"credit": "Made with Blockbench",
	"texture_size": [64, 64],
	"textures": {
		"1": "item/marvel_crate/thor_stormbreaker"
	},
	"elements": [
		{
			"from": [7, 1, -3],
			"to": [9, 3, 9],
			"rotation": {"angle": 0, "axis": "y", "origin": [6, -1, 6]},
			"faces": {
				"north": {"uv": [5, 5, 5.5, 5.5], "texture": "#1"},
				"east": {"uv": [0, 0, 4.75, 0.5], "texture": "#1"},
				"south": {"uv": [2, 5.5, 2.5, 6], "texture": "#1"},
				"west": {"uv": [0, 0.5, 4.75, 1], "texture": "#1"},
				"up": {"uv": [0.5, 5.75, 0, 1], "texture": "#1"},
				"down": {"uv": [1, 1, 0.5, 5.75], "texture": "#1"}
			}
		},
		{
			"from": [6.5, 0.5, -2.25],
			"to": [9.5, 3.5, 9],
			"rotation": {"angle": 0, "axis": "y", "origin": [6, -1, 7]},
			"faces": {
				"north": {"uv": [2.5, 5.5, 3, 6], "texture": "#1"},
				"east": {"uv": [1, 1, 5.75, 1.5], "texture": "#1"},
				"south": {"uv": [5.5, 3, 6, 3.5], "texture": "#1"},
				"west": {"uv": [1, 1.5, 5.75, 2], "texture": "#1"},
				"up": {"uv": [1.5, 6.75, 1, 2], "texture": "#1"},
				"down": {"uv": [2, 2, 1.5, 6.75], "texture": "#1"}
			}
		},
		{
			"from": [7, 0.5021, 26.50314],
			"to": [9, 2.5021, 29.50314],
			"rotation": {"angle": 22.5, "axis": "x", "origin": [8, 1.5021, 28.00314]},
			"faces": {
				"north": {"uv": [5.5, 3.5, 6, 4], "texture": "#1"},
				"east": {"uv": [5, 2, 5.75, 2.5], "texture": "#1"},
				"south": {"uv": [5.5, 4.5, 6, 5], "texture": "#1"},
				"west": {"uv": [5, 2.5, 5.75, 3], "texture": "#1"},
				"up": {"uv": [3.5, 5.75, 3, 5], "texture": "#1"},
				"down": {"uv": [5.5, 3, 5, 3.75], "texture": "#1"}
			}
		},
		{
			"from": [7.498, -4, -2.5],
			"to": [8.538, 2, 1.5],
			"rotation": {"angle": -22.5, "axis": "x", "origin": [8.5, 1, 0.5]},
			"faces": {
				"north": {"uv": [3.5, 5, 3.75, 6.5], "texture": "#1"},
				"east": {"uv": [2, 2, 3, 3.5], "texture": "#1"},
				"south": {"uv": [3.75, 5, 4, 6.5], "texture": "#1"},
				"west": {"uv": [3, 2, 4, 3.5], "texture": "#1"},
				"up": {"uv": [5.25, 6.5, 5, 5.5], "texture": "#1"},
				"down": {"uv": [5.75, 5, 5.5, 6], "texture": "#1"}
			}
		},
		{
			"from": [7.499, -3.84776, -3.59077],
			"to": [8.519, 2.15224, 0.40923],
			"rotation": {"angle": 22.5, "axis": "x", "origin": [8.5, -0.84776, -2.59077]},
			"faces": {
				"north": {"uv": [4.5, 5, 4.75, 6.5], "texture": "#1"},
				"east": {"uv": [2, 3.5, 3, 5], "texture": "#1"},
				"south": {"uv": [4.75, 5, 5, 6.5], "texture": "#1"},
				"west": {"uv": [3, 3.5, 4, 5], "texture": "#1"},
				"up": {"uv": [5.5, 6.5, 5.25, 5.5], "texture": "#1"},
				"down": {"uv": [0.25, 5.75, 0, 6.75], "texture": "#1"}
			}
		},
		{
			"from": [7.51, -4.23671, -4.6627],
			"to": [8.49, -3.23671, 3.3373],
			"rotation": {"angle": 0, "axis": "x", "origin": [8.5, -5.23671, 0.3373]},
			"faces": {
				"north": {"uv": [5, 3.75, 5.25, 4], "texture": "#1"},
				"east": {"uv": [4, 4, 6, 4.25], "texture": "#1"},
				"south": {"uv": [5.25, 3.75, 5.5, 4], "texture": "#1"},
				"west": {"uv": [4, 4.25, 6, 4.5], "texture": "#1"},
				"up": {"uv": [4.25, 6.5, 4, 4.5], "texture": "#1"},
				"down": {"uv": [4.5, 4.5, 4.25, 6.5], "texture": "#1"}
			}
		},
		{
			"from": [7.5, -5.84357, -1.0909],
			"to": [8.5, -3.84357, 3.2591],
			"rotation": {"angle": -22.5, "axis": "x", "origin": [8.5, -4.84357, -0.7409]},
			"faces": {
				"north": {"uv": [6, 1, 6.25, 1.5], "texture": "#1"},
				"east": {"uv": [4.5, 4.5, 5.5, 5], "texture": "#1"},
				"south": {"uv": [6, 1.5, 6.25, 2], "texture": "#1"},
				"west": {"uv": [4.75, 0, 5.75, 0.5], "texture": "#1"},
				"up": {"uv": [6, 1, 5.75, 0], "texture": "#1"},
				"down": {"uv": [0.5, 5.75, 0.25, 6.75], "texture": "#1"}
			}
		},
		{
			"from": [7.5, -5.09265, -4.43226],
			"to": [8.5, -3.0782, -0.11714],
			"rotation": {"angle": 22.5, "axis": "x", "origin": [8.5, -4.0782, -2.43226]},
			"faces": {
				"north": {"uv": [2, 6, 2.25, 6.5], "texture": "#1"},
				"east": {"uv": [4.75, 0.5, 5.75, 1], "texture": "#1"},
				"south": {"uv": [6, 2, 6.25, 2.5], "texture": "#1"},
				"west": {"uv": [2, 5, 3, 5.5], "texture": "#1"},
				"up": {"uv": [0.75, 6.75, 0.5, 5.75], "texture": "#1"},
				"down": {"uv": [1, 5.75, 0.75, 6.75], "texture": "#1"}
			}
		},
		{
			"from": [7.48, 4, -2.5],
			"to": [8.52, 8, 1.5],
			"rotation": {"angle": 0, "axis": "y", "origin": [6.5, 2, 5.5]},
			"faces": {
				"north": {"uv": [5.75, 1, 6, 2], "texture": "#1"},
				"east": {"uv": [4, 2, 5, 3], "texture": "#1"},
				"south": {"uv": [5.75, 2, 6, 3], "texture": "#1"},
				"west": {"uv": [4, 3, 5, 4], "texture": "#1"},
				"up": {"uv": [3.25, 6.75, 3, 5.75], "texture": "#1"},
				"down": {"uv": [3.5, 5.75, 3.25, 6.75], "texture": "#1"}
			}
		},
		{
			"from": [7.499, 2.91761, -1.11313],
			"to": [8.519, 4.91761, 0.88687],
			"rotation": {"angle": 22.5, "axis": "x", "origin": [8.5, 2.91761, -1.11313]},
			"faces": {
				"north": {"uv": [2.25, 6, 2.5, 6.5], "texture": "#1"},
				"east": {"uv": [5.75, 5, 6.25, 5.5], "texture": "#1"},
				"south": {"uv": [2.5, 6, 2.75, 6.5], "texture": "#1"},
				"west": {"uv": [5.75, 5.5, 6.25, 6], "texture": "#1"},
				"up": {"uv": [6.25, 3, 6, 2.5], "texture": "#1"},
				"down": {"uv": [3, 6, 2.75, 6.5], "texture": "#1"}
			}
		},
		{
			"from": [7.5, 2.26746, -2.15538],
			"to": [8.5, 4.26746, -0.15538],
			"rotation": {"angle": -22.5, "axis": "x", "origin": [8.5, 3.26746, -1.65538]},
			"faces": {
				"north": {"uv": [6, 3, 6.25, 3.5], "texture": "#1"},
				"east": {"uv": [6, 0, 6.5, 0.5], "texture": "#1"},
				"south": {"uv": [6, 3.5, 6.25, 4], "texture": "#1"},
				"west": {"uv": [6, 0.5, 6.5, 1], "texture": "#1"},
				"up": {"uv": [6.25, 4.5, 6, 4], "texture": "#1"},
				"down": {"uv": [6.25, 4.5, 6, 5], "texture": "#1"}
			}
		},
		{
			"from": [8.75, -6.65, -7.35],
			"to": [8.75, 10.35, 4.65],
			"rotation": {"angle": 0, "axis": "y", "origin": [8.75, 1.85, -1.35]},
			"faces": {
				"north": {"uv": [0, 0, 0, 4.25], "texture": "#1"},
				"east": {"uv": [0.125, 7.875, 3.125, 12.125], "texture": "#1"},
				"south": {"uv": [0, 0, 0, 4.25], "texture": "#1"},
				"west": {"uv": [4.625, 8.25, 7.625, 12.5], "texture": "#1"},
				"up": {"uv": [0, 0, 0, 3], "texture": "#1"},
				"down": {"uv": [0, 0, 0, 3], "texture": "#1"}
			}
		},
		{
			"from": [7.25, -6.75, -7.35],
			"to": [7.25, 10.25, 4.65],
			"rotation": {"angle": 0, "axis": "y", "origin": [7.25, 0.25, -4.25]},
			"faces": {
				"north": {"uv": [0, 0, 0, 4.25], "texture": "#1"},
				"east": {"uv": [7.625, 8.25, 4.625, 12.5], "texture": "#1"},
				"south": {"uv": [0, 0, 0, 4.25], "texture": "#1"},
				"west": {"uv": [3.125, 7.875, 0.125, 12.125], "texture": "#1"},
				"up": {"uv": [0, 0, 0, 3], "texture": "#1"},
				"down": {"uv": [0, 0, 0, 3], "texture": "#1"}
			}
		},
		{
			"from": [11.64645, -5, -0.68198],
			"to": [11.64645, 7, 8.31802],
			"rotation": {"angle": 45, "axis": "y", "origin": [11.64645, 1, 3.81802]},
			"faces": {
				"north": {"uv": [0, 0, 0, 3], "texture": "#1"},
				"east": {"uv": [0, 13, 2.25, 16], "texture": "#1"},
				"south": {"uv": [0, 0, 0, 3], "texture": "#1"},
				"west": {"uv": [2.625, 13, 4.875, 16], "texture": "#1"},
				"up": {"uv": [0, 0, 0, 2.25], "texture": "#1"},
				"down": {"uv": [0, 0, 0, 2.25], "texture": "#1"}
			}
		},
		{
			"from": [6.35355, 2, 0.31802],
			"to": [6.35355, 8, 4.31802],
			"rotation": {"angle": -45, "axis": "y", "origin": [6.35355, 5, 2.81802]},
			"faces": {
				"north": {"uv": [0, 3, 0, 0], "texture": "#1"},
				"east": {"uv": [4.875, 16, 2.625, 13], "texture": "#1"},
				"south": {"uv": [0, 3, 0, 0], "texture": "#1"},
				"west": {"uv": [2.25, 16, 0, 13], "texture": "#1"},
				"up": {"uv": [0, 2.25, 0, 0], "texture": "#1"},
				"down": {"uv": [0, 2.25, 0, 0], "texture": "#1"}
			}
		},
		{
			"from": [4.35355, -6.5, -8.18198],
			"to": [4.35355, 2.5, 3.81802],
			"rotation": {"angle": -45, "axis": "z", "origin": [4.35355, -2, -2.18198]},
			"faces": {
				"north": {"uv": [0, 2.25, 0, 0], "rotation": 180, "texture": "#1"},
				"east": {"uv": [4.875, 16, 2.625, 13], "rotation": 270, "texture": "#1"},
				"south": {"uv": [0, 2.25, 0, 0], "texture": "#1"},
				"west": {"uv": [2.25, 16, 0, 13], "rotation": 90, "texture": "#1"},
				"up": {"uv": [0, 3, 0, 0], "rotation": 180, "texture": "#1"},
				"down": {"uv": [0, 3, 0, 0], "texture": "#1"}
			}
		},
		{
			"from": [4.64645, -9.5, -4.18198],
			"to": [16.64645, -0.5, -4.18198],
			"rotation": {"angle": 45, "axis": "x", "origin": [10.64645, -5, -4.18198]},
			"faces": {
				"north": {"uv": [0, 13, 2.25, 16], "rotation": 270, "texture": "#1"},
				"east": {"uv": [0, 0, 0, 2.25], "texture": "#1"},
				"south": {"uv": [2.625, 13, 4.875, 16], "rotation": 90, "texture": "#1"},
				"west": {"uv": [0, 0, 0, 2.25], "rotation": 180, "texture": "#1"},
				"up": {"uv": [0, 0, 0, 3], "rotation": 90, "texture": "#1"},
				"down": {"uv": [0, 0, 0, 3], "rotation": 90, "texture": "#1"}
			}
		},
		{
			"from": [7.15, 1.1, 9],
			"to": [8.9, 2.85, 19],
			"rotation": {"angle": 0, "axis": "y", "origin": [5.9, -0.9, 16]},
			"faces": {
				"north": {"uv": [5, 5, 5.5, 5.5], "texture": "#1"},
				"east": {"uv": [0, 0, 3.25, 0.5], "texture": "#1"},
				"south": {"uv": [2, 5.5, 2.5, 6], "texture": "#1"},
				"west": {"uv": [0, 0.5, 3.25, 1], "texture": "#1"},
				"up": {"uv": [0.5, 3.625, 0, 1], "texture": "#1"},
				"down": {"uv": [1, 1, 0.5, 3.625], "texture": "#1"}
			}
		},
		{
			"from": [7, 1, 19],
			"to": [9, 3, 27],
			"rotation": {"angle": 0, "axis": "y", "origin": [8, 2, 25]},
			"faces": {
				"north": {"uv": [2, 5.5, 2.5, 6], "texture": "#1"},
				"east": {"uv": [0, 0.5, 3.375, 1], "texture": "#1"},
				"south": {"uv": [5, 5, 5.5, 5.5], "texture": "#1"},
				"west": {"uv": [0, 0, 3.375, 0.5], "texture": "#1"},
				"up": {"uv": [0.5, 4.625, 0, 1], "rotation": 180, "texture": "#1"},
				"down": {"uv": [1, 1, 0.5, 4.625], "rotation": 180, "texture": "#1"}
			}
		},
		{
			"from": [6.9, 2.9, 18.75],
			"to": [9.1, 5.6, 29.25],
			"rotation": {"angle": 22.5, "axis": "x", "origin": [10, 1.25, 20.5]},
			"faces": {
				"north": {"uv": [5.5, 3, 6, 3.5], "texture": "#1"},
				"east": {"uv": [1, 1.5, 5.75, 2], "texture": "#1"},
				"south": {"uv": [2.5, 5.5, 3, 6], "texture": "#1"},
				"west": {"uv": [1, 1, 5.75, 1.5], "texture": "#1"},
				"up": {"uv": [1, 2, 1.5, 6.75], "texture": "#1"},
				"down": {"uv": [1.5, 6.75, 2, 2], "texture": "#1"}
			}
		}
	],
	"gui_light": "front",
	"display": {
		"thirdperson_righthand": {
			"rotation": [90, 0, 0],
			"translation": [0, 0, 7]
		},
		"thirdperson_lefthand": {
			"rotation": [90, 0, 0],
			"translation": [0, 0, 7.5]
		},
		"firstperson_righthand": {
			"rotation": [79, 0, 0],
			"translation": [3, 7, 2.75],
			"scale": [0.5, 0.5, 0.5]
		},
		"firstperson_lefthand": {
			"rotation": [79, 0, 0],
			"translation": [3, 7, 2.75],
			"scale": [0.5, 0.5, 0.5]
		},
		"ground": {
			"translation": [0, 9.5, 0]
		},
		"gui": {
			"rotation": [49.4, 37.53, -35.43],
			"translation": [0, 3.25, 0],
			"scale": [0.5, 0.5, 0.5]
		}
	},
	"groups": [
		{
			"name": "group",
			"origin": [6, -1, 6],
			"color": 0,
			"children": [
				0,
				{
					"name": "group",
					"origin": [6, -1, 6],
					"color": 0,
					"children": [1]
				},
				2,
				3,
				4,
				5,
				6,
				7,
				8,
				9,
				10,
				11,
				12,
				13,
				14,
				15,
				16,
				17,
				18,
				19
			]
		}
	]
}