{
	"textures": {
		"0": "item/fishing/legendary/amethyst_anglerfish"
	},
	"elements": [
		{
			"name": "amethyst_anglerfish_0",
			"from": [13, 0, 0],
			"to": [16, 1, 2],
			"faces": {
				"north": {"uv": [16, 0, 13, 1], "texture": "#0"},
				"east": {"uv": [15, 0, 16, 2], "rotation": 90, "texture": "#0"},
				"south": {"uv": [13, 1, 16, 2], "texture": "#0"},
				"west": {"uv": [13, 0, 14, 2], "rotation": 270, "texture": "#0"},
				"up": {"uv": [13, 0, 16, 2], "texture": "#0"},
				"down": {"uv": [13, 2, 16, 0], "texture": "#0"}
			}
		},
		{
			"name": "amethyst_anglerfish_1",
			"from": [10, 0, 1],
			"to": [13, 1, 16],
			"faces": {
				"north": {"uv": [13, 1, 10, 2], "texture": "#0"},
				"east": {"uv": [12, 1, 13, 16], "rotation": 90, "texture": "#0"},
				"south": {"uv": [10, 15, 13, 16], "texture": "#0"},
				"west": {"uv": [10, 1, 11, 16], "rotation": 270, "texture": "#0"},
				"up": {"uv": [10, 1, 13, 16], "texture": "#0"},
				"down": {"uv": [10, 16, 13, 1], "texture": "#0"}
			}
		},
		{
			"name": "amethyst_anglerfish_2",
			"from": [5, 0, 2],
			"to": [10, 1, 14],
			"faces": {
				"north": {"uv": [10, 2, 5, 3], "texture": "#0"},
				"east": {"uv": [9, 2, 10, 14], "rotation": 90, "texture": "#0"},
				"south": {"uv": [5, 13, 10, 14], "texture": "#0"},
				"west": {"uv": [5, 2, 6, 14], "rotation": 270, "texture": "#0"},
				"up": {"uv": [5, 2, 10, 14], "texture": "#0"},
				"down": {"uv": [5, 14, 10, 2], "texture": "#0"}
			}
		},
		{
			"name": "amethyst_anglerfish_3",
			"from": [13, 0, 2],
			"to": [15, 1, 3],
			"faces": {
				"north": {"uv": [15, 2, 13, 3], "texture": "#0"},
				"east": {"uv": [14, 2, 15, 3], "rotation": 90, "texture": "#0"},
				"south": {"uv": [13, 2, 15, 3], "texture": "#0"},
				"west": {"uv": [13, 2, 14, 3], "rotation": 270, "texture": "#0"},
				"up": {"uv": [13, 2, 15, 3], "texture": "#0"},
				"down": {"uv": [13, 3, 15, 2], "texture": "#0"}
			}
		},
		{
			"name": "amethyst_anglerfish_4",
			"from": [4, 0, 3],
			"to": [5, 1, 13],
			"faces": {
				"north": {"uv": [5, 3, 4, 4], "texture": "#0"},
				"east": {"uv": [4, 3, 5, 13], "rotation": 90, "texture": "#0"},
				"south": {"uv": [4, 12, 5, 13], "texture": "#0"},
				"west": {"uv": [4, 3, 5, 13], "rotation": 270, "texture": "#0"},
				"up": {"uv": [4, 3, 5, 13], "texture": "#0"},
				"down": {"uv": [4, 13, 5, 3], "texture": "#0"}
			}
		},
		{
			"name": "amethyst_anglerfish_5",
			"from": [3, 0, 4],
			"to": [4, 1, 5],
			"faces": {
				"north": {"uv": [4, 4, 3, 5], "texture": "#0"},
				"east": {"uv": [3, 4, 4, 5], "rotation": 90, "texture": "#0"},
				"south": {"uv": [3, 4, 4, 5], "texture": "#0"},
				"west": {"uv": [3, 4, 4, 5], "rotation": 270, "texture": "#0"},
				"up": {"uv": [3, 4, 4, 5], "texture": "#0"},
				"down": {"uv": [3, 5, 4, 4], "texture": "#0"}
			}
		},
		{
			"name": "amethyst_anglerfish_6",
			"from": [13, 0, 4],
			"to": [14, 1, 16],
			"faces": {
				"north": {"uv": [14, 4, 13, 5], "texture": "#0"},
				"east": {"uv": [13, 4, 14, 16], "rotation": 90, "texture": "#0"},
				"south": {"uv": [13, 15, 14, 16], "texture": "#0"},
				"west": {"uv": [13, 4, 14, 16], "rotation": 270, "texture": "#0"},
				"up": {"uv": [13, 4, 14, 16], "texture": "#0"},
				"down": {"uv": [13, 16, 14, 4], "texture": "#0"}
			}
		},
		{
			"name": "amethyst_anglerfish_7",
			"from": [0, 0, 5],
			"to": [2, 1, 9],
			"faces": {
				"north": {"uv": [2, 5, 0, 6], "texture": "#0"},
				"east": {"uv": [1, 5, 2, 9], "rotation": 90, "texture": "#0"},
				"south": {"uv": [0, 8, 2, 9], "texture": "#0"},
				"west": {"uv": [0, 5, 1, 9], "rotation": 270, "texture": "#0"},
				"up": {"uv": [0, 5, 2, 9], "texture": "#0"},
				"down": {"uv": [0, 9, 2, 5], "texture": "#0"}
			}
		},
		{
			"name": "amethyst_anglerfish_8",
			"from": [2, 0, 6],
			"to": [3, 1, 12],
			"faces": {
				"north": {"uv": [3, 6, 2, 7], "texture": "#0"},
				"east": {"uv": [2, 6, 3, 12], "rotation": 90, "texture": "#0"},
				"south": {"uv": [2, 11, 3, 12], "texture": "#0"},
				"west": {"uv": [2, 6, 3, 12], "rotation": 270, "texture": "#0"},
				"up": {"uv": [2, 6, 3, 12], "texture": "#0"},
				"down": {"uv": [2, 12, 3, 6], "texture": "#0"}
			}
		},
		{
			"name": "amethyst_anglerfish_9",
			"from": [14, 0, 6],
			"to": [15, 1, 15],
			"faces": {
				"north": {"uv": [15, 6, 14, 7], "texture": "#0"},
				"east": {"uv": [14, 6, 15, 15], "rotation": 90, "texture": "#0"},
				"south": {"uv": [14, 14, 15, 15], "texture": "#0"},
				"west": {"uv": [14, 6, 15, 15], "rotation": 270, "texture": "#0"},
				"up": {"uv": [14, 6, 15, 15], "texture": "#0"},
				"down": {"uv": [14, 15, 15, 6], "texture": "#0"}
			}
		},
		{
			"name": "amethyst_anglerfish_10",
			"from": [3, 0, 7],
			"to": [4, 1, 12],
			"faces": {
				"north": {"uv": [4, 7, 3, 8], "texture": "#0"},
				"east": {"uv": [3, 7, 4, 12], "rotation": 90, "texture": "#0"},
				"south": {"uv": [3, 11, 4, 12], "texture": "#0"},
				"west": {"uv": [3, 7, 4, 12], "rotation": 270, "texture": "#0"},
				"up": {"uv": [3, 7, 4, 12], "texture": "#0"},
				"down": {"uv": [3, 12, 4, 7], "texture": "#0"}
			}
		},
		{
			"name": "amethyst_anglerfish_11",
			"from": [1, 0, 9],
			"to": [2, 1, 12],
			"faces": {
				"north": {"uv": [2, 9, 1, 10], "texture": "#0"},
				"east": {"uv": [1, 9, 2, 12], "rotation": 90, "texture": "#0"},
				"south": {"uv": [1, 11, 2, 12], "texture": "#0"},
				"west": {"uv": [1, 9, 2, 12], "rotation": 270, "texture": "#0"},
				"up": {"uv": [1, 9, 2, 12], "texture": "#0"},
				"down": {"uv": [1, 12, 2, 9], "texture": "#0"}
			}
		},
		{
			"name": "amethyst_anglerfish_12",
			"from": [15, 0, 12],
			"to": [16, 1, 14],
			"faces": {
				"north": {"uv": [16, 12, 15, 13], "texture": "#0"},
				"east": {"uv": [15, 12, 16, 14], "rotation": 90, "texture": "#0"},
				"south": {"uv": [15, 13, 16, 14], "texture": "#0"},
				"west": {"uv": [15, 12, 16, 14], "rotation": 270, "texture": "#0"},
				"up": {"uv": [15, 12, 16, 14], "texture": "#0"},
				"down": {"uv": [15, 14, 16, 12], "texture": "#0"}
			}
		},
		{
			"name": "amethyst_anglerfish_13",
			"from": [6, 0, 14],
			"to": [10, 1, 15],
			"faces": {
				"north": {"uv": [10, 14, 6, 15], "texture": "#0"},
				"east": {"uv": [9, 14, 10, 15], "rotation": 90, "texture": "#0"},
				"south": {"uv": [6, 14, 10, 15], "texture": "#0"},
				"west": {"uv": [6, 14, 7, 15], "rotation": 270, "texture": "#0"},
				"up": {"uv": [6, 14, 10, 15], "texture": "#0"},
				"down": {"uv": [6, 15, 10, 14], "texture": "#0"}
			}
		},
		{
			"name": "amethyst_anglerfish_14",
			"from": [8, 0, 15],
			"to": [10, 1, 16],
			"faces": {
				"north": {"uv": [10, 15, 8, 16], "texture": "#0"},
				"east": {"uv": [9, 15, 10, 16], "rotation": 90, "texture": "#0"},
				"south": {"uv": [8, 15, 10, 16], "texture": "#0"},
				"west": {"uv": [8, 15, 9, 16], "rotation": 270, "texture": "#0"},
				"up": {"uv": [8, 15, 10, 16], "texture": "#0"},
				"down": {"uv": [8, 16, 10, 15], "texture": "#0"}
			}
		}
	],
	"gui_light": "front",
	"display": {
		"thirdperson_righthand": {
			"rotation": [90, 0, 0],
			"translation": [-0.75, 2.75, 4.5],
			"scale": [0.4, 0.4, 0.4]
		},
		"thirdperson_lefthand": {
			"rotation": [90, 0, 0],
			"translation": [-0.75, 2.75, 4.5],
			"scale": [0.4, 0.4, 0.4]
		},
		"firstperson_righthand": {
			"rotation": [60, 0, 45]
		},
		"firstperson_lefthand": {
			"rotation": [84, 0, 49]
		},
		"ground": {
			"rotation": [90, 0, 0],
			"translation": [0, 0, 4],
			"scale": [0.5, 0.5, 0.5]
		},
		"gui": {
			"rotation": [90, 0, 0]
		},
		"fixed": {
			"rotation": [90, 0, 0],
			"translation": [0, 0, 7]
		}
	},
	"groups": [
		{
			"name": "amethyst_anglerfish",
			"origin": [8, 8, 8],
			"color": 0,
			"boneType": "",
			"children": [0, 1, 2, 3, 4, 5, 6, 7, 8, 9, 10, 11, 12, 13, 14]
		}
	]
}