{
	"textures": {
		"0": "item/fishing/legendary/dragonfish"
	},
	"elements": [
		{
			"name": "dragonfish_0",
			"from": [7, 0, 0],
			"to": [11, 1, 5],
			"faces": {
				"north": {"uv": [11, 0, 7, 1], "texture": "#0"},
				"east": {"uv": [10, 0, 11, 5], "rotation": 90, "texture": "#0"},
				"south": {"uv": [7, 4, 11, 5], "texture": "#0"},
				"west": {"uv": [7, 0, 8, 5], "rotation": 270, "texture": "#0"},
				"up": {"uv": [7, 0, 11, 5], "texture": "#0"},
				"down": {"uv": [7, 5, 11, 0], "texture": "#0"}
			}
		},
		{
			"name": "dragonfish_1",
			"from": [11, 0, 0],
			"to": [13, 1, 1],
			"faces": {
				"north": {"uv": [13, 0, 11, 1], "texture": "#0"},
				"east": {"uv": [12, 0, 13, 1], "rotation": 90, "texture": "#0"},
				"south": {"uv": [11, 0, 13, 1], "texture": "#0"},
				"west": {"uv": [11, 0, 12, 1], "rotation": 270, "texture": "#0"},
				"up": {"uv": [11, 0, 13, 1], "texture": "#0"},
				"down": {"uv": [11, 1, 13, 0], "texture": "#0"}
			}
		},
		{
			"name": "dragonfish_2",
			"from": [5, 0, 1],
			"to": [7, 1, 15],
			"faces": {
				"north": {"uv": [7, 1, 5, 2], "texture": "#0"},
				"east": {"uv": [6, 1, 7, 15], "rotation": 90, "texture": "#0"},
				"south": {"uv": [5, 14, 7, 15], "texture": "#0"},
				"west": {"uv": [5, 1, 6, 15], "rotation": 270, "texture": "#0"},
				"up": {"uv": [5, 1, 7, 15], "texture": "#0"},
				"down": {"uv": [5, 15, 7, 1], "texture": "#0"}
			}
		},
		{
			"name": "dragonfish_3",
			"from": [11, 0, 1],
			"to": [12, 1, 2],
			"faces": {
				"north": {"uv": [12, 1, 11, 2], "texture": "#0"},
				"east": {"uv": [11, 1, 12, 2], "rotation": 90, "texture": "#0"},
				"south": {"uv": [11, 1, 12, 2], "texture": "#0"},
				"west": {"uv": [11, 1, 12, 2], "rotation": 270, "texture": "#0"},
				"up": {"uv": [11, 1, 12, 2], "texture": "#0"},
				"down": {"uv": [11, 2, 12, 1], "texture": "#0"}
			}
		},
		{
			"name": "dragonfish_4",
			"from": [3, 0, 2],
			"to": [5, 1, 15],
			"faces": {
				"north": {"uv": [5, 2, 3, 3], "texture": "#0"},
				"east": {"uv": [4, 2, 5, 15], "rotation": 90, "texture": "#0"},
				"south": {"uv": [3, 14, 5, 15], "texture": "#0"},
				"west": {"uv": [3, 2, 4, 15], "rotation": 270, "texture": "#0"},
				"up": {"uv": [3, 2, 5, 15], "texture": "#0"},
				"down": {"uv": [3, 15, 5, 2], "texture": "#0"}
			}
		},
		{
			"name": "dragonfish_5",
			"from": [2, 0, 3],
			"to": [3, 1, 16],
			"faces": {
				"north": {"uv": [3, 3, 2, 4], "texture": "#0"},
				"east": {"uv": [2, 3, 3, 16], "rotation": 90, "texture": "#0"},
				"south": {"uv": [2, 15, 3, 16], "texture": "#0"},
				"west": {"uv": [2, 3, 3, 16], "rotation": 270, "texture": "#0"},
				"up": {"uv": [2, 3, 3, 16], "texture": "#0"},
				"down": {"uv": [2, 16, 3, 3], "texture": "#0"}
			}
		},
		{
			"name": "dragonfish_6",
			"from": [1, 0, 4],
			"to": [2, 1, 12],
			"faces": {
				"north": {"uv": [2, 4, 1, 5], "texture": "#0"},
				"east": {"uv": [1, 4, 2, 12], "rotation": 90, "texture": "#0"},
				"south": {"uv": [1, 11, 2, 12], "texture": "#0"},
				"west": {"uv": [1, 4, 2, 12], "rotation": 270, "texture": "#0"},
				"up": {"uv": [1, 4, 2, 12], "texture": "#0"},
				"down": {"uv": [1, 12, 2, 4], "texture": "#0"}
			}
		},
		{
			"name": "dragonfish_7",
			"from": [11, 0, 4],
			"to": [12, 1, 6],
			"faces": {
				"north": {"uv": [12, 4, 11, 5], "texture": "#0"},
				"east": {"uv": [11, 4, 12, 6], "rotation": 90, "texture": "#0"},
				"south": {"uv": [11, 5, 12, 6], "texture": "#0"},
				"west": {"uv": [11, 4, 12, 6], "rotation": 270, "texture": "#0"},
				"up": {"uv": [11, 4, 12, 6], "texture": "#0"},
				"down": {"uv": [11, 6, 12, 4], "texture": "#0"}
			}
		},
		{
			"name": "dragonfish_8",
			"from": [7, 0, 5],
			"to": [8, 1, 15],
			"faces": {
				"north": {"uv": [8, 5, 7, 6], "texture": "#0"},
				"east": {"uv": [7, 5, 8, 15], "rotation": 90, "texture": "#0"},
				"south": {"uv": [7, 14, 8, 15], "texture": "#0"},
				"west": {"uv": [7, 5, 8, 15], "rotation": 270, "texture": "#0"},
				"up": {"uv": [7, 5, 8, 15], "texture": "#0"},
				"down": {"uv": [7, 15, 8, 5], "texture": "#0"}
			}
		},
		{
			"name": "dragonfish_9",
			"from": [9, 0, 5],
			"to": [11, 1, 6],
			"faces": {
				"north": {"uv": [11, 5, 9, 6], "texture": "#0"},
				"east": {"uv": [10, 5, 11, 6], "rotation": 90, "texture": "#0"},
				"south": {"uv": [9, 5, 11, 6], "texture": "#0"},
				"west": {"uv": [9, 5, 10, 6], "rotation": 270, "texture": "#0"},
				"up": {"uv": [9, 5, 11, 6], "texture": "#0"},
				"down": {"uv": [9, 6, 11, 5], "texture": "#0"}
			}
		},
		{
			"name": "dragonfish_10",
			"from": [12, 0, 5],
			"to": [13, 1, 6],
			"faces": {
				"north": {"uv": [13, 5, 12, 6], "texture": "#0"},
				"east": {"uv": [12, 5, 13, 6], "rotation": 90, "texture": "#0"},
				"south": {"uv": [12, 5, 13, 6], "texture": "#0"},
				"west": {"uv": [12, 5, 13, 6], "rotation": 270, "texture": "#0"},
				"up": {"uv": [12, 5, 13, 6], "texture": "#0"},
				"down": {"uv": [12, 6, 13, 5], "texture": "#0"}
			}
		},
		{
			"name": "dragonfish_11",
			"from": [0, 0, 6],
			"to": [1, 1, 10],
			"faces": {
				"north": {"uv": [1, 6, 0, 7], "texture": "#0"},
				"east": {"uv": [0, 6, 1, 10], "rotation": 90, "texture": "#0"},
				"south": {"uv": [0, 9, 1, 10], "texture": "#0"},
				"west": {"uv": [0, 6, 1, 10], "rotation": 270, "texture": "#0"},
				"up": {"uv": [0, 6, 1, 10], "texture": "#0"},
				"down": {"uv": [0, 10, 1, 6], "texture": "#0"}
			}
		},
		{
			"name": "dragonfish_12",
			"from": [8, 0, 6],
			"to": [9, 1, 15],
			"faces": {
				"north": {"uv": [9, 6, 8, 7], "texture": "#0"},
				"east": {"uv": [8, 6, 9, 15], "rotation": 90, "texture": "#0"},
				"south": {"uv": [8, 14, 9, 15], "texture": "#0"},
				"west": {"uv": [8, 6, 9, 15], "rotation": 270, "texture": "#0"},
				"up": {"uv": [8, 6, 9, 15], "texture": "#0"},
				"down": {"uv": [8, 15, 9, 6], "texture": "#0"}
			}
		},
		{
			"name": "dragonfish_13",
			"from": [9, 0, 7],
			"to": [10, 1, 16],
			"faces": {
				"north": {"uv": [10, 7, 9, 8], "texture": "#0"},
				"east": {"uv": [9, 7, 10, 16], "rotation": 90, "texture": "#0"},
				"south": {"uv": [9, 15, 10, 16], "texture": "#0"},
				"west": {"uv": [9, 7, 10, 16], "rotation": 270, "texture": "#0"},
				"up": {"uv": [9, 7, 10, 16], "texture": "#0"},
				"down": {"uv": [9, 16, 10, 7], "texture": "#0"}
			}
		},
		{
			"name": "dragonfish_14",
			"from": [11, 0, 7],
			"to": [13, 1, 15],
			"faces": {
				"north": {"uv": [13, 7, 11, 8], "texture": "#0"},
				"east": {"uv": [12, 7, 13, 15], "rotation": 90, "texture": "#0"},
				"south": {"uv": [11, 14, 13, 15], "texture": "#0"},
				"west": {"uv": [11, 7, 12, 15], "rotation": 270, "texture": "#0"},
				"up": {"uv": [11, 7, 13, 15], "texture": "#0"},
				"down": {"uv": [11, 15, 13, 7], "texture": "#0"}
			}
		},
		{
			"name": "dragonfish_15",
			"from": [10, 0, 8],
			"to": [11, 1, 16],
			"faces": {
				"north": {"uv": [11, 8, 10, 9], "texture": "#0"},
				"east": {"uv": [10, 8, 11, 16], "rotation": 90, "texture": "#0"},
				"south": {"uv": [10, 15, 11, 16], "texture": "#0"},
				"west": {"uv": [10, 8, 11, 16], "rotation": 270, "texture": "#0"},
				"up": {"uv": [10, 8, 11, 16], "texture": "#0"},
				"down": {"uv": [10, 16, 11, 8], "texture": "#0"}
			}
		},
		{
			"name": "dragonfish_16",
			"from": [13, 0, 9],
			"to": [14, 1, 16],
			"faces": {
				"north": {"uv": [14, 9, 13, 10], "texture": "#0"},
				"east": {"uv": [13, 9, 14, 16], "rotation": 90, "texture": "#0"},
				"south": {"uv": [13, 15, 14, 16], "texture": "#0"},
				"west": {"uv": [13, 9, 14, 16], "rotation": 270, "texture": "#0"},
				"up": {"uv": [13, 9, 14, 16], "texture": "#0"},
				"down": {"uv": [13, 16, 14, 9], "texture": "#0"}
			}
		},
		{
			"name": "dragonfish_17",
			"from": [14, 0, 10],
			"to": [16, 1, 14],
			"faces": {
				"north": {"uv": [16, 10, 14, 11], "texture": "#0"},
				"east": {"uv": [15, 10, 16, 14], "rotation": 90, "texture": "#0"},
				"south": {"uv": [14, 13, 16, 14], "texture": "#0"},
				"west": {"uv": [14, 10, 15, 14], "rotation": 270, "texture": "#0"},
				"up": {"uv": [14, 10, 16, 14], "texture": "#0"},
				"down": {"uv": [14, 14, 16, 10], "texture": "#0"}
			}
		},
		{
			"name": "dragonfish_18",
			"from": [1, 0, 13],
			"to": [2, 1, 16],
			"faces": {
				"north": {"uv": [2, 13, 1, 14], "texture": "#0"},
				"east": {"uv": [1, 13, 2, 16], "rotation": 90, "texture": "#0"},
				"south": {"uv": [1, 15, 2, 16], "texture": "#0"},
				"west": {"uv": [1, 13, 2, 16], "rotation": 270, "texture": "#0"},
				"up": {"uv": [1, 13, 2, 16], "texture": "#0"},
				"down": {"uv": [1, 16, 2, 13], "texture": "#0"}
			}
		},
		{
			"name": "dragonfish_19",
			"from": [0, 0, 14],
			"to": [1, 1, 16],
			"faces": {
				"north": {"uv": [1, 14, 0, 15], "texture": "#0"},
				"east": {"uv": [0, 14, 1, 16], "rotation": 90, "texture": "#0"},
				"south": {"uv": [0, 15, 1, 16], "texture": "#0"},
				"west": {"uv": [0, 14, 1, 16], "rotation": 270, "texture": "#0"},
				"up": {"uv": [0, 14, 1, 16], "texture": "#0"},
				"down": {"uv": [0, 16, 1, 14], "texture": "#0"}
			}
		},
		{
			"name": "dragonfish_20",
			"from": [14, 0, 14],
			"to": [15, 1, 16],
			"faces": {
				"north": {"uv": [15, 14, 14, 15], "texture": "#0"},
				"east": {"uv": [14, 14, 15, 16], "rotation": 90, "texture": "#0"},
				"south": {"uv": [14, 15, 15, 16], "texture": "#0"},
				"west": {"uv": [14, 14, 15, 16], "rotation": 270, "texture": "#0"},
				"up": {"uv": [14, 14, 15, 16], "texture": "#0"},
				"down": {"uv": [14, 16, 15, 14], "texture": "#0"}
			}
		},
		{
			"name": "dragonfish_21",
			"from": [11, 0, 15],
			"to": [12, 1, 16],
			"faces": {
				"north": {"uv": [12, 15, 11, 16], "texture": "#0"},
				"east": {"uv": [11, 15, 12, 16], "rotation": 90, "texture": "#0"},
				"south": {"uv": [11, 15, 12, 16], "texture": "#0"},
				"west": {"uv": [11, 15, 12, 16], "rotation": 270, "texture": "#0"},
				"up": {"uv": [11, 15, 12, 16], "texture": "#0"},
				"down": {"uv": [11, 16, 12, 15], "texture": "#0"}
			}
		}
	],
	"gui_light": "front",
	"display": {
		"thirdperson_righthand": {
			"rotation": [90, 0, 0],
			"translation": [-0.75, 2.75, 4.5],
			"scale": [0.4, 0.4, 0.4]
		},
		"thirdperson_lefthand": {
			"rotation": [90, 0, 0],
			"translation": [-0.75, 2.75, 4.5],
			"scale": [0.4, 0.4, 0.4]
		},
		"firstperson_righthand": {
			"rotation": [60, 0, 45]
		},
		"firstperson_lefthand": {
			"rotation": [84, 0, 49]
		},
		"ground": {
			"rotation": [90, 0, 0],
			"translation": [0, 0, 4],
			"scale": [0.5, 0.5, 0.5]
		},
		"gui": {
			"rotation": [90, 0, 0]
		},
		"fixed": {
			"rotation": [90, 0, 0],
			"translation": [0, 0, 7]
		}
	},
	"groups": [
		{
			"name": "dragonfish",
			"origin": [8, 8, 8],
			"color": 0,
			"boneType": "",
			"children": [0, 1, 2, 3, 4, 5, 6, 7, 8, 9, 10, 11, 12, 13, 14, 15, 16, 17, 18, 19, 20, 21]
		}
	]
}