{
	"textures": {
		"0": "item/fishing/legendary/lightningeel"
	},
	"elements": [
		{
			"name": "lightningeel_0",
			"from": [8, 0, 0],
			"to": [12, 1, 3],
			"faces": {
				"north": {"uv": [12, 0, 8, 1], "texture": "#0"},
				"east": {"uv": [11, 0, 12, 3], "rotation": 90, "texture": "#0"},
				"south": {"uv": [8, 2, 12, 3], "texture": "#0"},
				"west": {"uv": [8, 0, 9, 3], "rotation": 270, "texture": "#0"},
				"up": {"uv": [8, 0, 12, 3], "texture": "#0"},
				"down": {"uv": [8, 3, 12, 0], "texture": "#0"}
			}
		},
		{
			"name": "lightningeel_1",
			"from": [6, 0, 1],
			"to": [8, 1, 10],
			"faces": {
				"north": {"uv": [8, 1, 6, 2], "texture": "#0"},
				"east": {"uv": [7, 1, 8, 10], "rotation": 90, "texture": "#0"},
				"south": {"uv": [6, 9, 8, 10], "texture": "#0"},
				"west": {"uv": [6, 1, 7, 10], "rotation": 270, "texture": "#0"},
				"up": {"uv": [6, 1, 8, 10], "texture": "#0"},
				"down": {"uv": [6, 10, 8, 1], "texture": "#0"}
			}
		},
		{
			"name": "lightningeel_2",
			"from": [5, 0, 2],
			"to": [6, 1, 9],
			"faces": {
				"north": {"uv": [6, 2, 5, 3], "texture": "#0"},
				"east": {"uv": [5, 2, 6, 9], "rotation": 90, "texture": "#0"},
				"south": {"uv": [5, 8, 6, 9], "texture": "#0"},
				"west": {"uv": [5, 2, 6, 9], "rotation": 270, "texture": "#0"},
				"up": {"uv": [5, 2, 6, 9], "texture": "#0"},
				"down": {"uv": [5, 9, 6, 2], "texture": "#0"}
			}
		},
		{
			"name": "lightningeel_3",
			"from": [4, 0, 3],
			"to": [5, 1, 8],
			"faces": {
				"north": {"uv": [5, 3, 4, 4], "texture": "#0"},
				"east": {"uv": [4, 3, 5, 8], "rotation": 90, "texture": "#0"},
				"south": {"uv": [4, 7, 5, 8], "texture": "#0"},
				"west": {"uv": [4, 3, 5, 8], "rotation": 270, "texture": "#0"},
				"up": {"uv": [4, 3, 5, 8], "texture": "#0"},
				"down": {"uv": [4, 8, 5, 3], "texture": "#0"}
			}
		},
		{
			"name": "lightningeel_4",
			"from": [8, 0, 3],
			"to": [11, 1, 6],
			"faces": {
				"north": {"uv": [11, 3, 8, 4], "texture": "#0"},
				"east": {"uv": [10, 3, 11, 6], "rotation": 90, "texture": "#0"},
				"south": {"uv": [8, 5, 11, 6], "texture": "#0"},
				"west": {"uv": [8, 3, 9, 6], "rotation": 270, "texture": "#0"},
				"up": {"uv": [8, 3, 11, 6], "texture": "#0"},
				"down": {"uv": [8, 6, 11, 3], "texture": "#0"}
			}
		},
		{
			"name": "lightningeel_5",
			"from": [3, 0, 5],
			"to": [4, 1, 7],
			"faces": {
				"north": {"uv": [4, 5, 3, 6], "texture": "#0"},
				"east": {"uv": [3, 5, 4, 7], "rotation": 90, "texture": "#0"},
				"south": {"uv": [3, 6, 4, 7], "texture": "#0"},
				"west": {"uv": [3, 5, 4, 7], "rotation": 270, "texture": "#0"},
				"up": {"uv": [3, 5, 4, 7], "texture": "#0"},
				"down": {"uv": [3, 7, 4, 5], "texture": "#0"}
			}
		},
		{
			"name": "lightningeel_6",
			"from": [8, 0, 6],
			"to": [10, 1, 7],
			"faces": {
				"north": {"uv": [10, 6, 8, 7], "texture": "#0"},
				"east": {"uv": [9, 6, 10, 7], "rotation": 90, "texture": "#0"},
				"south": {"uv": [8, 6, 10, 7], "texture": "#0"},
				"west": {"uv": [8, 6, 9, 7], "rotation": 270, "texture": "#0"},
				"up": {"uv": [8, 6, 10, 7], "texture": "#0"},
				"down": {"uv": [8, 7, 10, 6], "texture": "#0"}
			}
		},
		{
			"name": "lightningeel_7",
			"from": [8, 0, 7],
			"to": [9, 1, 14],
			"faces": {
				"north": {"uv": [9, 7, 8, 8], "texture": "#0"},
				"east": {"uv": [8, 7, 9, 14], "rotation": 90, "texture": "#0"},
				"south": {"uv": [8, 13, 9, 14], "texture": "#0"},
				"west": {"uv": [8, 7, 9, 14], "rotation": 270, "texture": "#0"},
				"up": {"uv": [8, 7, 9, 14], "texture": "#0"},
				"down": {"uv": [8, 14, 9, 7], "texture": "#0"}
			}
		},
		{
			"name": "lightningeel_8",
			"from": [9, 0, 8],
			"to": [10, 1, 13],
			"faces": {
				"north": {"uv": [10, 8, 9, 9], "texture": "#0"},
				"east": {"uv": [9, 8, 10, 13], "rotation": 90, "texture": "#0"},
				"south": {"uv": [9, 12, 10, 13], "texture": "#0"},
				"west": {"uv": [9, 8, 10, 13], "rotation": 270, "texture": "#0"},
				"up": {"uv": [9, 8, 10, 13], "texture": "#0"},
				"down": {"uv": [9, 13, 10, 8], "texture": "#0"}
			}
		},
		{
			"name": "lightningeel_9",
			"from": [10, 0, 9],
			"to": [11, 1, 13],
			"faces": {
				"north": {"uv": [11, 9, 10, 10], "texture": "#0"},
				"east": {"uv": [10, 9, 11, 13], "rotation": 90, "texture": "#0"},
				"south": {"uv": [10, 12, 11, 13], "texture": "#0"},
				"west": {"uv": [10, 9, 11, 13], "rotation": 270, "texture": "#0"},
				"up": {"uv": [10, 9, 11, 13], "texture": "#0"},
				"down": {"uv": [10, 13, 11, 9], "texture": "#0"}
			}
		},
		{
			"name": "lightningeel_10",
			"from": [7, 0, 10],
			"to": [8, 1, 14],
			"faces": {
				"north": {"uv": [8, 10, 7, 11], "texture": "#0"},
				"east": {"uv": [7, 10, 8, 14], "rotation": 90, "texture": "#0"},
				"south": {"uv": [7, 13, 8, 14], "texture": "#0"},
				"west": {"uv": [7, 10, 8, 14], "rotation": 270, "texture": "#0"},
				"up": {"uv": [7, 10, 8, 14], "texture": "#0"},
				"down": {"uv": [7, 14, 8, 10], "texture": "#0"}
			}
		},
		{
			"name": "lightningeel_11",
			"from": [11, 0, 10],
			"to": [12, 1, 12],
			"faces": {
				"north": {"uv": [12, 10, 11, 11], "texture": "#0"},
				"east": {"uv": [11, 10, 12, 12], "rotation": 90, "texture": "#0"},
				"south": {"uv": [11, 11, 12, 12], "texture": "#0"},
				"west": {"uv": [11, 10, 12, 12], "rotation": 270, "texture": "#0"},
				"up": {"uv": [11, 10, 12, 12], "texture": "#0"},
				"down": {"uv": [11, 12, 12, 10], "texture": "#0"}
			}
		},
		{
			"name": "lightningeel_12",
			"from": [6, 0, 11],
			"to": [7, 1, 15],
			"faces": {
				"north": {"uv": [7, 11, 6, 12], "texture": "#0"},
				"east": {"uv": [6, 11, 7, 15], "rotation": 90, "texture": "#0"},
				"south": {"uv": [6, 14, 7, 15], "texture": "#0"},
				"west": {"uv": [6, 11, 7, 15], "rotation": 270, "texture": "#0"},
				"up": {"uv": [6, 11, 7, 15], "texture": "#0"},
				"down": {"uv": [6, 15, 7, 11], "texture": "#0"}
			}
		},
		{
			"name": "lightningeel_13",
			"from": [5, 0, 12],
			"to": [6, 1, 15],
			"faces": {
				"north": {"uv": [6, 12, 5, 13], "texture": "#0"},
				"east": {"uv": [5, 12, 6, 15], "rotation": 90, "texture": "#0"},
				"south": {"uv": [5, 14, 6, 15], "texture": "#0"},
				"west": {"uv": [5, 12, 6, 15], "rotation": 270, "texture": "#0"},
				"up": {"uv": [5, 12, 6, 15], "texture": "#0"},
				"down": {"uv": [5, 15, 6, 12], "texture": "#0"}
			}
		},
		{
			"name": "lightningeel_14",
			"from": [4, 0, 13],
			"to": [5, 1, 16],
			"faces": {
				"north": {"uv": [5, 13, 4, 14], "texture": "#0"},
				"east": {"uv": [4, 13, 5, 16], "rotation": 90, "texture": "#0"},
				"south": {"uv": [4, 15, 5, 16], "texture": "#0"},
				"west": {"uv": [4, 13, 5, 16], "rotation": 270, "texture": "#0"},
				"up": {"uv": [4, 13, 5, 16], "texture": "#0"},
				"down": {"uv": [4, 16, 5, 13], "texture": "#0"}
			}
		},
		{
			"name": "lightningeel_15",
			"from": [3, 0, 14],
			"to": [4, 1, 16],
			"faces": {
				"north": {"uv": [4, 14, 3, 15], "texture": "#0"},
				"east": {"uv": [3, 14, 4, 16], "rotation": 90, "texture": "#0"},
				"south": {"uv": [3, 15, 4, 16], "texture": "#0"},
				"west": {"uv": [3, 14, 4, 16], "rotation": 270, "texture": "#0"},
				"up": {"uv": [3, 14, 4, 16], "texture": "#0"},
				"down": {"uv": [3, 16, 4, 14], "texture": "#0"}
			}
		},
		{
			"name": "lightningeel_16",
			"from": [2, 0, 15],
			"to": [3, 1, 16],
			"faces": {
				"north": {"uv": [3, 15, 2, 16], "texture": "#0"},
				"east": {"uv": [2, 15, 3, 16], "rotation": 90, "texture": "#0"},
				"south": {"uv": [2, 15, 3, 16], "texture": "#0"},
				"west": {"uv": [2, 15, 3, 16], "rotation": 270, "texture": "#0"},
				"up": {"uv": [2, 15, 3, 16], "texture": "#0"},
				"down": {"uv": [2, 16, 3, 15], "texture": "#0"}
			}
		}
	],
	"gui_light": "front",
	"display": {
		"thirdperson_righthand": {
			"rotation": [90, 0, 0],
			"translation": [-0.75, 2.75, 4.5],
			"scale": [0.4, 0.4, 0.4]
		},
		"thirdperson_lefthand": {
			"rotation": [90, 0, 0],
			"translation": [-0.75, 2.75, 4.5],
			"scale": [0.4, 0.4, 0.4]
		},
		"firstperson_righthand": {
			"rotation": [60, 0, 45]
		},
		"firstperson_lefthand": {
			"rotation": [84, 0, 49]
		},
		"ground": {
			"rotation": [90, 0, 0],
			"translation": [0, 0, 4],
			"scale": [0.5, 0.5, 0.5]
		},
		"gui": {
			"rotation": [90, 0, 0]
		},
		"fixed": {
			"rotation": [90, 0, 0],
			"translation": [0, 0, 7]
		}
	},
	"groups": [
		{
			"name": "lightningeel",
			"origin": [8, 8, 8],
			"color": 0,
			"boneType": "",
			"children": [0, 1, 2, 3, 4, 5, 6, 7, 8, 9, 10, 11, 12, 13, 14, 15, 16]
		}
	]
}